date,geography,indicator,value
1914-01,Canada,All-items,6.0
1914-02,Canada,All-items,6.0
1914-03,Canada,All-items,6.0
1914-04,Canada,All-items,6.0
1914-05,Canada,All-items,5.9
1914-06,Canada,All-items,6.0
1914-07,Canada,All-items,5.9
1914-08,Canada,All-items,6.0
1914-09,Canada,All-items,6.0
1914-10,Canada,All-items,6.1
1914-11,Canada,All-items,6.1
1914-12,Canada,All-items,6.1
1915-01,Canada,All-items,6.1
1915-02,Canada,All-items,6.1
1915-03,Canada,All-items,6.1
1915-04,Canada,All-items,6.1
1915-05,Canada,All-items,6.1
1915-06,Canada,All-items,6.1
1915-07,Canada,All-items,6.1
1915-08,Canada,All-items,6.1
1915-09,Canada,All-items,6.1
1915-10,Canada,All-items,6.1
1915-11,Canada,All-items,6.3
1915-12,Canada,All-items,6.3
1916-01,Canada,All-items,6.4
1916-02,Canada,All-items,6.5
1916-03,Canada,All-items,6.5
1916-04,Canada,All-items,6.5
1916-05,Canada,All-items,6.5
1916-06,Canada,All-items,6.6
1916-07,Canada,All-items,6.6
1916-08,Canada,All-items,6.6
1916-09,Canada,All-items,6.8
1916-10,Canada,All-items,6.9
1916-11,Canada,All-items,7.1
1916-12,Canada,All-items,7.2
1917-01,Canada,All-items,7.4
1917-02,Canada,All-items,7.4
1917-03,Canada,All-items,7.6
1917-04,Canada,All-items,7.6
1917-05,Canada,All-items,7.9
1917-06,Canada,All-items,8.0
1917-07,Canada,All-items,8.0
1917-08,Canada,All-items,8.0
1917-09,Canada,All-items,8.0
1917-10,Canada,All-items,8.2
1917-11,Canada,All-items,8.2
1917-12,Canada,All-items,8.3
1918-01,Canada,All-items,8.4
1918-02,Canada,All-items,8.5
1918-03,Canada,All-items,8.6
1918-04,Canada,All-items,8.6
1918-05,Canada,All-items,8.7
1918-06,Canada,All-items,8.8
1918-07,Canada,All-items,8.9
1918-08,Canada,All-items,9.2
1918-09,Canada,All-items,9.2
1918-10,Canada,All-items,9.3
1918-11,Canada,All-items,9.4
1918-12,Canada,All-items,9.4
1919-01,Canada,All-items,9.5
1919-02,Canada,All-items,9.4
1919-03,Canada,All-items,9.4
1919-04,Canada,All-items,9.4
1919-05,Canada,All-items,9.7
1919-06,Canada,All-items,9.7
1919-07,Canada,All-items,9.8
1919-08,Canada,All-items,10.0
1919-09,Canada,All-items,10.0
1919-10,Canada,All-items,10.0
1919-11,Canada,All-items,10.1
1919-12,Canada,All-items,10.2
1920-01,Canada,All-items,10.6
1920-02,Canada,All-items,10.8
1920-03,Canada,All-items,11.2
1920-04,Canada,All-items,11.3
1920-05,Canada,All-items,11.6
1920-06,Canada,All-items,11.8
1920-07,Canada,All-items,11.8
1920-08,Canada,All-items,11.7
1920-09,Canada,All-items,11.5
1920-10,Canada,All-items,11.5
1920-11,Canada,All-items,11.3
1920-12,Canada,All-items,11.2
1921-01,Canada,All-items,11.0
1921-02,Canada,All-items,10.8
1921-03,Canada,All-items,10.5
1921-04,Canada,All-items,10.2
1921-05,Canada,All-items,10.0
1921-06,Canada,All-items,9.7
1921-07,Canada,All-items,9.7
1921-08,Canada,All-items,9.7
1921-09,Canada,All-items,9.7
1921-10,Canada,All-items,9.7
1921-11,Canada,All-items,9.4
1921-12,Canada,All-items,9.4
1922-01,Canada,All-items,9.4
1922-02,Canada,All-items,9.3
1922-03,Canada,All-items,9.2
1922-04,Canada,All-items,9.2
1922-05,Canada,All-items,9.1
1922-06,Canada,All-items,9.1
1922-07,Canada,All-items,9.1
1922-08,Canada,All-items,9.2
1922-09,Canada,All-items,9.2
1922-10,Canada,All-items,9.2
1922-11,Canada,All-items,9.2
1922-12,Canada,All-items,9.2
1923-01,Canada,All-items,9.2
1923-02,Canada,All-items,9.2
1923-03,Canada,All-items,9.3
1923-04,Canada,All-items,9.2
1923-05,Canada,All-items,9.2
1923-06,Canada,All-items,9.2
1923-07,Canada,All-items,9.1
1923-08,Canada,All-items,9.2
1923-09,Canada,All-items,9.2
1923-10,Canada,All-items,9.2
1923-11,Canada,All-items,9.2
1923-12,Canada,All-items,9.2
1924-01,Canada,All-items,9.2
1924-02,Canada,All-items,9.2
1924-03,Canada,All-items,9.2
1924-04,Canada,All-items,9.0
1924-05,Canada,All-items,8.9
1924-06,Canada,All-items,8.8
1924-07,Canada,All-items,8.8
1924-08,Canada,All-items,9.0
1924-09,Canada,All-items,9.0
1924-10,Canada,All-items,9.0
1924-11,Canada,All-items,9.1
1924-12,Canada,All-items,9.1
1925-01,Canada,All-items,9.2
1925-02,Canada,All-items,9.2
1925-03,Canada,All-items,9.2
1925-04,Canada,All-items,9.1
1925-05,Canada,All-items,9.0
1925-06,Canada,All-items,9.0
1925-07,Canada,All-items,9.0
1925-08,Canada,All-items,9.1
1925-09,Canada,All-items,9.1
1925-10,Canada,All-items,9.2
1925-11,Canada,All-items,9.2
1925-12,Canada,All-items,9.3
1926-01,Canada,All-items,9.2
1926-02,Canada,All-items,9.2
1926-03,Canada,All-items,9.2
1926-04,Canada,All-items,9.2
1926-05,Canada,All-items,9.2
1926-06,Canada,All-items,9.2
1926-07,Canada,All-items,9.2
1926-08,Canada,All-items,9.2
1926-09,Canada,All-items,9.2
1926-10,Canada,All-items,9.2
1926-11,Canada,All-items,9.2
1926-12,Canada,All-items,9.2
1927-01,Canada,All-items,9.2
1927-02,Canada,All-items,9.2
1927-03,Canada,All-items,9.1
1927-04,Canada,All-items,9.0
1927-05,Canada,All-items,9.0
1927-06,Canada,All-items,9.0
1927-07,Canada,All-items,9.1
1927-08,Canada,All-items,9.0
1927-09,Canada,All-items,9.0
1927-10,Canada,All-items,9.0
1927-11,Canada,All-items,9.1
1927-12,Canada,All-items,9.1
1928-01,Canada,All-items,9.2
1928-02,Canada,All-items,9.2
1928-03,Canada,All-items,9.1
1928-04,Canada,All-items,9.1
1928-05,Canada,All-items,9.0
1928-06,Canada,All-items,9.0
1928-07,Canada,All-items,9.0
1928-08,Canada,All-items,9.2
1928-09,Canada,All-items,9.2
1928-10,Canada,All-items,9.2
1928-11,Canada,All-items,9.2
1928-12,Canada,All-items,9.2
1929-01,Canada,All-items,9.2
1929-02,Canada,All-items,9.2
1929-03,Canada,All-items,9.2
1929-04,Canada,All-items,9.1
1929-05,Canada,All-items,9.2
1929-06,Canada,All-items,9.2
1929-07,Canada,All-items,9.2
1929-08,Canada,All-items,9.2
1929-09,Canada,All-items,9.2
1929-10,Canada,All-items,9.3
1929-11,Canada,All-items,9.3
1929-12,Canada,All-items,9.4
1930-01,Canada,All-items,9.4
1930-02,Canada,All-items,9.4
1930-03,Canada,All-items,9.3
1930-04,Canada,All-items,9.2
1930-05,Canada,All-items,9.2
1930-06,Canada,All-items,9.2
1930-07,Canada,All-items,9.2
1930-08,Canada,All-items,9.2
1930-09,Canada,All-items,8.9
1930-10,Canada,All-items,8.9
1930-11,Canada,All-items,8.9
1930-12,Canada,All-items,8.8
1931-01,Canada,All-items,8.7
1931-02,Canada,All-items,8.6
1931-03,Canada,All-items,8.5
1931-04,Canada,All-items,8.4
1931-05,Canada,All-items,8.3
1931-06,Canada,All-items,8.2
1931-07,Canada,All-items,8.1
1931-08,Canada,All-items,8.2
1931-09,Canada,All-items,8.1
1931-10,Canada,All-items,7.9
1931-11,Canada,All-items,7.9
1931-12,Canada,All-items,7.9
1932-01,Canada,All-items,7.8
1932-02,Canada,All-items,7.6
1932-03,Canada,All-items,7.6
1932-04,Canada,All-items,7.6
1932-05,Canada,All-items,7.4
1932-06,Canada,All-items,7.4
1932-07,Canada,All-items,7.4
1932-08,Canada,All-items,7.4
1932-09,Canada,All-items,7.4
1932-10,Canada,All-items,7.3
1932-11,Canada,All-items,7.3
1932-12,Canada,All-items,7.3
1933-01,Canada,All-items,7.2
1933-02,Canada,All-items,7.2
1933-03,Canada,All-items,7.1
1933-04,Canada,All-items,7.1
1933-05,Canada,All-items,7.1
1933-06,Canada,All-items,7.1
1933-07,Canada,All-items,7.1
1933-08,Canada,All-items,7.2
1933-09,Canada,All-items,7.2
1933-10,Canada,All-items,7.1
1933-11,Canada,All-items,7.1
1933-12,Canada,All-items,7.1
1934-01,Canada,All-items,7.2
1934-02,Canada,All-items,7.2
1934-03,Canada,All-items,7.3
1934-04,Canada,All-items,7.3
1934-05,Canada,All-items,7.2
1934-06,Canada,All-items,7.2
1934-07,Canada,All-items,7.2
1934-08,Canada,All-items,7.2
1934-09,Canada,All-items,7.2
1934-10,Canada,All-items,7.2
1934-11,Canada,All-items,7.2
1934-12,Canada,All-items,7.2
1935-01,Canada,All-items,7.2
1935-02,Canada,All-items,7.2
1935-03,Canada,All-items,7.2
1935-04,Canada,All-items,7.2
1935-05,Canada,All-items,7.2
1935-06,Canada,All-items,7.2
1935-07,Canada,All-items,7.2
1935-08,Canada,All-items,7.2
1935-09,Canada,All-items,7.3
1935-10,Canada,All-items,7.3
1935-11,Canada,All-items,7.4
1935-12,Canada,All-items,7.4
1936-01,Canada,All-items,7.4
1936-02,Canada,All-items,7.4
1936-03,Canada,All-items,7.4
1936-04,Canada,All-items,7.3
1936-05,Canada,All-items,7.3
1936-06,Canada,All-items,7.3
1936-07,Canada,All-items,7.4
1936-08,Canada,All-items,7.4
1936-09,Canada,All-items,7.4
1936-10,Canada,All-items,7.5
1936-11,Canada,All-items,7.5
1936-12,Canada,All-items,7.5
1937-01,Canada,All-items,7.6
1937-02,Canada,All-items,7.6
1937-03,Canada,All-items,7.6
1937-04,Canada,All-items,7.6
1937-05,Canada,All-items,7.6
1937-06,Canada,All-items,7.6
1937-07,Canada,All-items,7.6
1937-08,Canada,All-items,7.7
1937-09,Canada,All-items,7.7
1937-10,Canada,All-items,7.8
1937-11,Canada,All-items,7.8
1937-12,Canada,All-items,7.8
1938-01,Canada,All-items,7.7
1938-02,Canada,All-items,7.7
1938-03,Canada,All-items,7.8
1938-04,Canada,All-items,7.8
1938-05,Canada,All-items,7.7
1938-06,Canada,All-items,7.7
1938-07,Canada,All-items,7.8
1938-08,Canada,All-items,7.8
1938-09,Canada,All-items,7.7
1938-10,Canada,All-items,7.6
1938-11,Canada,All-items,7.6
1938-12,Canada,All-items,7.6
1939-01,Canada,All-items,7.6
1939-02,Canada,All-items,7.6
1939-03,Canada,All-items,7.6
1939-04,Canada,All-items,7.6
1939-05,Canada,All-items,7.6
1939-06,Canada,All-items,7.6
1939-07,Canada,All-items,7.6
1939-08,Canada,All-items,7.6
1939-09,Canada,All-items,7.6
1939-10,Canada,All-items,7.8
1939-11,Canada,All-items,7.8
1939-12,Canada,All-items,7.8
1940-01,Canada,All-items,7.8
1940-02,Canada,All-items,7.8
1940-03,Canada,All-items,7.9
1940-04,Canada,All-items,7.9
1940-05,Canada,All-items,7.9
1940-06,Canada,All-items,7.9
1940-07,Canada,All-items,8.0
1940-08,Canada,All-items,8.0
1940-09,Canada,All-items,8.1
1940-10,Canada,All-items,8.1
1940-11,Canada,All-items,8.1
1940-12,Canada,All-items,8.2
1941-01,Canada,All-items,8.2
1941-02,Canada,All-items,8.2
1941-03,Canada,All-items,8.2
1941-04,Canada,All-items,8.2
1941-05,Canada,All-items,8.2
1941-06,Canada,All-items,8.4
1941-07,Canada,All-items,8.5
1941-08,Canada,All-items,8.6
1941-09,Canada,All-items,8.7
1941-10,Canada,All-items,8.7
1941-11,Canada,All-items,8.8
1941-12,Canada,All-items,8.7
1942-01,Canada,All-items,8.7
1942-02,Canada,All-items,8.7
1942-03,Canada,All-items,8.8
1942-04,Canada,All-items,8.8
1942-05,Canada,All-items,8.8
1942-06,Canada,All-items,8.8
1942-07,Canada,All-items,8.9
1942-08,Canada,All-items,8.9
1942-09,Canada,All-items,8.8
1942-10,Canada,All-items,8.9
1942-11,Canada,All-items,9.0
1942-12,Canada,All-items,9.0
1943-01,Canada,All-items,8.8
1943-02,Canada,All-items,8.8
1943-03,Canada,All-items,8.8
1943-04,Canada,All-items,9.0
1943-05,Canada,All-items,9.0
1943-06,Canada,All-items,9.0
1943-07,Canada,All-items,9.1
1943-08,Canada,All-items,9.1
1943-09,Canada,All-items,9.2
1943-10,Canada,All-items,9.2
1943-11,Canada,All-items,9.2
1943-12,Canada,All-items,9.2
1944-01,Canada,All-items,9.1
1944-02,Canada,All-items,9.1
1944-03,Canada,All-items,9.1
1944-04,Canada,All-items,9.1
1944-05,Canada,All-items,9.1
1944-06,Canada,All-items,9.1
1944-07,Canada,All-items,9.1
1944-08,Canada,All-items,9.1
1944-09,Canada,All-items,9.1
1944-10,Canada,All-items,9.1
1944-11,Canada,All-items,9.1
1944-12,Canada,All-items,9.0
1945-01,Canada,All-items,9.0
1945-02,Canada,All-items,9.1
1945-03,Canada,All-items,9.1
1945-04,Canada,All-items,9.1
1945-05,Canada,All-items,9.1
1945-06,Canada,All-items,9.2
1945-07,Canada,All-items,9.2
1945-08,Canada,All-items,9.2
1945-09,Canada,All-items,9.2
1945-10,Canada,All-items,9.2
1945-11,Canada,All-items,9.2
1945-12,Canada,All-items,9.2
1946-01,Canada,All-items,9.2
1946-02,Canada,All-items,9.2
1946-03,Canada,All-items,9.2
1946-04,Canada,All-items,9.2
1946-05,Canada,All-items,9.2
1946-06,Canada,All-items,9.4
1946-07,Canada,All-items,9.5
1946-08,Canada,All-items,9.6
1946-09,Canada,All-items,9.6
1946-10,Canada,All-items,9.7
1946-11,Canada,All-items,9.7
1946-12,Canada,All-items,9.7
1947-01,Canada,All-items,9.7
1947-02,Canada,All-items,9.7
1947-03,Canada,All-items,9.8
1947-04,Canada,All-items,9.9
1947-05,Canada,All-items,10.1
1947-06,Canada,All-items,10.2
1947-07,Canada,All-items,10.3
1947-08,Canada,All-items,10.3
1947-09,Canada,All-items,10.6
1947-10,Canada,All-items,10.8
1947-11,Canada,All-items,10.9
1947-12,Canada,All-items,11.1
1948-01,Canada,All-items,11.2
1948-02,Canada,All-items,11.4
1948-03,Canada,All-items,11.4
1948-04,Canada,All-items,11.5
1948-05,Canada,All-items,11.6
1948-06,Canada,All-items,11.8
1948-07,Canada,All-items,11.8
1948-08,Canada,All-items,11.9
1948-09,Canada,All-items,12.1
1948-10,Canada,All-items,12.1
1948-11,Canada,All-items,12.1
1948-12,Canada,All-items,12.1
1949-01,Canada,All-items,12.1
1949-02,Canada,All-items,12.1
1949-03,Canada,All-items,12.1
1949-04,Canada,All-items,12.1
1949-05,Canada,All-items,12.1
1949-06,Canada,All-items,12.1
1949-07,Canada,All-items,12.1
1949-08,Canada,All-items,12.2
1949-09,Canada,All-items,12.2
1949-10,Canada,All-items,12.3
1949-11,Canada,All-items,12.3
1949-12,Canada,All-items,12.2
1950-01,Canada,All-items,12.1
1950-02,Canada,All-items,12.2
1950-03,Canada,All-items,12.3
1950-04,Canada,All-items,12.3
1950-05,Canada,All-items,12.3
1950-06,Canada,All-items,12.3
1950-07,Canada,All-items,12.4
1950-08,Canada,All-items,12.5
1950-09,Canada,All-items,12.7
1950-10,Canada,All-items,12.9
1950-11,Canada,All-items,12.9
1950-12,Canada,All-items,12.9
1951-01,Canada,All-items,13.0
1951-02,Canada,All-items,13.3
1951-03,Canada,All-items,13.4
1951-04,Canada,All-items,13.6
1951-05,Canada,All-items,13.6
1951-06,Canada,All-items,13.9
1951-07,Canada,All-items,13.9
1951-08,Canada,All-items,14.0
1951-09,Canada,All-items,14.1
1951-10,Canada,All-items,14.2
1951-11,Canada,All-items,14.3
1951-12,Canada,All-items,14.3
1952-01,Canada,All-items,14.4
1952-02,Canada,All-items,14.3
1952-03,Canada,All-items,14.2
1952-04,Canada,All-items,14.2
1952-05,Canada,All-items,14.1
1952-06,Canada,All-items,14.1
1952-07,Canada,All-items,14.1
1952-08,Canada,All-items,14.1
1952-09,Canada,All-items,14.1
1952-10,Canada,All-items,14.1
1952-11,Canada,All-items,14.1
1952-12,Canada,All-items,14.1
1953-01,Canada,All-items,14.1
1953-02,Canada,All-items,14.0
1953-03,Canada,All-items,13.9
1953-04,Canada,All-items,13.9
1953-05,Canada,All-items,13.9
1953-06,Canada,All-items,13.9
1953-07,Canada,All-items,13.9
1953-08,Canada,All-items,14.1
1953-09,Canada,All-items,14.1
1953-10,Canada,All-items,14.2
1953-11,Canada,All-items,14.1
1953-12,Canada,All-items,14.1
1954-01,Canada,All-items,14.1
1954-02,Canada,All-items,14.1
1954-03,Canada,All-items,14.0
1954-04,Canada,All-items,14.0
1954-05,Canada,All-items,14.0
1954-06,Canada,All-items,14.1
1954-07,Canada,All-items,14.1
1954-08,Canada,All-items,14.2
1954-09,Canada,All-items,14.2
1954-10,Canada,All-items,14.2
1954-11,Canada,All-items,14.2
1954-12,Canada,All-items,14.1
1955-01,Canada,All-items,14.1
1955-02,Canada,All-items,14.1
1955-03,Canada,All-items,14.1
1955-04,Canada,All-items,14.1
1955-05,Canada,All-items,14.1
1955-06,Canada,All-items,14.1
1955-07,Canada,All-items,14.1
1955-08,Canada,All-items,14.1
1955-09,Canada,All-items,14.2
1955-10,Canada,All-items,14.2
1955-11,Canada,All-items,14.2
1955-12,Canada,All-items,14.2
1956-01,Canada,All-items,14.2
1956-02,Canada,All-items,14.1
1956-03,Canada,All-items,14.1
1956-04,Canada,All-items,14.1
1956-05,Canada,All-items,14.1
1956-06,Canada,All-items,14.3
1956-07,Canada,All-items,14.4
1956-08,Canada,All-items,14.5
1956-09,Canada,All-items,14.4
1956-10,Canada,All-items,14.5
1956-11,Canada,All-items,14.6
1956-12,Canada,All-items,14.6
1957-01,Canada,All-items,14.6
1957-02,Canada,All-items,14.6
1957-03,Canada,All-items,14.6
1957-04,Canada,All-items,14.7
1957-05,Canada,All-items,14.7
1957-06,Canada,All-items,14.8
1957-07,Canada,All-items,14.8
1957-08,Canada,All-items,14.9
1957-09,Canada,All-items,15.0
1957-10,Canada,All-items,15.0
1957-11,Canada,All-items,15.0
1957-12,Canada,All-items,14.9
1958-01,Canada,All-items,15.0
1958-02,Canada,All-items,15.0
1958-03,Canada,All-items,15.1
1958-04,Canada,All-items,15.1
1958-05,Canada,All-items,15.1
1958-06,Canada,All-items,15.1
1958-07,Canada,All-items,15.1
1958-08,Canada,All-items,15.1
1958-09,Canada,All-items,15.3
1958-10,Canada,All-items,15.3
1958-11,Canada,All-items,15.3
1958-12,Canada,All-items,15.3
1959-01,Canada,All-items,15.3
1959-02,Canada,All-items,15.3
1959-03,Canada,All-items,15.2
1959-04,Canada,All-items,15.2
1959-05,Canada,All-items,15.3
1959-06,Canada,All-items,15.1
1959-07,Canada,All-items,15.3
1959-08,Canada,All-items,15.3
1959-09,Canada,All-items,15.5
1959-10,Canada,All-items,15.5
1959-11,Canada,All-items,15.5
1959-12,Canada,All-items,15.5
1960-01,Canada,All-items,15.5
1960-02,Canada,All-items,15.5
1960-03,Canada,All-items,15.4
1960-04,Canada,All-items,15.5
1960-05,Canada,All-items,15.5
1960-06,Canada,All-items,15.5
1960-07,Canada,All-items,15.5
1960-08,Canada,All-items,15.5
1960-09,Canada,All-items,15.5
1960-10,Canada,All-items,15.7
1960-11,Canada,All-items,15.7
1960-12,Canada,All-items,15.7
1961-01,Canada,All-items,15.7
1961-02,Canada,All-items,15.7
1961-03,Canada,All-items,15.7
1961-04,Canada,All-items,15.7
1961-05,Canada,All-items,15.7
1961-06,Canada,All-items,15.7
1961-07,Canada,All-items,15.7
1961-08,Canada,All-items,15.7
1961-09,Canada,All-items,15.7
1961-10,Canada,All-items,15.7
1961-11,Canada,All-items,15.7
1961-12,Canada,All-items,15.7
1962-01,Canada,All-items,15.7
1962-02,Canada,All-items,15.7
1962-03,Canada,All-items,15.7
1962-04,Canada,All-items,15.8
1962-05,Canada,All-items,15.8
1962-06,Canada,All-items,15.9
1962-07,Canada,All-items,15.9
1962-08,Canada,All-items,16.0
1962-09,Canada,All-items,15.9
1962-10,Canada,All-items,16.0
1962-11,Canada,All-items,16.0
1962-12,Canada,All-items,16.0
1963-01,Canada,All-items,16.0
1963-02,Canada,All-items,16.0
1963-03,Canada,All-items,16.0
1963-04,Canada,All-items,16.0
1963-05,Canada,All-items,16.0
1963-06,Canada,All-items,16.0
1963-07,Canada,All-items,16.2
1963-08,Canada,All-items,16.3
1963-09,Canada,All-items,16.2
1963-10,Canada,All-items,16.2
1963-11,Canada,All-items,16.3
1963-12,Canada,All-items,16.3
1964-01,Canada,All-items,16.3
1964-02,Canada,All-items,16.3
1964-03,Canada,All-items,16.3
1964-04,Canada,All-items,16.4
1964-05,Canada,All-items,16.4
1964-06,Canada,All-items,16.4
1964-07,Canada,All-items,16.5
1964-08,Canada,All-items,16.5
1964-09,Canada,All-items,16.5
1964-10,Canada,All-items,16.5
1964-11,Canada,All-items,16.5
1964-12,Canada,All-items,16.6
1965-01,Canada,All-items,16.6
1965-02,Canada,All-items,16.6
1965-03,Canada,All-items,16.6
1965-04,Canada,All-items,16.7
1965-05,Canada,All-items,16.7
1965-06,Canada,All-items,16.9
1965-07,Canada,All-items,16.9
1965-08,Canada,All-items,16.9
1965-09,Canada,All-items,16.9
1965-10,Canada,All-items,16.9
1965-11,Canada,All-items,17.0
1965-12,Canada,All-items,17.1
1966-01,Canada,All-items,17.1
1966-02,Canada,All-items,17.2
1966-03,Canada,All-items,17.3
1966-04,Canada,All-items,17.4
1966-05,Canada,All-items,17.4
1966-06,Canada,All-items,17.5
1966-07,Canada,All-items,17.5
1966-08,Canada,All-items,17.6
1966-09,Canada,All-items,17.6
1966-10,Canada,All-items,17.6
1966-11,Canada,All-items,17.6
1966-12,Canada,All-items,17.7
1967-01,Canada,All-items,17.7
1967-02,Canada,All-items,17.7
1967-03,Canada,All-items,17.8
1967-04,Canada,All-items,17.9
1967-05,Canada,All-items,18.0
1967-06,Canada,All-items,18.1
1967-07,Canada,All-items,18.2
1967-08,Canada,All-items,18.3
1967-09,Canada,All-items,18.3
1967-10,Canada,All-items,18.3
1967-11,Canada,All-items,18.3
1967-12,Canada,All-items,18.4
1968-01,Canada,All-items,18.5
1968-02,Canada,All-items,18.5
1968-03,Canada,All-items,18.6
1968-04,Canada,All-items,18.6
1968-05,Canada,All-items,18.6
1968-06,Canada,All-items,18.7
1968-07,Canada,All-items,18.9
1968-08,Canada,All-items,19.0
1968-09,Canada,All-items,19.0
1968-10,Canada,All-items,19.0
1968-11,Canada,All-items,19.2
1968-12,Canada,All-items,19.2
1969-01,Canada,All-items,19.2
1969-02,Canada,All-items,19.2
1969-03,Canada,All-items,19.3
1969-04,Canada,All-items,19.6
1969-05,Canada,All-items,19.6
1969-06,Canada,All-items,19.7
1969-07,Canada,All-items,19.8
1969-08,Canada,All-items,19.9
1969-09,Canada,All-items,19.9
1969-10,Canada,All-items,19.9
1969-11,Canada,All-items,19.9
1969-12,Canada,All-items,20.1
1970-01,Canada,All-items,20.2
1970-02,Canada,All-items,20.2
1970-03,Canada,All-items,20.2
1970-04,Canada,All-items,20.3
1970-05,Canada,All-items,20.3
1970-06,Canada,All-items,20.3
1970-07,Canada,All-items,20.5
1970-08,Canada,All-items,20.5
1970-09,Canada,All-items,20.4
1970-10,Canada,All-items,20.4
1970-11,Canada,All-items,20.4
1970-12,Canada,All-items,20.3
1971-01,Canada,All-items,20.4
1971-01,"St. John's, Newfoundland and Labrador",All-items,20.3
1971-01,"Halifax, Nova Scotia",All-items,21.3
1971-01,"Saint John, New Brunswick",All-items,20.8
1971-01,"Québec, Quebec",All-items,21.0
1971-01,"Montréal, Quebec",All-items,20.8
1971-01,"Ottawa-Gatineau, Ontario part, Ontario/Quebec",All-items,20.3
1971-01,"Toronto, Ontario",All-items,19.7
1971-01,"Thunder Bay, Ontario",All-items,20.8
1971-01,"Winnipeg, Manitoba",All-items,20.4
1971-01,"Regina, Saskatchewan",All-items,20.7
1971-01,"Saskatoon, Saskatchewan",All-items,21.1
1971-01,"Edmonton, Alberta",All-items,20.8
1971-01,"Calgary, Alberta",All-items,20.5
1971-01,"Vancouver, British Columbia",All-items,20.9
1971-02,Canada,All-items,20.5
1971-02,"St. John's, Newfoundland and Labrador",All-items,20.5
1971-02,"Halifax, Nova Scotia",All-items,21.3
1971-02,"Saint John, New Brunswick",All-items,21.0
1971-02,"Québec, Quebec",All-items,21.1
1971-02,"Montréal, Quebec",All-items,20.9
1971-02,"Ottawa-Gatineau, Ontario part, Ontario/Quebec",All-items,20.4
1971-02,"Toronto, Ontario",All-items,19.8
1971-02,"Thunder Bay, Ontario",All-items,20.9
1971-02,"Winnipeg, Manitoba",All-items,20.4
1971-02,"Regina, Saskatchewan",All-items,20.7
1971-02,"Saskatoon, Saskatchewan",All-items,21.2
1971-02,"Edmonton, Alberta",All-items,21.0
1971-02,"Calgary, Alberta",All-items,20.7
1971-02,"Vancouver, British Columbia",All-items,21.1
1971-03,Canada,All-items,20.5
1971-03,"St. John's, Newfoundland and Labrador",All-items,20.5
1971-03,"Halifax, Nova Scotia",All-items,21.4
1971-03,"Saint John, New Brunswick",All-items,21.0
1971-03,"Québec, Quebec",All-items,21.2
1971-03,"Montréal, Quebec",All-items,21.0
1971-03,"Ottawa-Gatineau, Ontario part, Ontario/Quebec",All-items,20.5
1971-03,"Toronto, Ontario",All-items,19.9
1971-03,"Thunder Bay, Ontario",All-items,21.0
1971-03,"Winnipeg, Manitoba",All-items,20.4
1971-03,"Regina, Saskatchewan",All-items,20.7
1971-03,"Saskatoon, Saskatchewan",All-items,21.2
1971-03,"Edmonton, Alberta",All-items,20.9
1971-03,"Calgary, Alberta",All-items,20.7
1971-03,"Vancouver, British Columbia",All-items,21.1
1971-04,Canada,All-items,20.7
1971-04,"St. John's, Newfoundland and Labrador",All-items,20.7
1971-04,"Halifax, Nova Scotia",All-items,21.7
1971-04,"Saint John, New Brunswick",All-items,21.3
1971-04,"Québec, Quebec",All-items,21.4
1971-04,"Montréal, Quebec",All-items,21.1
1971-04,"Ottawa-Gatineau, Ontario part, Ontario/Quebec",All-items,20.7
1971-04,"Toronto, Ontario",All-items,20.1
1971-04,"Thunder Bay, Ontario",All-items,21.0
1971-04,"Winnipeg, Manitoba",All-items,20.5
1971-04,"Regina, Saskatchewan",All-items,20.8
1971-04,"Saskatoon, Saskatchewan",All-items,21.4
1971-04,"Edmonton, Alberta",All-items,21.0
1971-04,"Calgary, Alberta",All-items,20.7
1971-04,"Vancouver, British Columbia",All-items,21.2
1971-05,Canada,All-items,20.7
1971-05,"St. John's, Newfoundland and Labrador",All-items,20.9
1971-05,"Halifax, Nova Scotia",All-items,21.8
1971-05,"Saint John, New Brunswick",All-items,21.3
1971-05,"Québec, Quebec",All-items,21.4
1971-05,"Montréal, Quebec",All-items,21.2
1971-05,"Ottawa-Gatineau, Ontario part, Ontario/Quebec",All-items,20.8
1971-05,"Toronto, Ontario",All-items,20.2
1971-05,"Thunder Bay, Ontario",All-items,21.2
1971-05,"Winnipeg, Manitoba",All-items,20.6
1971-05,"Regina, Saskatchewan",All-items,20.9
1971-05,"Saskatoon, Saskatchewan",All-items,21.4
1971-05,"Edmonton, Alberta",All-items,21.2
1971-05,"Calgary, Alberta",All-items,20.7
1971-05,"Vancouver, British Columbia",All-items,21.3
1971-06,Canada,All-items,20.8
1971-06,"St. John's, Newfoundland and Labrador",All-items,20.9
1971-06,"Halifax, Nova Scotia",All-items,21.8
1971-06,"Saint John, New Brunswick",All-items,21.3
1971-06,"Québec, Quebec",All-items,21.5
1971-06,"Montréal, Quebec",All-items,21.3
1971-06,"Ottawa-Gatineau, Ontario part, Ontario/Quebec",All-items,20.9
1971-06,"Toronto, Ontario",All-items,20.2
1971-06,"Thunder Bay, Ontario",All-items,21.2
1971-06,"Winnipeg, Manitoba",All-items,20.7
1971-06,"Regina, Saskatchewan",All-items,20.9
1971-06,"Saskatoon, Saskatchewan",All-items,21.4
1971-06,"Edmonton, Alberta",All-items,21.2
1971-06,"Calgary, Alberta",All-items,20.7
1971-06,"Vancouver, British Columbia",All-items,21.4
1971-07,Canada,All-items,21.0
1971-07,"St. John's, Newfoundland and Labrador",All-items,21.0
1971-07,"Halifax, Nova Scotia",All-items,21.9
1971-07,"Saint John, New Brunswick",All-items,21.6
1971-07,"Québec, Quebec",All-items,21.6
1971-07,"Montréal, Quebec",All-items,21.4
1971-07,"Ottawa-Gatineau, Ontario part, Ontario/Quebec",All-items,21.0
1971-07,"Toronto, Ontario",All-items,20.4
1971-07,"Thunder Bay, Ontario",All-items,21.4
1971-07,"Winnipeg, Manitoba",All-items,20.8
1971-07,"Regina, Saskatchewan",All-items,21.1
1971-07,"Saskatoon, Saskatchewan",All-items,21.6
1971-07,"Edmonton, Alberta",All-items,21.2
1971-07,"Calgary, Alberta",All-items,20.8
1971-07,"Vancouver, British Columbia",All-items,21.4
1971-08,Canada,All-items,21.2
1971-08,"St. John's, Newfoundland and Labrador",All-items,21.1
1971-08,"Halifax, Nova Scotia",All-items,21.9
1971-08,"Saint John, New Brunswick",All-items,21.6
1971-08,"Québec, Quebec",All-items,21.8
1971-08,"Montréal, Quebec",All-items,21.4
1971-08,"Ottawa-Gatineau, Ontario part, Ontario/Quebec",All-items,21.1
1971-08,"Toronto, Ontario",All-items,20.4
1971-08,"Thunder Bay, Ontario",All-items,21.5
1971-08,"Winnipeg, Manitoba",All-items,20.9
1971-08,"Regina, Saskatchewan",All-items,21.1
1971-08,"Saskatoon, Saskatchewan",All-items,21.8
1971-08,"Edmonton, Alberta",All-items,21.3
1971-08,"Calgary, Alberta",All-items,21.0
1971-08,"Vancouver, British Columbia",All-items,21.6
1971-09,Canada,All-items,21.1
1971-09,"St. John's, Newfoundland and Labrador",All-items,21.0
1971-09,"Halifax, Nova Scotia",All-items,22.0
1971-09,"Saint John, New Brunswick",All-items,21.7
1971-09,"Québec, Quebec",All-items,21.8
1971-09,"Montréal, Quebec",All-items,21.4
1971-09,"Ottawa-Gatineau, Ontario part, Ontario/Quebec",All-items,21.0
1971-09,"Toronto, Ontario",All-items,20.4
1971-09,"Thunder Bay, Ontario",All-items,21.5
1971-09,"Winnipeg, Manitoba",All-items,20.9
1971-09,"Regina, Saskatchewan",All-items,21.2
1971-09,"Saskatoon, Saskatchewan",All-items,21.8
1971-09,"Edmonton, Alberta",All-items,21.4
1971-09,"Calgary, Alberta",All-items,21.0
1971-09,"Vancouver, British Columbia",All-items,21.6
1971-10,Canada,All-items,21.2
1971-10,"St. John's, Newfoundland and Labrador",All-items,21.0
1971-10,"Halifax, Nova Scotia",All-items,21.9
1971-10,"Saint John, New Brunswick",All-items,21.7
1971-10,"Québec, Quebec",All-items,21.6
1971-10,"Montréal, Quebec",All-items,21.3
1971-10,"Ottawa-Gatineau, Ontario part, Ontario/Quebec",All-items,21.0
1971-10,"Toronto, Ontario",All-items,20.4
1971-10,"Thunder Bay, Ontario",All-items,21.5
1971-10,"Winnipeg, Manitoba",All-items,20.9
1971-10,"Regina, Saskatchewan",All-items,21.1
1971-10,"Saskatoon, Saskatchewan",All-items,21.8
1971-10,"Edmonton, Alberta",All-items,21.3
1971-10,"Calgary, Alberta",All-items,21.0
1971-10,"Vancouver, British Columbia",All-items,21.7
1971-11,Canada,All-items,21.2
1971-11,"St. John's, Newfoundland and Labrador",All-items,21.0
1971-11,"Halifax, Nova Scotia",All-items,22.0
1971-11,"Saint John, New Brunswick",All-items,21.7
1971-11,"Québec, Quebec",All-items,21.8
1971-11,"Montréal, Quebec",All-items,21.4
1971-11,"Ottawa-Gatineau, Ontario part, Ontario/Quebec",All-items,21.2
1971-11,"Toronto, Ontario",All-items,20.4
1971-11,"Thunder Bay, Ontario",All-items,21.5
1971-11,"Winnipeg, Manitoba",All-items,21.0
1971-11,"Regina, Saskatchewan",All-items,21.3
1971-11,"Saskatoon, Saskatchewan",All-items,21.9
1971-11,"Edmonton, Alberta",All-items,21.4
1971-11,"Calgary, Alberta",All-items,21.1
1971-11,"Vancouver, British Columbia",All-items,21.9
1971-12,Canada,All-items,21.3
1971-12,"St. John's, Newfoundland and Labrador",All-items,21.2
1971-12,"Halifax, Nova Scotia",All-items,22.2
1971-12,"Saint John, New Brunswick",All-items,21.8
1971-12,"Québec, Quebec",All-items,21.9
1971-12,"Montréal, Quebec",All-items,21.7
1971-12,"Ottawa-Gatineau, Ontario part, Ontario/Quebec",All-items,21.3
1971-12,"Toronto, Ontario",All-items,20.6
1971-12,"Thunder Bay, Ontario",All-items,21.7
1971-12,"Winnipeg, Manitoba",All-items,21.3
1971-12,"Regina, Saskatchewan",All-items,21.4
1971-12,"Saskatoon, Saskatchewan",All-items,22.1
1971-12,"Edmonton, Alberta",All-items,21.5
1971-12,"Calgary, Alberta",All-items,21.2
1971-12,"Vancouver, British Columbia",All-items,22.0
1972-01,Canada,All-items,21.4
1972-01,"St. John's, Newfoundland and Labrador",All-items,21.3
1972-01,"Halifax, Nova Scotia",All-items,22.3
1972-01,"Saint John, New Brunswick",All-items,22.0
1972-01,"Québec, Quebec",All-items,22.0
1972-01,"Montréal, Quebec",All-items,21.8
1972-01,"Ottawa-Gatineau, Ontario part, Ontario/Quebec",All-items,21.3
1972-01,"Toronto, Ontario",All-items,20.7
1972-01,"Thunder Bay, Ontario",All-items,21.8
1972-01,"Winnipeg, Manitoba",All-items,21.3
1972-01,"Regina, Saskatchewan",All-items,21.5
1972-01,"Saskatoon, Saskatchewan",All-items,22.2
1972-01,"Edmonton, Alberta",All-items,21.7
1972-01,"Calgary, Alberta",All-items,21.3
1972-01,"Vancouver, British Columbia",All-items,22.2
1972-02,Canada,All-items,21.5
1972-02,"St. John's, Newfoundland and Labrador",All-items,21.6
1972-02,"Halifax, Nova Scotia",All-items,22.3
1972-02,"Saint John, New Brunswick",All-items,22.2
1972-02,"Québec, Quebec",All-items,22.0
1972-02,"Montréal, Quebec",All-items,21.9
1972-02,"Ottawa-Gatineau, Ontario part, Ontario/Quebec",All-items,21.5
1972-02,"Toronto, Ontario",All-items,20.8
1972-02,"Thunder Bay, Ontario",All-items,22.0
1972-02,"Winnipeg, Manitoba",All-items,21.3
1972-02,"Regina, Saskatchewan",All-items,21.7
1972-02,"Saskatoon, Saskatchewan",All-items,22.3
1972-02,"Edmonton, Alberta",All-items,21.7
1972-02,"Calgary, Alberta",All-items,21.5
1972-02,"Vancouver, British Columbia",All-items,22.3
1972-03,Canada,All-items,21.6
1972-03,"St. John's, Newfoundland and Labrador",All-items,21.6
1972-03,"Halifax, Nova Scotia",All-items,22.4
1972-03,"Saint John, New Brunswick",All-items,22.2
1972-03,"Québec, Quebec",All-items,22.0
1972-03,"Montréal, Quebec",All-items,21.9
1972-03,"Ottawa-Gatineau, Ontario part, Ontario/Quebec",All-items,21.5
1972-03,"Toronto, Ontario",All-items,20.8
1972-03,"Thunder Bay, Ontario",All-items,21.9
1972-03,"Winnipeg, Manitoba",All-items,21.3
1972-03,"Regina, Saskatchewan",All-items,21.7
1972-03,"Saskatoon, Saskatchewan",All-items,22.3
1972-03,"Edmonton, Alberta",All-items,21.7
1972-03,"Calgary, Alberta",All-items,21.4
1972-03,"Vancouver, British Columbia",All-items,22.3
1972-04,Canada,All-items,21.7
1972-04,"St. John's, Newfoundland and Labrador",All-items,21.6
1972-04,"Halifax, Nova Scotia",All-items,22.6
1972-04,"Saint John, New Brunswick",All-items,22.3
1972-04,"Québec, Quebec",All-items,22.2
1972-04,"Montréal, Quebec",All-items,22.0
1972-04,"Ottawa-Gatineau, Ontario part, Ontario/Quebec",All-items,21.7
1972-04,"Toronto, Ontario",All-items,21.0
1972-04,"Thunder Bay, Ontario",All-items,22.1
1972-04,"Winnipeg, Manitoba",All-items,21.4
1972-04,"Regina, Saskatchewan",All-items,21.8
1972-04,"Saskatoon, Saskatchewan",All-items,22.4
1972-04,"Edmonton, Alberta",All-items,21.8
1972-04,"Calgary, Alberta",All-items,21.5
1972-04,"Vancouver, British Columbia",All-items,22.4
1972-05,Canada,All-items,21.7
1972-05,"St. John's, Newfoundland and Labrador",All-items,21.7
1972-05,"Halifax, Nova Scotia",All-items,22.6
1972-05,"Saint John, New Brunswick",All-items,22.4
1972-05,"Québec, Quebec",All-items,22.2
1972-05,"Montréal, Quebec",All-items,22.0
1972-05,"Ottawa-Gatineau, Ontario part, Ontario/Quebec",All-items,21.6
1972-05,"Toronto, Ontario",All-items,21.0
1972-05,"Thunder Bay, Ontario",All-items,22.1
1972-05,"Winnipeg, Manitoba",All-items,21.6
1972-05,"Regina, Saskatchewan",All-items,21.8
1972-05,"Saskatoon, Saskatchewan",All-items,22.3
1972-05,"Edmonton, Alberta",All-items,22.0
1972-05,"Calgary, Alberta",All-items,21.6
1972-05,"Vancouver, British Columbia",All-items,22.5
1972-06,Canada,All-items,21.7
1972-06,"St. John's, Newfoundland and Labrador",All-items,22.0
1972-06,"Halifax, Nova Scotia",All-items,22.6
1972-06,"Saint John, New Brunswick",All-items,22.4
1972-06,"Québec, Quebec",All-items,22.2
1972-06,"Montréal, Quebec",All-items,22.0
1972-06,"Ottawa-Gatineau, Ontario part, Ontario/Quebec",All-items,21.7
1972-06,"Toronto, Ontario",All-items,21.1
1972-06,"Thunder Bay, Ontario",All-items,22.0
1972-06,"Winnipeg, Manitoba",All-items,21.6
1972-06,"Regina, Saskatchewan",All-items,21.8
1972-06,"Saskatoon, Saskatchewan",All-items,22.4
1972-06,"Edmonton, Alberta",All-items,22.1
1972-06,"Calgary, Alberta",All-items,21.6
1972-06,"Vancouver, British Columbia",All-items,22.5
1972-07,Canada,All-items,22.0
1972-07,"St. John's, Newfoundland and Labrador",All-items,22.2
1972-07,"Halifax, Nova Scotia",All-items,22.9
1972-07,"Saint John, New Brunswick",All-items,22.7
1972-07,"Québec, Quebec",All-items,22.2
1972-07,"Montréal, Quebec",All-items,22.3
1972-07,"Ottawa-Gatineau, Ontario part, Ontario/Quebec",All-items,21.8
1972-07,"Toronto, Ontario",All-items,21.4
1972-07,"Thunder Bay, Ontario",All-items,22.2
1972-07,"Winnipeg, Manitoba",All-items,21.7
1972-07,"Regina, Saskatchewan",All-items,22.0
1972-07,"Saskatoon, Saskatchewan",All-items,22.6
1972-07,"Edmonton, Alberta",All-items,22.1
1972-07,"Calgary, Alberta",All-items,21.7
1972-07,"Vancouver, British Columbia",All-items,22.5
1972-08,Canada,All-items,22.2
1972-08,"St. John's, Newfoundland and Labrador",All-items,22.5
1972-08,"Halifax, Nova Scotia",All-items,23.1
1972-08,"Saint John, New Brunswick",All-items,22.9
1972-08,"Québec, Quebec",All-items,22.4
1972-08,"Montréal, Quebec",All-items,22.4
1972-08,"Ottawa-Gatineau, Ontario part, Ontario/Quebec",All-items,22.1
1972-08,"Toronto, Ontario",All-items,21.4
1972-08,"Thunder Bay, Ontario",All-items,22.4
1972-08,"Winnipeg, Manitoba",All-items,21.8
1972-08,"Regina, Saskatchewan",All-items,22.1
1972-08,"Saskatoon, Saskatchewan",All-items,22.7
1972-08,"Edmonton, Alberta",All-items,22.2
1972-08,"Calgary, Alberta",All-items,21.9
1972-08,"Vancouver, British Columbia",All-items,22.7
1972-09,Canada,All-items,22.3
1972-09,"St. John's, Newfoundland and Labrador",All-items,22.5
1972-09,"Halifax, Nova Scotia",All-items,23.2
1972-09,"Saint John, New Brunswick",All-items,23.0
1972-09,"Québec, Quebec",All-items,22.6
1972-09,"Montréal, Quebec",All-items,22.5
1972-09,"Ottawa-Gatineau, Ontario part, Ontario/Quebec",All-items,22.2
1972-09,"Toronto, Ontario",All-items,21.6
1972-09,"Thunder Bay, Ontario",All-items,22.6
1972-09,"Winnipeg, Manitoba",All-items,22.1
1972-09,"Regina, Saskatchewan",All-items,22.2
1972-09,"Saskatoon, Saskatchewan",All-items,22.9
1972-09,"Edmonton, Alberta",All-items,22.4
1972-09,"Calgary, Alberta",All-items,21.9
1972-09,"Vancouver, British Columbia",All-items,22.8
1972-10,Canada,All-items,22.3
1972-10,"St. John's, Newfoundland and Labrador",All-items,22.4
1972-10,"Halifax, Nova Scotia",All-items,23.2
1972-10,"Saint John, New Brunswick",All-items,23.0
1972-10,"Québec, Quebec",All-items,22.4
1972-10,"Montréal, Quebec",All-items,22.3
1972-10,"Ottawa-Gatineau, Ontario part, Ontario/Quebec",All-items,22.2
1972-10,"Toronto, Ontario",All-items,21.5
1972-10,"Thunder Bay, Ontario",All-items,22.5
1972-10,"Winnipeg, Manitoba",All-items,21.9
1972-10,"Regina, Saskatchewan",All-items,22.3
1972-10,"Saskatoon, Saskatchewan",All-items,23.0
1972-10,"Edmonton, Alberta",All-items,22.6
1972-10,"Calgary, Alberta",All-items,22.0
1972-10,"Vancouver, British Columbia",All-items,22.8
1972-11,Canada,All-items,22.3
1972-11,"St. John's, Newfoundland and Labrador",All-items,22.6
1972-11,"Halifax, Nova Scotia",All-items,23.3
1972-11,"Saint John, New Brunswick",All-items,23.0
1972-11,"Québec, Quebec",All-items,22.5
1972-11,"Montréal, Quebec",All-items,22.5
1972-11,"Ottawa-Gatineau, Ontario part, Ontario/Quebec",All-items,22.2
1972-11,"Toronto, Ontario",All-items,21.6
1972-11,"Thunder Bay, Ontario",All-items,22.6
1972-11,"Winnipeg, Manitoba",All-items,22.1
1972-11,"Regina, Saskatchewan",All-items,22.4
1972-11,"Saskatoon, Saskatchewan",All-items,23.0
1972-11,"Edmonton, Alberta",All-items,22.6
1972-11,"Calgary, Alberta",All-items,22.2
1972-11,"Vancouver, British Columbia",All-items,22.9
1972-12,Canada,All-items,22.4
1972-12,"St. John's, Newfoundland and Labrador",All-items,22.8
1972-12,"Halifax, Nova Scotia",All-items,23.4
1972-12,"Saint John, New Brunswick",All-items,23.3
1972-12,"Québec, Quebec",All-items,22.6
1972-12,"Montréal, Quebec",All-items,22.6
1972-12,"Ottawa-Gatineau, Ontario part, Ontario/Quebec",All-items,22.4
1972-12,"Toronto, Ontario",All-items,21.8
1972-12,"Thunder Bay, Ontario",All-items,22.7
1972-12,"Winnipeg, Manitoba",All-items,22.2
1972-12,"Regina, Saskatchewan",All-items,22.6
1972-12,"Saskatoon, Saskatchewan",All-items,23.2
1972-12,"Edmonton, Alberta",All-items,22.8
1972-12,"Calgary, Alberta",All-items,22.2
1972-12,"Vancouver, British Columbia",All-items,23.0
1973-01,Canada,All-items,22.6
1973-01,"St. John's, Newfoundland and Labrador",All-items,23.1
1973-01,"Halifax, Nova Scotia",All-items,23.6
1973-01,"Saint John, New Brunswick",All-items,23.4
1973-01,"Québec, Quebec",All-items,23.0
1973-01,"Montréal, Quebec",All-items,22.8
1973-01,"Ottawa-Gatineau, Ontario part, Ontario/Quebec",All-items,22.6
1973-01,"Toronto, Ontario",All-items,22.1
1973-01,"Thunder Bay, Ontario",All-items,23.0
1973-01,"Winnipeg, Manitoba",All-items,22.4
1973-01,"Regina, Saskatchewan",All-items,22.6
1973-01,"Saskatoon, Saskatchewan",All-items,23.2
1973-01,"Edmonton, Alberta",All-items,23.0
1973-01,"Calgary, Alberta",All-items,22.5
1973-01,"Vancouver, British Columbia",All-items,23.2
1973-02,Canada,All-items,22.8
1973-02,"St. John's, Newfoundland and Labrador",All-items,23.3
1973-02,"Halifax, Nova Scotia",All-items,23.7
1973-02,"Saint John, New Brunswick",All-items,23.6
1973-02,"Québec, Quebec",All-items,23.2
1973-02,"Montréal, Quebec",All-items,23.0
1973-02,"Ottawa-Gatineau, Ontario part, Ontario/Quebec",All-items,22.7
1973-02,"Toronto, Ontario",All-items,22.2
1973-02,"Thunder Bay, Ontario",All-items,23.1
1973-02,"Winnipeg, Manitoba",All-items,22.5
1973-02,"Regina, Saskatchewan",All-items,22.8
1973-02,"Saskatoon, Saskatchewan",All-items,23.3
1973-02,"Edmonton, Alberta",All-items,23.1
1973-02,"Calgary, Alberta",All-items,22.5
1973-02,"Vancouver, British Columbia",All-items,23.4
1973-03,Canada,All-items,22.8
1973-03,"St. John's, Newfoundland and Labrador",All-items,23.3
1973-03,"Halifax, Nova Scotia",All-items,23.9
1973-03,"Saint John, New Brunswick",All-items,23.7
1973-03,"Québec, Quebec",All-items,23.2
1973-03,"Montréal, Quebec",All-items,23.0
1973-03,"Ottawa-Gatineau, Ontario part, Ontario/Quebec",All-items,22.7
1973-03,"Toronto, Ontario",All-items,22.2
1973-03,"Thunder Bay, Ontario",All-items,23.1
1973-03,"Winnipeg, Manitoba",All-items,22.6
1973-03,"Regina, Saskatchewan",All-items,22.9
1973-03,"Saskatoon, Saskatchewan",All-items,23.5
1973-03,"Edmonton, Alberta",All-items,23.3
1973-03,"Calgary, Alberta",All-items,22.7
1973-03,"Vancouver, British Columbia",All-items,23.5
1973-04,Canada,All-items,23.1
1973-04,"St. John's, Newfoundland and Labrador",All-items,23.6
1973-04,"Halifax, Nova Scotia",All-items,24.2
1973-04,"Saint John, New Brunswick",All-items,24.0
1973-04,"Québec, Quebec",All-items,23.5
1973-04,"Montréal, Quebec",All-items,23.2
1973-04,"Ottawa-Gatineau, Ontario part, Ontario/Quebec",All-items,23.0
1973-04,"Toronto, Ontario",All-items,22.5
1973-04,"Thunder Bay, Ontario",All-items,23.3
1973-04,"Winnipeg, Manitoba",All-items,22.7
1973-04,"Regina, Saskatchewan",All-items,23.0
1973-04,"Saskatoon, Saskatchewan",All-items,23.6
1973-04,"Edmonton, Alberta",All-items,23.4
1973-04,"Calgary, Alberta",All-items,22.8
1973-04,"Vancouver, British Columbia",All-items,23.9
1973-05,Canada,All-items,23.2
1973-05,"St. John's, Newfoundland and Labrador",All-items,23.9
1973-05,"Halifax, Nova Scotia",All-items,24.4
1973-05,"Saint John, New Brunswick",All-items,24.2
1973-05,"Québec, Quebec",All-items,23.7
1973-05,"Montréal, Quebec",All-items,23.3
1973-05,"Ottawa-Gatineau, Ontario part, Ontario/Quebec",All-items,23.2
1973-05,"Toronto, Ontario",All-items,22.6
1973-05,"Thunder Bay, Ontario",All-items,23.6
1973-05,"Winnipeg, Manitoba",All-items,22.9
1973-05,"Regina, Saskatchewan",All-items,23.3
1973-05,"Saskatoon, Saskatchewan",All-items,23.9
1973-05,"Edmonton, Alberta",All-items,23.6
1973-05,"Calgary, Alberta",All-items,23.0
1973-05,"Vancouver, British Columbia",All-items,23.9
1973-06,Canada,All-items,23.4
1973-06,"St. John's, Newfoundland and Labrador",All-items,24.0
1973-06,"Halifax, Nova Scotia",All-items,24.5
1973-06,"Saint John, New Brunswick",All-items,24.4
1973-06,"Québec, Quebec",All-items,23.9
1973-06,"Montréal, Quebec",All-items,23.6
1973-06,"Ottawa-Gatineau, Ontario part, Ontario/Quebec",All-items,23.4
1973-06,"Toronto, Ontario",All-items,22.8
1973-06,"Thunder Bay, Ontario",All-items,23.7
1973-06,"Winnipeg, Manitoba",All-items,23.0
1973-06,"Regina, Saskatchewan",All-items,23.4
1973-06,"Saskatoon, Saskatchewan",All-items,24.0
1973-06,"Edmonton, Alberta",All-items,23.7
1973-06,"Calgary, Alberta",All-items,23.1
1973-06,"Vancouver, British Columbia",All-items,24.0
1973-07,Canada,All-items,23.7
1973-07,"St. John's, Newfoundland and Labrador",All-items,24.2
1973-07,"Halifax, Nova Scotia",All-items,24.8
1973-07,"Saint John, New Brunswick",All-items,24.5
1973-07,"Québec, Quebec",All-items,24.2
1973-07,"Montréal, Quebec",All-items,23.9
1973-07,"Ottawa-Gatineau, Ontario part, Ontario/Quebec",All-items,23.6
1973-07,"Toronto, Ontario",All-items,23.1
1973-07,"Thunder Bay, Ontario",All-items,24.0
1973-07,"Winnipeg, Manitoba",All-items,23.2
1973-07,"Regina, Saskatchewan",All-items,23.6
1973-07,"Saskatoon, Saskatchewan",All-items,24.1
1973-07,"Edmonton, Alberta",All-items,23.9
1973-07,"Calgary, Alberta",All-items,23.3
1973-07,"Vancouver, British Columbia",All-items,24.3
1973-08,Canada,All-items,24.0
1973-08,"St. John's, Newfoundland and Labrador",All-items,24.6
1973-08,"Halifax, Nova Scotia",All-items,25.0
1973-08,"Saint John, New Brunswick",All-items,25.0
1973-08,"Québec, Quebec",All-items,24.4
1973-08,"Montréal, Quebec",All-items,24.2
1973-08,"Ottawa-Gatineau, Ontario part, Ontario/Quebec",All-items,24.0
1973-08,"Toronto, Ontario",All-items,23.2
1973-08,"Thunder Bay, Ontario",All-items,24.4
1973-08,"Winnipeg, Manitoba",All-items,23.4
1973-08,"Regina, Saskatchewan",All-items,23.8
1973-08,"Saskatoon, Saskatchewan",All-items,24.3
1973-08,"Edmonton, Alberta",All-items,24.2
1973-08,"Calgary, Alberta",All-items,23.5
1973-08,"Vancouver, British Columbia",All-items,24.4
1973-09,Canada,All-items,24.1
1973-09,"St. John's, Newfoundland and Labrador",All-items,25.0
1973-09,"Halifax, Nova Scotia",All-items,25.3
1973-09,"Saint John, New Brunswick",All-items,25.1
1973-09,"Québec, Quebec",All-items,24.5
1973-09,"Montréal, Quebec",All-items,24.2
1973-09,"Ottawa-Gatineau, Ontario part, Ontario/Quebec",All-items,24.1
1973-09,"Toronto, Ontario",All-items,23.3
1973-09,"Thunder Bay, Ontario",All-items,24.7
1973-09,"Winnipeg, Manitoba",All-items,23.7
1973-09,"Regina, Saskatchewan",All-items,24.1
1973-09,"Saskatoon, Saskatchewan",All-items,24.5
1973-09,"Edmonton, Alberta",All-items,24.4
1973-09,"Calgary, Alberta",All-items,23.8
1973-09,"Vancouver, British Columbia",All-items,24.8
1973-10,Canada,All-items,24.2
1973-10,"St. John's, Newfoundland and Labrador",All-items,24.8
1973-10,"Halifax, Nova Scotia",All-items,25.4
1973-10,"Saint John, New Brunswick",All-items,25.1
1973-10,"Québec, Quebec",All-items,24.8
1973-10,"Montréal, Quebec",All-items,24.4
1973-10,"Ottawa-Gatineau, Ontario part, Ontario/Quebec",All-items,24.2
1973-10,"Toronto, Ontario",All-items,23.3
1973-10,"Thunder Bay, Ontario",All-items,24.5
1973-10,"Winnipeg, Manitoba",All-items,23.7
1973-10,"Regina, Saskatchewan",All-items,23.8
1973-10,"Saskatoon, Saskatchewan",All-items,24.4
1973-10,"Edmonton, Alberta",All-items,24.4
1973-10,"Calgary, Alberta",All-items,23.7
1973-10,"Vancouver, British Columbia",All-items,24.9
1973-11,Canada,All-items,24.4
1973-11,"St. John's, Newfoundland and Labrador",All-items,25.1
1973-11,"Halifax, Nova Scotia",All-items,25.5
1973-11,"Saint John, New Brunswick",All-items,25.4
1973-11,"Québec, Quebec",All-items,25.1
1973-11,"Montréal, Quebec",All-items,24.6
1973-11,"Ottawa-Gatineau, Ontario part, Ontario/Quebec",All-items,24.5
1973-11,"Toronto, Ontario",All-items,23.6
1973-11,"Thunder Bay, Ontario",All-items,24.7
1973-11,"Winnipeg, Manitoba",All-items,23.8
1973-11,"Regina, Saskatchewan",All-items,24.1
1973-11,"Saskatoon, Saskatchewan",All-items,24.5
1973-11,"Edmonton, Alberta",All-items,24.6
1973-11,"Calgary, Alberta",All-items,23.8
1973-11,"Vancouver, British Columbia",All-items,25.0
1973-12,Canada,All-items,24.5
1973-12,"St. John's, Newfoundland and Labrador",All-items,25.4
1973-12,"Halifax, Nova Scotia",All-items,25.6
1973-12,"Saint John, New Brunswick",All-items,25.5
1973-12,"Québec, Quebec",All-items,25.1
1973-12,"Montréal, Quebec",All-items,24.9
1973-12,"Ottawa-Gatineau, Ontario part, Ontario/Quebec",All-items,24.8
1973-12,"Toronto, Ontario",All-items,23.6
1973-12,"Thunder Bay, Ontario",All-items,24.7
1973-12,"Winnipeg, Manitoba",All-items,23.9
1973-12,"Regina, Saskatchewan",All-items,24.1
1973-12,"Saskatoon, Saskatchewan",All-items,24.7
1973-12,"Edmonton, Alberta",All-items,24.8
1973-12,"Calgary, Alberta",All-items,24.0
1973-12,"Vancouver, British Columbia",All-items,25.1
1974-01,Canada,All-items,24.7
1974-01,"St. John's, Newfoundland and Labrador",All-items,25.6
1974-01,"Charlottetown and Summerside, Prince Edward Island",All-items,26.2
1974-01,"Halifax, Nova Scotia",All-items,25.8
1974-01,"Saint John, New Brunswick",All-items,25.7
1974-01,"Québec, Quebec",All-items,25.3
1974-01,"Montréal, Quebec",All-items,25.0
1974-01,"Ottawa-Gatineau, Ontario part, Ontario/Quebec",All-items,25.0
1974-01,"Toronto, Ontario",All-items,23.9
1974-01,"Thunder Bay, Ontario",All-items,24.8
1974-01,"Winnipeg, Manitoba",All-items,24.1
1974-01,"Regina, Saskatchewan",All-items,24.3
1974-01,"Saskatoon, Saskatchewan",All-items,24.9
1974-01,"Edmonton, Alberta",All-items,24.9
1974-01,"Calgary, Alberta",All-items,24.2
1974-01,"Vancouver, British Columbia",All-items,25.4
1974-02,Canada,All-items,24.9
1974-02,"St. John's, Newfoundland and Labrador",All-items,25.9
1974-02,"Charlottetown and Summerside, Prince Edward Island",All-items,26.4
1974-02,"Halifax, Nova Scotia",All-items,26.0
1974-02,"Saint John, New Brunswick",All-items,26.0
1974-02,"Québec, Quebec",All-items,25.6
1974-02,"Montréal, Quebec",All-items,25.2
1974-02,"Ottawa-Gatineau, Ontario part, Ontario/Quebec",All-items,25.1
1974-02,"Toronto, Ontario",All-items,24.1
1974-02,"Thunder Bay, Ontario",All-items,25.1
1974-02,"Winnipeg, Manitoba",All-items,24.3
1974-02,"Regina, Saskatchewan",All-items,24.5
1974-02,"Saskatoon, Saskatchewan",All-items,25.0
1974-02,"Edmonton, Alberta",All-items,25.1
1974-02,"Calgary, Alberta",All-items,24.4
1974-02,"Vancouver, British Columbia",All-items,25.6
1974-03,Canada,All-items,25.2
1974-03,"St. John's, Newfoundland and Labrador",All-items,26.3
1974-03,"Charlottetown and Summerside, Prince Edward Island",All-items,26.7
1974-03,"Halifax, Nova Scotia",All-items,26.1
1974-03,"Saint John, New Brunswick",All-items,26.1
1974-03,"Québec, Quebec",All-items,25.8
1974-03,"Montréal, Quebec",All-items,25.5
1974-03,"Ottawa-Gatineau, Ontario part, Ontario/Quebec",All-items,25.4
1974-03,"Toronto, Ontario",All-items,24.3
1974-03,"Thunder Bay, Ontario",All-items,25.3
1974-03,"Winnipeg, Manitoba",All-items,24.6
1974-03,"Regina, Saskatchewan",All-items,24.7
1974-03,"Saskatoon, Saskatchewan",All-items,25.3
1974-03,"Edmonton, Alberta",All-items,25.3
1974-03,"Calgary, Alberta",All-items,24.6
1974-03,"Vancouver, British Columbia",All-items,25.9
1974-04,Canada,All-items,25.4
1974-04,"St. John's, Newfoundland and Labrador",All-items,26.6
1974-04,"Charlottetown and Summerside, Prince Edward Island",All-items,27.0
1974-04,"Halifax, Nova Scotia",All-items,26.5
1974-04,"Saint John, New Brunswick",All-items,26.4
1974-04,"Québec, Quebec",All-items,25.9
1974-04,"Montréal, Quebec",All-items,25.8
1974-04,"Ottawa-Gatineau, Ontario part, Ontario/Quebec",All-items,25.5
1974-04,"Toronto, Ontario",All-items,24.5
1974-04,"Thunder Bay, Ontario",All-items,25.7
1974-04,"Winnipeg, Manitoba",All-items,24.8
1974-04,"Regina, Saskatchewan",All-items,25.0
1974-04,"Saskatoon, Saskatchewan",All-items,25.6
1974-04,"Edmonton, Alberta",All-items,25.4
1974-04,"Calgary, Alberta",All-items,24.8
1974-04,"Vancouver, British Columbia",All-items,26.1
1974-05,Canada,All-items,25.9
1974-05,"St. John's, Newfoundland and Labrador",All-items,26.9
1974-05,"Charlottetown and Summerside, Prince Edward Island",All-items,27.5
1974-05,"Halifax, Nova Scotia",All-items,26.8
1974-05,"Saint John, New Brunswick",All-items,26.6
1974-05,"Québec, Quebec",All-items,26.4
1974-05,"Montréal, Quebec",All-items,26.1
1974-05,"Ottawa-Gatineau, Ontario part, Ontario/Quebec",All-items,25.8
1974-05,"Toronto, Ontario",All-items,25.0
1974-05,"Thunder Bay, Ontario",All-items,26.1
1974-05,"Winnipeg, Manitoba",All-items,25.3
1974-05,"Regina, Saskatchewan",All-items,25.4
1974-05,"Saskatoon, Saskatchewan",All-items,26.0
1974-05,"Edmonton, Alberta",All-items,26.0
1974-05,"Calgary, Alberta",All-items,25.2
1974-05,"Vancouver, British Columbia",All-items,26.6
1974-06,Canada,All-items,26.1
1974-06,"St. John's, Newfoundland and Labrador",All-items,27.3
1974-06,"Charlottetown and Summerside, Prince Edward Island",All-items,27.7
1974-06,"Halifax, Nova Scotia",All-items,27.1
1974-06,"Saint John, New Brunswick",All-items,27.0
1974-06,"Québec, Quebec",All-items,26.8
1974-06,"Montréal, Quebec",All-items,26.5
1974-06,"Ottawa-Gatineau, Ontario part, Ontario/Quebec",All-items,26.1
1974-06,"Toronto, Ontario",All-items,25.3
1974-06,"Thunder Bay, Ontario",All-items,26.4
1974-06,"Winnipeg, Manitoba",All-items,25.6
1974-06,"Regina, Saskatchewan",All-items,25.6
1974-06,"Saskatoon, Saskatchewan",All-items,26.2
1974-06,"Edmonton, Alberta",All-items,26.3
1974-06,"Calgary, Alberta",All-items,25.5
1974-06,"Vancouver, British Columbia",All-items,27.0
1974-07,Canada,All-items,26.3
1974-07,"St. John's, Newfoundland and Labrador",All-items,27.5
1974-07,"Charlottetown and Summerside, Prince Edward Island",All-items,28.1
1974-07,"Halifax, Nova Scotia",All-items,27.4
1974-07,"Saint John, New Brunswick",All-items,27.2
1974-07,"Québec, Quebec",All-items,27.0
1974-07,"Montréal, Quebec",All-items,26.7
1974-07,"Ottawa-Gatineau, Ontario part, Ontario/Quebec",All-items,26.3
1974-07,"Toronto, Ontario",All-items,25.5
1974-07,"Thunder Bay, Ontario",All-items,26.6
1974-07,"Winnipeg, Manitoba",All-items,25.8
1974-07,"Regina, Saskatchewan",All-items,25.7
1974-07,"Saskatoon, Saskatchewan",All-items,26.5
1974-07,"Edmonton, Alberta",All-items,26.5
1974-07,"Calgary, Alberta",All-items,25.7
1974-07,"Vancouver, British Columbia",All-items,27.2
1974-08,Canada,All-items,26.6
1974-08,"St. John's, Newfoundland and Labrador",All-items,27.7
1974-08,"Charlottetown and Summerside, Prince Edward Island",All-items,28.4
1974-08,"Halifax, Nova Scotia",All-items,27.5
1974-08,"Saint John, New Brunswick",All-items,27.4
1974-08,"Québec, Quebec",All-items,27.3
1974-08,"Montréal, Quebec",All-items,27.0
1974-08,"Ottawa-Gatineau, Ontario part, Ontario/Quebec",All-items,26.5
1974-08,"Toronto, Ontario",All-items,25.7
1974-08,"Thunder Bay, Ontario",All-items,27.0
1974-08,"Winnipeg, Manitoba",All-items,26.0
1974-08,"Regina, Saskatchewan",All-items,26.1
1974-08,"Saskatoon, Saskatchewan",All-items,26.7
1974-08,"Edmonton, Alberta",All-items,26.7
1974-08,"Calgary, Alberta",All-items,25.9
1974-08,"Vancouver, British Columbia",All-items,27.6
1974-09,Canada,All-items,26.8
1974-09,"St. John's, Newfoundland and Labrador",All-items,27.9
1974-09,"Charlottetown and Summerside, Prince Edward Island",All-items,28.5
1974-09,"Halifax, Nova Scotia",All-items,27.6
1974-09,"Saint John, New Brunswick",All-items,27.7
1974-09,"Québec, Quebec",All-items,27.4
1974-09,"Montréal, Quebec",All-items,27.0
1974-09,"Ottawa-Gatineau, Ontario part, Ontario/Quebec",All-items,26.7
1974-09,"Toronto, Ontario",All-items,25.8
1974-09,"Thunder Bay, Ontario",All-items,27.3
1974-09,"Winnipeg, Manitoba",All-items,26.1
1974-09,"Regina, Saskatchewan",All-items,26.2
1974-09,"Saskatoon, Saskatchewan",All-items,26.9
1974-09,"Edmonton, Alberta",All-items,26.9
1974-09,"Calgary, Alberta",All-items,26.1
1974-09,"Vancouver, British Columbia",All-items,27.8
1974-10,Canada,All-items,27.1
1974-10,"St. John's, Newfoundland and Labrador",All-items,28.3
1974-10,"Charlottetown and Summerside, Prince Edward Island",All-items,28.7
1974-10,"Halifax, Nova Scotia",All-items,27.8
1974-10,"Saint John, New Brunswick",All-items,27.9
1974-10,"Québec, Quebec",All-items,27.5
1974-10,"Montréal, Quebec",All-items,27.2
1974-10,"Ottawa-Gatineau, Ontario part, Ontario/Quebec",All-items,26.7
1974-10,"Toronto, Ontario",All-items,26.1
1974-10,"Thunder Bay, Ontario",All-items,27.4
1974-10,"Winnipeg, Manitoba",All-items,26.4
1974-10,"Regina, Saskatchewan",All-items,26.4
1974-10,"Saskatoon, Saskatchewan",All-items,27.1
1974-10,"Edmonton, Alberta",All-items,27.2
1974-10,"Calgary, Alberta",All-items,26.5
1974-10,"Vancouver, British Columbia",All-items,28.1
1974-11,Canada,All-items,27.3
1974-11,"St. John's, Newfoundland and Labrador",All-items,28.6
1974-11,"Charlottetown and Summerside, Prince Edward Island",All-items,29.0
1974-11,"Halifax, Nova Scotia",All-items,28.1
1974-11,"Saint John, New Brunswick",All-items,28.1
1974-11,"Québec, Quebec",All-items,27.9
1974-11,"Montréal, Quebec",All-items,27.5
1974-11,"Ottawa-Gatineau, Ontario part, Ontario/Quebec",All-items,27.0
1974-11,"Toronto, Ontario",All-items,26.4
1974-11,"Thunder Bay, Ontario",All-items,27.7
1974-11,"Winnipeg, Manitoba",All-items,26.9
1974-11,"Regina, Saskatchewan",All-items,26.7
1974-11,"Saskatoon, Saskatchewan",All-items,27.5
1974-11,"Edmonton, Alberta",All-items,27.5
1974-11,"Calgary, Alberta",All-items,26.8
1974-11,"Vancouver, British Columbia",All-items,28.3
1974-12,Canada,All-items,27.6
1974-12,"St. John's, Newfoundland and Labrador",All-items,28.8
1974-12,"Charlottetown and Summerside, Prince Edward Island",All-items,29.3
1974-12,"Halifax, Nova Scotia",All-items,28.2
1974-12,"Saint John, New Brunswick",All-items,28.4
1974-12,"Québec, Quebec",All-items,28.0
1974-12,"Montréal, Quebec",All-items,27.8
1974-12,"Ottawa-Gatineau, Ontario part, Ontario/Quebec",All-items,27.3
1974-12,"Toronto, Ontario",All-items,26.7
1974-12,"Thunder Bay, Ontario",All-items,27.9
1974-12,"Winnipeg, Manitoba",All-items,27.3
1974-12,"Regina, Saskatchewan",All-items,27.0
1974-12,"Saskatoon, Saskatchewan",All-items,27.6
1974-12,"Edmonton, Alberta",All-items,27.6
1974-12,"Calgary, Alberta",All-items,27.0
1974-12,"Vancouver, British Columbia",All-items,28.7
1975-01,Canada,All-items,27.6
1975-01,"St. John's, Newfoundland and Labrador",All-items,28.9
1975-01,"Charlottetown and Summerside, Prince Edward Island",All-items,29.4
1975-01,"Halifax, Nova Scotia",All-items,28.4
1975-01,"Saint John, New Brunswick",All-items,28.7
1975-01,"Québec, Quebec",All-items,28.3
1975-01,"Montréal, Quebec",All-items,28.0
1975-01,"Ottawa-Gatineau, Ontario part, Ontario/Quebec",All-items,27.5
1975-01,"Toronto, Ontario",All-items,26.8
1975-01,"Thunder Bay, Ontario",All-items,28.1
1975-01,"Winnipeg, Manitoba",All-items,27.3
1975-01,"Regina, Saskatchewan",All-items,27.0
1975-01,"Saskatoon, Saskatchewan",All-items,27.9
1975-01,"Edmonton, Alberta",All-items,27.9
1975-01,"Calgary, Alberta",All-items,27.2
1975-01,"Vancouver, British Columbia",All-items,28.7
1975-02,Canada,All-items,27.9
1975-02,"St. John's, Newfoundland and Labrador",All-items,29.1
1975-02,"Charlottetown and Summerside, Prince Edward Island",All-items,29.6
1975-02,"Halifax, Nova Scotia",All-items,28.7
1975-02,"Saint John, New Brunswick",All-items,28.8
1975-02,"Québec, Quebec",All-items,28.5
1975-02,"Montréal, Quebec",All-items,28.3
1975-02,"Ottawa-Gatineau, Ontario part, Ontario/Quebec",All-items,27.7
1975-02,"Toronto, Ontario",All-items,27.0
1975-02,"Thunder Bay, Ontario",All-items,28.3
1975-02,"Winnipeg, Manitoba",All-items,27.6
1975-02,"Regina, Saskatchewan",All-items,27.3
1975-02,"Saskatoon, Saskatchewan",All-items,28.1
1975-02,"Edmonton, Alberta",All-items,27.9
1975-02,"Calgary, Alberta",All-items,27.3
1975-02,"Vancouver, British Columbia",All-items,28.8
1975-03,Canada,All-items,28.0
1975-03,"St. John's, Newfoundland and Labrador",All-items,29.4
1975-03,"Charlottetown and Summerside, Prince Edward Island",All-items,29.9
1975-03,"Halifax, Nova Scotia",All-items,28.8
1975-03,"Saint John, New Brunswick",All-items,29.1
1975-03,"Québec, Quebec",All-items,28.7
1975-03,"Montréal, Quebec",All-items,28.4
1975-03,"Ottawa-Gatineau, Ontario part, Ontario/Quebec",All-items,27.8
1975-03,"Toronto, Ontario",All-items,27.2
1975-03,"Thunder Bay, Ontario",All-items,28.5
1975-03,"Winnipeg, Manitoba",All-items,27.7
1975-03,"Regina, Saskatchewan",All-items,27.4
1975-03,"Saskatoon, Saskatchewan",All-items,28.3
1975-03,"Edmonton, Alberta",All-items,28.1
1975-03,"Calgary, Alberta",All-items,27.4
1975-03,"Vancouver, British Columbia",All-items,28.9
1975-04,Canada,All-items,28.2
1975-04,"St. John's, Newfoundland and Labrador",All-items,29.7
1975-04,"Charlottetown and Summerside, Prince Edward Island",All-items,30.0
1975-04,"Halifax, Nova Scotia",All-items,29.1
1975-04,"Saint John, New Brunswick",All-items,29.4
1975-04,"Québec, Quebec",All-items,28.7
1975-04,"Montréal, Quebec",All-items,28.4
1975-04,"Ottawa-Gatineau, Ontario part, Ontario/Quebec",All-items,27.9
1975-04,"Toronto, Ontario",All-items,27.3
1975-04,"Thunder Bay, Ontario",All-items,28.8
1975-04,"Winnipeg, Manitoba",All-items,28.0
1975-04,"Regina, Saskatchewan",All-items,27.4
1975-04,"Saskatoon, Saskatchewan",All-items,28.4
1975-04,"Edmonton, Alberta",All-items,28.2
1975-04,"Calgary, Alberta",All-items,27.7
1975-04,"Vancouver, British Columbia",All-items,29.2
1975-05,Canada,All-items,28.5
1975-05,"St. John's, Newfoundland and Labrador",All-items,29.7
1975-05,"Charlottetown and Summerside, Prince Edward Island",All-items,30.3
1975-05,"Halifax, Nova Scotia",All-items,29.2
1975-05,"Saint John, New Brunswick",All-items,29.6
1975-05,"Québec, Quebec",All-items,28.9
1975-05,"Montréal, Quebec",All-items,28.7
1975-05,"Ottawa-Gatineau, Ontario part, Ontario/Quebec",All-items,28.2
1975-05,"Toronto, Ontario",All-items,27.5
1975-05,"Thunder Bay, Ontario",All-items,28.8
1975-05,"Winnipeg, Manitoba",All-items,28.2
1975-05,"Regina, Saskatchewan",All-items,27.7
1975-05,"Saskatoon, Saskatchewan",All-items,28.6
1975-05,"Edmonton, Alberta",All-items,28.5
1975-05,"Calgary, Alberta",All-items,27.8
1975-05,"Vancouver, British Columbia",All-items,29.4
1975-06,Canada,All-items,28.8
1975-06,"St. John's, Newfoundland and Labrador",All-items,30.1
1975-06,"Charlottetown and Summerside, Prince Edward Island",All-items,30.9
1975-06,"Halifax, Nova Scotia",All-items,29.5
1975-06,"Saint John, New Brunswick",All-items,29.9
1975-06,"Québec, Quebec",All-items,29.3
1975-06,"Montréal, Quebec",All-items,29.3
1975-06,"Ottawa-Gatineau, Ontario part, Ontario/Quebec",All-items,28.4
1975-06,"Toronto, Ontario",All-items,28.0
1975-06,"Thunder Bay, Ontario",All-items,29.3
1975-06,"Winnipeg, Manitoba",All-items,28.6
1975-06,"Regina, Saskatchewan",All-items,28.0
1975-06,"Saskatoon, Saskatchewan",All-items,28.9
1975-06,"Edmonton, Alberta",All-items,29.0
1975-06,"Calgary, Alberta",All-items,28.3
1975-06,"Vancouver, British Columbia",All-items,29.9
1975-07,Canada,All-items,29.2
1975-07,"St. John's, Newfoundland and Labrador",All-items,30.5
1975-07,"Charlottetown and Summerside, Prince Edward Island",All-items,31.2
1975-07,"Halifax, Nova Scotia",All-items,30.0
1975-07,"Saint John, New Brunswick",All-items,30.4
1975-07,"Québec, Quebec",All-items,29.6
1975-07,"Montréal, Quebec",All-items,29.6
1975-07,"Ottawa-Gatineau, Ontario part, Ontario/Quebec",All-items,28.8
1975-07,"Toronto, Ontario",All-items,28.4
1975-07,"Thunder Bay, Ontario",All-items,29.7
1975-07,"Winnipeg, Manitoba",All-items,29.0
1975-07,"Regina, Saskatchewan",All-items,28.5
1975-07,"Saskatoon, Saskatchewan",All-items,29.5
1975-07,"Edmonton, Alberta",All-items,29.5
1975-07,"Calgary, Alberta",All-items,28.6
1975-07,"Vancouver, British Columbia",All-items,30.3
1975-08,Canada,All-items,29.5
1975-08,"St. John's, Newfoundland and Labrador",All-items,31.3
1975-08,"Charlottetown and Summerside, Prince Edward Island",All-items,31.7
1975-08,"Halifax, Nova Scotia",All-items,30.3
1975-08,"Saint John, New Brunswick",All-items,31.0
1975-08,"Québec, Quebec",All-items,30.2
1975-08,"Montréal, Quebec",All-items,30.0
1975-08,"Ottawa-Gatineau, Ontario part, Ontario/Quebec",All-items,29.1
1975-08,"Toronto, Ontario",All-items,28.5
1975-08,"Thunder Bay, Ontario",All-items,29.9
1975-08,"Winnipeg, Manitoba",All-items,29.3
1975-08,"Regina, Saskatchewan",All-items,28.7
1975-08,"Saskatoon, Saskatchewan",All-items,29.7
1975-08,"Edmonton, Alberta",All-items,29.9
1975-08,"Calgary, Alberta",All-items,29.1
1975-08,"Vancouver, British Columbia",All-items,30.5
1975-09,Canada,All-items,29.6
1975-09,"St. John's, Newfoundland and Labrador",All-items,31.3
1975-09,"Charlottetown and Summerside, Prince Edward Island",All-items,31.9
1975-09,"Halifax, Nova Scotia",All-items,30.3
1975-09,"Saint John, New Brunswick",All-items,31.0
1975-09,"Québec, Quebec",All-items,30.2
1975-09,"Montréal, Quebec",All-items,30.0
1975-09,"Ottawa-Gatineau, Ontario part, Ontario/Quebec",All-items,29.2
1975-09,"Toronto, Ontario",All-items,28.5
1975-09,"Thunder Bay, Ontario",All-items,29.9
1975-09,"Winnipeg, Manitoba",All-items,29.4
1975-09,"Regina, Saskatchewan",All-items,29.1
1975-09,"Saskatoon, Saskatchewan",All-items,30.1
1975-09,"Edmonton, Alberta",All-items,29.9
1975-09,"Calgary, Alberta",All-items,29.2
1975-09,"Vancouver, British Columbia",All-items,30.9
1975-10,Canada,All-items,29.8
1975-10,"St. John's, Newfoundland and Labrador",All-items,31.4
1975-10,"Charlottetown and Summerside, Prince Edward Island",All-items,31.9
1975-10,"Halifax, Nova Scotia",All-items,30.9
1975-10,"Saint John, New Brunswick",All-items,31.0
1975-10,"Québec, Quebec",All-items,30.5
1975-10,"Montréal, Quebec",All-items,30.3
1975-10,"Ottawa-Gatineau, Ontario part, Ontario/Quebec",All-items,29.5
1975-10,"Toronto, Ontario",All-items,28.7
1975-10,"Thunder Bay, Ontario",All-items,30.3
1975-10,"Winnipeg, Manitoba",All-items,29.7
1975-10,"Regina, Saskatchewan",All-items,29.4
1975-10,"Saskatoon, Saskatchewan",All-items,30.2
1975-10,"Edmonton, Alberta",All-items,30.2
1975-10,"Calgary, Alberta",All-items,29.5
1975-10,"Vancouver, British Columbia",All-items,31.1
1975-11,Canada,All-items,30.1
1975-11,"St. John's, Newfoundland and Labrador",All-items,31.7
1975-11,"Charlottetown and Summerside, Prince Edward Island",All-items,32.1
1975-11,"Halifax, Nova Scotia",All-items,31.2
1975-11,"Saint John, New Brunswick",All-items,31.3
1975-11,"Québec, Quebec",All-items,30.6
1975-11,"Montréal, Quebec",All-items,30.5
1975-11,"Ottawa-Gatineau, Ontario part, Ontario/Quebec",All-items,29.8
1975-11,"Toronto, Ontario",All-items,28.9
1975-11,"Thunder Bay, Ontario",All-items,30.7
1975-11,"Winnipeg, Manitoba",All-items,30.1
1975-11,"Regina, Saskatchewan",All-items,29.6
1975-11,"Saskatoon, Saskatchewan",All-items,30.6
1975-11,"Edmonton, Alberta",All-items,30.4
1975-11,"Calgary, Alberta",All-items,29.8
1975-11,"Vancouver, British Columbia",All-items,31.1
1975-12,Canada,All-items,30.2
1975-12,"St. John's, Newfoundland and Labrador",All-items,31.7
1975-12,"Charlottetown and Summerside, Prince Edward Island",All-items,32.3
1975-12,"Halifax, Nova Scotia",All-items,31.4
1975-12,"Saint John, New Brunswick",All-items,31.4
1975-12,"Québec, Quebec",All-items,30.6
1975-12,"Montréal, Quebec",All-items,30.5
1975-12,"Ottawa-Gatineau, Ontario part, Ontario/Quebec",All-items,29.9
1975-12,"Toronto, Ontario",All-items,29.1
1975-12,"Thunder Bay, Ontario",All-items,30.9
1975-12,"Winnipeg, Manitoba",All-items,30.3
1975-12,"Regina, Saskatchewan",All-items,29.6
1975-12,"Saskatoon, Saskatchewan",All-items,30.6
1975-12,"Edmonton, Alberta",All-items,30.4
1975-12,"Calgary, Alberta",All-items,29.9
1975-12,"Vancouver, British Columbia",All-items,31.2
1976-01,Canada,All-items,30.3
1976-01,"St. John's, Newfoundland and Labrador",All-items,31.9
1976-01,"Charlottetown and Summerside, Prince Edward Island",All-items,32.5
1976-01,"Halifax, Nova Scotia",All-items,31.5
1976-01,"Saint John, New Brunswick",All-items,31.5
1976-01,"Québec, Quebec",All-items,30.6
1976-01,"Montréal, Quebec",All-items,30.5
1976-01,"Ottawa-Gatineau, Ontario part, Ontario/Quebec",All-items,30.2
1976-01,"Toronto, Ontario",All-items,29.4
1976-01,"Thunder Bay, Ontario",All-items,31.2
1976-01,"Winnipeg, Manitoba",All-items,30.3
1976-01,"Regina, Saskatchewan",All-items,29.9
1976-01,"Saskatoon, Saskatchewan",All-items,30.7
1976-01,"Edmonton, Alberta",All-items,30.6
1976-01,"Calgary, Alberta",All-items,30.0
1976-01,"Vancouver, British Columbia",All-items,31.3
1976-02,Canada,All-items,30.5
1976-02,"St. John's, Newfoundland and Labrador",All-items,32.0
1976-02,"Charlottetown and Summerside, Prince Edward Island",All-items,32.8
1976-02,"Halifax, Nova Scotia",All-items,31.7
1976-02,"Saint John, New Brunswick",All-items,31.6
1976-02,"Québec, Quebec",All-items,30.8
1976-02,"Montréal, Quebec",All-items,30.7
1976-02,"Ottawa-Gatineau, Ontario part, Ontario/Quebec",All-items,30.2
1976-02,"Toronto, Ontario",All-items,29.4
1976-02,"Thunder Bay, Ontario",All-items,31.3
1976-02,"Winnipeg, Manitoba",All-items,30.3
1976-02,"Regina, Saskatchewan",All-items,29.9
1976-02,"Saskatoon, Saskatchewan",All-items,30.9
1976-02,"Edmonton, Alberta",All-items,30.7
1976-02,"Calgary, Alberta",All-items,30.1
1976-02,"Vancouver, British Columbia",All-items,31.4
1976-03,Canada,All-items,30.6
1976-03,"St. John's, Newfoundland and Labrador",All-items,32.1
1976-03,"Charlottetown and Summerside, Prince Edward Island",All-items,32.9
1976-03,"Halifax, Nova Scotia",All-items,31.8
1976-03,"Saint John, New Brunswick",All-items,31.7
1976-03,"Québec, Quebec",All-items,30.8
1976-03,"Montréal, Quebec",All-items,30.6
1976-03,"Ottawa-Gatineau, Ontario part, Ontario/Quebec",All-items,30.3
1976-03,"Toronto, Ontario",All-items,29.5
1976-03,"Thunder Bay, Ontario",All-items,31.3
1976-03,"Winnipeg, Manitoba",All-items,30.5
1976-03,"Regina, Saskatchewan",All-items,30.0
1976-03,"Saskatoon, Saskatchewan",All-items,31.0
1976-03,"Edmonton, Alberta",All-items,30.8
1976-03,"Calgary, Alberta",All-items,30.3
1976-03,"Vancouver, British Columbia",All-items,32.1
1976-04,Canada,All-items,30.7
1976-04,"St. John's, Newfoundland and Labrador",All-items,32.2
1976-04,"Charlottetown and Summerside, Prince Edward Island",All-items,32.9
1976-04,"Halifax, Nova Scotia",All-items,31.8
1976-04,"Saint John, New Brunswick",All-items,31.9
1976-04,"Québec, Quebec",All-items,31.0
1976-04,"Montréal, Quebec",All-items,30.9
1976-04,"Ottawa-Gatineau, Ontario part, Ontario/Quebec",All-items,30.3
1976-04,"Toronto, Ontario",All-items,29.7
1976-04,"Thunder Bay, Ontario",All-items,31.5
1976-04,"Winnipeg, Manitoba",All-items,30.7
1976-04,"Regina, Saskatchewan",All-items,30.2
1976-04,"Saskatoon, Saskatchewan",All-items,31.1
1976-04,"Edmonton, Alberta",All-items,30.9
1976-04,"Calgary, Alberta",All-items,30.4
1976-04,"Vancouver, British Columbia",All-items,32.6
1976-05,Canada,All-items,30.9
1976-05,"St. John's, Newfoundland and Labrador",All-items,32.6
1976-05,"Charlottetown and Summerside, Prince Edward Island",All-items,33.0
1976-05,"Halifax, Nova Scotia",All-items,32.0
1976-05,"Saint John, New Brunswick",All-items,32.1
1976-05,"Québec, Quebec",All-items,31.2
1976-05,"Montréal, Quebec",All-items,31.0
1976-05,"Ottawa-Gatineau, Ontario part, Ontario/Quebec",All-items,30.6
1976-05,"Toronto, Ontario",All-items,29.9
1976-05,"Thunder Bay, Ontario",All-items,31.9
1976-05,"Winnipeg, Manitoba",All-items,31.1
1976-05,"Regina, Saskatchewan",All-items,30.6
1976-05,"Saskatoon, Saskatchewan",All-items,31.4
1976-05,"Edmonton, Alberta",All-items,31.3
1976-05,"Calgary, Alberta",All-items,30.7
1976-05,"Vancouver, British Columbia",All-items,32.9
1976-06,Canada,All-items,31.1
1976-06,"St. John's, Newfoundland and Labrador",All-items,32.7
1976-06,"Charlottetown and Summerside, Prince Edward Island",All-items,33.2
1976-06,"Halifax, Nova Scotia",All-items,32.3
1976-06,"Saint John, New Brunswick",All-items,32.2
1976-06,"Québec, Quebec",All-items,31.4
1976-06,"Montréal, Quebec",All-items,31.3
1976-06,"Ottawa-Gatineau, Ontario part, Ontario/Quebec",All-items,30.8
1976-06,"Toronto, Ontario",All-items,30.0
1976-06,"Thunder Bay, Ontario",All-items,32.0
1976-06,"Winnipeg, Manitoba",All-items,31.2
1976-06,"Regina, Saskatchewan",All-items,30.8
1976-06,"Saskatoon, Saskatchewan",All-items,31.5
1976-06,"Edmonton, Alberta",All-items,31.3
1976-06,"Calgary, Alberta",All-items,30.8
1976-06,"Vancouver, British Columbia",All-items,33.0
1976-07,Canada,All-items,31.3
1976-07,"St. John's, Newfoundland and Labrador",All-items,32.9
1976-07,"Charlottetown and Summerside, Prince Edward Island",All-items,33.5
1976-07,"Halifax, Nova Scotia",All-items,32.4
1976-07,"Saint John, New Brunswick",All-items,32.4
1976-07,"Québec, Quebec",All-items,31.5
1976-07,"Montréal, Quebec",All-items,31.4
1976-07,"Ottawa-Gatineau, Ontario part, Ontario/Quebec",All-items,30.9
1976-07,"Toronto, Ontario",All-items,30.2
1976-07,"Thunder Bay, Ontario",All-items,32.1
1976-07,"Winnipeg, Manitoba",All-items,31.3
1976-07,"Regina, Saskatchewan",All-items,30.8
1976-07,"Saskatoon, Saskatchewan",All-items,31.7
1976-07,"Edmonton, Alberta",All-items,31.5
1976-07,"Calgary, Alberta",All-items,30.9
1976-07,"Vancouver, British Columbia",All-items,33.0
1976-08,Canada,All-items,31.3
1976-08,"St. John's, Newfoundland and Labrador",All-items,33.1
1976-08,"Charlottetown and Summerside, Prince Edward Island",All-items,33.5
1976-08,"Halifax, Nova Scotia",All-items,32.7
1976-08,"Saint John, New Brunswick",All-items,32.5
1976-08,"Québec, Quebec",All-items,31.8
1976-08,"Montréal, Quebec",All-items,31.6
1976-08,"Ottawa-Gatineau, Ontario part, Ontario/Quebec",All-items,31.0
1976-08,"Toronto, Ontario",All-items,30.3
1976-08,"Thunder Bay, Ontario",All-items,32.4
1976-08,"Winnipeg, Manitoba",All-items,31.5
1976-08,"Regina, Saskatchewan",All-items,31.2
1976-08,"Saskatoon, Saskatchewan",All-items,31.9
1976-08,"Edmonton, Alberta",All-items,31.7
1976-08,"Calgary, Alberta",All-items,31.0
1976-08,"Vancouver, British Columbia",All-items,33.3
1976-09,Canada,All-items,31.5
1976-09,"St. John's, Newfoundland and Labrador",All-items,33.4
1976-09,"Charlottetown and Summerside, Prince Edward Island",All-items,33.8
1976-09,"Halifax, Nova Scotia",All-items,32.7
1976-09,"Saint John, New Brunswick",All-items,32.7
1976-09,"Québec, Quebec",All-items,31.9
1976-09,"Montréal, Quebec",All-items,31.7
1976-09,"Ottawa-Gatineau, Ontario part, Ontario/Quebec",All-items,31.1
1976-09,"Toronto, Ontario",All-items,30.3
1976-09,"Thunder Bay, Ontario",All-items,32.4
1976-09,"Winnipeg, Manitoba",All-items,31.6
1976-09,"Regina, Saskatchewan",All-items,31.3
1976-09,"Saskatoon, Saskatchewan",All-items,32.1
1976-09,"Edmonton, Alberta",All-items,31.9
1976-09,"Calgary, Alberta",All-items,31.2
1976-09,"Vancouver, British Columbia",All-items,33.6
1976-10,Canada,All-items,31.7
1976-10,"St. John's, Newfoundland and Labrador",All-items,33.5
1976-10,"Charlottetown and Summerside, Prince Edward Island",All-items,34.1
1976-10,"Halifax, Nova Scotia",All-items,32.8
1976-10,"Saint John, New Brunswick",All-items,32.7
1976-10,"Québec, Quebec",All-items,32.1
1976-10,"Montréal, Quebec",All-items,31.8
1976-10,"Ottawa-Gatineau, Ontario part, Ontario/Quebec",All-items,31.4
1976-10,"Toronto, Ontario",All-items,30.5
1976-10,"Thunder Bay, Ontario",All-items,32.7
1976-10,"Winnipeg, Manitoba",All-items,31.9
1976-10,"Regina, Saskatchewan",All-items,31.7
1976-10,"Saskatoon, Saskatchewan",All-items,32.3
1976-10,"Edmonton, Alberta",All-items,32.2
1976-10,"Calgary, Alberta",All-items,31.6
1976-10,"Vancouver, British Columbia",All-items,33.9
1976-11,Canada,All-items,31.8
1976-11,"St. John's, Newfoundland and Labrador",All-items,33.6
1976-11,"Charlottetown and Summerside, Prince Edward Island",All-items,34.1
1976-11,"Halifax, Nova Scotia",All-items,33.0
1976-11,"Saint John, New Brunswick",All-items,32.9
1976-11,"Québec, Quebec",All-items,32.4
1976-11,"Montréal, Quebec",All-items,32.0
1976-11,"Ottawa-Gatineau, Ontario part, Ontario/Quebec",All-items,31.5
1976-11,"Toronto, Ontario",All-items,30.6
1976-11,"Thunder Bay, Ontario",All-items,32.6
1976-11,"Winnipeg, Manitoba",All-items,32.0
1976-11,"Regina, Saskatchewan",All-items,31.9
1976-11,"Saskatoon, Saskatchewan",All-items,32.4
1976-11,"Edmonton, Alberta",All-items,32.4
1976-11,"Calgary, Alberta",All-items,31.6
1976-11,"Vancouver, British Columbia",All-items,33.8
1976-12,Canada,All-items,31.9
1976-12,"St. John's, Newfoundland and Labrador",All-items,33.7
1976-12,"Charlottetown and Summerside, Prince Edward Island",All-items,34.2
1976-12,"Halifax, Nova Scotia",All-items,33.0
1976-12,"Saint John, New Brunswick",All-items,33.1
1976-12,"Québec, Quebec",All-items,32.5
1976-12,"Montréal, Quebec",All-items,32.2
1976-12,"Ottawa-Gatineau, Ontario part, Ontario/Quebec",All-items,31.7
1976-12,"Toronto, Ontario",All-items,30.7
1976-12,"Thunder Bay, Ontario",All-items,32.6
1976-12,"Winnipeg, Manitoba",All-items,32.1
1976-12,"Regina, Saskatchewan",All-items,32.0
1976-12,"Saskatoon, Saskatchewan",All-items,32.6
1976-12,"Edmonton, Alberta",All-items,32.5
1976-12,"Calgary, Alberta",All-items,31.8
1976-12,"Vancouver, British Columbia",All-items,33.8
1977-01,Canada,All-items,32.2
1977-01,"St. John's, Newfoundland and Labrador",All-items,34.0
1977-01,"Charlottetown and Summerside, Prince Edward Island",All-items,34.5
1977-01,"Halifax, Nova Scotia",All-items,33.1
1977-01,"Saint John, New Brunswick",All-items,33.2
1977-01,"Québec, Quebec",All-items,32.8
1977-01,"Montréal, Quebec",All-items,32.6
1977-01,"Ottawa-Gatineau, Ontario part, Ontario/Quebec",All-items,31.9
1977-01,"Toronto, Ontario",All-items,30.9
1977-01,"Thunder Bay, Ontario",All-items,32.8
1977-01,"Winnipeg, Manitoba",All-items,32.4
1977-01,"Regina, Saskatchewan",All-items,32.1
1977-01,"Saskatoon, Saskatchewan",All-items,32.7
1977-01,"Edmonton, Alberta",All-items,32.7
1977-01,"Calgary, Alberta",All-items,32.1
1977-01,"Vancouver, British Columbia",All-items,34.1
1977-02,Canada,All-items,32.4
1977-02,"St. John's, Newfoundland and Labrador",All-items,34.1
1977-02,"Charlottetown and Summerside, Prince Edward Island",All-items,34.7
1977-02,"Halifax, Nova Scotia",All-items,33.5
1977-02,"Saint John, New Brunswick",All-items,33.6
1977-02,"Québec, Quebec",All-items,33.1
1977-02,"Montréal, Quebec",All-items,32.9
1977-02,"Ottawa-Gatineau, Ontario part, Ontario/Quebec",All-items,32.3
1977-02,"Toronto, Ontario",All-items,31.3
1977-02,"Thunder Bay, Ontario",All-items,33.1
1977-02,"Winnipeg, Manitoba",All-items,32.7
1977-02,"Regina, Saskatchewan",All-items,32.5
1977-02,"Saskatoon, Saskatchewan",All-items,32.9
1977-02,"Edmonton, Alberta",All-items,33.1
1977-02,"Calgary, Alberta",All-items,32.3
1977-02,"Vancouver, British Columbia",All-items,34.3
1977-03,Canada,All-items,32.8
1977-03,"St. John's, Newfoundland and Labrador",All-items,34.5
1977-03,"Charlottetown and Summerside, Prince Edward Island",All-items,35.1
1977-03,"Halifax, Nova Scotia",All-items,33.9
1977-03,"Saint John, New Brunswick",All-items,34.0
1977-03,"Québec, Quebec",All-items,33.3
1977-03,"Montréal, Quebec",All-items,33.2
1977-03,"Ottawa-Gatineau, Ontario part, Ontario/Quebec",All-items,32.6
1977-03,"Toronto, Ontario",All-items,31.6
1977-03,"Thunder Bay, Ontario",All-items,33.5
1977-03,"Winnipeg, Manitoba",All-items,33.0
1977-03,"Regina, Saskatchewan",All-items,32.9
1977-03,"Saskatoon, Saskatchewan",All-items,33.5
1977-03,"Edmonton, Alberta",All-items,33.6
1977-03,"Calgary, Alberta",All-items,32.7
1977-03,"Vancouver, British Columbia",All-items,34.6
1977-04,Canada,All-items,33.0
1977-04,"St. John's, Newfoundland and Labrador",All-items,34.7
1977-04,"Charlottetown and Summerside, Prince Edward Island",All-items,35.3
1977-04,"Halifax, Nova Scotia",All-items,34.4
1977-04,"Saint John, New Brunswick",All-items,34.3
1977-04,"Québec, Quebec",All-items,33.6
1977-04,"Montréal, Quebec",All-items,33.3
1977-04,"Ottawa-Gatineau, Ontario part, Ontario/Quebec",All-items,32.8
1977-04,"Toronto, Ontario",All-items,31.8
1977-04,"Thunder Bay, Ontario",All-items,34.0
1977-04,"Winnipeg, Manitoba",All-items,33.2
1977-04,"Regina, Saskatchewan",All-items,33.2
1977-04,"Saskatoon, Saskatchewan",All-items,33.8
1977-04,"Edmonton, Alberta",All-items,33.8
1977-04,"Calgary, Alberta",All-items,33.1
1977-04,"Vancouver, British Columbia",All-items,34.8
1977-05,Canada,All-items,33.4
1977-05,"St. John's, Newfoundland and Labrador",All-items,34.9
1977-05,"Charlottetown and Summerside, Prince Edward Island",All-items,35.7
1977-05,"Halifax, Nova Scotia",All-items,34.6
1977-05,"Saint John, New Brunswick",All-items,34.4
1977-05,"Québec, Quebec",All-items,33.8
1977-05,"Montréal, Quebec",All-items,33.5
1977-05,"Ottawa-Gatineau, Ontario part, Ontario/Quebec",All-items,33.0
1977-05,"Toronto, Ontario",All-items,32.0
1977-05,"Thunder Bay, Ontario",All-items,34.2
1977-05,"Winnipeg, Manitoba",All-items,33.3
1977-05,"Regina, Saskatchewan",All-items,33.5
1977-05,"Saskatoon, Saskatchewan",All-items,34.0
1977-05,"Edmonton, Alberta",All-items,34.0
1977-05,"Calgary, Alberta",All-items,33.3
1977-05,"Vancouver, British Columbia",All-items,34.9
1977-06,Canada,All-items,33.5
1977-06,"St. John's, Newfoundland and Labrador",All-items,35.2
1977-06,"Charlottetown and Summerside, Prince Edward Island",All-items,36.0
1977-06,"Halifax, Nova Scotia",All-items,34.9
1977-06,"Saint John, New Brunswick",All-items,34.7
1977-06,"Québec, Quebec",All-items,34.2
1977-06,"Montréal, Quebec",All-items,33.7
1977-06,"Ottawa-Gatineau, Ontario part, Ontario/Quebec",All-items,33.3
1977-06,"Toronto, Ontario",All-items,32.3
1977-06,"Thunder Bay, Ontario",All-items,34.5
1977-06,"Winnipeg, Manitoba",All-items,33.6
1977-06,"Regina, Saskatchewan",All-items,33.7
1977-06,"Saskatoon, Saskatchewan",All-items,34.3
1977-06,"Edmonton, Alberta",All-items,34.1
1977-06,"Calgary, Alberta",All-items,33.4
1977-06,"Vancouver, British Columbia",All-items,35.2
1977-07,Canada,All-items,33.9
1977-07,"St. John's, Newfoundland and Labrador",All-items,35.6
1977-07,"Charlottetown and Summerside, Prince Edward Island",All-items,36.4
1977-07,"Halifax, Nova Scotia",All-items,35.1
1977-07,"Saint John, New Brunswick",All-items,34.9
1977-07,"Québec, Quebec",All-items,34.5
1977-07,"Montréal, Quebec",All-items,34.1
1977-07,"Ottawa-Gatineau, Ontario part, Ontario/Quebec",All-items,33.5
1977-07,"Toronto, Ontario",All-items,32.5
1977-07,"Thunder Bay, Ontario",All-items,34.8
1977-07,"Winnipeg, Manitoba",All-items,33.8
1977-07,"Regina, Saskatchewan",All-items,33.9
1977-07,"Saskatoon, Saskatchewan",All-items,34.4
1977-07,"Edmonton, Alberta",All-items,34.4
1977-07,"Calgary, Alberta",All-items,33.6
1977-07,"Vancouver, British Columbia",All-items,35.4
1977-08,Canada,All-items,33.9
1977-08,"St. John's, Newfoundland and Labrador",All-items,35.8
1977-08,"Charlottetown and Summerside, Prince Edward Island",All-items,36.6
1977-08,"Halifax, Nova Scotia",All-items,35.2
1977-08,"Saint John, New Brunswick",All-items,35.1
1977-08,"Québec, Quebec",All-items,34.7
1977-08,"Montréal, Quebec",All-items,34.3
1977-08,"Ottawa-Gatineau, Ontario part, Ontario/Quebec",All-items,33.6
1977-08,"Toronto, Ontario",All-items,32.6
1977-08,"Thunder Bay, Ontario",All-items,35.0
1977-08,"Winnipeg, Manitoba",All-items,34.2
1977-08,"Regina, Saskatchewan",All-items,34.4
1977-08,"Saskatoon, Saskatchewan",All-items,34.8
1977-08,"Edmonton, Alberta",All-items,34.7
1977-08,"Calgary, Alberta",All-items,33.9
1977-08,"Vancouver, British Columbia",All-items,35.6
1977-09,Canada,All-items,34.2
1977-09,"St. John's, Newfoundland and Labrador",All-items,35.9
1977-09,"Charlottetown and Summerside, Prince Edward Island",All-items,36.7
1977-09,"Halifax, Nova Scotia",All-items,35.4
1977-09,"Saint John, New Brunswick",All-items,35.4
1977-09,"Québec, Quebec",All-items,34.9
1977-09,"Montréal, Quebec",All-items,34.5
1977-09,"Ottawa-Gatineau, Ontario part, Ontario/Quebec",All-items,33.7
1977-09,"Toronto, Ontario",All-items,32.8
1977-09,"Thunder Bay, Ontario",All-items,35.1
1977-09,"Winnipeg, Manitoba",All-items,34.3
1977-09,"Regina, Saskatchewan",All-items,34.4
1977-09,"Saskatoon, Saskatchewan",All-items,34.9
1977-09,"Edmonton, Alberta",All-items,34.9
1977-09,"Calgary, Alberta",All-items,33.9
1977-09,"Vancouver, British Columbia",All-items,35.7
1977-10,Canada,All-items,34.5
1977-10,"St. John's, Newfoundland and Labrador",All-items,36.0
1977-10,"Charlottetown and Summerside, Prince Edward Island",All-items,37.0
1977-10,"Halifax, Nova Scotia",All-items,35.6
1977-10,"Saint John, New Brunswick",All-items,35.5
1977-10,"Québec, Quebec",All-items,35.1
1977-10,"Montréal, Quebec",All-items,34.7
1977-10,"Ottawa-Gatineau, Ontario part, Ontario/Quebec",All-items,34.1
1977-10,"Toronto, Ontario",All-items,33.2
1977-10,"Thunder Bay, Ontario",All-items,35.5
1977-10,"Winnipeg, Manitoba",All-items,34.6
1977-10,"Regina, Saskatchewan",All-items,35.0
1977-10,"Saskatoon, Saskatchewan",All-items,35.4
1977-10,"Edmonton, Alberta",All-items,35.3
1977-10,"Calgary, Alberta",All-items,34.3
1977-10,"Vancouver, British Columbia",All-items,36.0
1977-11,Canada,All-items,34.7
1977-11,"St. John's, Newfoundland and Labrador",All-items,36.2
1977-11,"Charlottetown and Summerside, Prince Edward Island",All-items,37.1
1977-11,"Halifax, Nova Scotia",All-items,35.8
1977-11,"Saint John, New Brunswick",All-items,35.8
1977-11,"Québec, Quebec",All-items,35.3
1977-11,"Montréal, Quebec",All-items,34.9
1977-11,"Ottawa-Gatineau, Ontario part, Ontario/Quebec",All-items,34.3
1977-11,"Toronto, Ontario",All-items,33.3
1977-11,"Thunder Bay, Ontario",All-items,35.7
1977-11,"Winnipeg, Manitoba",All-items,34.9
1977-11,"Regina, Saskatchewan",All-items,35.3
1977-11,"Saskatoon, Saskatchewan",All-items,35.7
1977-11,"Edmonton, Alberta",All-items,35.6
1977-11,"Calgary, Alberta",All-items,34.6
1977-11,"Vancouver, British Columbia",All-items,36.2
1977-12,Canada,All-items,34.9
1977-12,"St. John's, Newfoundland and Labrador",All-items,36.5
1977-12,"Charlottetown and Summerside, Prince Edward Island",All-items,37.3
1977-12,"Halifax, Nova Scotia",All-items,36.0
1977-12,"Saint John, New Brunswick",All-items,36.0
1977-12,"Québec, Quebec",All-items,35.5
1977-12,"Montréal, Quebec",All-items,35.3
1977-12,"Ottawa-Gatineau, Ontario part, Ontario/Quebec",All-items,34.6
1977-12,"Toronto, Ontario",All-items,33.7
1977-12,"Thunder Bay, Ontario",All-items,35.9
1977-12,"Winnipeg, Manitoba",All-items,35.0
1977-12,"Regina, Saskatchewan",All-items,35.5
1977-12,"Saskatoon, Saskatchewan",All-items,35.7
1977-12,"Edmonton, Alberta",All-items,35.9
1977-12,"Calgary, Alberta",All-items,34.7
1977-12,"Vancouver, British Columbia",All-items,36.4
1978-01,Canada,All-items,35.1
1978-01,"St. John's, Newfoundland and Labrador",All-items,36.6
1978-01,"Charlottetown and Summerside, Prince Edward Island",All-items,37.3
1978-01,"Halifax, Nova Scotia",All-items,36.0
1978-01,"Saint John, New Brunswick",All-items,36.0
1978-01,"Québec, Quebec",All-items,35.6
1978-01,"Montréal, Quebec",All-items,35.3
1978-01,"Ottawa-Gatineau, Ontario part, Ontario/Quebec",All-items,34.8
1978-01,"Toronto, Ontario",All-items,33.8
1978-01,"Thunder Bay, Ontario",All-items,36.1
1978-01,"Winnipeg, Manitoba",All-items,35.1
1978-01,"Regina, Saskatchewan",All-items,35.6
1978-01,"Saskatoon, Saskatchewan",All-items,35.9
1978-01,"Edmonton, Alberta",All-items,36.0
1978-01,"Calgary, Alberta",All-items,34.7
1978-01,"Vancouver, British Columbia",All-items,36.7
1978-02,Canada,All-items,35.4
1978-02,"St. John's, Newfoundland and Labrador",All-items,36.7
1978-02,"Charlottetown and Summerside, Prince Edward Island",All-items,37.5
1978-02,"Halifax, Nova Scotia",All-items,36.3
1978-02,"Saint John, New Brunswick",All-items,36.3
1978-02,"Québec, Quebec",All-items,35.8
1978-02,"Montréal, Quebec",All-items,35.6
1978-02,"Ottawa-Gatineau, Ontario part, Ontario/Quebec",All-items,35.0
1978-02,"Toronto, Ontario",All-items,33.9
1978-02,"Thunder Bay, Ontario",All-items,36.1
1978-02,"Winnipeg, Manitoba",All-items,35.4
1978-02,"Regina, Saskatchewan",All-items,35.8
1978-02,"Saskatoon, Saskatchewan",All-items,36.0
1978-02,"Edmonton, Alberta",All-items,36.3
1978-02,"Calgary, Alberta",All-items,35.0
1978-02,"Vancouver, British Columbia",All-items,36.8
1978-03,Canada,All-items,35.7
1978-03,"St. John's, Newfoundland and Labrador",All-items,37.2
1978-03,"Charlottetown and Summerside, Prince Edward Island",All-items,38.0
1978-03,"Halifax, Nova Scotia",All-items,36.6
1978-03,"Saint John, New Brunswick",All-items,36.6
1978-03,"Québec, Quebec",All-items,36.2
1978-03,"Montréal, Quebec",All-items,36.0
1978-03,"Ottawa-Gatineau, Ontario part, Ontario/Quebec",All-items,35.4
1978-03,"Toronto, Ontario",All-items,34.2
1978-03,"Thunder Bay, Ontario",All-items,36.5
1978-03,"Winnipeg, Manitoba",All-items,35.9
1978-03,"Regina, Saskatchewan",All-items,36.1
1978-03,"Saskatoon, Saskatchewan",All-items,36.3
1978-03,"Edmonton, Alberta",All-items,36.5
1978-03,"Calgary, Alberta",All-items,35.5
1978-03,"Vancouver, British Columbia",All-items,37.1
1978-04,Canada,All-items,35.8
1978-04,"St. John's, Newfoundland and Labrador",All-items,37.4
1978-04,"Charlottetown and Summerside, Prince Edward Island",All-items,38.2
1978-04,"Halifax, Nova Scotia",All-items,36.8
1978-04,"Saint John, New Brunswick",All-items,36.8
1978-04,"Québec, Quebec",All-items,36.2
1978-04,"Montréal, Quebec",All-items,36.0
1978-04,"Ottawa-Gatineau, Ontario part, Ontario/Quebec",All-items,35.5
1978-04,"Toronto, Ontario",All-items,34.3
1978-04,"Thunder Bay, Ontario",All-items,36.6
1978-04,"Winnipeg, Manitoba",All-items,35.8
1978-04,"Regina, Saskatchewan",All-items,36.4
1978-04,"Saskatoon, Saskatchewan",All-items,36.5
1978-04,"Edmonton, Alberta",All-items,36.8
1978-04,"Calgary, Alberta",All-items,35.7
1978-04,"Vancouver, British Columbia",All-items,37.3
1978-05,Canada,All-items,36.3
1978-05,"St. John's, Newfoundland and Labrador",All-items,37.7
1978-05,"Charlottetown and Summerside, Prince Edward Island",All-items,38.5
1978-05,"Halifax, Nova Scotia",All-items,37.0
1978-05,"Saint John, New Brunswick",All-items,37.1
1978-05,"Québec, Quebec",All-items,36.7
1978-05,"Montréal, Quebec",All-items,36.5
1978-05,"Ottawa-Gatineau, Ontario part, Ontario/Quebec",All-items,35.9
1978-05,"Toronto, Ontario",All-items,34.7
1978-05,"Thunder Bay, Ontario",All-items,37.0
1978-05,"Winnipeg, Manitoba",All-items,36.2
1978-05,"Regina, Saskatchewan",All-items,36.8
1978-05,"Saskatoon, Saskatchewan",All-items,36.7
1978-05,"Edmonton, Alberta",All-items,37.2
1978-05,"Calgary, Alberta",All-items,36.0
1978-05,"Vancouver, British Columbia",All-items,37.8
1978-06,Canada,All-items,36.6
1978-06,"St. John's, Newfoundland and Labrador",All-items,37.8
1978-06,"Charlottetown and Summerside, Prince Edward Island",All-items,38.8
1978-06,"Halifax, Nova Scotia",All-items,37.4
1978-06,"Saint John, New Brunswick",All-items,37.3
1978-06,"Québec, Quebec",All-items,36.8
1978-06,"Montréal, Quebec",All-items,36.7
1978-06,"Ottawa-Gatineau, Ontario part, Ontario/Quebec",All-items,36.1
1978-06,"Toronto, Ontario",All-items,35.1
1978-06,"Thunder Bay, Ontario",All-items,37.1
1978-06,"Winnipeg, Manitoba",All-items,36.4
1978-06,"Regina, Saskatchewan",All-items,37.0
1978-06,"Saskatoon, Saskatchewan",All-items,37.0
1978-06,"Edmonton, Alberta",All-items,37.5
1978-06,"Calgary, Alberta",All-items,36.3
1978-06,"Vancouver, British Columbia",All-items,38.0
1978-07,Canada,All-items,37.1
1978-07,"St. John's, Newfoundland and Labrador",All-items,38.5
1978-07,"Charlottetown and Summerside, Prince Edward Island",All-items,39.4
1978-07,"Halifax, Nova Scotia",All-items,37.7
1978-07,"Saint John, New Brunswick",All-items,37.8
1978-07,"Québec, Quebec",All-items,37.4
1978-07,"Montréal, Quebec",All-items,37.3
1978-07,"Ottawa-Gatineau, Ontario part, Ontario/Quebec",All-items,36.6
1978-07,"Toronto, Ontario",All-items,35.7
1978-07,"Thunder Bay, Ontario",All-items,37.5
1978-07,"Winnipeg, Manitoba",All-items,36.9
1978-07,"Regina, Saskatchewan",All-items,37.5
1978-07,"Saskatoon, Saskatchewan",All-items,37.5
1978-07,"Edmonton, Alberta",All-items,37.7
1978-07,"Calgary, Alberta",All-items,36.6
1978-07,"Vancouver, British Columbia",All-items,38.3
1978-08,Canada,All-items,37.2
1978-08,"St. John's, Newfoundland and Labrador",All-items,38.6
1978-08,"Charlottetown and Summerside, Prince Edward Island",All-items,39.5
1978-08,"Halifax, Nova Scotia",All-items,38.0
1978-08,"Saint John, New Brunswick",All-items,38.1
1978-08,"Québec, Quebec",All-items,37.6
1978-08,"Montréal, Quebec",All-items,37.4
1978-08,"Ottawa-Gatineau, Ontario part, Ontario/Quebec",All-items,36.4
1978-08,"Toronto, Ontario",All-items,35.6
1978-08,"Thunder Bay, Ontario",All-items,37.7
1978-08,"Winnipeg, Manitoba",All-items,37.0
1978-08,"Regina, Saskatchewan",All-items,37.4
1978-08,"Saskatoon, Saskatchewan",All-items,37.5
1978-08,"Edmonton, Alberta",All-items,37.8
1978-08,"Calgary, Alberta",All-items,36.6
1978-08,"Vancouver, British Columbia",All-items,38.4
1978-09,Canada,All-items,37.1
1978-09,Newfoundland and Labrador,All-items,38.6
1978-09,"St. John's, Newfoundland and Labrador",All-items,38.5
1978-09,Prince Edward Island,All-items,39.3
1978-09,"Charlottetown and Summerside, Prince Edward Island",All-items,39.5
1978-09,Nova Scotia,All-items,38.2
1978-09,"Halifax, Nova Scotia",All-items,38.0
1978-09,New Brunswick,All-items,38.2
1978-09,"Saint John, New Brunswick",All-items,38.1
1978-09,Quebec,All-items,37.6
1978-09,"Québec, Quebec",All-items,37.5
1978-09,"Montréal, Quebec",All-items,37.3
1978-09,Ontario,All-items,36.0
1978-09,"Ottawa-Gatineau, Ontario part, Ontario/Quebec",All-items,36.4
1978-09,"Toronto, Ontario",All-items,35.4
1978-09,"Thunder Bay, Ontario",All-items,37.7
1978-09,Manitoba,All-items,37.1
1978-09,"Winnipeg, Manitoba",All-items,37.0
1978-09,Saskatchewan,All-items,37.4
1978-09,"Regina, Saskatchewan",All-items,37.3
1978-09,"Saskatoon, Saskatchewan",All-items,37.5
1978-09,Alberta,All-items,37.2
1978-09,"Edmonton, Alberta",All-items,37.8
1978-09,"Calgary, Alberta",All-items,36.8
1978-09,British Columbia,All-items,39.1
1978-09,"Vancouver, British Columbia",All-items,38.6
1978-10,Canada,All-items,37.6
1978-10,Newfoundland and Labrador,All-items,39.2
1978-10,"St. John's, Newfoundland and Labrador",All-items,39.2
1978-10,Prince Edward Island,All-items,39.8
1978-10,"Charlottetown and Summerside, Prince Edward Island",All-items,39.9
1978-10,Nova Scotia,All-items,38.7
1978-10,"Halifax, Nova Scotia",All-items,38.6
1978-10,New Brunswick,All-items,38.6
1978-10,"Saint John, New Brunswick",All-items,38.4
1978-10,Quebec,All-items,37.8
1978-10,"Québec, Quebec",All-items,37.7
1978-10,"Montréal, Quebec",All-items,37.4
1978-10,Ontario,All-items,36.5
1978-10,"Ottawa-Gatineau, Ontario part, Ontario/Quebec",All-items,36.9
1978-10,"Toronto, Ontario",All-items,35.9
1978-10,"Thunder Bay, Ontario",All-items,38.2
1978-10,Manitoba,All-items,37.8
1978-10,"Winnipeg, Manitoba",All-items,37.7
1978-10,Saskatchewan,All-items,37.6
1978-10,"Regina, Saskatchewan",All-items,37.5
1978-10,"Saskatoon, Saskatchewan",All-items,37.7
1978-10,Alberta,All-items,37.6
1978-10,"Edmonton, Alberta",All-items,38.3
1978-10,"Calgary, Alberta",All-items,37.0
1978-10,British Columbia,All-items,39.4
1978-10,"Vancouver, British Columbia",All-items,38.8
1978-11,Canada,All-items,37.8
1978-11,Newfoundland and Labrador,All-items,39.7
1978-11,"St. John's, Newfoundland and Labrador",All-items,39.6
1978-11,Prince Edward Island,All-items,39.9
1978-11,"Charlottetown and Summerside, Prince Edward Island",All-items,40.1
1978-11,Nova Scotia,All-items,38.9
1978-11,"Halifax, Nova Scotia",All-items,38.7
1978-11,New Brunswick,All-items,39.0
1978-11,"Saint John, New Brunswick",All-items,38.7
1978-11,Quebec,All-items,38.1
1978-11,"Québec, Quebec",All-items,38.1
1978-11,"Montréal, Quebec",All-items,37.7
1978-11,Ontario,All-items,36.9
1978-11,"Ottawa-Gatineau, Ontario part, Ontario/Quebec",All-items,37.2
1978-11,"Toronto, Ontario",All-items,36.2
1978-11,"Thunder Bay, Ontario",All-items,38.5
1978-11,Manitoba,All-items,37.9
1978-11,"Winnipeg, Manitoba",All-items,37.9
1978-11,Saskatchewan,All-items,37.9
1978-11,"Regina, Saskatchewan",All-items,37.8
1978-11,"Saskatoon, Saskatchewan",All-items,37.9
1978-11,Alberta,All-items,37.9
1978-11,"Edmonton, Alberta",All-items,38.6
1978-11,"Calgary, Alberta",All-items,37.4
1978-11,British Columbia,All-items,39.6
1978-11,"Vancouver, British Columbia",All-items,39.0
1978-12,Canada,All-items,37.9
1978-12,Newfoundland and Labrador,All-items,39.8
1978-12,"St. John's, Newfoundland and Labrador",All-items,39.7
1978-12,Prince Edward Island,All-items,40.1
1978-12,"Charlottetown and Summerside, Prince Edward Island",All-items,40.3
1978-12,Nova Scotia,All-items,39.0
1978-12,"Halifax, Nova Scotia",All-items,38.9
1978-12,New Brunswick,All-items,39.0
1978-12,"Saint John, New Brunswick",All-items,38.9
1978-12,Quebec,All-items,38.3
1978-12,"Québec, Quebec",All-items,38.3
1978-12,"Montréal, Quebec",All-items,37.9
1978-12,Ontario,All-items,36.9
1978-12,"Ottawa-Gatineau, Ontario part, Ontario/Quebec",All-items,37.3
1978-12,"Toronto, Ontario",All-items,36.2
1978-12,"Thunder Bay, Ontario",All-items,38.5
1978-12,Manitoba,All-items,38.0
1978-12,"Winnipeg, Manitoba",All-items,38.0
1978-12,Saskatchewan,All-items,38.0
1978-12,"Regina, Saskatchewan",All-items,37.9
1978-12,"Saskatoon, Saskatchewan",All-items,38.0
1978-12,Alberta,All-items,38.0
1978-12,"Edmonton, Alberta",All-items,38.7
1978-12,"Calgary, Alberta",All-items,37.4
1978-12,British Columbia,All-items,39.8
1978-12,"Vancouver, British Columbia",All-items,39.2
1979-01,Canada,All-items,38.1
1979-01,Newfoundland and Labrador,All-items,39.9
1979-01,"St. John's, Newfoundland and Labrador",All-items,39.8
1979-01,Prince Edward Island,All-items,40.3
1979-01,"Charlottetown and Summerside, Prince Edward Island",All-items,40.5
1979-01,Nova Scotia,All-items,39.2
1979-01,"Halifax, Nova Scotia",All-items,39.0
1979-01,New Brunswick,All-items,39.2
1979-01,"Saint John, New Brunswick",All-items,39.1
1979-01,Quebec,All-items,38.6
1979-01,"Québec, Quebec",All-items,38.6
1979-01,"Montréal, Quebec",All-items,38.2
1979-01,Ontario,All-items,37.2
1979-01,"Ottawa-Gatineau, Ontario part, Ontario/Quebec",All-items,37.6
1979-01,"Toronto, Ontario",All-items,36.7
1979-01,"Thunder Bay, Ontario",All-items,38.7
1979-01,Manitoba,All-items,38.2
1979-01,"Winnipeg, Manitoba",All-items,38.1
1979-01,Saskatchewan,All-items,38.5
1979-01,"Regina, Saskatchewan",All-items,38.4
1979-01,"Saskatoon, Saskatchewan",All-items,38.4
1979-01,Alberta,All-items,38.2
1979-01,"Edmonton, Alberta",All-items,38.9
1979-01,"Calgary, Alberta",All-items,37.6
1979-01,British Columbia,All-items,40.0
1979-01,"Vancouver, British Columbia",All-items,39.5
1979-02,Canada,All-items,38.6
1979-02,Newfoundland and Labrador,All-items,40.3
1979-02,"St. John's, Newfoundland and Labrador",All-items,40.2
1979-02,Prince Edward Island,All-items,40.6
1979-02,"Charlottetown and Summerside, Prince Edward Island",All-items,40.8
1979-02,Nova Scotia,All-items,39.6
1979-02,"Halifax, Nova Scotia",All-items,39.3
1979-02,New Brunswick,All-items,39.5
1979-02,"Saint John, New Brunswick",All-items,39.4
1979-02,Quebec,All-items,39.0
1979-02,"Québec, Quebec",All-items,39.1
1979-02,"Montréal, Quebec",All-items,38.6
1979-02,Ontario,All-items,37.5
1979-02,"Ottawa-Gatineau, Ontario part, Ontario/Quebec",All-items,37.9
1979-02,"Toronto, Ontario",All-items,37.0
1979-02,"Thunder Bay, Ontario",All-items,39.1
1979-02,Manitoba,All-items,38.7
1979-02,"Winnipeg, Manitoba",All-items,38.5
1979-02,Saskatchewan,All-items,38.8
1979-02,"Regina, Saskatchewan",All-items,38.7
1979-02,"Saskatoon, Saskatchewan",All-items,38.8
1979-02,Alberta,All-items,38.7
1979-02,"Edmonton, Alberta",All-items,39.5
1979-02,"Calgary, Alberta",All-items,38.1
1979-02,British Columbia,All-items,40.4
1979-02,"Vancouver, British Columbia",All-items,39.8
1979-03,Canada,All-items,39.0
1979-03,Newfoundland and Labrador,All-items,40.7
1979-03,"St. John's, Newfoundland and Labrador",All-items,40.6
1979-03,Prince Edward Island,All-items,41.1
1979-03,"Charlottetown and Summerside, Prince Edward Island",All-items,41.3
1979-03,Nova Scotia,All-items,40.0
1979-03,"Halifax, Nova Scotia",All-items,39.8
1979-03,New Brunswick,All-items,40.1
1979-03,"Saint John, New Brunswick",All-items,39.9
1979-03,Quebec,All-items,39.5
1979-03,"Québec, Quebec",All-items,39.4
1979-03,"Montréal, Quebec",All-items,39.1
1979-03,Ontario,All-items,38.0
1979-03,"Ottawa-Gatineau, Ontario part, Ontario/Quebec",All-items,38.4
1979-03,"Toronto, Ontario",All-items,37.4
1979-03,"Thunder Bay, Ontario",All-items,39.5
1979-03,Manitoba,All-items,38.9
1979-03,"Winnipeg, Manitoba",All-items,38.8
1979-03,Saskatchewan,All-items,39.1
1979-03,"Regina, Saskatchewan",All-items,39.1
1979-03,"Saskatoon, Saskatchewan",All-items,39.2
1979-03,Alberta,All-items,39.1
1979-03,"Edmonton, Alberta",All-items,40.0
1979-03,"Calgary, Alberta",All-items,38.5
1979-03,British Columbia,All-items,40.7
1979-03,"Vancouver, British Columbia",All-items,40.1
1979-04,Canada,All-items,39.3
1979-04,Newfoundland and Labrador,All-items,41.1
1979-04,"St. John's, Newfoundland and Labrador",All-items,41.0
1979-04,Prince Edward Island,All-items,41.3
1979-04,"Charlottetown and Summerside, Prince Edward Island",All-items,41.5
1979-04,Nova Scotia,All-items,40.3
1979-04,"Halifax, Nova Scotia",All-items,40.1
1979-04,New Brunswick,All-items,40.5
1979-04,"Saint John, New Brunswick",All-items,40.3
1979-04,Quebec,All-items,39.9
1979-04,"Québec, Quebec",All-items,39.8
1979-04,"Montréal, Quebec",All-items,39.5
1979-04,Ontario,All-items,38.3
1979-04,"Ottawa-Gatineau, Ontario part, Ontario/Quebec",All-items,38.7
1979-04,"Toronto, Ontario",All-items,37.6
1979-04,"Thunder Bay, Ontario",All-items,39.8
1979-04,Manitoba,All-items,39.2
1979-04,"Winnipeg, Manitoba",All-items,39.2
1979-04,Saskatchewan,All-items,39.4
1979-04,"Regina, Saskatchewan",All-items,39.2
1979-04,"Saskatoon, Saskatchewan",All-items,39.4
1979-04,Alberta,All-items,39.4
1979-04,"Edmonton, Alberta",All-items,40.2
1979-04,"Calgary, Alberta",All-items,38.8
1979-04,British Columbia,All-items,40.8
1979-04,"Vancouver, British Columbia",All-items,40.3
1979-05,Canada,All-items,39.7
1979-05,Newfoundland and Labrador,All-items,41.6
1979-05,"St. John's, Newfoundland and Labrador",All-items,41.6
1979-05,Prince Edward Island,All-items,41.6
1979-05,"Charlottetown and Summerside, Prince Edward Island",All-items,41.8
1979-05,Nova Scotia,All-items,40.7
1979-05,"Halifax, Nova Scotia",All-items,40.6
1979-05,New Brunswick,All-items,40.8
1979-05,"Saint John, New Brunswick",All-items,40.8
1979-05,Quebec,All-items,40.2
1979-05,"Québec, Quebec",All-items,40.0
1979-05,"Montréal, Quebec",All-items,39.8
1979-05,Ontario,All-items,38.6
1979-05,"Ottawa-Gatineau, Ontario part, Ontario/Quebec",All-items,39.1
1979-05,"Toronto, Ontario",All-items,38.1
1979-05,"Thunder Bay, Ontario",All-items,40.2
1979-05,Manitoba,All-items,39.8
1979-05,"Winnipeg, Manitoba",All-items,39.7
1979-05,Saskatchewan,All-items,39.8
1979-05,"Regina, Saskatchewan",All-items,39.6
1979-05,"Saskatoon, Saskatchewan",All-items,39.8
1979-05,Alberta,All-items,39.7
1979-05,"Edmonton, Alberta",All-items,40.4
1979-05,"Calgary, Alberta",All-items,39.1
1979-05,British Columbia,All-items,41.2
1979-05,"Vancouver, British Columbia",All-items,40.7
1979-06,Canada,All-items,39.9
1979-06,Newfoundland and Labrador,All-items,41.8
1979-06,"St. John's, Newfoundland and Labrador",All-items,41.7
1979-06,Prince Edward Island,All-items,41.9
1979-06,"Charlottetown and Summerside, Prince Edward Island",All-items,42.1
1979-06,Nova Scotia,All-items,41.1
1979-06,"Halifax, Nova Scotia",All-items,40.8
1979-06,New Brunswick,All-items,41.0
1979-06,"Saint John, New Brunswick",All-items,40.9
1979-06,Quebec,All-items,40.2
1979-06,"Québec, Quebec",All-items,40.0
1979-06,"Montréal, Quebec",All-items,39.7
1979-06,Ontario,All-items,38.9
1979-06,"Ottawa-Gatineau, Ontario part, Ontario/Quebec",All-items,39.2
1979-06,"Toronto, Ontario",All-items,38.3
1979-06,"Thunder Bay, Ontario",All-items,40.6
1979-06,Manitoba,All-items,40.1
1979-06,"Winnipeg, Manitoba",All-items,40.0
1979-06,Saskatchewan,All-items,40.1
1979-06,"Regina, Saskatchewan",All-items,40.0
1979-06,"Saskatoon, Saskatchewan",All-items,40.2
1979-06,Alberta,All-items,39.9
1979-06,"Edmonton, Alberta",All-items,40.8
1979-06,"Calgary, Alberta",All-items,39.3
1979-06,British Columbia,All-items,41.5
1979-06,"Vancouver, British Columbia",All-items,41.0
1979-07,Canada,All-items,40.2
1979-07,Newfoundland and Labrador,All-items,42.3
1979-07,"St. John's, Newfoundland and Labrador",All-items,42.3
1979-07,Prince Edward Island,All-items,42.2
1979-07,"Charlottetown and Summerside, Prince Edward Island",All-items,42.4
1979-07,Nova Scotia,All-items,41.3
1979-07,"Halifax, Nova Scotia",All-items,41.2
1979-07,New Brunswick,All-items,41.3
1979-07,"Saint John, New Brunswick",All-items,41.3
1979-07,Quebec,All-items,40.6
1979-07,"Québec, Quebec",All-items,40.5
1979-07,"Montréal, Quebec",All-items,40.3
1979-07,Ontario,All-items,39.2
1979-07,"Ottawa-Gatineau, Ontario part, Ontario/Quebec",All-items,39.6
1979-07,"Toronto, Ontario",All-items,38.6
1979-07,"Thunder Bay, Ontario",All-items,40.8
1979-07,Manitoba,All-items,40.3
1979-07,"Winnipeg, Manitoba",All-items,40.2
1979-07,Saskatchewan,All-items,40.5
1979-07,"Regina, Saskatchewan",All-items,40.2
1979-07,"Saskatoon, Saskatchewan",All-items,40.7
1979-07,Alberta,All-items,40.3
1979-07,"Edmonton, Alberta",All-items,41.1
1979-07,"Calgary, Alberta",All-items,39.6
1979-07,British Columbia,All-items,41.7
1979-07,"Vancouver, British Columbia",All-items,41.2
1979-08,Canada,All-items,40.3
1979-08,Newfoundland and Labrador,All-items,42.5
1979-08,"St. John's, Newfoundland and Labrador",All-items,42.4
1979-08,Prince Edward Island,All-items,42.5
1979-08,"Charlottetown and Summerside, Prince Edward Island",All-items,42.7
1979-08,Nova Scotia,All-items,41.5
1979-08,"Halifax, Nova Scotia",All-items,41.2
1979-08,New Brunswick,All-items,41.5
1979-08,"Saint John, New Brunswick",All-items,41.5
1979-08,Quebec,All-items,40.9
1979-08,"Québec, Quebec",All-items,40.8
1979-08,"Montréal, Quebec",All-items,40.5
1979-08,Ontario,All-items,39.3
1979-08,"Ottawa-Gatineau, Ontario part, Ontario/Quebec",All-items,39.6
1979-08,"Toronto, Ontario",All-items,38.6
1979-08,"Thunder Bay, Ontario",All-items,41.1
1979-08,Manitoba,All-items,40.2
1979-08,"Winnipeg, Manitoba",All-items,40.2
1979-08,Saskatchewan,All-items,40.6
1979-08,"Regina, Saskatchewan",All-items,40.5
1979-08,"Saskatoon, Saskatchewan",All-items,40.7
1979-08,Alberta,All-items,40.4
1979-08,"Edmonton, Alberta",All-items,41.1
1979-08,"Calgary, Alberta",All-items,39.7
1979-08,British Columbia,All-items,41.8
1979-08,"Vancouver, British Columbia",All-items,41.3
1979-09,Canada,All-items,40.7
1979-09,Newfoundland and Labrador,All-items,42.8
1979-09,"St. John's, Newfoundland and Labrador",All-items,42.7
1979-09,Prince Edward Island,All-items,42.8
1979-09,"Charlottetown and Summerside, Prince Edward Island",All-items,43.0
1979-09,Nova Scotia,All-items,41.7
1979-09,"Halifax, Nova Scotia",All-items,41.5
1979-09,New Brunswick,All-items,41.9
1979-09,"Saint John, New Brunswick",All-items,41.8
1979-09,Quebec,All-items,41.3
1979-09,"Québec, Quebec",All-items,41.2
1979-09,"Montréal, Quebec",All-items,40.9
1979-09,Ontario,All-items,39.5
1979-09,"Ottawa-Gatineau, Ontario part, Ontario/Quebec",All-items,40.0
1979-09,"Toronto, Ontario",All-items,39.0
1979-09,"Thunder Bay, Ontario",All-items,41.3
1979-09,Manitoba,All-items,40.8
1979-09,"Winnipeg, Manitoba",All-items,40.6
1979-09,Saskatchewan,All-items,40.9
1979-09,"Regina, Saskatchewan",All-items,40.7
1979-09,"Saskatoon, Saskatchewan",All-items,41.0
1979-09,Alberta,All-items,40.7
1979-09,"Edmonton, Alberta",All-items,41.5
1979-09,"Calgary, Alberta",All-items,40.1
1979-09,British Columbia,All-items,42.3
1979-09,"Vancouver, British Columbia",All-items,41.7
1979-10,Canada,All-items,41.0
1979-10,Newfoundland and Labrador,All-items,42.9
1979-10,"St. John's, Newfoundland and Labrador",All-items,42.8
1979-10,Prince Edward Island,All-items,43.3
1979-10,"Charlottetown and Summerside, Prince Edward Island",All-items,43.4
1979-10,Nova Scotia,All-items,42.0
1979-10,"Halifax, Nova Scotia",All-items,41.7
1979-10,New Brunswick,All-items,42.1
1979-10,"Saint John, New Brunswick",All-items,42.1
1979-10,Quebec,All-items,41.6
1979-10,"Québec, Quebec",All-items,41.6
1979-10,"Montréal, Quebec",All-items,41.3
1979-10,Ontario,All-items,40.0
1979-10,"Ottawa-Gatineau, Ontario part, Ontario/Quebec",All-items,40.2
1979-10,"Toronto, Ontario",All-items,39.2
1979-10,"Thunder Bay, Ontario",All-items,41.7
1979-10,Manitoba,All-items,41.1
1979-10,"Winnipeg, Manitoba",All-items,41.0
1979-10,Saskatchewan,All-items,41.2
1979-10,"Regina, Saskatchewan",All-items,40.9
1979-10,"Saskatoon, Saskatchewan",All-items,41.3
1979-10,Alberta,All-items,41.0
1979-10,"Edmonton, Alberta",All-items,41.8
1979-10,"Calgary, Alberta",All-items,40.4
1979-10,British Columbia,All-items,42.3
1979-10,"Vancouver, British Columbia",All-items,41.7
1979-11,Canada,All-items,41.4
1979-11,Newfoundland and Labrador,All-items,43.7
1979-11,"St. John's, Newfoundland and Labrador",All-items,43.5
1979-11,Prince Edward Island,All-items,43.4
1979-11,"Charlottetown and Summerside, Prince Edward Island",All-items,43.6
1979-11,Nova Scotia,All-items,42.4
1979-11,"Halifax, Nova Scotia",All-items,42.3
1979-11,New Brunswick,All-items,42.3
1979-11,"Saint John, New Brunswick",All-items,42.4
1979-11,Quebec,All-items,42.0
1979-11,"Québec, Quebec",All-items,42.0
1979-11,"Montréal, Quebec",All-items,41.6
1979-11,Ontario,All-items,40.4
1979-11,"Ottawa-Gatineau, Ontario part, Ontario/Quebec",All-items,40.6
1979-11,"Toronto, Ontario",All-items,39.8
1979-11,"Thunder Bay, Ontario",All-items,42.1
1979-11,Manitoba,All-items,41.4
1979-11,"Winnipeg, Manitoba",All-items,41.4
1979-11,Saskatchewan,All-items,41.6
1979-11,"Regina, Saskatchewan",All-items,41.3
1979-11,"Saskatoon, Saskatchewan",All-items,41.8
1979-11,Alberta,All-items,41.3
1979-11,"Edmonton, Alberta",All-items,42.0
1979-11,"Calgary, Alberta",All-items,40.6
1979-11,British Columbia,All-items,42.6
1979-11,"Vancouver, British Columbia",All-items,42.0
1979-12,Canada,All-items,41.6
1979-12,Newfoundland and Labrador,All-items,43.9
1979-12,"St. John's, Newfoundland and Labrador",All-items,43.8
1979-12,Prince Edward Island,All-items,43.7
1979-12,"Charlottetown and Summerside, Prince Edward Island",All-items,43.9
1979-12,Nova Scotia,All-items,42.5
1979-12,"Halifax, Nova Scotia",All-items,42.3
1979-12,New Brunswick,All-items,42.6
1979-12,"Saint John, New Brunswick",All-items,42.6
1979-12,Quebec,All-items,42.2
1979-12,"Québec, Quebec",All-items,42.2
1979-12,"Montréal, Quebec",All-items,41.8
1979-12,Ontario,All-items,40.6
1979-12,"Ottawa-Gatineau, Ontario part, Ontario/Quebec",All-items,40.7
1979-12,"Toronto, Ontario",All-items,40.0
1979-12,"Thunder Bay, Ontario",All-items,42.3
1979-12,Manitoba,All-items,41.8
1979-12,"Winnipeg, Manitoba",All-items,41.7
1979-12,Saskatchewan,All-items,41.9
1979-12,"Regina, Saskatchewan",All-items,41.7
1979-12,"Saskatoon, Saskatchewan",All-items,42.1
1979-12,Alberta,All-items,41.6
1979-12,"Edmonton, Alberta",All-items,42.3
1979-12,"Calgary, Alberta",All-items,40.9
1979-12,British Columbia,All-items,42.8
1979-12,"Vancouver, British Columbia",All-items,42.2
1980-01,Canada,All-items,41.8
1980-01,Newfoundland and Labrador,All-items,43.9
1980-01,"St. John's, Newfoundland and Labrador",All-items,43.8
1980-01,Prince Edward Island,All-items,43.8
1980-01,"Charlottetown and Summerside, Prince Edward Island",All-items,44.0
1980-01,Nova Scotia,All-items,42.8
1980-01,"Halifax, Nova Scotia",All-items,42.7
1980-01,New Brunswick,All-items,42.8
1980-01,"Saint John, New Brunswick",All-items,42.8
1980-01,Quebec,All-items,42.4
1980-01,"Québec, Quebec",All-items,42.5
1980-01,"Montréal, Quebec",All-items,42.0
1980-01,Ontario,All-items,40.9
1980-01,"Ottawa-Gatineau, Ontario part, Ontario/Quebec",All-items,41.0
1980-01,"Toronto, Ontario",All-items,40.1
1980-01,"Thunder Bay, Ontario",All-items,42.4
1980-01,Manitoba,All-items,41.9
1980-01,"Winnipeg, Manitoba",All-items,41.8
1980-01,Saskatchewan,All-items,42.0
1980-01,"Regina, Saskatchewan",All-items,41.8
1980-01,"Saskatoon, Saskatchewan",All-items,42.2
1980-01,Alberta,All-items,41.8
1980-01,"Edmonton, Alberta",All-items,42.4
1980-01,"Calgary, Alberta",All-items,41.3
1980-01,British Columbia,All-items,43.0
1980-01,"Vancouver, British Columbia",All-items,42.4
1980-02,Canada,All-items,42.3
1980-02,Newfoundland and Labrador,All-items,44.3
1980-02,"St. John's, Newfoundland and Labrador",All-items,44.2
1980-02,Prince Edward Island,All-items,44.2
1980-02,"Charlottetown and Summerside, Prince Edward Island",All-items,44.4
1980-02,Nova Scotia,All-items,43.3
1980-02,"Halifax, Nova Scotia",All-items,43.1
1980-02,New Brunswick,All-items,43.3
1980-02,"Saint John, New Brunswick",All-items,43.2
1980-02,Quebec,All-items,42.8
1980-02,"Québec, Quebec",All-items,43.0
1980-02,"Montréal, Quebec",All-items,42.4
1980-02,Ontario,All-items,41.3
1980-02,"Ottawa-Gatineau, Ontario part, Ontario/Quebec",All-items,41.4
1980-02,"Toronto, Ontario",All-items,40.6
1980-02,"Thunder Bay, Ontario",All-items,42.7
1980-02,Manitoba,All-items,42.2
1980-02,"Winnipeg, Manitoba",All-items,42.1
1980-02,Saskatchewan,All-items,42.4
1980-02,"Regina, Saskatchewan",All-items,42.1
1980-02,"Saskatoon, Saskatchewan",All-items,42.5
1980-02,Alberta,All-items,42.0
1980-02,"Edmonton, Alberta",All-items,42.8
1980-02,"Calgary, Alberta",All-items,41.5
1980-02,British Columbia,All-items,43.4
1980-02,"Vancouver, British Columbia",All-items,42.8
1980-03,Canada,All-items,42.6
1980-03,Newfoundland and Labrador,All-items,45.0
1980-03,"St. John's, Newfoundland and Labrador",All-items,44.9
1980-03,Prince Edward Island,All-items,45.0
1980-03,"Charlottetown and Summerside, Prince Edward Island",All-items,45.2
1980-03,Nova Scotia,All-items,43.9
1980-03,"Halifax, Nova Scotia",All-items,43.8
1980-03,New Brunswick,All-items,43.8
1980-03,"Saint John, New Brunswick",All-items,43.7
1980-03,Quebec,All-items,43.3
1980-03,"Québec, Quebec",All-items,43.4
1980-03,"Montréal, Quebec",All-items,42.9
1980-03,Ontario,All-items,41.7
1980-03,"Ottawa-Gatineau, Ontario part, Ontario/Quebec",All-items,41.9
1980-03,"Toronto, Ontario",All-items,41.0
1980-03,"Thunder Bay, Ontario",All-items,43.0
1980-03,Manitoba,All-items,42.6
1980-03,"Winnipeg, Manitoba",All-items,42.6
1980-03,Saskatchewan,All-items,42.8
1980-03,"Regina, Saskatchewan",All-items,42.6
1980-03,"Saskatoon, Saskatchewan",All-items,43.1
1980-03,Alberta,All-items,42.4
1980-03,"Edmonton, Alberta",All-items,43.3
1980-03,"Calgary, Alberta",All-items,41.8
1980-03,British Columbia,All-items,43.9
1980-03,"Vancouver, British Columbia",All-items,43.2
1980-04,Canada,All-items,42.9
1980-04,Newfoundland and Labrador,All-items,45.5
1980-04,"St. John's, Newfoundland and Labrador",All-items,45.5
1980-04,Prince Edward Island,All-items,45.3
1980-04,"Charlottetown and Summerside, Prince Edward Island",All-items,45.5
1980-04,Nova Scotia,All-items,44.3
1980-04,"Halifax, Nova Scotia",All-items,44.1
1980-04,New Brunswick,All-items,44.0
1980-04,"Saint John, New Brunswick",All-items,44.0
1980-04,Quebec,All-items,43.5
1980-04,"Québec, Quebec",All-items,43.6
1980-04,"Montréal, Quebec",All-items,43.0
1980-04,Ontario,All-items,42.0
1980-04,"Ottawa-Gatineau, Ontario part, Ontario/Quebec",All-items,42.1
1980-04,"Toronto, Ontario",All-items,41.2
1980-04,"Thunder Bay, Ontario",All-items,43.4
1980-04,Manitoba,All-items,42.9
1980-04,"Winnipeg, Manitoba",All-items,42.9
1980-04,Saskatchewan,All-items,43.0
1980-04,"Regina, Saskatchewan",All-items,42.8
1980-04,"Saskatoon, Saskatchewan",All-items,43.4
1980-04,Alberta,All-items,42.8
1980-04,"Edmonton, Alberta",All-items,43.7
1980-04,"Calgary, Alberta",All-items,42.2
1980-04,British Columbia,All-items,44.1
1980-04,"Vancouver, British Columbia",All-items,43.6
1980-05,Canada,All-items,43.4
1980-05,Newfoundland and Labrador,All-items,46.1
1980-05,"St. John's, Newfoundland and Labrador",All-items,45.8
1980-05,Prince Edward Island,All-items,45.9
1980-05,"Charlottetown and Summerside, Prince Edward Island",All-items,46.1
1980-05,Nova Scotia,All-items,44.7
1980-05,"Halifax, Nova Scotia",All-items,44.5
1980-05,New Brunswick,All-items,44.7
1980-05,"Saint John, New Brunswick",All-items,44.5
1980-05,Quebec,All-items,43.9
1980-05,"Québec, Quebec",All-items,44.2
1980-05,"Montréal, Quebec",All-items,43.5
1980-05,Ontario,All-items,42.4
1980-05,"Ottawa-Gatineau, Ontario part, Ontario/Quebec",All-items,42.5
1980-05,"Toronto, Ontario",All-items,41.7
1980-05,"Thunder Bay, Ontario",All-items,43.9
1980-05,Manitoba,All-items,43.5
1980-05,"Winnipeg, Manitoba",All-items,43.3
1980-05,Saskatchewan,All-items,43.6
1980-05,"Regina, Saskatchewan",All-items,43.3
1980-05,"Saskatoon, Saskatchewan",All-items,44.0
1980-05,Alberta,All-items,43.3
1980-05,"Edmonton, Alberta",All-items,44.2
1980-05,"Calgary, Alberta",All-items,42.7
1980-05,British Columbia,All-items,44.7
1980-05,"Vancouver, British Columbia",All-items,44.1
1980-06,Canada,All-items,43.9
1980-06,Newfoundland and Labrador,All-items,46.7
1980-06,"St. John's, Newfoundland and Labrador",All-items,46.5
1980-06,Prince Edward Island,All-items,46.3
1980-06,"Charlottetown and Summerside, Prince Edward Island",All-items,46.5
1980-06,Nova Scotia,All-items,45.2
1980-06,"Halifax, Nova Scotia",All-items,45.0
1980-06,New Brunswick,All-items,45.2
1980-06,"Saint John, New Brunswick",All-items,45.1
1980-06,Quebec,All-items,44.5
1980-06,"Québec, Quebec",All-items,44.5
1980-06,"Montréal, Quebec",All-items,44.0
1980-06,Ontario,All-items,42.9
1980-06,"Ottawa-Gatineau, Ontario part, Ontario/Quebec",All-items,43.2
1980-06,"Toronto, Ontario",All-items,42.1
1980-06,"Thunder Bay, Ontario",All-items,44.4
1980-06,Manitoba,All-items,44.0
1980-06,"Winnipeg, Manitoba",All-items,43.9
1980-06,Saskatchewan,All-items,44.1
1980-06,"Regina, Saskatchewan",All-items,43.8
1980-06,"Saskatoon, Saskatchewan",All-items,44.4
1980-06,Alberta,All-items,43.8
1980-06,"Edmonton, Alberta",All-items,44.6
1980-06,"Calgary, Alberta",All-items,43.1
1980-06,British Columbia,All-items,45.2
1980-06,"Vancouver, British Columbia",All-items,44.7
1980-07,Canada,All-items,44.2
1980-07,Newfoundland and Labrador,All-items,47.1
1980-07,"St. John's, Newfoundland and Labrador",All-items,46.9
1980-07,Prince Edward Island,All-items,46.7
1980-07,"Charlottetown and Summerside, Prince Edward Island",All-items,46.9
1980-07,Nova Scotia,All-items,45.6
1980-07,"Halifax, Nova Scotia",All-items,45.4
1980-07,New Brunswick,All-items,45.4
1980-07,"Saint John, New Brunswick",All-items,45.3
1980-07,Quebec,All-items,44.8
1980-07,"Québec, Quebec",All-items,44.8
1980-07,"Montréal, Quebec",All-items,44.5
1980-07,Ontario,All-items,43.1
1980-07,"Ottawa-Gatineau, Ontario part, Ontario/Quebec",All-items,43.3
1980-07,"Toronto, Ontario",All-items,42.4
1980-07,"Thunder Bay, Ontario",All-items,44.9
1980-07,Manitoba,All-items,44.4
1980-07,"Winnipeg, Manitoba",All-items,44.2
1980-07,Saskatchewan,All-items,44.5
1980-07,"Regina, Saskatchewan",All-items,44.3
1980-07,"Saskatoon, Saskatchewan",All-items,44.8
1980-07,Alberta,All-items,44.2
1980-07,"Edmonton, Alberta",All-items,45.0
1980-07,"Calgary, Alberta",All-items,43.6
1980-07,British Columbia,All-items,45.6
1980-07,"Vancouver, British Columbia",All-items,45.1
1980-08,Canada,All-items,44.7
1980-08,Newfoundland and Labrador,All-items,47.8
1980-08,"St. John's, Newfoundland and Labrador",All-items,47.7
1980-08,Prince Edward Island,All-items,47.2
1980-08,"Charlottetown and Summerside, Prince Edward Island",All-items,47.5
1980-08,Nova Scotia,All-items,46.0
1980-08,"Halifax, Nova Scotia",All-items,45.8
1980-08,New Brunswick,All-items,46.0
1980-08,"Saint John, New Brunswick",All-items,46.0
1980-08,Quebec,All-items,45.4
1980-08,"Québec, Quebec",All-items,45.5
1980-08,"Montréal, Quebec",All-items,44.9
1980-08,Ontario,All-items,43.5
1980-08,"Ottawa-Gatineau, Ontario part, Ontario/Quebec",All-items,43.6
1980-08,"Toronto, Ontario",All-items,42.8
1980-08,"Thunder Bay, Ontario",All-items,45.2
1980-08,Manitoba,All-items,44.7
1980-08,"Winnipeg, Manitoba",All-items,44.5
1980-08,Saskatchewan,All-items,45.0
1980-08,"Regina, Saskatchewan",All-items,44.7
1980-08,"Saskatoon, Saskatchewan",All-items,45.1
1980-08,Alberta,All-items,44.5
1980-08,"Edmonton, Alberta",All-items,45.3
1980-08,"Calgary, Alberta",All-items,44.0
1980-08,British Columbia,All-items,46.0
1980-08,"Vancouver, British Columbia",All-items,45.4
1980-09,Canada,All-items,45.0
1980-09,Newfoundland and Labrador,All-items,48.1
1980-09,"St. John's, Newfoundland and Labrador",All-items,48.0
1980-09,Prince Edward Island,All-items,47.5
1980-09,"Charlottetown and Summerside, Prince Edward Island",All-items,47.7
1980-09,Nova Scotia,All-items,46.3
1980-09,"Halifax, Nova Scotia",All-items,46.1
1980-09,New Brunswick,All-items,46.4
1980-09,"Saint John, New Brunswick",All-items,46.4
1980-09,Quebec,All-items,45.7
1980-09,"Québec, Quebec",All-items,45.7
1980-09,"Montréal, Quebec",All-items,45.3
1980-09,Ontario,All-items,44.0
1980-09,"Ottawa-Gatineau, Ontario part, Ontario/Quebec",All-items,44.1
1980-09,"Toronto, Ontario",All-items,43.1
1980-09,"Thunder Bay, Ontario",All-items,45.5
1980-09,Manitoba,All-items,44.9
1980-09,"Winnipeg, Manitoba",All-items,44.8
1980-09,Saskatchewan,All-items,45.4
1980-09,"Regina, Saskatchewan",All-items,45.2
1980-09,"Saskatoon, Saskatchewan",All-items,45.6
1980-09,Alberta,All-items,45.0
1980-09,"Edmonton, Alberta",All-items,45.9
1980-09,"Calgary, Alberta",All-items,44.4
1980-09,British Columbia,All-items,46.3
1980-09,"Vancouver, British Columbia",All-items,45.7
1980-10,Canada,All-items,45.4
1980-10,Newfoundland and Labrador,All-items,48.7
1980-10,"St. John's, Newfoundland and Labrador",All-items,48.6
1980-10,Prince Edward Island,All-items,48.0
1980-10,"Charlottetown and Summerside, Prince Edward Island",All-items,48.2
1980-10,Nova Scotia,All-items,47.0
1980-10,"Halifax, Nova Scotia",All-items,46.7
1980-10,New Brunswick,All-items,47.0
1980-10,"Saint John, New Brunswick",All-items,47.0
1980-10,Quebec,All-items,46.1
1980-10,"Québec, Quebec",All-items,46.1
1980-10,"Montréal, Quebec",All-items,45.7
1980-10,Ontario,All-items,44.3
1980-10,"Ottawa-Gatineau, Ontario part, Ontario/Quebec",All-items,44.4
1980-10,"Toronto, Ontario",All-items,43.5
1980-10,"Thunder Bay, Ontario",All-items,45.9
1980-10,Manitoba,All-items,45.3
1980-10,"Winnipeg, Manitoba",All-items,45.2
1980-10,Saskatchewan,All-items,45.8
1980-10,"Regina, Saskatchewan",All-items,45.5
1980-10,"Saskatoon, Saskatchewan",All-items,46.1
1980-10,Alberta,All-items,45.7
1980-10,"Edmonton, Alberta",All-items,46.4
1980-10,"Calgary, Alberta",All-items,45.1
1980-10,British Columbia,All-items,46.8
1980-10,"Vancouver, British Columbia",All-items,46.2
1980-11,Canada,All-items,46.0
1980-11,Newfoundland and Labrador,All-items,49.3
1980-11,"St. John's, Newfoundland and Labrador",All-items,49.3
1980-11,Prince Edward Island,All-items,48.5
1980-11,"Charlottetown and Summerside, Prince Edward Island",All-items,48.7
1980-11,Nova Scotia,All-items,47.7
1980-11,"Halifax, Nova Scotia",All-items,47.5
1980-11,New Brunswick,All-items,47.5
1980-11,"Saint John, New Brunswick",All-items,47.5
1980-11,Quebec,All-items,46.9
1980-11,"Québec, Quebec",All-items,46.7
1980-11,"Montréal, Quebec",All-items,46.4
1980-11,Ontario,All-items,44.6
1980-11,"Ottawa-Gatineau, Ontario part, Ontario/Quebec",All-items,45.0
1980-11,"Toronto, Ontario",All-items,43.9
1980-11,"Thunder Bay, Ontario",All-items,46.5
1980-11,Manitoba,All-items,45.9
1980-11,"Winnipeg, Manitoba",All-items,45.8
1980-11,Saskatchewan,All-items,46.5
1980-11,"Regina, Saskatchewan",All-items,46.2
1980-11,"Saskatoon, Saskatchewan",All-items,46.6
1980-11,Alberta,All-items,46.5
1980-11,"Edmonton, Alberta",All-items,47.3
1980-11,"Calgary, Alberta",All-items,45.8
1980-11,British Columbia,All-items,47.5
1980-11,"Vancouver, British Columbia",All-items,46.9
1980-12,Canada,All-items,46.2
1980-12,Newfoundland and Labrador,All-items,49.8
1980-12,"St. John's, Newfoundland and Labrador",All-items,49.7
1980-12,Prince Edward Island,All-items,48.9
1980-12,"Charlottetown and Summerside, Prince Edward Island",All-items,49.2
1980-12,Nova Scotia,All-items,47.8
1980-12,"Halifax, Nova Scotia",All-items,47.6
1980-12,New Brunswick,All-items,47.7
1980-12,"Saint John, New Brunswick",All-items,47.5
1980-12,Quebec,All-items,46.9
1980-12,"Québec, Quebec",All-items,47.1
1980-12,"Montréal, Quebec",All-items,46.5
1980-12,Ontario,All-items,45.0
1980-12,"Ottawa-Gatineau, Ontario part, Ontario/Quebec",All-items,45.1
1980-12,"Toronto, Ontario",All-items,44.3
1980-12,"Thunder Bay, Ontario",All-items,46.7
1980-12,Manitoba,All-items,46.2
1980-12,"Winnipeg, Manitoba",All-items,46.1
1980-12,Saskatchewan,All-items,46.7
1980-12,"Regina, Saskatchewan",All-items,46.5
1980-12,"Saskatoon, Saskatchewan",All-items,46.9
1980-12,Alberta,All-items,46.7
1980-12,"Edmonton, Alberta",All-items,47.5
1980-12,"Calgary, Alberta",All-items,46.1
1980-12,British Columbia,All-items,47.8
1980-12,"Vancouver, British Columbia",All-items,47.2
1981-01,Canada,All-items,46.9
1981-01,Newfoundland and Labrador,All-items,50.1
1981-01,"St. John's, Newfoundland and Labrador",All-items,50.0
1981-01,Prince Edward Island,All-items,49.6
1981-01,"Charlottetown and Summerside, Prince Edward Island",All-items,49.9
1981-01,Nova Scotia,All-items,48.3
1981-01,"Halifax, Nova Scotia",All-items,48.0
1981-01,New Brunswick,All-items,48.1
1981-01,"Saint John, New Brunswick",All-items,48.1
1981-01,Quebec,All-items,47.5
1981-01,"Québec, Quebec",All-items,47.4
1981-01,"Montréal, Quebec",All-items,47.1
1981-01,Ontario,All-items,45.6
1981-01,"Ottawa-Gatineau, Ontario part, Ontario/Quebec",All-items,45.6
1981-01,"Toronto, Ontario",All-items,44.9
1981-01,"Thunder Bay, Ontario",All-items,47.1
1981-01,Manitoba,All-items,46.6
1981-01,"Winnipeg, Manitoba",All-items,46.5
1981-01,Saskatchewan,All-items,47.1
1981-01,"Regina, Saskatchewan",All-items,46.9
1981-01,"Saskatoon, Saskatchewan",All-items,47.2
1981-01,Alberta,All-items,47.2
1981-01,"Edmonton, Alberta",All-items,48.1
1981-01,"Calgary, Alberta",All-items,46.6
1981-01,British Columbia,All-items,48.7
1981-01,"Vancouver, British Columbia",All-items,48.0
1981-02,Canada,All-items,47.4
1981-02,Newfoundland and Labrador,All-items,50.7
1981-02,"St. John's, Newfoundland and Labrador",All-items,50.5
1981-02,Prince Edward Island,All-items,50.0
1981-02,"Charlottetown and Summerside, Prince Edward Island",All-items,50.2
1981-02,Nova Scotia,All-items,48.7
1981-02,"Halifax, Nova Scotia",All-items,48.5
1981-02,New Brunswick,All-items,48.6
1981-02,"Saint John, New Brunswick",All-items,48.5
1981-02,Quebec,All-items,48.1
1981-02,"Québec, Quebec",All-items,48.0
1981-02,"Montréal, Quebec",All-items,47.6
1981-02,Ontario,All-items,46.0
1981-02,"Ottawa-Gatineau, Ontario part, Ontario/Quebec",All-items,46.2
1981-02,"Toronto, Ontario",All-items,45.4
1981-02,"Thunder Bay, Ontario",All-items,47.7
1981-02,Manitoba,All-items,46.7
1981-02,"Winnipeg, Manitoba",All-items,46.6
1981-02,Saskatchewan,All-items,47.5
1981-02,"Regina, Saskatchewan",All-items,47.2
1981-02,"Saskatoon, Saskatchewan",All-items,47.7
1981-02,Alberta,All-items,47.7
1981-02,"Edmonton, Alberta",All-items,48.4
1981-02,"Calgary, Alberta",All-items,47.1
1981-02,British Columbia,All-items,49.1
1981-02,"Vancouver, British Columbia",All-items,48.5
1981-03,Canada,All-items,48.0
1981-03,Newfoundland and Labrador,All-items,51.3
1981-03,"St. John's, Newfoundland and Labrador",All-items,51.2
1981-03,Prince Edward Island,All-items,51.2
1981-03,"Charlottetown and Summerside, Prince Edward Island",All-items,51.5
1981-03,Nova Scotia,All-items,49.3
1981-03,"Halifax, Nova Scotia",All-items,49.1
1981-03,New Brunswick,All-items,49.3
1981-03,"Saint John, New Brunswick",All-items,49.3
1981-03,Quebec,All-items,48.6
1981-03,"Québec, Quebec",All-items,48.6
1981-03,"Montréal, Quebec",All-items,48.2
1981-03,Ontario,All-items,46.6
1981-03,"Ottawa-Gatineau, Ontario part, Ontario/Quebec",All-items,46.8
1981-03,"Toronto, Ontario",All-items,45.9
1981-03,"Thunder Bay, Ontario",All-items,48.1
1981-03,Manitoba,All-items,47.5
1981-03,"Winnipeg, Manitoba",All-items,47.4
1981-03,Saskatchewan,All-items,48.0
1981-03,"Regina, Saskatchewan",All-items,47.8
1981-03,"Saskatoon, Saskatchewan",All-items,48.1
1981-03,Alberta,All-items,48.1
1981-03,"Edmonton, Alberta",All-items,48.8
1981-03,"Calgary, Alberta",All-items,47.5
1981-03,British Columbia,All-items,50.1
1981-03,"Vancouver, British Columbia",All-items,49.6
1981-04,Canada,All-items,48.3
1981-04,Newfoundland and Labrador,All-items,51.9
1981-04,"St. John's, Newfoundland and Labrador",All-items,51.8
1981-04,Prince Edward Island,All-items,51.6
1981-04,"Charlottetown and Summerside, Prince Edward Island",All-items,51.8
1981-04,Nova Scotia,All-items,49.6
1981-04,"Halifax, Nova Scotia",All-items,49.4
1981-04,New Brunswick,All-items,49.7
1981-04,"Saint John, New Brunswick",All-items,49.7
1981-04,Quebec,All-items,49.1
1981-04,"Québec, Quebec",All-items,49.0
1981-04,"Montréal, Quebec",All-items,48.7
1981-04,Ontario,All-items,47.0
1981-04,"Ottawa-Gatineau, Ontario part, Ontario/Quebec",All-items,46.9
1981-04,"Toronto, Ontario",All-items,46.4
1981-04,"Thunder Bay, Ontario",All-items,48.4
1981-04,Manitoba,All-items,47.6
1981-04,"Winnipeg, Manitoba",All-items,47.5
1981-04,Saskatchewan,All-items,48.1
1981-04,"Regina, Saskatchewan",All-items,47.8
1981-04,"Saskatoon, Saskatchewan",All-items,48.3
1981-04,Alberta,All-items,48.3
1981-04,"Edmonton, Alberta",All-items,49.1
1981-04,"Calgary, Alberta",All-items,47.9
1981-04,British Columbia,All-items,50.6
1981-04,"Vancouver, British Columbia",All-items,49.9
1981-05,Canada,All-items,48.7
1981-05,Newfoundland and Labrador,All-items,52.4
1981-05,"St. John's, Newfoundland and Labrador",All-items,52.2
1981-05,Prince Edward Island,All-items,52.2
1981-05,"Charlottetown and Summerside, Prince Edward Island",All-items,52.4
1981-05,Nova Scotia,All-items,50.1
1981-05,"Halifax, Nova Scotia",All-items,49.9
1981-05,New Brunswick,All-items,50.2
1981-05,"Saint John, New Brunswick",All-items,50.2
1981-05,Quebec,All-items,49.4
1981-05,"Québec, Quebec",All-items,49.4
1981-05,"Montréal, Quebec",All-items,49.0
1981-05,Ontario,All-items,47.4
1981-05,"Ottawa-Gatineau, Ontario part, Ontario/Quebec",All-items,47.4
1981-05,"Toronto, Ontario",All-items,46.8
1981-05,"Thunder Bay, Ontario",All-items,48.9
1981-05,Manitoba,All-items,48.2
1981-05,"Winnipeg, Manitoba",All-items,48.1
1981-05,Saskatchewan,All-items,48.8
1981-05,"Regina, Saskatchewan",All-items,48.6
1981-05,"Saskatoon, Saskatchewan",All-items,49.1
1981-05,Alberta,All-items,49.0
1981-05,"Edmonton, Alberta",All-items,49.8
1981-05,"Calgary, Alberta",All-items,48.4
1981-05,British Columbia,All-items,51.0
1981-05,"Vancouver, British Columbia",All-items,50.3
1981-06,Canada,All-items,49.5
1981-06,Newfoundland and Labrador,All-items,53.1
1981-06,"St. John's, Newfoundland and Labrador",All-items,53.1
1981-06,Prince Edward Island,All-items,52.9
1981-06,"Charlottetown and Summerside, Prince Edward Island",All-items,53.2
1981-06,Nova Scotia,All-items,50.8
1981-06,"Halifax, Nova Scotia",All-items,50.7
1981-06,New Brunswick,All-items,51.0
1981-06,"Saint John, New Brunswick",All-items,51.4
1981-06,Quebec,All-items,50.1
1981-06,"Québec, Quebec",All-items,50.1
1981-06,"Montréal, Quebec",All-items,49.7
1981-06,Ontario,All-items,48.2
1981-06,"Ottawa-Gatineau, Ontario part, Ontario/Quebec",All-items,48.0
1981-06,"Toronto, Ontario",All-items,47.6
1981-06,"Thunder Bay, Ontario",All-items,49.7
1981-06,Manitoba,All-items,49.2
1981-06,"Winnipeg, Manitoba",All-items,49.2
1981-06,Saskatchewan,All-items,49.6
1981-06,"Regina, Saskatchewan",All-items,49.3
1981-06,"Saskatoon, Saskatchewan",All-items,49.7
1981-06,Alberta,All-items,49.7
1981-06,"Edmonton, Alberta",All-items,50.5
1981-06,"Calgary, Alberta",All-items,49.0
1981-06,British Columbia,All-items,51.7
1981-06,"Vancouver, British Columbia",All-items,51.0
1981-07,Canada,All-items,49.9
1981-07,Newfoundland and Labrador,All-items,53.6
1981-07,"St. John's, Newfoundland and Labrador",All-items,53.4
1981-07,Prince Edward Island,All-items,53.4
1981-07,"Charlottetown and Summerside, Prince Edward Island",All-items,53.6
1981-07,Nova Scotia,All-items,51.2
1981-07,"Halifax, Nova Scotia",All-items,50.9
1981-07,New Brunswick,All-items,51.4
1981-07,"Saint John, New Brunswick",All-items,51.8
1981-07,Quebec,All-items,50.6
1981-07,"Québec, Quebec",All-items,50.3
1981-07,"Montréal, Quebec",All-items,50.0
1981-07,Ontario,All-items,48.6
1981-07,"Ottawa-Gatineau, Ontario part, Ontario/Quebec",All-items,48.8
1981-07,"Toronto, Ontario",All-items,48.0
1981-07,"Thunder Bay, Ontario",All-items,50.1
1981-07,Manitoba,All-items,49.6
1981-07,"Winnipeg, Manitoba",All-items,49.4
1981-07,Saskatchewan,All-items,49.9
1981-07,"Regina, Saskatchewan",All-items,49.5
1981-07,"Saskatoon, Saskatchewan",All-items,50.2
1981-07,Alberta,All-items,50.2
1981-07,"Edmonton, Alberta",All-items,51.0
1981-07,"Calgary, Alberta",All-items,49.7
1981-07,British Columbia,All-items,52.2
1981-07,"Vancouver, British Columbia",All-items,51.4
1981-08,Canada,All-items,50.3
1981-08,Newfoundland and Labrador,All-items,53.9
1981-08,"St. John's, Newfoundland and Labrador",All-items,53.8
1981-08,Prince Edward Island,All-items,53.5
1981-08,"Charlottetown and Summerside, Prince Edward Island",All-items,53.8
1981-08,Nova Scotia,All-items,51.5
1981-08,"Halifax, Nova Scotia",All-items,51.2
1981-08,New Brunswick,All-items,51.8
1981-08,"Saint John, New Brunswick",All-items,52.0
1981-08,Quebec,All-items,50.9
1981-08,"Québec, Quebec",All-items,50.9
1981-08,"Montréal, Quebec",All-items,50.5
1981-08,Ontario,All-items,49.0
1981-08,"Ottawa-Gatineau, Ontario part, Ontario/Quebec",All-items,49.0
1981-08,"Toronto, Ontario",All-items,48.3
1981-08,"Thunder Bay, Ontario",All-items,50.7
1981-08,Manitoba,All-items,49.8
1981-08,"Winnipeg, Manitoba",All-items,49.6
1981-08,Saskatchewan,All-items,50.4
1981-08,"Regina, Saskatchewan",All-items,50.0
1981-08,"Saskatoon, Saskatchewan",All-items,50.7
1981-08,Alberta,All-items,50.7
1981-08,"Edmonton, Alberta",All-items,51.4
1981-08,"Calgary, Alberta",All-items,50.2
1981-08,British Columbia,All-items,52.7
1981-08,"Vancouver, British Columbia",All-items,52.1
1981-09,Canada,All-items,50.7
1981-09,Newfoundland and Labrador,All-items,54.6
1981-09,"St. John's, Newfoundland and Labrador",All-items,54.4
1981-09,Prince Edward Island,All-items,54.0
1981-09,"Charlottetown and Summerside, Prince Edward Island",All-items,54.3
1981-09,Nova Scotia,All-items,51.8
1981-09,"Halifax, Nova Scotia",All-items,51.7
1981-09,New Brunswick,All-items,52.0
1981-09,"Saint John, New Brunswick",All-items,52.2
1981-09,Quebec,All-items,51.4
1981-09,"Québec, Quebec",All-items,51.4
1981-09,"Montréal, Quebec",All-items,50.9
1981-09,Ontario,All-items,49.2
1981-09,"Ottawa-Gatineau, Ontario part, Ontario/Quebec",All-items,49.3
1981-09,"Toronto, Ontario",All-items,48.6
1981-09,"Thunder Bay, Ontario",All-items,51.1
1981-09,Manitoba,All-items,50.3
1981-09,"Winnipeg, Manitoba",All-items,50.2
1981-09,Saskatchewan,All-items,50.6
1981-09,"Regina, Saskatchewan",All-items,50.3
1981-09,"Saskatoon, Saskatchewan",All-items,50.8
1981-09,Alberta,All-items,50.9
1981-09,"Edmonton, Alberta",All-items,51.6
1981-09,"Calgary, Alberta",All-items,50.5
1981-09,British Columbia,All-items,53.2
1981-09,"Vancouver, British Columbia",All-items,52.5
1981-10,Canada,All-items,51.2
1981-10,Newfoundland and Labrador,All-items,54.9
1981-10,"St. John's, Newfoundland and Labrador",All-items,54.7
1981-10,Prince Edward Island,All-items,54.5
1981-10,"Charlottetown and Summerside, Prince Edward Island",All-items,54.7
1981-10,Nova Scotia,All-items,52.3
1981-10,"Halifax, Nova Scotia",All-items,52.1
1981-10,New Brunswick,All-items,52.4
1981-10,"Saint John, New Brunswick",All-items,52.6
1981-10,Quebec,All-items,51.7
1981-10,"Québec, Quebec",All-items,51.7
1981-10,"Montréal, Quebec",All-items,51.2
1981-10,Ontario,All-items,49.9
1981-10,"Ottawa-Gatineau, Ontario part, Ontario/Quebec",All-items,50.0
1981-10,"Toronto, Ontario",All-items,49.3
1981-10,"Thunder Bay, Ontario",All-items,51.7
1981-10,Manitoba,All-items,50.5
1981-10,"Winnipeg, Manitoba",All-items,50.5
1981-10,Saskatchewan,All-items,51.0
1981-10,"Regina, Saskatchewan",All-items,50.6
1981-10,"Saskatoon, Saskatchewan",All-items,51.1
1981-10,Alberta,All-items,51.4
1981-10,"Edmonton, Alberta",All-items,52.1
1981-10,"Calgary, Alberta",All-items,51.0
1981-10,British Columbia,All-items,53.8
1981-10,"Vancouver, British Columbia",All-items,53.2
1981-11,Canada,All-items,51.6
1981-11,Newfoundland and Labrador,All-items,55.4
1981-11,"St. John's, Newfoundland and Labrador",All-items,55.2
1981-11,Prince Edward Island,All-items,54.9
1981-11,"Charlottetown and Summerside, Prince Edward Island",All-items,55.1
1981-11,Nova Scotia,All-items,52.9
1981-11,"Halifax, Nova Scotia",All-items,52.8
1981-11,New Brunswick,All-items,53.0
1981-11,"Saint John, New Brunswick",All-items,53.2
1981-11,Quebec,All-items,52.3
1981-11,"Québec, Quebec",All-items,52.3
1981-11,"Montréal, Quebec",All-items,51.8
1981-11,Ontario,All-items,50.2
1981-11,"Ottawa-Gatineau, Ontario part, Ontario/Quebec",All-items,50.4
1981-11,"Toronto, Ontario",All-items,49.5
1981-11,"Thunder Bay, Ontario",All-items,52.1
1981-11,Manitoba,All-items,50.9
1981-11,"Winnipeg, Manitoba",All-items,50.8
1981-11,Saskatchewan,All-items,51.6
1981-11,"Regina, Saskatchewan",All-items,51.2
1981-11,"Saskatoon, Saskatchewan",All-items,51.7
1981-11,Alberta,All-items,52.0
1981-11,"Edmonton, Alberta",All-items,52.8
1981-11,"Calgary, Alberta",All-items,51.5
1981-11,British Columbia,All-items,54.3
1981-11,"Vancouver, British Columbia",All-items,53.7
1981-12,Canada,All-items,51.8
1981-12,Newfoundland and Labrador,All-items,55.6
1981-12,"St. John's, Newfoundland and Labrador",All-items,55.5
1981-12,Prince Edward Island,All-items,55.1
1981-12,"Charlottetown and Summerside, Prince Edward Island",All-items,55.4
1981-12,Nova Scotia,All-items,52.8
1981-12,"Halifax, Nova Scotia",All-items,52.5
1981-12,New Brunswick,All-items,53.0
1981-12,"Saint John, New Brunswick",All-items,53.2
1981-12,Quebec,All-items,53.1
1981-12,"Québec, Quebec",All-items,53.4
1981-12,"Montréal, Quebec",All-items,52.6
1981-12,Ontario,All-items,50.2
1981-12,"Ottawa-Gatineau, Ontario part, Ontario/Quebec",All-items,50.1
1981-12,"Toronto, Ontario",All-items,49.6
1981-12,"Thunder Bay, Ontario",All-items,52.0
1981-12,Manitoba,All-items,50.5
1981-12,"Winnipeg, Manitoba",All-items,50.4
1981-12,Saskatchewan,All-items,51.7
1981-12,"Regina, Saskatchewan",All-items,51.4
1981-12,"Saskatoon, Saskatchewan",All-items,52.2
1981-12,Alberta,All-items,52.3
1981-12,"Edmonton, Alberta",All-items,52.9
1981-12,"Calgary, Alberta",All-items,51.7
1981-12,British Columbia,All-items,54.5
1981-12,"Vancouver, British Columbia",All-items,53.9
1982-01,Canada,All-items,52.2
1982-01,Newfoundland and Labrador,All-items,55.9
1982-01,"St. John's, Newfoundland and Labrador",All-items,55.8
1982-01,Prince Edward Island,All-items,55.3
1982-01,"Charlottetown and Summerside, Prince Edward Island",All-items,55.6
1982-01,Nova Scotia,All-items,52.8
1982-01,"Halifax, Nova Scotia",All-items,52.8
1982-01,New Brunswick,All-items,53.3
1982-01,"Saint John, New Brunswick",All-items,53.6
1982-01,Quebec,All-items,53.3
1982-01,"Québec, Quebec",All-items,53.7
1982-01,"Montréal, Quebec",All-items,52.7
1982-01,Ontario,All-items,50.5
1982-01,"Ottawa-Gatineau, Ontario part, Ontario/Quebec",All-items,50.6
1982-01,"Toronto, Ontario",All-items,49.9
1982-01,"Thunder Bay, Ontario",All-items,52.5
1982-01,Manitoba,All-items,50.8
1982-01,"Winnipeg, Manitoba",All-items,50.6
1982-01,Saskatchewan,All-items,52.0
1982-01,"Regina, Saskatchewan",All-items,51.6
1982-01,"Saskatoon, Saskatchewan",All-items,52.3
1982-01,Alberta,All-items,52.7
1982-01,"Edmonton, Alberta",All-items,53.2
1982-01,"Calgary, Alberta",All-items,52.5
1982-01,British Columbia,All-items,55.1
1982-01,"Vancouver, British Columbia",All-items,54.5
1982-02,Canada,All-items,52.8
1982-02,Newfoundland and Labrador,All-items,56.5
1982-02,"St. John's, Newfoundland and Labrador",All-items,56.4
1982-02,Prince Edward Island,All-items,55.9
1982-02,"Charlottetown and Summerside, Prince Edward Island",All-items,56.2
1982-02,Nova Scotia,All-items,53.5
1982-02,"Halifax, Nova Scotia",All-items,53.3
1982-02,New Brunswick,All-items,54.0
1982-02,"Saint John, New Brunswick",All-items,54.2
1982-02,Quebec,All-items,54.1
1982-02,"Québec, Quebec",All-items,54.3
1982-02,"Montréal, Quebec",All-items,53.5
1982-02,Ontario,All-items,51.1
1982-02,"Ottawa-Gatineau, Ontario part, Ontario/Quebec",All-items,51.1
1982-02,"Toronto, Ontario",All-items,50.6
1982-02,"Thunder Bay, Ontario",All-items,52.9
1982-02,Manitoba,All-items,51.4
1982-02,"Winnipeg, Manitoba",All-items,51.2
1982-02,Saskatchewan,All-items,52.7
1982-02,"Regina, Saskatchewan",All-items,52.4
1982-02,"Saskatoon, Saskatchewan",All-items,53.0
1982-02,Alberta,All-items,53.4
1982-02,"Edmonton, Alberta",All-items,54.0
1982-02,"Calgary, Alberta",All-items,53.0
1982-02,British Columbia,All-items,55.5
1982-02,"Vancouver, British Columbia",All-items,54.8
1982-03,Canada,All-items,53.5
1982-03,Newfoundland and Labrador,All-items,57.3
1982-03,"St. John's, Newfoundland and Labrador",All-items,57.1
1982-03,Prince Edward Island,All-items,56.7
1982-03,"Charlottetown and Summerside, Prince Edward Island",All-items,56.9
1982-03,Nova Scotia,All-items,54.2
1982-03,"Halifax, Nova Scotia",All-items,53.9
1982-03,New Brunswick,All-items,54.7
1982-03,"Saint John, New Brunswick",All-items,55.0
1982-03,Quebec,All-items,54.4
1982-03,"Québec, Quebec",All-items,54.8
1982-03,"Montréal, Quebec",All-items,53.9
1982-03,Ontario,All-items,51.9
1982-03,"Ottawa-Gatineau, Ontario part, Ontario/Quebec",All-items,51.7
1982-03,"Toronto, Ontario",All-items,51.5
1982-03,"Thunder Bay, Ontario",All-items,53.3
1982-03,Manitoba,All-items,52.2
1982-03,"Winnipeg, Manitoba",All-items,52.0
1982-03,Saskatchewan,All-items,53.2
1982-03,"Regina, Saskatchewan",All-items,52.7
1982-03,"Saskatoon, Saskatchewan",All-items,53.6
1982-03,Alberta,All-items,54.2
1982-03,"Edmonton, Alberta",All-items,54.7
1982-03,"Calgary, Alberta",All-items,54.0
1982-03,British Columbia,All-items,55.9
1982-03,"Vancouver, British Columbia",All-items,55.2
1982-03,"Whitehorse, Yukon",All-items,56.9
1982-03,"Yellowknife, Northwest Territories",All-items,54.3
1982-04,Canada,All-items,53.8
1982-04,Newfoundland and Labrador,All-items,57.3
1982-04,"St. John's, Newfoundland and Labrador",All-items,57.2
1982-04,Prince Edward Island,All-items,56.9
1982-04,"Charlottetown and Summerside, Prince Edward Island",All-items,57.2
1982-04,Nova Scotia,All-items,54.5
1982-04,"Halifax, Nova Scotia",All-items,54.3
1982-04,New Brunswick,All-items,54.8
1982-04,"Saint John, New Brunswick",All-items,55.2
1982-04,Quebec,All-items,54.9
1982-04,"Québec, Quebec",All-items,55.1
1982-04,"Montréal, Quebec",All-items,54.4
1982-04,Ontario,All-items,52.2
1982-04,"Ottawa-Gatineau, Ontario part, Ontario/Quebec",All-items,52.1
1982-04,"Toronto, Ontario",All-items,51.8
1982-04,"Thunder Bay, Ontario",All-items,53.7
1982-04,Manitoba,All-items,52.2
1982-04,"Winnipeg, Manitoba",All-items,52.0
1982-04,Saskatchewan,All-items,53.4
1982-04,"Regina, Saskatchewan",All-items,53.0
1982-04,"Saskatoon, Saskatchewan",All-items,53.8
1982-04,Alberta,All-items,54.5
1982-04,"Edmonton, Alberta",All-items,55.1
1982-04,"Calgary, Alberta",All-items,54.3
1982-04,British Columbia,All-items,56.3
1982-04,"Vancouver, British Columbia",All-items,55.6
1982-04,"Whitehorse, Yukon",All-items,57.4
1982-04,"Yellowknife, Northwest Territories",All-items,54.8
1982-05,Canada,All-items,54.5
1982-05,Newfoundland and Labrador,All-items,57.9
1982-05,"St. John's, Newfoundland and Labrador",All-items,57.8
1982-05,Prince Edward Island,All-items,57.4
1982-05,"Charlottetown and Summerside, Prince Edward Island",All-items,57.6
1982-05,Nova Scotia,All-items,55.5
1982-05,"Halifax, Nova Scotia",All-items,55.3
1982-05,New Brunswick,All-items,55.4
1982-05,"Saint John, New Brunswick",All-items,55.6
1982-05,Quebec,All-items,55.6
1982-05,"Québec, Quebec",All-items,55.8
1982-05,"Montréal, Quebec",All-items,55.1
1982-05,Ontario,All-items,52.9
1982-05,"Ottawa-Gatineau, Ontario part, Ontario/Quebec",All-items,52.7
1982-05,"Toronto, Ontario",All-items,52.6
1982-05,"Thunder Bay, Ontario",All-items,54.8
1982-05,Manitoba,All-items,52.9
1982-05,"Winnipeg, Manitoba",All-items,52.7
1982-05,Saskatchewan,All-items,53.4
1982-05,"Regina, Saskatchewan",All-items,53.0
1982-05,"Saskatoon, Saskatchewan",All-items,53.8
1982-05,Alberta,All-items,55.2
1982-05,"Edmonton, Alberta",All-items,55.7
1982-05,"Calgary, Alberta",All-items,54.8
1982-05,British Columbia,All-items,57.0
1982-05,"Vancouver, British Columbia",All-items,56.3
1982-05,"Whitehorse, Yukon",All-items,58.3
1982-05,"Yellowknife, Northwest Territories",All-items,56.6
1982-06,Canada,All-items,55.1
1982-06,Newfoundland and Labrador,All-items,58.3
1982-06,"St. John's, Newfoundland and Labrador",All-items,58.1
1982-06,Prince Edward Island,All-items,57.6
1982-06,"Charlottetown and Summerside, Prince Edward Island",All-items,57.9
1982-06,Nova Scotia,All-items,55.9
1982-06,"Halifax, Nova Scotia",All-items,55.7
1982-06,New Brunswick,All-items,55.5
1982-06,"Saint John, New Brunswick",All-items,55.8
1982-06,Quebec,All-items,56.3
1982-06,"Québec, Quebec",All-items,56.3
1982-06,"Montréal, Quebec",All-items,55.7
1982-06,Ontario,All-items,53.5
1982-06,"Ottawa-Gatineau, Ontario part, Ontario/Quebec",All-items,53.0
1982-06,"Toronto, Ontario",All-items,53.2
1982-06,"Thunder Bay, Ontario",All-items,55.2
1982-06,Manitoba,All-items,53.3
1982-06,"Winnipeg, Manitoba",All-items,53.2
1982-06,Saskatchewan,All-items,53.8
1982-06,"Regina, Saskatchewan",All-items,53.4
1982-06,"Saskatoon, Saskatchewan",All-items,54.1
1982-06,Alberta,All-items,55.6
1982-06,"Edmonton, Alberta",All-items,56.2
1982-06,"Calgary, Alberta",All-items,55.5
1982-06,British Columbia,All-items,57.4
1982-06,"Vancouver, British Columbia",All-items,56.6
1982-06,"Whitehorse, Yukon",All-items,58.7
1982-06,"Yellowknife, Northwest Territories",All-items,56.6
1982-07,Canada,All-items,55.4
1982-07,Newfoundland and Labrador,All-items,58.8
1982-07,"St. John's, Newfoundland and Labrador",All-items,58.5
1982-07,Prince Edward Island,All-items,58.2
1982-07,"Charlottetown and Summerside, Prince Edward Island",All-items,58.5
1982-07,Nova Scotia,All-items,56.2
1982-07,"Halifax, Nova Scotia",All-items,55.9
1982-07,New Brunswick,All-items,55.8
1982-07,"Saint John, New Brunswick",All-items,56.2
1982-07,Quebec,All-items,56.5
1982-07,"Québec, Quebec",All-items,56.6
1982-07,"Montréal, Quebec",All-items,56.1
1982-07,Ontario,All-items,53.9
1982-07,"Ottawa-Gatineau, Ontario part, Ontario/Quebec",All-items,53.3
1982-07,"Toronto, Ontario",All-items,53.5
1982-07,"Thunder Bay, Ontario",All-items,55.4
1982-07,Manitoba,All-items,53.5
1982-07,"Winnipeg, Manitoba",All-items,53.4
1982-07,Saskatchewan,All-items,54.2
1982-07,"Regina, Saskatchewan",All-items,53.9
1982-07,"Saskatoon, Saskatchewan",All-items,54.3
1982-07,Alberta,All-items,56.0
1982-07,"Edmonton, Alberta",All-items,56.5
1982-07,"Calgary, Alberta",All-items,55.8
1982-07,British Columbia,All-items,57.7
1982-07,"Vancouver, British Columbia",All-items,56.9
1982-07,"Whitehorse, Yukon",All-items,59.1
1982-07,"Yellowknife, Northwest Territories",All-items,57.3
1982-08,Canada,All-items,55.6
1982-08,Newfoundland and Labrador,All-items,59.0
1982-08,"St. John's, Newfoundland and Labrador",All-items,58.9
1982-08,Prince Edward Island,All-items,58.4
1982-08,"Charlottetown and Summerside, Prince Edward Island",All-items,58.6
1982-08,Nova Scotia,All-items,56.2
1982-08,"Halifax, Nova Scotia",All-items,56.0
1982-08,New Brunswick,All-items,56.0
1982-08,"Saint John, New Brunswick",All-items,56.3
1982-08,Quebec,All-items,56.9
1982-08,"Québec, Quebec",All-items,57.1
1982-08,"Montréal, Quebec",All-items,56.3
1982-08,Ontario,All-items,54.0
1982-08,"Ottawa-Gatineau, Ontario part, Ontario/Quebec",All-items,53.4
1982-08,"Toronto, Ontario",All-items,53.7
1982-08,"Thunder Bay, Ontario",All-items,55.6
1982-08,Manitoba,All-items,53.6
1982-08,"Winnipeg, Manitoba",All-items,53.5
1982-08,Saskatchewan,All-items,54.4
1982-08,"Regina, Saskatchewan",All-items,54.2
1982-08,"Saskatoon, Saskatchewan",All-items,54.5
1982-08,Alberta,All-items,56.3
1982-08,"Edmonton, Alberta",All-items,56.7
1982-08,"Calgary, Alberta",All-items,56.0
1982-08,British Columbia,All-items,58.0
1982-08,"Vancouver, British Columbia",All-items,57.4
1982-08,"Whitehorse, Yukon",All-items,59.8
1982-08,"Yellowknife, Northwest Territories",All-items,57.7
1982-09,Canada,All-items,55.9
1982-09,Newfoundland and Labrador,All-items,59.4
1982-09,"St. John's, Newfoundland and Labrador",All-items,59.3
1982-09,Prince Edward Island,All-items,58.6
1982-09,"Charlottetown and Summerside, Prince Edward Island",All-items,58.9
1982-09,Nova Scotia,All-items,56.5
1982-09,"Halifax, Nova Scotia",All-items,56.3
1982-09,New Brunswick,All-items,56.3
1982-09,"Saint John, New Brunswick",All-items,56.6
1982-09,Quebec,All-items,57.2
1982-09,"Québec, Quebec",All-items,57.7
1982-09,"Montréal, Quebec",All-items,56.7
1982-09,Ontario,All-items,54.4
1982-09,"Ottawa-Gatineau, Ontario part, Ontario/Quebec",All-items,53.8
1982-09,"Toronto, Ontario",All-items,53.8
1982-09,"Thunder Bay, Ontario",All-items,56.0
1982-09,Manitoba,All-items,54.2
1982-09,"Winnipeg, Manitoba",All-items,54.1
1982-09,Saskatchewan,All-items,54.6
1982-09,"Regina, Saskatchewan",All-items,54.3
1982-09,"Saskatoon, Saskatchewan",All-items,54.6
1982-09,Alberta,All-items,56.6
1982-09,"Edmonton, Alberta",All-items,56.9
1982-09,"Calgary, Alberta",All-items,56.4
1982-09,British Columbia,All-items,58.3
1982-09,"Vancouver, British Columbia",All-items,57.6
1982-09,"Whitehorse, Yukon",All-items,59.7
1982-09,"Yellowknife, Northwest Territories",All-items,57.6
1982-10,Canada,All-items,56.3
1982-10,Newfoundland and Labrador,All-items,60.0
1982-10,"St. John's, Newfoundland and Labrador",All-items,59.7
1982-10,Prince Edward Island,All-items,59.1
1982-10,"Charlottetown and Summerside, Prince Edward Island",All-items,59.4
1982-10,Nova Scotia,All-items,56.9
1982-10,"Halifax, Nova Scotia",All-items,56.8
1982-10,New Brunswick,All-items,56.9
1982-10,"Saint John, New Brunswick",All-items,57.2
1982-10,Quebec,All-items,57.5
1982-10,"Québec, Quebec",All-items,57.9
1982-10,"Montréal, Quebec",All-items,57.0
1982-10,Ontario,All-items,54.7
1982-10,"Ottawa-Gatineau, Ontario part, Ontario/Quebec",All-items,54.3
1982-10,"Toronto, Ontario",All-items,54.2
1982-10,"Thunder Bay, Ontario",All-items,56.3
1982-10,Manitoba,All-items,54.5
1982-10,"Winnipeg, Manitoba",All-items,54.4
1982-10,Saskatchewan,All-items,55.3
1982-10,"Regina, Saskatchewan",All-items,55.0
1982-10,"Saskatoon, Saskatchewan",All-items,55.5
1982-10,Alberta,All-items,56.9
1982-10,"Edmonton, Alberta",All-items,57.4
1982-10,"Calgary, Alberta",All-items,56.7
1982-10,British Columbia,All-items,58.6
1982-10,"Vancouver, British Columbia",All-items,57.8
1982-10,"Whitehorse, Yukon",All-items,60.1
1982-10,"Yellowknife, Northwest Territories",All-items,58.4
1982-11,Canada,All-items,56.6
1982-11,Newfoundland and Labrador,All-items,60.2
1982-11,"St. John's, Newfoundland and Labrador",All-items,60.1
1982-11,Prince Edward Island,All-items,59.5
1982-11,"Charlottetown and Summerside, Prince Edward Island",All-items,59.8
1982-11,Nova Scotia,All-items,57.2
1982-11,"Halifax, Nova Scotia",All-items,57.1
1982-11,New Brunswick,All-items,57.2
1982-11,"Saint John, New Brunswick",All-items,57.3
1982-11,Quebec,All-items,57.9
1982-11,"Québec, Quebec",All-items,58.2
1982-11,"Montréal, Quebec",All-items,57.4
1982-11,Ontario,All-items,55.1
1982-11,"Ottawa-Gatineau, Ontario part, Ontario/Quebec",All-items,55.0
1982-11,"Toronto, Ontario",All-items,54.7
1982-11,"Thunder Bay, Ontario",All-items,56.8
1982-11,Manitoba,All-items,55.2
1982-11,"Winnipeg, Manitoba",All-items,55.0
1982-11,Saskatchewan,All-items,55.3
1982-11,"Regina, Saskatchewan",All-items,55.1
1982-11,"Saskatoon, Saskatchewan",All-items,55.4
1982-11,Alberta,All-items,57.0
1982-11,"Edmonton, Alberta",All-items,57.5
1982-11,"Calgary, Alberta",All-items,56.8
1982-11,British Columbia,All-items,58.9
1982-11,"Vancouver, British Columbia",All-items,58.1
1982-11,"Whitehorse, Yukon",All-items,60.2
1982-11,"Yellowknife, Northwest Territories",All-items,58.8
1982-12,Canada,All-items,56.6
1982-12,Newfoundland and Labrador,All-items,60.9
1982-12,"St. John's, Newfoundland and Labrador",All-items,60.8
1982-12,Prince Edward Island,All-items,59.4
1982-12,"Charlottetown and Summerside, Prince Edward Island",All-items,59.7
1982-12,Nova Scotia,All-items,57.3
1982-12,"Halifax, Nova Scotia",All-items,57.2
1982-12,New Brunswick,All-items,57.2
1982-12,"Saint John, New Brunswick",All-items,57.3
1982-12,Quebec,All-items,57.9
1982-12,"Québec, Quebec",All-items,58.1
1982-12,"Montréal, Quebec",All-items,57.4
1982-12,Ontario,All-items,55.3
1982-12,"Ottawa-Gatineau, Ontario part, Ontario/Quebec",All-items,55.0
1982-12,"Toronto, Ontario",All-items,54.8
1982-12,"Thunder Bay, Ontario",All-items,56.8
1982-12,Manitoba,All-items,55.3
1982-12,"Winnipeg, Manitoba",All-items,55.2
1982-12,Saskatchewan,All-items,55.5
1982-12,"Regina, Saskatchewan",All-items,55.1
1982-12,"Saskatoon, Saskatchewan",All-items,55.5
1982-12,Alberta,All-items,56.8
1982-12,"Edmonton, Alberta",All-items,57.4
1982-12,"Calgary, Alberta",All-items,56.4
1982-12,British Columbia,All-items,58.7
1982-12,"Vancouver, British Columbia",All-items,57.9
1982-12,"Whitehorse, Yukon",All-items,60.3
1982-12,"Yellowknife, Northwest Territories",All-items,58.7
1983-01,Canada,All-items,56.5
1983-01,Newfoundland and Labrador,All-items,60.8
1983-01,"St. John's, Newfoundland and Labrador",All-items,60.8
1983-01,Prince Edward Island,All-items,59.2
1983-01,"Charlottetown and Summerside, Prince Edward Island",All-items,59.5
1983-01,Nova Scotia,All-items,57.4
1983-01,"Halifax, Nova Scotia",All-items,57.3
1983-01,New Brunswick,All-items,57.0
1983-01,"Saint John, New Brunswick",All-items,57.0
1983-01,Quebec,All-items,57.5
1983-01,"Québec, Quebec",All-items,57.7
1983-01,"Montréal, Quebec",All-items,57.0
1983-01,Ontario,All-items,55.1
1983-01,"Ottawa-Gatineau, Ontario part, Ontario/Quebec",All-items,54.8
1983-01,"Toronto, Ontario",All-items,54.6
1983-01,"Thunder Bay, Ontario",All-items,56.7
1983-01,Manitoba,All-items,54.7
1983-01,"Winnipeg, Manitoba",All-items,54.5
1983-01,Saskatchewan,All-items,55.5
1983-01,"Regina, Saskatchewan",All-items,55.1
1983-01,"Saskatoon, Saskatchewan",All-items,55.8
1983-01,Alberta,All-items,56.9
1983-01,"Edmonton, Alberta",All-items,57.6
1983-01,"Calgary, Alberta",All-items,56.6
1983-01,British Columbia,All-items,58.9
1983-01,"Vancouver, British Columbia",All-items,58.2
1983-01,"Whitehorse, Yukon",All-items,60.2
1983-01,"Yellowknife, Northwest Territories",All-items,58.2
1983-02,Canada,All-items,56.8
1983-02,Newfoundland and Labrador,All-items,61.1
1983-02,"St. John's, Newfoundland and Labrador",All-items,61.0
1983-02,Prince Edward Island,All-items,59.3
1983-02,"Charlottetown and Summerside, Prince Edward Island",All-items,59.6
1983-02,Nova Scotia,All-items,57.8
1983-02,"Halifax, Nova Scotia",All-items,57.7
1983-02,New Brunswick,All-items,57.2
1983-02,"Saint John, New Brunswick",All-items,57.5
1983-02,Quebec,All-items,57.7
1983-02,"Québec, Quebec",All-items,57.9
1983-02,"Montréal, Quebec",All-items,57.2
1983-02,Ontario,All-items,55.4
1983-02,"Ottawa-Gatineau, Ontario part, Ontario/Quebec",All-items,55.0
1983-02,"Toronto, Ontario",All-items,55.0
1983-02,"Thunder Bay, Ontario",All-items,56.8
1983-02,Manitoba,All-items,55.2
1983-02,"Winnipeg, Manitoba",All-items,55.0
1983-02,Saskatchewan,All-items,56.0
1983-02,"Regina, Saskatchewan",All-items,55.7
1983-02,"Saskatoon, Saskatchewan",All-items,56.1
1983-02,Alberta,All-items,57.2
1983-02,"Edmonton, Alberta",All-items,58.0
1983-02,"Calgary, Alberta",All-items,56.7
1983-02,British Columbia,All-items,59.1
1983-02,"Vancouver, British Columbia",All-items,58.4
1983-02,"Whitehorse, Yukon",All-items,60.5
1983-02,"Yellowknife, Northwest Territories",All-items,59.0
1983-03,Canada,All-items,57.4
1983-03,Newfoundland and Labrador,All-items,61.7
1983-03,"St. John's, Newfoundland and Labrador",All-items,61.6
1983-03,Prince Edward Island,All-items,59.8
1983-03,"Charlottetown and Summerside, Prince Edward Island",All-items,60.1
1983-03,Nova Scotia,All-items,58.4
1983-03,"Halifax, Nova Scotia",All-items,58.2
1983-03,New Brunswick,All-items,57.9
1983-03,"Saint John, New Brunswick",All-items,58.2
1983-03,Quebec,All-items,58.3
1983-03,"Québec, Quebec",All-items,58.7
1983-03,"Montréal, Quebec",All-items,57.8
1983-03,Ontario,All-items,55.9
1983-03,"Ottawa-Gatineau, Ontario part, Ontario/Quebec",All-items,55.7
1983-03,"Toronto, Ontario",All-items,55.5
1983-03,"Thunder Bay, Ontario",All-items,57.9
1983-03,Manitoba,All-items,56.0
1983-03,"Winnipeg, Manitoba",All-items,55.9
1983-03,Saskatchewan,All-items,56.4
1983-03,"Regina, Saskatchewan",All-items,56.0
1983-03,"Saskatoon, Saskatchewan",All-items,56.5
1983-03,Alberta,All-items,57.6
1983-03,"Edmonton, Alberta",All-items,58.4
1983-03,"Calgary, Alberta",All-items,57.2
1983-03,British Columbia,All-items,59.6
1983-03,"Vancouver, British Columbia",All-items,58.8
1983-03,"Whitehorse, Yukon",All-items,61.0
1983-03,"Yellowknife, Northwest Territories",All-items,59.2
1983-04,Canada,All-items,57.4
1983-04,Newfoundland and Labrador,All-items,61.9
1983-04,"St. John's, Newfoundland and Labrador",All-items,61.8
1983-04,Prince Edward Island,All-items,60.1
1983-04,"Charlottetown and Summerside, Prince Edward Island",All-items,60.4
1983-04,Nova Scotia,All-items,58.6
1983-04,"Halifax, Nova Scotia",All-items,58.5
1983-04,New Brunswick,All-items,58.2
1983-04,"Saint John, New Brunswick",All-items,58.5
1983-04,Quebec,All-items,58.5
1983-04,"Québec, Quebec",All-items,58.9
1983-04,"Montréal, Quebec",All-items,57.9
1983-04,Ontario,All-items,55.5
1983-04,"Ottawa-Gatineau, Ontario part, Ontario/Quebec",All-items,55.9
1983-04,"Toronto, Ontario",All-items,55.2
1983-04,"Thunder Bay, Ontario",All-items,57.6
1983-04,Manitoba,All-items,56.4
1983-04,"Winnipeg, Manitoba",All-items,56.2
1983-04,Saskatchewan,All-items,56.8
1983-04,"Regina, Saskatchewan",All-items,56.5
1983-04,"Saskatoon, Saskatchewan",All-items,56.9
1983-04,Alberta,All-items,58.1
1983-04,"Edmonton, Alberta",All-items,59.0
1983-04,"Calgary, Alberta",All-items,57.5
1983-04,British Columbia,All-items,59.9
1983-04,"Vancouver, British Columbia",All-items,59.2
1983-04,"Whitehorse, Yukon",All-items,61.3
1983-04,"Yellowknife, Northwest Territories",All-items,59.4
1983-05,Canada,All-items,57.5
1983-05,Newfoundland and Labrador,All-items,61.9
1983-05,"St. John's, Newfoundland and Labrador",All-items,61.9
1983-05,Prince Edward Island,All-items,60.7
1983-05,"Charlottetown and Summerside, Prince Edward Island",All-items,60.9
1983-05,Nova Scotia,All-items,58.9
1983-05,"Halifax, Nova Scotia",All-items,58.8
1983-05,New Brunswick,All-items,59.4
1983-05,"Saint John, New Brunswick",All-items,59.7
1983-05,Quebec,All-items,58.8
1983-05,"Québec, Quebec",All-items,59.0
1983-05,"Montréal, Quebec",All-items,58.3
1983-05,Ontario,All-items,55.7
1983-05,"Ottawa-Gatineau, Ontario part, Ontario/Quebec",All-items,55.9
1983-05,"Toronto, Ontario",All-items,55.2
1983-05,"Thunder Bay, Ontario",All-items,56.8
1983-05,Manitoba,All-items,56.9
1983-05,"Winnipeg, Manitoba",All-items,56.8
1983-05,Saskatchewan,All-items,57.2
1983-05,"Regina, Saskatchewan",All-items,56.8
1983-05,"Saskatoon, Saskatchewan",All-items,57.4
1983-05,Alberta,All-items,58.4
1983-05,"Edmonton, Alberta",All-items,59.2
1983-05,"Calgary, Alberta",All-items,57.9
1983-05,British Columbia,All-items,60.0
1983-05,"Vancouver, British Columbia",All-items,59.2
1983-05,"Whitehorse, Yukon",All-items,62.0
1983-05,"Yellowknife, Northwest Territories",All-items,60.7
1983-06,Canada,All-items,58.1
1983-06,Newfoundland and Labrador,All-items,62.1
1983-06,"St. John's, Newfoundland and Labrador",All-items,62.0
1983-06,Prince Edward Island,All-items,60.8
1983-06,"Charlottetown and Summerside, Prince Edward Island",All-items,61.1
1983-06,Nova Scotia,All-items,59.1
1983-06,"Halifax, Nova Scotia",All-items,59.0
1983-06,New Brunswick,All-items,59.5
1983-06,"Saint John, New Brunswick",All-items,59.9
1983-06,Quebec,All-items,59.1
1983-06,"Québec, Quebec",All-items,59.4
1983-06,"Montréal, Quebec",All-items,58.5
1983-06,Ontario,All-items,56.8
1983-06,"Ottawa-Gatineau, Ontario part, Ontario/Quebec",All-items,56.6
1983-06,"Toronto, Ontario",All-items,56.3
1983-06,"Thunder Bay, Ontario",All-items,58.4
1983-06,Manitoba,All-items,57.0
1983-06,"Winnipeg, Manitoba",All-items,56.9
1983-06,Saskatchewan,All-items,57.1
1983-06,"Regina, Saskatchewan",All-items,56.5
1983-06,"Saskatoon, Saskatchewan",All-items,57.6
1983-06,Alberta,All-items,58.5
1983-06,"Edmonton, Alberta",All-items,59.4
1983-06,"Calgary, Alberta",All-items,57.9
1983-06,British Columbia,All-items,60.3
1983-06,"Vancouver, British Columbia",All-items,59.5
1983-06,"Whitehorse, Yukon",All-items,62.4
1983-06,"Yellowknife, Northwest Territories",All-items,60.2
1983-07,Canada,All-items,58.4
1983-07,Newfoundland and Labrador,All-items,62.4
1983-07,"St. John's, Newfoundland and Labrador",All-items,62.4
1983-07,Prince Edward Island,All-items,61.0
1983-07,"Charlottetown and Summerside, Prince Edward Island",All-items,61.3
1983-07,Nova Scotia,All-items,59.4
1983-07,"Halifax, Nova Scotia",All-items,59.4
1983-07,New Brunswick,All-items,59.8
1983-07,"Saint John, New Brunswick",All-items,60.2
1983-07,Quebec,All-items,59.3
1983-07,"Québec, Quebec",All-items,59.6
1983-07,"Montréal, Quebec",All-items,58.8
1983-07,Ontario,All-items,56.9
1983-07,"Ottawa-Gatineau, Ontario part, Ontario/Quebec",All-items,56.8
1983-07,"Toronto, Ontario",All-items,56.5
1983-07,"Thunder Bay, Ontario",All-items,58.9
1983-07,Manitoba,All-items,57.3
1983-07,"Winnipeg, Manitoba",All-items,57.2
1983-07,Saskatchewan,All-items,58.0
1983-07,"Regina, Saskatchewan",All-items,57.5
1983-07,"Saskatoon, Saskatchewan",All-items,58.2
1983-07,Alberta,All-items,58.6
1983-07,"Edmonton, Alberta",All-items,59.7
1983-07,"Calgary, Alberta",All-items,57.9
1983-07,British Columbia,All-items,61.0
1983-07,"Vancouver, British Columbia",All-items,60.2
1983-07,"Whitehorse, Yukon",All-items,62.5
1983-07,"Yellowknife, Northwest Territories",All-items,60.5
1983-08,Canada,All-items,58.7
1983-08,Newfoundland and Labrador,All-items,63.0
1983-08,"St. John's, Newfoundland and Labrador",All-items,62.8
1983-08,Prince Edward Island,All-items,61.1
1983-08,"Charlottetown and Summerside, Prince Edward Island",All-items,61.4
1983-08,Nova Scotia,All-items,59.6
1983-08,"Halifax, Nova Scotia",All-items,59.5
1983-08,New Brunswick,All-items,60.2
1983-08,"Saint John, New Brunswick",All-items,60.6
1983-08,Quebec,All-items,59.7
1983-08,"Québec, Quebec",All-items,59.9
1983-08,"Montréal, Quebec",All-items,59.1
1983-08,Ontario,All-items,57.3
1983-08,"Ottawa-Gatineau, Ontario part, Ontario/Quebec",All-items,57.2
1983-08,"Toronto, Ontario",All-items,56.7
1983-08,"Thunder Bay, Ontario",All-items,59.2
1983-08,Manitoba,All-items,57.5
1983-08,"Winnipeg, Manitoba",All-items,57.4
1983-08,Saskatchewan,All-items,58.2
1983-08,"Regina, Saskatchewan",All-items,57.9
1983-08,"Saskatoon, Saskatchewan",All-items,58.6
1983-08,Alberta,All-items,58.6
1983-08,"Edmonton, Alberta",All-items,59.6
1983-08,"Calgary, Alberta",All-items,57.9
1983-08,British Columbia,All-items,61.0
1983-08,"Vancouver, British Columbia",All-items,60.4
1983-08,"Whitehorse, Yukon",All-items,62.7
1983-08,"Yellowknife, Northwest Territories",All-items,60.9
1983-09,Canada,All-items,58.7
1983-09,Newfoundland and Labrador,All-items,63.1
1983-09,"St. John's, Newfoundland and Labrador",All-items,63.0
1983-09,Prince Edward Island,All-items,61.2
1983-09,"Charlottetown and Summerside, Prince Edward Island",All-items,61.5
1983-09,Nova Scotia,All-items,59.8
1983-09,"Halifax, Nova Scotia",All-items,59.6
1983-09,New Brunswick,All-items,60.5
1983-09,"Saint John, New Brunswick",All-items,60.8
1983-09,Quebec,All-items,59.8
1983-09,"Québec, Quebec",All-items,60.0
1983-09,"Montréal, Quebec",All-items,59.2
1983-09,Ontario,All-items,57.3
1983-09,"Ottawa-Gatineau, Ontario part, Ontario/Quebec",All-items,57.3
1983-09,"Toronto, Ontario",All-items,56.7
1983-09,"Thunder Bay, Ontario",All-items,59.0
1983-09,Manitoba,All-items,57.5
1983-09,"Winnipeg, Manitoba",All-items,57.4
1983-09,Saskatchewan,All-items,58.2
1983-09,"Regina, Saskatchewan",All-items,57.9
1983-09,"Saskatoon, Saskatchewan",All-items,58.4
1983-09,Alberta,All-items,58.5
1983-09,"Edmonton, Alberta",All-items,59.6
1983-09,"Calgary, Alberta",All-items,57.6
1983-09,British Columbia,All-items,61.1
1983-09,"Vancouver, British Columbia",All-items,60.4
1983-09,"Whitehorse, Yukon",All-items,62.7
1983-09,"Yellowknife, Northwest Territories",All-items,60.9
1983-10,Canada,All-items,59.1
1983-10,Newfoundland and Labrador,All-items,63.3
1983-10,"St. John's, Newfoundland and Labrador",All-items,63.1
1983-10,Prince Edward Island,All-items,61.4
1983-10,"Charlottetown and Summerside, Prince Edward Island",All-items,61.7
1983-10,Nova Scotia,All-items,60.0
1983-10,"Halifax, Nova Scotia",All-items,59.8
1983-10,New Brunswick,All-items,60.6
1983-10,"Saint John, New Brunswick",All-items,60.9
1983-10,Quebec,All-items,60.2
1983-10,"Québec, Quebec",All-items,60.3
1983-10,"Montréal, Quebec",All-items,59.6
1983-10,Ontario,All-items,57.6
1983-10,"Ottawa-Gatineau, Ontario part, Ontario/Quebec",All-items,57.7
1983-10,"Toronto, Ontario",All-items,57.1
1983-10,"Thunder Bay, Ontario",All-items,59.2
1983-10,Manitoba,All-items,57.5
1983-10,"Winnipeg, Manitoba",All-items,57.4
1983-10,Saskatchewan,All-items,58.6
1983-10,"Regina, Saskatchewan",All-items,58.3
1983-10,"Saskatoon, Saskatchewan",All-items,58.8
1983-10,Alberta,All-items,58.8
1983-10,"Edmonton, Alberta",All-items,59.9
1983-10,"Calgary, Alberta",All-items,58.1
1983-10,British Columbia,All-items,61.3
1983-10,"Vancouver, British Columbia",All-items,60.5
1983-10,"Whitehorse, Yukon",All-items,62.7
1983-10,"Yellowknife, Northwest Territories",All-items,61.1
1983-11,Canada,All-items,59.1
1983-11,Newfoundland and Labrador,All-items,63.4
1983-11,"St. John's, Newfoundland and Labrador",All-items,63.2
1983-11,Prince Edward Island,All-items,61.6
1983-11,"Charlottetown and Summerside, Prince Edward Island",All-items,61.9
1983-11,Nova Scotia,All-items,60.1
1983-11,"Halifax, Nova Scotia",All-items,60.0
1983-11,New Brunswick,All-items,60.8
1983-11,"Saint John, New Brunswick",All-items,61.1
1983-11,Quebec,All-items,60.2
1983-11,"Québec, Quebec",All-items,60.6
1983-11,"Montréal, Quebec",All-items,59.7
1983-11,Ontario,All-items,57.5
1983-11,"Ottawa-Gatineau, Ontario part, Ontario/Quebec",All-items,57.5
1983-11,"Toronto, Ontario",All-items,56.9
1983-11,"Thunder Bay, Ontario",All-items,59.4
1983-11,Manitoba,All-items,57.8
1983-11,"Winnipeg, Manitoba",All-items,57.7
1983-11,Saskatchewan,All-items,58.6
1983-11,"Regina, Saskatchewan",All-items,58.4
1983-11,"Saskatoon, Saskatchewan",All-items,58.7
1983-11,Alberta,All-items,58.9
1983-11,"Edmonton, Alberta",All-items,59.9
1983-11,"Calgary, Alberta",All-items,58.2
1983-11,British Columbia,All-items,61.3
1983-11,"Vancouver, British Columbia",All-items,60.6
1983-11,"Whitehorse, Yukon",All-items,63.1
1983-11,"Yellowknife, Northwest Territories",All-items,61.3
1983-12,Canada,All-items,59.2
1983-12,Newfoundland and Labrador,All-items,63.6
1983-12,"St. John's, Newfoundland and Labrador",All-items,63.5
1983-12,Prince Edward Island,All-items,61.6
1983-12,"Charlottetown and Summerside, Prince Edward Island",All-items,61.9
1983-12,Nova Scotia,All-items,60.2
1983-12,"Halifax, Nova Scotia",All-items,60.1
1983-12,New Brunswick,All-items,60.7
1983-12,"Saint John, New Brunswick",All-items,61.0
1983-12,Quebec,All-items,60.4
1983-12,"Québec, Quebec",All-items,60.6
1983-12,"Montréal, Quebec",All-items,59.8
1983-12,Ontario,All-items,57.9
1983-12,"Ottawa-Gatineau, Ontario part, Ontario/Quebec",All-items,58.1
1983-12,"Toronto, Ontario",All-items,57.2
1983-12,"Thunder Bay, Ontario",All-items,59.8
1983-12,Manitoba,All-items,57.9
1983-12,"Winnipeg, Manitoba",All-items,57.8
1983-12,Saskatchewan,All-items,58.6
1983-12,"Regina, Saskatchewan",All-items,58.4
1983-12,"Saskatoon, Saskatchewan",All-items,58.7
1983-12,Alberta,All-items,58.9
1983-12,"Edmonton, Alberta",All-items,60.0
1983-12,"Calgary, Alberta",All-items,58.3
1983-12,British Columbia,All-items,61.3
1983-12,"Vancouver, British Columbia",All-items,60.6
1983-12,"Whitehorse, Yukon",All-items,63.2
1983-12,"Yellowknife, Northwest Territories",All-items,61.5
1984-01,Canada,All-items,59.6
1984-01,Newfoundland and Labrador,All-items,64.2
1984-01,"St. John's, Newfoundland and Labrador",All-items,64.1
1984-01,Prince Edward Island,All-items,62.0
1984-01,"Charlottetown and Summerside, Prince Edward Island",All-items,62.3
1984-01,Nova Scotia,All-items,60.6
1984-01,"Halifax, Nova Scotia",All-items,60.4
1984-01,New Brunswick,All-items,61.2
1984-01,"Saint John, New Brunswick",All-items,61.6
1984-01,Quebec,All-items,60.4
1984-01,"Québec, Quebec",All-items,60.6
1984-01,"Montréal, Quebec",All-items,59.8
1984-01,Ontario,All-items,58.4
1984-01,"Ottawa-Gatineau, Ontario part, Ontario/Quebec",All-items,58.3
1984-01,"Toronto, Ontario",All-items,57.6
1984-01,"Thunder Bay, Ontario",All-items,60.1
1984-01,Manitoba,All-items,58.2
1984-01,"Winnipeg, Manitoba",All-items,58.1
1984-01,Saskatchewan,All-items,58.9
1984-01,"Regina, Saskatchewan",All-items,58.6
1984-01,"Saskatoon, Saskatchewan",All-items,58.9
1984-01,Alberta,All-items,59.2
1984-01,"Edmonton, Alberta",All-items,60.2
1984-01,"Calgary, Alberta",All-items,58.5
1984-01,British Columbia,All-items,61.6
1984-01,"Vancouver, British Columbia",All-items,60.9
1984-01,"Whitehorse, Yukon",All-items,63.4
1984-01,"Yellowknife, Northwest Territories",All-items,61.5
1984-02,Canada,All-items,59.9
1984-02,Newfoundland and Labrador,All-items,64.6
1984-02,"St. John's, Newfoundland and Labrador",All-items,64.3
1984-02,Prince Edward Island,All-items,62.4
1984-02,"Charlottetown and Summerside, Prince Edward Island",All-items,62.7
1984-02,Nova Scotia,All-items,60.9
1984-02,"Halifax, Nova Scotia",All-items,60.7
1984-02,New Brunswick,All-items,61.6
1984-02,"Saint John, New Brunswick",All-items,61.9
1984-02,Quebec,All-items,60.9
1984-02,"Québec, Quebec",All-items,61.0
1984-02,"Montréal, Quebec",All-items,60.3
1984-02,Ontario,All-items,58.7
1984-02,"Ottawa-Gatineau, Ontario part, Ontario/Quebec",All-items,58.4
1984-02,"Toronto, Ontario",All-items,58.1
1984-02,"Thunder Bay, Ontario",All-items,60.1
1984-02,Manitoba,All-items,57.8
1984-02,"Winnipeg, Manitoba",All-items,57.7
1984-02,Saskatchewan,All-items,59.1
1984-02,"Regina, Saskatchewan",All-items,58.8
1984-02,"Saskatoon, Saskatchewan",All-items,59.1
1984-02,Alberta,All-items,59.3
1984-02,"Edmonton, Alberta",All-items,60.3
1984-02,"Calgary, Alberta",All-items,58.7
1984-02,British Columbia,All-items,61.9
1984-02,"Vancouver, British Columbia",All-items,61.3
1984-02,"Whitehorse, Yukon",All-items,63.5
1984-02,"Yellowknife, Northwest Territories",All-items,61.9
1984-03,Canada,All-items,60.0
1984-03,Newfoundland and Labrador,All-items,64.6
1984-03,"St. John's, Newfoundland and Labrador",All-items,64.3
1984-03,Prince Edward Island,All-items,62.6
1984-03,"Charlottetown and Summerside, Prince Edward Island",All-items,62.9
1984-03,Nova Scotia,All-items,61.0
1984-03,"Halifax, Nova Scotia",All-items,60.7
1984-03,New Brunswick,All-items,61.7
1984-03,"Saint John, New Brunswick",All-items,62.2
1984-03,Quebec,All-items,61.1
1984-03,"Québec, Quebec",All-items,61.3
1984-03,"Montréal, Quebec",All-items,60.6
1984-03,Ontario,All-items,58.7
1984-03,"Ottawa-Gatineau, Ontario part, Ontario/Quebec",All-items,58.8
1984-03,"Toronto, Ontario",All-items,58.1
1984-03,"Thunder Bay, Ontario",All-items,60.5
1984-03,Manitoba,All-items,58.3
1984-03,"Winnipeg, Manitoba",All-items,58.1
1984-03,Saskatchewan,All-items,59.1
1984-03,"Regina, Saskatchewan",All-items,58.8
1984-03,"Saskatoon, Saskatchewan",All-items,59.1
1984-03,Alberta,All-items,59.3
1984-03,"Edmonton, Alberta",All-items,60.5
1984-03,"Calgary, Alberta",All-items,58.7
1984-03,British Columbia,All-items,62.1
1984-03,"Vancouver, British Columbia",All-items,61.5
1984-03,"Whitehorse, Yukon",All-items,63.5
1984-03,"Yellowknife, Northwest Territories",All-items,61.9
1984-04,Canada,All-items,60.2
1984-04,Newfoundland and Labrador,All-items,64.7
1984-04,"St. John's, Newfoundland and Labrador",All-items,64.6
1984-04,Prince Edward Island,All-items,63.0
1984-04,"Charlottetown and Summerside, Prince Edward Island",All-items,63.3
1984-04,Nova Scotia,All-items,61.3
1984-04,"Halifax, Nova Scotia",All-items,61.1
1984-04,New Brunswick,All-items,61.8
1984-04,"Saint John, New Brunswick",All-items,62.3
1984-04,Quebec,All-items,61.4
1984-04,"Québec, Quebec",All-items,61.3
1984-04,"Montréal, Quebec",All-items,60.9
1984-04,Ontario,All-items,58.9
1984-04,"Ottawa-Gatineau, Ontario part, Ontario/Quebec",All-items,58.8
1984-04,"Toronto, Ontario",All-items,58.2
1984-04,"Thunder Bay, Ontario",All-items,61.0
1984-04,Manitoba,All-items,58.3
1984-04,"Winnipeg, Manitoba",All-items,58.2
1984-04,Saskatchewan,All-items,59.3
1984-04,"Regina, Saskatchewan",All-items,59.0
1984-04,"Saskatoon, Saskatchewan",All-items,59.4
1984-04,Alberta,All-items,59.6
1984-04,"Edmonton, Alberta",All-items,60.6
1984-04,"Calgary, Alberta",All-items,58.8
1984-04,British Columbia,All-items,62.4
1984-04,"Vancouver, British Columbia",All-items,61.7
1984-04,"Whitehorse, Yukon",All-items,63.7
1984-04,"Yellowknife, Northwest Territories",All-items,62.2
1984-05,Canada,All-items,60.2
1984-05,Newfoundland and Labrador,All-items,65.0
1984-05,"St. John's, Newfoundland and Labrador",All-items,64.8
1984-05,Prince Edward Island,All-items,63.1
1984-05,"Charlottetown and Summerside, Prince Edward Island",All-items,63.4
1984-05,Nova Scotia,All-items,61.4
1984-05,"Halifax, Nova Scotia",All-items,61.2
1984-05,New Brunswick,All-items,62.0
1984-05,"Saint John, New Brunswick",All-items,62.4
1984-05,Quebec,All-items,61.4
1984-05,"Québec, Quebec",All-items,61.6
1984-05,"Montréal, Quebec",All-items,60.9
1984-05,Ontario,All-items,58.9
1984-05,"Ottawa-Gatineau, Ontario part, Ontario/Quebec",All-items,59.0
1984-05,"Toronto, Ontario",All-items,58.3
1984-05,"Thunder Bay, Ontario",All-items,60.9
1984-05,Manitoba,All-items,58.3
1984-05,"Winnipeg, Manitoba",All-items,58.2
1984-05,Saskatchewan,All-items,59.5
1984-05,"Regina, Saskatchewan",All-items,59.2
1984-05,"Saskatoon, Saskatchewan",All-items,59.6
1984-05,Alberta,All-items,59.5
1984-05,"Edmonton, Alberta",All-items,60.5
1984-05,"Calgary, Alberta",All-items,58.8
1984-05,British Columbia,All-items,62.5
1984-05,"Vancouver, British Columbia",All-items,61.9
1984-05,"Whitehorse, Yukon",All-items,64.0
1984-05,"Yellowknife, Northwest Territories",All-items,63.0
1984-06,Canada,All-items,60.6
1984-06,Newfoundland and Labrador,All-items,65.2
1984-06,"St. John's, Newfoundland and Labrador",All-items,65.0
1984-06,Prince Edward Island,All-items,63.3
1984-06,"Charlottetown and Summerside, Prince Edward Island",All-items,63.6
1984-06,Nova Scotia,All-items,61.5
1984-06,"Halifax, Nova Scotia",All-items,61.4
1984-06,New Brunswick,All-items,62.1
1984-06,"Saint John, New Brunswick",All-items,62.6
1984-06,Quebec,All-items,61.6
1984-06,"Québec, Quebec",All-items,61.6
1984-06,"Montréal, Quebec",All-items,61.2
1984-06,Ontario,All-items,59.3
1984-06,"Ottawa-Gatineau, Ontario part, Ontario/Quebec",All-items,59.3
1984-06,"Toronto, Ontario",All-items,58.8
1984-06,"Thunder Bay, Ontario",All-items,60.8
1984-06,Manitoba,All-items,58.9
1984-06,"Winnipeg, Manitoba",All-items,58.6
1984-06,Saskatchewan,All-items,59.7
1984-06,"Regina, Saskatchewan",All-items,59.4
1984-06,"Saskatoon, Saskatchewan",All-items,59.9
1984-06,Alberta,All-items,59.6
1984-06,"Edmonton, Alberta",All-items,60.5
1984-06,"Calgary, Alberta",All-items,59.0
1984-06,British Columbia,All-items,62.5
1984-06,"Vancouver, British Columbia",All-items,61.8
1984-06,"Whitehorse, Yukon",All-items,64.3
1984-06,"Yellowknife, Northwest Territories",All-items,62.8
1984-07,Canada,All-items,60.8
1984-07,Newfoundland and Labrador,All-items,65.8
1984-07,"St. John's, Newfoundland and Labrador",All-items,65.5
1984-07,Prince Edward Island,All-items,63.5
1984-07,"Charlottetown and Summerside, Prince Edward Island",All-items,63.8
1984-07,Nova Scotia,All-items,62.0
1984-07,"Halifax, Nova Scotia",All-items,61.9
1984-07,New Brunswick,All-items,62.5
1984-07,"Saint John, New Brunswick",All-items,62.9
1984-07,Quebec,All-items,61.9
1984-07,"Québec, Quebec",All-items,61.7
1984-07,"Montréal, Quebec",All-items,61.5
1984-07,Ontario,All-items,59.7
1984-07,"Ottawa-Gatineau, Ontario part, Ontario/Quebec",All-items,59.7
1984-07,"Toronto, Ontario",All-items,59.1
1984-07,"Thunder Bay, Ontario",All-items,61.2
1984-07,Manitoba,All-items,59.2
1984-07,"Winnipeg, Manitoba",All-items,59.1
1984-07,Saskatchewan,All-items,59.8
1984-07,"Regina, Saskatchewan",All-items,59.8
1984-07,"Saskatoon, Saskatchewan",All-items,59.6
1984-07,Alberta,All-items,60.2
1984-07,"Edmonton, Alberta",All-items,61.2
1984-07,"Calgary, Alberta",All-items,59.4
1984-07,British Columbia,All-items,63.1
1984-07,"Vancouver, British Columbia",All-items,62.5
1984-07,"Whitehorse, Yukon",All-items,64.6
1984-07,"Yellowknife, Northwest Territories",All-items,63.4
1984-08,Canada,All-items,60.8
1984-08,Newfoundland and Labrador,All-items,65.6
1984-08,"St. John's, Newfoundland and Labrador",All-items,65.4
1984-08,Prince Edward Island,All-items,63.6
1984-08,"Charlottetown and Summerside, Prince Edward Island",All-items,63.9
1984-08,Nova Scotia,All-items,62.0
1984-08,"Halifax, Nova Scotia",All-items,62.0
1984-08,New Brunswick,All-items,62.6
1984-08,"Saint John, New Brunswick",All-items,62.9
1984-08,Quebec,All-items,61.5
1984-08,"Québec, Quebec",All-items,61.4
1984-08,"Montréal, Quebec",All-items,61.1
1984-08,Ontario,All-items,59.7
1984-08,"Ottawa-Gatineau, Ontario part, Ontario/Quebec",All-items,59.6
1984-08,"Toronto, Ontario",All-items,59.1
1984-08,"Thunder Bay, Ontario",All-items,61.6
1984-08,Manitoba,All-items,59.4
1984-08,"Winnipeg, Manitoba",All-items,59.2
1984-08,Saskatchewan,All-items,60.0
1984-08,"Regina, Saskatchewan",All-items,59.9
1984-08,"Saskatoon, Saskatchewan",All-items,59.7
1984-08,Alberta,All-items,60.2
1984-08,"Edmonton, Alberta",All-items,61.2
1984-08,"Calgary, Alberta",All-items,59.4
1984-08,British Columbia,All-items,63.3
1984-08,"Vancouver, British Columbia",All-items,62.6
1984-08,"Whitehorse, Yukon",All-items,64.9
1984-08,"Yellowknife, Northwest Territories",All-items,63.7
1984-09,Canada,All-items,60.9
1984-09,Newfoundland and Labrador,All-items,65.5
1984-09,"St. John's, Newfoundland and Labrador",All-items,65.4
1984-09,Prince Edward Island,All-items,63.6
1984-09,"Charlottetown and Summerside, Prince Edward Island",All-items,63.9
1984-09,Nova Scotia,All-items,62.1
1984-09,"Halifax, Nova Scotia",All-items,62.1
1984-09,New Brunswick,All-items,62.6
1984-09,"Saint John, New Brunswick",All-items,62.9
1984-09,Quebec,All-items,61.6
1984-09,"Québec, Quebec",All-items,61.7
1984-09,"Montréal, Quebec",All-items,61.2
1984-09,Ontario,All-items,59.8
1984-09,"Ottawa-Gatineau, Ontario part, Ontario/Quebec",All-items,59.8
1984-09,"Toronto, Ontario",All-items,59.2
1984-09,"Thunder Bay, Ontario",All-items,61.6
1984-09,Manitoba,All-items,59.2
1984-09,"Winnipeg, Manitoba",All-items,59.1
1984-09,Saskatchewan,All-items,60.2
1984-09,"Regina, Saskatchewan",All-items,60.1
1984-09,"Saskatoon, Saskatchewan",All-items,60.0
1984-09,Alberta,All-items,60.2
1984-09,"Edmonton, Alberta",All-items,61.2
1984-09,"Calgary, Alberta",All-items,59.6
1984-09,British Columbia,All-items,63.5
1984-09,"Vancouver, British Columbia",All-items,62.6
1984-09,"Whitehorse, Yukon",All-items,65.2
1984-09,"Yellowknife, Northwest Territories",All-items,63.7
1984-10,Canada,All-items,61.1
1984-10,Newfoundland and Labrador,All-items,65.4
1984-10,"St. John's, Newfoundland and Labrador",All-items,65.2
1984-10,Prince Edward Island,All-items,63.9
1984-10,"Charlottetown and Summerside, Prince Edward Island",All-items,64.2
1984-10,Nova Scotia,All-items,62.4
1984-10,"Halifax, Nova Scotia",All-items,62.2
1984-10,New Brunswick,All-items,62.8
1984-10,"Saint John, New Brunswick",All-items,63.1
1984-10,Quebec,All-items,61.8
1984-10,"Québec, Quebec",All-items,62.1
1984-10,"Montréal, Quebec",All-items,61.3
1984-10,Ontario,All-items,59.9
1984-10,"Ottawa-Gatineau, Ontario part, Ontario/Quebec",All-items,60.0
1984-10,"Toronto, Ontario",All-items,59.2
1984-10,"Thunder Bay, Ontario",All-items,61.6
1984-10,Manitoba,All-items,59.8
1984-10,"Winnipeg, Manitoba",All-items,59.6
1984-10,Saskatchewan,All-items,60.3
1984-10,"Regina, Saskatchewan",All-items,60.3
1984-10,"Saskatoon, Saskatchewan",All-items,60.0
1984-10,Alberta,All-items,60.1
1984-10,"Edmonton, Alberta",All-items,61.2
1984-10,"Calgary, Alberta",All-items,59.3
1984-10,British Columbia,All-items,63.4
1984-10,"Vancouver, British Columbia",All-items,62.6
1984-10,"Whitehorse, Yukon",All-items,64.9
1984-10,"Yellowknife, Northwest Territories",All-items,63.3
1984-11,Canada,All-items,61.4
1984-11,Newfoundland and Labrador,All-items,65.7
1984-11,"St. John's, Newfoundland and Labrador",All-items,65.4
1984-11,Prince Edward Island,All-items,64.1
1984-11,"Charlottetown and Summerside, Prince Edward Island",All-items,64.4
1984-11,Nova Scotia,All-items,62.8
1984-11,"Halifax, Nova Scotia",All-items,62.7
1984-11,New Brunswick,All-items,63.2
1984-11,"Saint John, New Brunswick",All-items,63.5
1984-11,Quebec,All-items,62.3
1984-11,"Québec, Quebec",All-items,62.3
1984-11,"Montréal, Quebec",All-items,61.7
1984-11,Ontario,All-items,60.4
1984-11,"Ottawa-Gatineau, Ontario part, Ontario/Quebec",All-items,60.5
1984-11,"Toronto, Ontario",All-items,59.6
1984-11,"Thunder Bay, Ontario",All-items,62.0
1984-11,Manitoba,All-items,59.6
1984-11,"Winnipeg, Manitoba",All-items,59.5
1984-11,Saskatchewan,All-items,60.6
1984-11,"Regina, Saskatchewan",All-items,60.6
1984-11,"Saskatoon, Saskatchewan",All-items,60.4
1984-11,Alberta,All-items,60.2
1984-11,"Edmonton, Alberta",All-items,61.2
1984-11,"Calgary, Alberta",All-items,59.5
1984-11,British Columbia,All-items,63.6
1984-11,"Vancouver, British Columbia",All-items,62.9
1984-11,"Whitehorse, Yukon",All-items,65.3
1984-11,"Yellowknife, Northwest Territories",All-items,64.0
1984-12,Canada,All-items,61.4
1984-12,Newfoundland and Labrador,All-items,66.0
1984-12,"St. John's, Newfoundland and Labrador",All-items,65.9
1984-12,Prince Edward Island,All-items,64.2
1984-12,"Charlottetown and Summerside, Prince Edward Island",All-items,64.5
1984-12,Nova Scotia,All-items,62.8
1984-12,"Halifax, Nova Scotia",All-items,62.7
1984-12,New Brunswick,All-items,63.4
1984-12,"Saint John, New Brunswick",All-items,63.7
1984-12,Quebec,All-items,62.4
1984-12,"Québec, Quebec",All-items,62.5
1984-12,"Montréal, Quebec",All-items,62.0
1984-12,Ontario,All-items,60.3
1984-12,"Ottawa-Gatineau, Ontario part, Ontario/Quebec",All-items,60.6
1984-12,"Toronto, Ontario",All-items,59.6
1984-12,"Thunder Bay, Ontario",All-items,62.1
1984-12,Manitoba,All-items,59.6
1984-12,"Winnipeg, Manitoba",All-items,59.4
1984-12,Saskatchewan,All-items,60.7
1984-12,"Regina, Saskatchewan",All-items,60.7
1984-12,"Saskatoon, Saskatchewan",All-items,60.4
1984-12,Alberta,All-items,60.3
1984-12,"Edmonton, Alberta",All-items,61.3
1984-12,"Calgary, Alberta",All-items,59.7
1984-12,British Columbia,All-items,63.6
1984-12,"Vancouver, British Columbia",All-items,62.9
1984-12,"Victoria, British Columbia",All-items,64.8
1984-12,"Whitehorse, Yukon",All-items,65.3
1984-12,"Yellowknife, Northwest Territories",All-items,63.9
1985-01,Canada,All-items,61.7
1985-01,Newfoundland and Labrador,All-items,66.6
1985-01,"St. John's, Newfoundland and Labrador",All-items,66.6
1985-01,Prince Edward Island,All-items,64.5
1985-01,"Charlottetown and Summerside, Prince Edward Island",All-items,64.8
1985-01,Nova Scotia,All-items,63.1
1985-01,"Halifax, Nova Scotia",All-items,63.0
1985-01,New Brunswick,All-items,63.6
1985-01,"Saint John, New Brunswick",All-items,64.0
1985-01,Quebec,All-items,62.6
1985-01,"Québec, Quebec",All-items,62.6
1985-01,"Montréal, Quebec",All-items,62.1
1985-01,Ontario,All-items,60.7
1985-01,"Ottawa-Gatineau, Ontario part, Ontario/Quebec",All-items,60.8
1985-01,"Toronto, Ontario",All-items,60.0
1985-01,"Thunder Bay, Ontario",All-items,62.7
1985-01,Manitoba,All-items,60.0
1985-01,"Winnipeg, Manitoba",All-items,59.8
1985-01,Saskatchewan,All-items,60.9
1985-01,"Regina, Saskatchewan",All-items,60.8
1985-01,"Saskatoon, Saskatchewan",All-items,60.7
1985-01,Alberta,All-items,60.6
1985-01,"Edmonton, Alberta",All-items,61.7
1985-01,"Calgary, Alberta",All-items,59.7
1985-01,British Columbia,All-items,63.8
1985-01,"Vancouver, British Columbia",All-items,63.1
1985-01,"Victoria, British Columbia",All-items,65.0
1985-01,"Whitehorse, Yukon",All-items,65.4
1985-01,"Yellowknife, Northwest Territories",All-items,63.9
1985-02,Canada,All-items,62.1
1985-02,Newfoundland and Labrador,All-items,67.1
1985-02,"St. John's, Newfoundland and Labrador",All-items,67.0
1985-02,Prince Edward Island,All-items,65.0
1985-02,"Charlottetown and Summerside, Prince Edward Island",All-items,65.3
1985-02,Nova Scotia,All-items,63.5
1985-02,"Halifax, Nova Scotia",All-items,63.4
1985-02,New Brunswick,All-items,64.1
1985-02,"Saint John, New Brunswick",All-items,64.4
1985-02,Quebec,All-items,63.2
1985-02,"Québec, Quebec",All-items,63.1
1985-02,"Montréal, Quebec",All-items,62.7
1985-02,Ontario,All-items,61.0
1985-02,"Ottawa-Gatineau, Ontario part, Ontario/Quebec",All-items,61.1
1985-02,"Toronto, Ontario",All-items,60.3
1985-02,"Thunder Bay, Ontario",All-items,62.9
1985-02,Manitoba,All-items,60.1
1985-02,"Winnipeg, Manitoba",All-items,59.9
1985-02,Saskatchewan,All-items,61.1
1985-02,"Regina, Saskatchewan",All-items,61.0
1985-02,"Saskatoon, Saskatchewan",All-items,60.9
1985-02,Alberta,All-items,60.8
1985-02,"Edmonton, Alberta",All-items,61.9
1985-02,"Calgary, Alberta",All-items,59.9
1985-02,British Columbia,All-items,64.1
1985-02,"Vancouver, British Columbia",All-items,63.2
1985-02,"Victoria, British Columbia",All-items,65.3
1985-02,"Whitehorse, Yukon",All-items,65.7
1985-02,"Yellowknife, Northwest Territories",All-items,64.3
1985-03,Canada,All-items,62.2
1985-03,Newfoundland and Labrador,All-items,67.3
1985-03,"St. John's, Newfoundland and Labrador",All-items,67.1
1985-03,Prince Edward Island,All-items,64.9
1985-03,"Charlottetown and Summerside, Prince Edward Island",All-items,65.2
1985-03,Nova Scotia,All-items,63.9
1985-03,"Halifax, Nova Scotia",All-items,63.8
1985-03,New Brunswick,All-items,64.3
1985-03,"Saint John, New Brunswick",All-items,64.5
1985-03,Quebec,All-items,63.2
1985-03,"Québec, Quebec",All-items,63.4
1985-03,"Montréal, Quebec",All-items,62.7
1985-03,Ontario,All-items,61.3
1985-03,"Ottawa-Gatineau, Ontario part, Ontario/Quebec",All-items,61.1
1985-03,"Toronto, Ontario",All-items,60.5
1985-03,"Thunder Bay, Ontario",All-items,63.2
1985-03,Manitoba,All-items,60.5
1985-03,"Winnipeg, Manitoba",All-items,60.3
1985-03,Saskatchewan,All-items,61.4
1985-03,"Regina, Saskatchewan",All-items,61.3
1985-03,"Saskatoon, Saskatchewan",All-items,61.1
1985-03,Alberta,All-items,61.0
1985-03,"Edmonton, Alberta",All-items,62.2
1985-03,"Calgary, Alberta",All-items,60.2
1985-03,British Columbia,All-items,64.1
1985-03,"Vancouver, British Columbia",All-items,63.1
1985-03,"Victoria, British Columbia",All-items,65.8
1985-03,"Whitehorse, Yukon",All-items,65.8
1985-03,"Yellowknife, Northwest Territories",All-items,64.6
1985-04,Canada,All-items,62.5
1985-04,Newfoundland and Labrador,All-items,67.5
1985-04,"St. John's, Newfoundland and Labrador",All-items,67.4
1985-04,Prince Edward Island,All-items,65.3
1985-04,"Charlottetown and Summerside, Prince Edward Island",All-items,65.6
1985-04,Nova Scotia,All-items,64.0
1985-04,"Halifax, Nova Scotia",All-items,63.9
1985-04,New Brunswick,All-items,64.5
1985-04,"Saint John, New Brunswick",All-items,64.6
1985-04,Quebec,All-items,63.5
1985-04,"Québec, Quebec",All-items,63.7
1985-04,"Montréal, Quebec",All-items,63.0
1985-04,Ontario,All-items,61.3
1985-04,"Ottawa-Gatineau, Ontario part, Ontario/Quebec",All-items,61.4
1985-04,"Toronto, Ontario",All-items,60.7
1985-04,"Thunder Bay, Ontario",All-items,63.5
1985-04,Manitoba,All-items,60.9
1985-04,"Winnipeg, Manitoba",All-items,60.8
1985-04,Saskatchewan,All-items,61.6
1985-04,"Regina, Saskatchewan",All-items,61.6
1985-04,"Saskatoon, Saskatchewan",All-items,61.3
1985-04,Alberta,All-items,61.4
1985-04,"Edmonton, Alberta",All-items,62.5
1985-04,"Calgary, Alberta",All-items,60.5
1985-04,British Columbia,All-items,64.5
1985-04,"Vancouver, British Columbia",All-items,63.6
1985-04,"Victoria, British Columbia",All-items,66.0
1985-04,"Whitehorse, Yukon",All-items,66.2
1985-04,"Yellowknife, Northwest Territories",All-items,64.8
1985-05,Canada,All-items,62.7
1985-05,Newfoundland and Labrador,All-items,67.4
1985-05,"St. John's, Newfoundland and Labrador",All-items,67.2
1985-05,Prince Edward Island,All-items,65.3
1985-05,"Charlottetown and Summerside, Prince Edward Island",All-items,65.6
1985-05,Nova Scotia,All-items,64.3
1985-05,"Halifax, Nova Scotia",All-items,64.3
1985-05,New Brunswick,All-items,64.6
1985-05,"Saint John, New Brunswick",All-items,64.7
1985-05,Quebec,All-items,63.8
1985-05,"Québec, Quebec",All-items,63.9
1985-05,"Montréal, Quebec",All-items,63.3
1985-05,Ontario,All-items,61.4
1985-05,"Ottawa-Gatineau, Ontario part, Ontario/Quebec",All-items,61.4
1985-05,"Toronto, Ontario",All-items,60.7
1985-05,"Thunder Bay, Ontario",All-items,63.5
1985-05,Manitoba,All-items,61.3
1985-05,"Winnipeg, Manitoba",All-items,61.1
1985-05,Saskatchewan,All-items,61.7
1985-05,"Regina, Saskatchewan",All-items,61.6
1985-05,"Saskatoon, Saskatchewan",All-items,61.4
1985-05,Alberta,All-items,61.4
1985-05,"Edmonton, Alberta",All-items,62.7
1985-05,"Calgary, Alberta",All-items,60.6
1985-05,British Columbia,All-items,64.7
1985-05,"Vancouver, British Columbia",All-items,63.9
1985-05,"Victoria, British Columbia",All-items,66.2
1985-05,"Whitehorse, Yukon",All-items,66.3
1985-05,"Yellowknife, Northwest Territories",All-items,66.1
1985-06,Canada,All-items,63.0
1985-06,Newfoundland and Labrador,All-items,68.1
1985-06,"St. John's, Newfoundland and Labrador",All-items,67.9
1985-06,Prince Edward Island,All-items,65.7
1985-06,"Charlottetown and Summerside, Prince Edward Island",All-items,66.0
1985-06,Nova Scotia,All-items,64.6
1985-06,"Halifax, Nova Scotia",All-items,64.4
1985-06,New Brunswick,All-items,65.2
1985-06,"Saint John, New Brunswick",All-items,65.3
1985-06,Quebec,All-items,64.3
1985-06,"Québec, Quebec",All-items,64.5
1985-06,"Montréal, Quebec",All-items,63.9
1985-06,Ontario,All-items,61.8
1985-06,"Ottawa-Gatineau, Ontario part, Ontario/Quebec",All-items,62.0
1985-06,"Toronto, Ontario",All-items,61.0
1985-06,"Thunder Bay, Ontario",All-items,63.8
1985-06,Manitoba,All-items,61.6
1985-06,"Winnipeg, Manitoba",All-items,61.4
1985-06,Saskatchewan,All-items,62.0
1985-06,"Regina, Saskatchewan",All-items,61.9
1985-06,"Saskatoon, Saskatchewan",All-items,61.7
1985-06,Alberta,All-items,61.8
1985-06,"Edmonton, Alberta",All-items,63.0
1985-06,"Calgary, Alberta",All-items,61.0
1985-06,British Columbia,All-items,64.7
1985-06,"Vancouver, British Columbia",All-items,64.1
1985-06,"Victoria, British Columbia",All-items,66.3
1985-06,"Whitehorse, Yukon",All-items,66.5
1985-06,"Yellowknife, Northwest Territories",All-items,66.1
1985-07,Canada,All-items,63.3
1985-07,Newfoundland and Labrador,All-items,68.1
1985-07,"St. John's, Newfoundland and Labrador",All-items,68.1
1985-07,Prince Edward Island,All-items,66.1
1985-07,"Charlottetown and Summerside, Prince Edward Island",All-items,66.4
1985-07,Nova Scotia,All-items,64.7
1985-07,"Halifax, Nova Scotia",All-items,64.7
1985-07,New Brunswick,All-items,65.5
1985-07,"Saint John, New Brunswick",All-items,65.6
1985-07,Quebec,All-items,64.5
1985-07,"Québec, Quebec",All-items,64.7
1985-07,"Montréal, Quebec",All-items,64.1
1985-07,Ontario,All-items,61.9
1985-07,"Ottawa-Gatineau, Ontario part, Ontario/Quebec",All-items,62.1
1985-07,"Toronto, Ontario",All-items,61.1
1985-07,"Thunder Bay, Ontario",All-items,63.9
1985-07,Manitoba,All-items,61.7
1985-07,"Winnipeg, Manitoba",All-items,61.6
1985-07,Saskatchewan,All-items,62.2
1985-07,"Regina, Saskatchewan",All-items,62.1
1985-07,"Saskatoon, Saskatchewan",All-items,62.0
1985-07,Alberta,All-items,61.9
1985-07,"Edmonton, Alberta",All-items,63.1
1985-07,"Calgary, Alberta",All-items,61.2
1985-07,British Columbia,All-items,65.0
1985-07,"Vancouver, British Columbia",All-items,64.2
1985-07,"Victoria, British Columbia",All-items,66.4
1985-07,"Whitehorse, Yukon",All-items,66.6
1985-07,"Yellowknife, Northwest Territories",All-items,66.2
1985-08,Canada,All-items,63.3
1985-08,Newfoundland and Labrador,All-items,68.2
1985-08,"St. John's, Newfoundland and Labrador",All-items,68.1
1985-08,Prince Edward Island,All-items,66.2
1985-08,"Charlottetown and Summerside, Prince Edward Island",All-items,66.5
1985-08,Nova Scotia,All-items,65.0
1985-08,"Halifax, Nova Scotia",All-items,64.8
1985-08,New Brunswick,All-items,65.7
1985-08,"Saint John, New Brunswick",All-items,65.9
1985-08,Quebec,All-items,64.7
1985-08,"Québec, Quebec",All-items,64.9
1985-08,"Montréal, Quebec",All-items,64.2
1985-08,Ontario,All-items,62.1
1985-08,"Ottawa-Gatineau, Ontario part, Ontario/Quebec",All-items,62.2
1985-08,"Toronto, Ontario",All-items,61.3
1985-08,"Thunder Bay, Ontario",All-items,64.1
1985-08,Manitoba,All-items,61.6
1985-08,"Winnipeg, Manitoba",All-items,61.4
1985-08,Saskatchewan,All-items,61.9
1985-08,"Regina, Saskatchewan",All-items,61.6
1985-08,"Saskatoon, Saskatchewan",All-items,61.9
1985-08,Alberta,All-items,61.8
1985-08,"Edmonton, Alberta",All-items,62.8
1985-08,"Calgary, Alberta",All-items,61.0
1985-08,British Columbia,All-items,65.1
1985-08,"Vancouver, British Columbia",All-items,64.4
1985-08,"Victoria, British Columbia",All-items,66.5
1985-08,"Whitehorse, Yukon",All-items,66.9
1985-08,"Yellowknife, Northwest Territories",All-items,66.3
1985-09,Canada,All-items,63.4
1985-09,Newfoundland and Labrador,All-items,68.4
1985-09,"St. John's, Newfoundland and Labrador",All-items,68.3
1985-09,Prince Edward Island,All-items,66.5
1985-09,"Charlottetown and Summerside, Prince Edward Island",All-items,66.8
1985-09,Nova Scotia,All-items,65.0
1985-09,"Halifax, Nova Scotia",All-items,64.8
1985-09,New Brunswick,All-items,65.9
1985-09,"Saint John, New Brunswick",All-items,66.3
1985-09,Quebec,All-items,64.9
1985-09,"Québec, Quebec",All-items,65.2
1985-09,"Montréal, Quebec",All-items,64.5
1985-09,Ontario,All-items,62.1
1985-09,"Ottawa-Gatineau, Ontario part, Ontario/Quebec",All-items,62.1
1985-09,"Toronto, Ontario",All-items,61.3
1985-09,"Thunder Bay, Ontario",All-items,64.2
1985-09,Manitoba,All-items,61.8
1985-09,"Winnipeg, Manitoba",All-items,61.7
1985-09,Saskatchewan,All-items,62.2
1985-09,"Regina, Saskatchewan",All-items,62.0
1985-09,"Saskatoon, Saskatchewan",All-items,62.2
1985-09,Alberta,All-items,61.9
1985-09,"Edmonton, Alberta",All-items,62.9
1985-09,"Calgary, Alberta",All-items,61.2
1985-09,British Columbia,All-items,65.2
1985-09,"Vancouver, British Columbia",All-items,64.6
1985-09,"Victoria, British Columbia",All-items,66.3
1985-09,"Whitehorse, Yukon",All-items,67.1
1985-09,"Yellowknife, Northwest Territories",All-items,66.4
1985-10,Canada,All-items,63.6
1985-10,Newfoundland and Labrador,All-items,68.2
1985-10,"St. John's, Newfoundland and Labrador",All-items,68.2
1985-10,Prince Edward Island,All-items,66.0
1985-10,"Charlottetown and Summerside, Prince Edward Island",All-items,66.3
1985-10,Nova Scotia,All-items,65.0
1985-10,"Halifax, Nova Scotia",All-items,64.9
1985-10,New Brunswick,All-items,66.1
1985-10,"Saint John, New Brunswick",All-items,66.3
1985-10,Quebec,All-items,65.0
1985-10,"Québec, Quebec",All-items,65.2
1985-10,"Montréal, Quebec",All-items,64.5
1985-10,Ontario,All-items,62.4
1985-10,"Ottawa-Gatineau, Ontario part, Ontario/Quebec",All-items,62.3
1985-10,"Toronto, Ontario",All-items,61.5
1985-10,"Thunder Bay, Ontario",All-items,64.5
1985-10,Manitoba,All-items,62.2
1985-10,"Winnipeg, Manitoba",All-items,62.0
1985-10,Saskatchewan,All-items,62.7
1985-10,"Regina, Saskatchewan",All-items,62.4
1985-10,"Saskatoon, Saskatchewan",All-items,62.6
1985-10,Alberta,All-items,62.0
1985-10,"Edmonton, Alberta",All-items,62.9
1985-10,"Calgary, Alberta",All-items,61.3
1985-10,British Columbia,All-items,65.3
1985-10,"Vancouver, British Columbia",All-items,64.7
1985-10,"Victoria, British Columbia",All-items,66.6
1985-10,"Whitehorse, Yukon",All-items,67.1
1985-10,"Yellowknife, Northwest Territories",All-items,66.7
1985-11,Canada,All-items,63.8
1985-11,Newfoundland and Labrador,All-items,68.7
1985-11,"St. John's, Newfoundland and Labrador",All-items,68.5
1985-11,Prince Edward Island,All-items,66.1
1985-11,"Charlottetown and Summerside, Prince Edward Island",All-items,66.4
1985-11,Nova Scotia,All-items,65.1
1985-11,"Halifax, Nova Scotia",All-items,64.9
1985-11,New Brunswick,All-items,66.1
1985-11,"Saint John, New Brunswick",All-items,66.2
1985-11,Quebec,All-items,65.2
1985-11,"Québec, Quebec",All-items,65.3
1985-11,"Montréal, Quebec",All-items,64.7
1985-11,Ontario,All-items,62.7
1985-11,"Ottawa-Gatineau, Ontario part, Ontario/Quebec",All-items,62.7
1985-11,"Toronto, Ontario",All-items,61.9
1985-11,"Thunder Bay, Ontario",All-items,64.6
1985-11,Manitoba,All-items,62.3
1985-11,"Winnipeg, Manitoba",All-items,62.1
1985-11,Saskatchewan,All-items,62.7
1985-11,"Regina, Saskatchewan",All-items,62.5
1985-11,"Saskatoon, Saskatchewan",All-items,62.8
1985-11,Alberta,All-items,62.2
1985-11,"Edmonton, Alberta",All-items,63.3
1985-11,"Calgary, Alberta",All-items,61.5
1985-11,British Columbia,All-items,65.4
1985-11,"Vancouver, British Columbia",All-items,64.7
1985-11,"Victoria, British Columbia",All-items,66.7
1985-11,"Whitehorse, Yukon",All-items,67.2
1985-11,"Yellowknife, Northwest Territories",All-items,67.1
1985-12,Canada,All-items,64.1
1985-12,Newfoundland and Labrador,All-items,68.6
1985-12,"St. John's, Newfoundland and Labrador",All-items,68.4
1985-12,Prince Edward Island,All-items,66.0
1985-12,"Charlottetown and Summerside, Prince Edward Island",All-items,66.3
1985-12,Nova Scotia,All-items,65.5
1985-12,"Halifax, Nova Scotia",All-items,65.3
1985-12,New Brunswick,All-items,66.3
1985-12,"Saint John, New Brunswick",All-items,66.3
1985-12,Quebec,All-items,65.6
1985-12,"Québec, Quebec",All-items,65.9
1985-12,"Montréal, Quebec",All-items,65.1
1985-12,Ontario,All-items,63.0
1985-12,"Ottawa-Gatineau, Ontario part, Ontario/Quebec",All-items,63.0
1985-12,"Toronto, Ontario",All-items,62.2
1985-12,"Thunder Bay, Ontario",All-items,64.9
1985-12,Manitoba,All-items,62.6
1985-12,"Winnipeg, Manitoba",All-items,62.4
1985-12,Saskatchewan,All-items,63.1
1985-12,"Regina, Saskatchewan",All-items,62.7
1985-12,"Saskatoon, Saskatchewan",All-items,63.1
1985-12,Alberta,All-items,62.3
1985-12,"Edmonton, Alberta",All-items,63.4
1985-12,"Calgary, Alberta",All-items,61.6
1985-12,British Columbia,All-items,65.6
1985-12,"Vancouver, British Columbia",All-items,64.8
1985-12,"Victoria, British Columbia",All-items,66.8
1985-12,"Whitehorse, Yukon",All-items,67.5
1985-12,"Yellowknife, Northwest Territories",All-items,67.1
1986-01,Canada,All-items,64.4
1986-01,Newfoundland and Labrador,All-items,69.0
1986-01,"St. John's, Newfoundland and Labrador",All-items,68.9
1986-01,Prince Edward Island,All-items,66.4
1986-01,"Charlottetown and Summerside, Prince Edward Island",All-items,66.8
1986-01,Nova Scotia,All-items,65.6
1986-01,"Halifax, Nova Scotia",All-items,65.5
1986-01,New Brunswick,All-items,67.0
1986-01,"Saint John, New Brunswick",All-items,67.2
1986-01,Quebec,All-items,65.8
1986-01,"Québec, Quebec",All-items,66.2
1986-01,"Montréal, Quebec",All-items,65.3
1986-01,Ontario,All-items,63.4
1986-01,"Ottawa-Gatineau, Ontario part, Ontario/Quebec",All-items,63.3
1986-01,"Toronto, Ontario",All-items,62.5
1986-01,"Thunder Bay, Ontario",All-items,65.2
1986-01,Manitoba,All-items,62.9
1986-01,"Winnipeg, Manitoba",All-items,62.7
1986-01,Saskatchewan,All-items,63.1
1986-01,"Regina, Saskatchewan",All-items,62.8
1986-01,"Saskatoon, Saskatchewan",All-items,63.3
1986-01,Alberta,All-items,62.6
1986-01,"Edmonton, Alberta",All-items,63.7
1986-01,"Calgary, Alberta",All-items,61.8
1986-01,British Columbia,All-items,65.8
1986-01,"Vancouver, British Columbia",All-items,65.2
1986-01,"Victoria, British Columbia",All-items,66.9
1986-01,"Whitehorse, Yukon",All-items,67.9
1986-01,"Yellowknife, Northwest Territories",All-items,67.6
1986-02,Canada,All-items,64.7
1986-02,Newfoundland and Labrador,All-items,69.4
1986-02,"St. John's, Newfoundland and Labrador",All-items,69.3
1986-02,Prince Edward Island,All-items,66.8
1986-02,"Charlottetown and Summerside, Prince Edward Island",All-items,67.1
1986-02,Nova Scotia,All-items,66.0
1986-02,"Halifax, Nova Scotia",All-items,65.9
1986-02,New Brunswick,All-items,67.6
1986-02,"Saint John, New Brunswick",All-items,67.8
1986-02,Quebec,All-items,66.2
1986-02,"Québec, Quebec",All-items,66.5
1986-02,"Montréal, Quebec",All-items,65.6
1986-02,Ontario,All-items,63.6
1986-02,"Ottawa-Gatineau, Ontario part, Ontario/Quebec",All-items,63.4
1986-02,"Toronto, Ontario",All-items,62.9
1986-02,"Thunder Bay, Ontario",All-items,65.4
1986-02,Manitoba,All-items,63.1
1986-02,"Winnipeg, Manitoba",All-items,62.9
1986-02,Saskatchewan,All-items,63.1
1986-02,"Regina, Saskatchewan",All-items,62.8
1986-02,"Saskatoon, Saskatchewan",All-items,63.5
1986-02,Alberta,All-items,62.9
1986-02,"Edmonton, Alberta",All-items,64.1
1986-02,"Calgary, Alberta",All-items,62.1
1986-02,British Columbia,All-items,65.8
1986-02,"Vancouver, British Columbia",All-items,65.2
1986-02,"Victoria, British Columbia",All-items,66.9
1986-02,"Whitehorse, Yukon",All-items,67.9
1986-02,"Yellowknife, Northwest Territories",All-items,67.9
1986-03,Canada,All-items,64.9
1986-03,Newfoundland and Labrador,All-items,69.7
1986-03,"St. John's, Newfoundland and Labrador",All-items,69.6
1986-03,Prince Edward Island,All-items,66.8
1986-03,"Charlottetown and Summerside, Prince Edward Island",All-items,67.1
1986-03,Nova Scotia,All-items,66.0
1986-03,"Halifax, Nova Scotia",All-items,65.9
1986-03,New Brunswick,All-items,67.5
1986-03,"Saint John, New Brunswick",All-items,67.7
1986-03,Quebec,All-items,66.5
1986-03,"Québec, Quebec",All-items,66.7
1986-03,"Montréal, Quebec",All-items,66.0
1986-03,Ontario,All-items,63.7
1986-03,"Ottawa-Gatineau, Ontario part, Ontario/Quebec",All-items,63.7
1986-03,"Toronto, Ontario",All-items,63.0
1986-03,"Thunder Bay, Ontario",All-items,65.4
1986-03,Manitoba,All-items,63.1
1986-03,"Winnipeg, Manitoba",All-items,62.9
1986-03,Saskatchewan,All-items,62.8
1986-03,"Regina, Saskatchewan",All-items,62.3
1986-03,"Saskatoon, Saskatchewan",All-items,63.5
1986-03,Alberta,All-items,63.1
1986-03,"Edmonton, Alberta",All-items,64.2
1986-03,"Calgary, Alberta",All-items,62.4
1986-03,British Columbia,All-items,66.1
1986-03,"Vancouver, British Columbia",All-items,65.5
1986-03,"Victoria, British Columbia",All-items,67.1
1986-03,"Whitehorse, Yukon",All-items,68.1
1986-03,"Yellowknife, Northwest Territories",All-items,68.2
1986-04,Canada,All-items,64.9
1986-04,Newfoundland and Labrador,All-items,69.7
1986-04,"St. John's, Newfoundland and Labrador",All-items,69.4
1986-04,Prince Edward Island,All-items,66.5
1986-04,"Charlottetown and Summerside, Prince Edward Island",All-items,66.8
1986-04,Nova Scotia,All-items,66.0
1986-04,"Halifax, Nova Scotia",All-items,66.0
1986-04,New Brunswick,All-items,67.3
1986-04,"Saint John, New Brunswick",All-items,67.5
1986-04,Quebec,All-items,66.7
1986-04,"Québec, Quebec",All-items,66.9
1986-04,"Montréal, Quebec",All-items,66.2
1986-04,Ontario,All-items,63.8
1986-04,"Ottawa-Gatineau, Ontario part, Ontario/Quebec",All-items,63.8
1986-04,"Toronto, Ontario",All-items,63.0
1986-04,"Thunder Bay, Ontario",All-items,65.5
1986-04,Manitoba,All-items,63.4
1986-04,"Winnipeg, Manitoba",All-items,63.2
1986-04,Saskatchewan,All-items,62.9
1986-04,"Regina, Saskatchewan",All-items,62.1
1986-04,"Saskatoon, Saskatchewan",All-items,63.6
1986-04,Alberta,All-items,63.1
1986-04,"Edmonton, Alberta",All-items,64.3
1986-04,"Calgary, Alberta",All-items,62.4
1986-04,British Columbia,All-items,66.1
1986-04,"Vancouver, British Columbia",All-items,65.6
1986-04,"Victoria, British Columbia",All-items,66.9
1986-04,"Whitehorse, Yukon",All-items,68.3
1986-04,"Yellowknife, Northwest Territories",All-items,68.2
1986-05,Canada,All-items,65.3
1986-05,Newfoundland and Labrador,All-items,69.8
1986-05,"St. John's, Newfoundland and Labrador",All-items,69.7
1986-05,Prince Edward Island,All-items,66.5
1986-05,"Charlottetown and Summerside, Prince Edward Island",All-items,66.8
1986-05,Nova Scotia,All-items,66.5
1986-05,"Halifax, Nova Scotia",All-items,66.5
1986-05,New Brunswick,All-items,67.6
1986-05,"Saint John, New Brunswick",All-items,67.7
1986-05,Quebec,All-items,66.9
1986-05,"Québec, Quebec",All-items,67.1
1986-05,"Montréal, Quebec",All-items,66.6
1986-05,Ontario,All-items,64.1
1986-05,"Ottawa-Gatineau, Ontario part, Ontario/Quebec",All-items,64.1
1986-05,"Toronto, Ontario",All-items,63.4
1986-05,"Thunder Bay, Ontario",All-items,65.9
1986-05,Manitoba,All-items,63.6
1986-05,"Winnipeg, Manitoba",All-items,63.5
1986-05,Saskatchewan,All-items,63.2
1986-05,"Regina, Saskatchewan",All-items,62.5
1986-05,"Saskatoon, Saskatchewan",All-items,64.1
1986-05,Alberta,All-items,63.5
1986-05,"Edmonton, Alberta",All-items,64.7
1986-05,"Calgary, Alberta",All-items,62.7
1986-05,British Columbia,All-items,66.6
1986-05,"Vancouver, British Columbia",All-items,66.0
1986-05,"Victoria, British Columbia",All-items,67.3
1986-05,"Whitehorse, Yukon",All-items,68.8
1986-05,"Yellowknife, Northwest Territories",All-items,69.3
1986-06,Canada,All-items,65.4
1986-06,Newfoundland and Labrador,All-items,69.7
1986-06,"St. John's, Newfoundland and Labrador",All-items,69.6
1986-06,Prince Edward Island,All-items,66.4
1986-06,"Charlottetown and Summerside, Prince Edward Island",All-items,66.7
1986-06,Nova Scotia,All-items,66.3
1986-06,"Halifax, Nova Scotia",All-items,66.3
1986-06,New Brunswick,All-items,67.2
1986-06,"Saint John, New Brunswick",All-items,67.3
1986-06,Quebec,All-items,66.8
1986-06,"Québec, Quebec",All-items,67.1
1986-06,"Montréal, Quebec",All-items,66.4
1986-06,Ontario,All-items,64.3
1986-06,"Ottawa-Gatineau, Ontario part, Ontario/Quebec",All-items,64.1
1986-06,"Toronto, Ontario",All-items,63.6
1986-06,"Thunder Bay, Ontario",All-items,65.9
1986-06,Manitoba,All-items,63.8
1986-06,"Winnipeg, Manitoba",All-items,63.7
1986-06,Saskatchewan,All-items,63.4
1986-06,"Regina, Saskatchewan",All-items,62.8
1986-06,"Saskatoon, Saskatchewan",All-items,63.9
1986-06,Alberta,All-items,63.6
1986-06,"Edmonton, Alberta",All-items,64.8
1986-06,"Calgary, Alberta",All-items,62.8
1986-06,British Columbia,All-items,66.6
1986-06,"Vancouver, British Columbia",All-items,66.2
1986-06,"Victoria, British Columbia",All-items,67.0
1986-06,"Whitehorse, Yukon",All-items,68.9
1986-06,"Yellowknife, Northwest Territories",All-items,69.3
1986-07,Canada,All-items,65.9
1986-07,Newfoundland and Labrador,All-items,70.0
1986-07,"St. John's, Newfoundland and Labrador",All-items,70.0
1986-07,Prince Edward Island,All-items,67.0
1986-07,"Charlottetown and Summerside, Prince Edward Island",All-items,67.3
1986-07,Nova Scotia,All-items,66.6
1986-07,"Halifax, Nova Scotia",All-items,66.7
1986-07,New Brunswick,All-items,67.2
1986-07,"Saint John, New Brunswick",All-items,67.3
1986-07,Quebec,All-items,67.3
1986-07,"Québec, Quebec",All-items,67.6
1986-07,"Montréal, Quebec",All-items,66.9
1986-07,Ontario,All-items,64.8
1986-07,"Ottawa-Gatineau, Ontario part, Ontario/Quebec",All-items,64.6
1986-07,"Toronto, Ontario",All-items,64.3
1986-07,"Thunder Bay, Ontario",All-items,66.2
1986-07,Manitoba,All-items,64.3
1986-07,"Winnipeg, Manitoba",All-items,64.1
1986-07,Saskatchewan,All-items,63.9
1986-07,"Regina, Saskatchewan",All-items,63.3
1986-07,"Saskatoon, Saskatchewan",All-items,64.4
1986-07,Alberta,All-items,64.0
1986-07,"Edmonton, Alberta",All-items,65.2
1986-07,"Calgary, Alberta",All-items,63.4
1986-07,British Columbia,All-items,67.0
1986-07,"Vancouver, British Columbia",All-items,66.5
1986-07,"Victoria, British Columbia",All-items,67.6
1986-07,"Whitehorse, Yukon",All-items,69.4
1986-07,"Yellowknife, Northwest Territories",All-items,69.5
1986-08,Canada,All-items,66.0
1986-08,Newfoundland and Labrador,All-items,70.1
1986-08,"St. John's, Newfoundland and Labrador",All-items,70.0
1986-08,Prince Edward Island,All-items,67.3
1986-08,"Charlottetown and Summerside, Prince Edward Island",All-items,67.6
1986-08,Nova Scotia,All-items,66.7
1986-08,"Halifax, Nova Scotia",All-items,66.8
1986-08,New Brunswick,All-items,67.2
1986-08,"Saint John, New Brunswick",All-items,67.3
1986-08,Quebec,All-items,67.7
1986-08,"Québec, Quebec",All-items,68.1
1986-08,"Montréal, Quebec",All-items,67.3
1986-08,Ontario,All-items,65.0
1986-08,"Ottawa-Gatineau, Ontario part, Ontario/Quebec",All-items,64.7
1986-08,"Toronto, Ontario",All-items,64.4
1986-08,"Thunder Bay, Ontario",All-items,66.5
1986-08,Manitoba,All-items,64.6
1986-08,"Winnipeg, Manitoba",All-items,64.4
1986-08,Saskatchewan,All-items,63.9
1986-08,"Regina, Saskatchewan",All-items,63.3
1986-08,"Saskatoon, Saskatchewan",All-items,64.7
1986-08,Alberta,All-items,64.2
1986-08,"Edmonton, Alberta",All-items,65.3
1986-08,"Calgary, Alberta",All-items,63.4
1986-08,British Columbia,All-items,67.2
1986-08,"Vancouver, British Columbia",All-items,66.7
1986-08,"Victoria, British Columbia",All-items,67.6
1986-08,"Whitehorse, Yukon",All-items,69.7
1986-08,"Yellowknife, Northwest Territories",All-items,69.6
1986-09,Canada,All-items,66.0
1986-09,Newfoundland and Labrador,All-items,69.9
1986-09,"St. John's, Newfoundland and Labrador",All-items,69.8
1986-09,Prince Edward Island,All-items,67.2
1986-09,"Charlottetown and Summerside, Prince Edward Island",All-items,67.5
1986-09,Nova Scotia,All-items,66.6
1986-09,"Halifax, Nova Scotia",All-items,66.7
1986-09,New Brunswick,All-items,67.1
1986-09,"Saint John, New Brunswick",All-items,67.3
1986-09,Quebec,All-items,67.7
1986-09,"Québec, Quebec",All-items,68.1
1986-09,"Montréal, Quebec",All-items,67.3
1986-09,Ontario,All-items,65.0
1986-09,"Ottawa-Gatineau, Ontario part, Ontario/Quebec",All-items,64.6
1986-09,"Toronto, Ontario",All-items,64.4
1986-09,"Thunder Bay, Ontario",All-items,66.6
1986-09,Manitoba,All-items,64.8
1986-09,"Winnipeg, Manitoba",All-items,64.6
1986-09,Saskatchewan,All-items,63.9
1986-09,"Regina, Saskatchewan",All-items,63.4
1986-09,"Saskatoon, Saskatchewan",All-items,64.7
1986-09,Alberta,All-items,64.2
1986-09,"Edmonton, Alberta",All-items,65.2
1986-09,"Calgary, Alberta",All-items,63.4
1986-09,British Columbia,All-items,67.2
1986-09,"Vancouver, British Columbia",All-items,66.7
1986-09,"Victoria, British Columbia",All-items,67.5
1986-09,"Whitehorse, Yukon",All-items,69.6
1986-09,"Yellowknife, Northwest Territories",All-items,69.3
1986-10,Canada,All-items,66.4
1986-10,Newfoundland and Labrador,All-items,70.3
1986-10,"St. John's, Newfoundland and Labrador",All-items,70.2
1986-10,Prince Edward Island,All-items,67.5
1986-10,"Charlottetown and Summerside, Prince Edward Island",All-items,67.8
1986-10,Nova Scotia,All-items,67.0
1986-10,"Halifax, Nova Scotia",All-items,67.2
1986-10,New Brunswick,All-items,67.6
1986-10,"Saint John, New Brunswick",All-items,67.8
1986-10,Quebec,All-items,68.1
1986-10,"Québec, Quebec",All-items,68.4
1986-10,"Montréal, Quebec",All-items,67.7
1986-10,Ontario,All-items,65.4
1986-10,"Ottawa-Gatineau, Ontario part, Ontario/Quebec",All-items,65.1
1986-10,"Toronto, Ontario",All-items,64.9
1986-10,"Thunder Bay, Ontario",All-items,66.6
1986-10,Manitoba,All-items,65.0
1986-10,"Winnipeg, Manitoba",All-items,64.8
1986-10,Saskatchewan,All-items,64.4
1986-10,"Regina, Saskatchewan",All-items,63.6
1986-10,"Saskatoon, Saskatchewan",All-items,65.2
1986-10,Alberta,All-items,64.3
1986-10,"Edmonton, Alberta",All-items,65.3
1986-10,"Calgary, Alberta",All-items,63.7
1986-10,British Columbia,All-items,67.4
1986-10,"Vancouver, British Columbia",All-items,66.9
1986-10,"Victoria, British Columbia",All-items,67.6
1986-10,"Whitehorse, Yukon",All-items,69.7
1986-10,"Yellowknife, Northwest Territories",All-items,69.3
1986-11,Canada,All-items,66.7
1986-11,Newfoundland and Labrador,All-items,70.4
1986-11,"St. John's, Newfoundland and Labrador",All-items,70.3
1986-11,Prince Edward Island,All-items,67.6
1986-11,"Charlottetown and Summerside, Prince Edward Island",All-items,67.9
1986-11,Nova Scotia,All-items,67.4
1986-11,"Halifax, Nova Scotia",All-items,67.5
1986-11,New Brunswick,All-items,68.0
1986-11,"Saint John, New Brunswick",All-items,68.3
1986-11,Quebec,All-items,68.7
1986-11,"Québec, Quebec",All-items,68.8
1986-11,"Montréal, Quebec",All-items,68.3
1986-11,Ontario,All-items,65.8
1986-11,"Ottawa-Gatineau, Ontario part, Ontario/Quebec",All-items,65.3
1986-11,"Toronto, Ontario",All-items,65.4
1986-11,"Thunder Bay, Ontario",All-items,66.7
1986-11,Manitoba,All-items,65.3
1986-11,"Winnipeg, Manitoba",All-items,65.1
1986-11,Saskatchewan,All-items,64.6
1986-11,"Regina, Saskatchewan",All-items,64.0
1986-11,"Saskatoon, Saskatchewan",All-items,65.3
1986-11,Alberta,All-items,64.3
1986-11,"Edmonton, Alberta",All-items,65.2
1986-11,"Calgary, Alberta",All-items,63.6
1986-11,British Columbia,All-items,67.4
1986-11,"Vancouver, British Columbia",All-items,66.9
1986-11,"Victoria, British Columbia",All-items,67.7
1986-11,"Whitehorse, Yukon",All-items,70.1
1986-11,"Yellowknife, Northwest Territories",All-items,70.0
1986-12,Canada,All-items,66.8
1986-12,Newfoundland and Labrador,All-items,70.4
1986-12,"St. John's, Newfoundland and Labrador",All-items,70.4
1986-12,Prince Edward Island,All-items,67.8
1986-12,"Charlottetown and Summerside, Prince Edward Island",All-items,68.1
1986-12,Nova Scotia,All-items,67.6
1986-12,"Halifax, Nova Scotia",All-items,67.8
1986-12,New Brunswick,All-items,68.1
1986-12,"Saint John, New Brunswick",All-items,68.4
1986-12,Quebec,All-items,68.8
1986-12,"Québec, Quebec",All-items,68.9
1986-12,"Montréal, Quebec",All-items,68.5
1986-12,Ontario,All-items,65.9
1986-12,"Ottawa-Gatineau, Ontario part, Ontario/Quebec",All-items,65.3
1986-12,"Toronto, Ontario",All-items,65.5
1986-12,"Thunder Bay, Ontario",All-items,66.7
1986-12,Manitoba,All-items,65.3
1986-12,"Winnipeg, Manitoba",All-items,65.1
1986-12,Saskatchewan,All-items,64.7
1986-12,"Regina, Saskatchewan",All-items,64.0
1986-12,"Saskatoon, Saskatchewan",All-items,65.6
1986-12,Alberta,All-items,64.4
1986-12,"Edmonton, Alberta",All-items,65.3
1986-12,"Calgary, Alberta",All-items,63.8
1986-12,British Columbia,All-items,67.2
1986-12,"Vancouver, British Columbia",All-items,66.8
1986-12,"Victoria, British Columbia",All-items,67.9
1986-12,"Whitehorse, Yukon",All-items,70.1
1986-12,"Yellowknife, Northwest Territories",All-items,70.4
1987-01,Canada,All-items,67.0
1987-01,Newfoundland and Labrador,All-items,70.5
1987-01,"St. John's, Newfoundland and Labrador",All-items,70.5
1987-01,Prince Edward Island,All-items,68.1
1987-01,"Charlottetown and Summerside, Prince Edward Island",All-items,68.4
1987-01,Nova Scotia,All-items,67.8
1987-01,"Halifax, Nova Scotia",All-items,68.0
1987-01,New Brunswick,All-items,68.1
1987-01,"Saint John, New Brunswick",All-items,68.4
1987-01,Quebec,All-items,68.7
1987-01,"Québec, Quebec",All-items,68.8
1987-01,"Montréal, Quebec",All-items,68.3
1987-01,Ontario,All-items,66.2
1987-01,"Ottawa-Gatineau, Ontario part, Ontario/Quebec",All-items,65.5
1987-01,"Toronto, Ontario",All-items,65.7
1987-01,"Thunder Bay, Ontario",All-items,67.0
1987-01,Manitoba,All-items,65.5
1987-01,"Winnipeg, Manitoba",All-items,65.3
1987-01,Saskatchewan,All-items,65.1
1987-01,"Regina, Saskatchewan",All-items,64.5
1987-01,"Saskatoon, Saskatchewan",All-items,65.6
1987-01,Alberta,All-items,64.6
1987-01,"Edmonton, Alberta",All-items,65.6
1987-01,"Calgary, Alberta",All-items,63.9
1987-01,British Columbia,All-items,67.5
1987-01,"Vancouver, British Columbia",All-items,66.9
1987-01,"Victoria, British Columbia",All-items,67.6
1987-01,"Whitehorse, Yukon",All-items,70.1
1987-01,"Yellowknife, Northwest Territories",All-items,70.6
1987-02,Canada,All-items,67.3
1987-02,Newfoundland and Labrador,All-items,71.0
1987-02,"St. John's, Newfoundland and Labrador",All-items,70.9
1987-02,Prince Edward Island,All-items,68.3
1987-02,"Charlottetown and Summerside, Prince Edward Island",All-items,68.6
1987-02,Nova Scotia,All-items,68.3
1987-02,"Halifax, Nova Scotia",All-items,68.4
1987-02,New Brunswick,All-items,68.3
1987-02,"Saint John, New Brunswick",All-items,68.6
1987-02,Quebec,All-items,69.2
1987-02,"Québec, Quebec",All-items,69.2
1987-02,"Montréal, Quebec",All-items,68.7
1987-02,Ontario,All-items,66.5
1987-02,"Ottawa-Gatineau, Ontario part, Ontario/Quebec",All-items,65.9
1987-02,"Toronto, Ontario",All-items,66.0
1987-02,"Thunder Bay, Ontario",All-items,67.2
1987-02,Manitoba,All-items,65.6
1987-02,"Winnipeg, Manitoba",All-items,65.3
1987-02,Saskatchewan,All-items,65.3
1987-02,"Regina, Saskatchewan",All-items,64.8
1987-02,"Saskatoon, Saskatchewan",All-items,65.9
1987-02,Alberta,All-items,64.7
1987-02,"Edmonton, Alberta",All-items,65.8
1987-02,"Calgary, Alberta",All-items,63.9
1987-02,British Columbia,All-items,67.8
1987-02,"Vancouver, British Columbia",All-items,67.4
1987-02,"Victoria, British Columbia",All-items,67.8
1987-02,"Whitehorse, Yukon",All-items,70.4
1987-02,"Yellowknife, Northwest Territories",All-items,70.6
1987-03,Canada,All-items,67.5
1987-03,Newfoundland and Labrador,All-items,71.3
1987-03,"St. John's, Newfoundland and Labrador",All-items,71.2
1987-03,Prince Edward Island,All-items,68.6
1987-03,"Charlottetown and Summerside, Prince Edward Island",All-items,68.9
1987-03,Nova Scotia,All-items,68.3
1987-03,"Halifax, Nova Scotia",All-items,68.5
1987-03,New Brunswick,All-items,68.6
1987-03,"Saint John, New Brunswick",All-items,68.9
1987-03,Quebec,All-items,69.3
1987-03,"Québec, Quebec",All-items,69.4
1987-03,"Montréal, Quebec",All-items,68.9
1987-03,Ontario,All-items,66.8
1987-03,"Ottawa-Gatineau, Ontario part, Ontario/Quebec",All-items,66.2
1987-03,"Toronto, Ontario",All-items,66.4
1987-03,"Thunder Bay, Ontario",All-items,67.3
1987-03,Manitoba,All-items,66.0
1987-03,"Winnipeg, Manitoba",All-items,65.7
1987-03,Saskatchewan,All-items,65.6
1987-03,"Regina, Saskatchewan",All-items,65.1
1987-03,"Saskatoon, Saskatchewan",All-items,66.2
1987-03,Alberta,All-items,64.9
1987-03,"Edmonton, Alberta",All-items,66.0
1987-03,"Calgary, Alberta",All-items,64.1
1987-03,British Columbia,All-items,68.2
1987-03,"Vancouver, British Columbia",All-items,67.7
1987-03,"Victoria, British Columbia",All-items,68.8
1987-03,"Whitehorse, Yukon",All-items,70.5
1987-03,"Yellowknife, Northwest Territories",All-items,70.7
1987-04,Canada,All-items,67.9
1987-04,Newfoundland and Labrador,All-items,71.6
1987-04,"St. John's, Newfoundland and Labrador",All-items,71.4
1987-04,Prince Edward Island,All-items,68.9
1987-04,"Charlottetown and Summerside, Prince Edward Island",All-items,69.2
1987-04,Nova Scotia,All-items,68.5
1987-04,"Halifax, Nova Scotia",All-items,68.5
1987-04,New Brunswick,All-items,68.9
1987-04,"Saint John, New Brunswick",All-items,69.3
1987-04,Quebec,All-items,69.6
1987-04,"Québec, Quebec",All-items,69.6
1987-04,"Montréal, Quebec",All-items,69.2
1987-04,Ontario,All-items,67.2
1987-04,"Ottawa-Gatineau, Ontario part, Ontario/Quebec",All-items,66.5
1987-04,"Toronto, Ontario",All-items,66.8
1987-04,"Thunder Bay, Ontario",All-items,67.6
1987-04,Manitoba,All-items,66.2
1987-04,"Winnipeg, Manitoba",All-items,65.9
1987-04,Saskatchewan,All-items,65.7
1987-04,"Regina, Saskatchewan",All-items,65.2
1987-04,"Saskatoon, Saskatchewan",All-items,66.4
1987-04,Alberta,All-items,65.5
1987-04,"Edmonton, Alberta",All-items,66.7
1987-04,"Calgary, Alberta",All-items,64.7
1987-04,British Columbia,All-items,68.1
1987-04,"Vancouver, British Columbia",All-items,67.6
1987-04,"Victoria, British Columbia",All-items,68.3
1987-04,"Whitehorse, Yukon",All-items,70.5
1987-04,"Yellowknife, Northwest Territories",All-items,70.9
1987-05,Canada,All-items,68.3
1987-05,Newfoundland and Labrador,All-items,71.7
1987-05,"St. John's, Newfoundland and Labrador",All-items,71.6
1987-05,Prince Edward Island,All-items,68.8
1987-05,"Charlottetown and Summerside, Prince Edward Island",All-items,69.1
1987-05,Nova Scotia,All-items,68.5
1987-05,"Halifax, Nova Scotia",All-items,68.6
1987-05,New Brunswick,All-items,69.1
1987-05,"Saint John, New Brunswick",All-items,69.5
1987-05,Quebec,All-items,69.9
1987-05,"Québec, Quebec",All-items,69.9
1987-05,"Montréal, Quebec",All-items,69.5
1987-05,Ontario,All-items,67.6
1987-05,"Ottawa-Gatineau, Ontario part, Ontario/Quebec",All-items,66.5
1987-05,"Toronto, Ontario",All-items,67.3
1987-05,"Thunder Bay, Ontario",All-items,67.7
1987-05,Manitoba,All-items,67.1
1987-05,"Winnipeg, Manitoba",All-items,66.8
1987-05,Saskatchewan,All-items,66.1
1987-05,"Regina, Saskatchewan",All-items,65.7
1987-05,"Saskatoon, Saskatchewan",All-items,66.7
1987-05,Alberta,All-items,66.1
1987-05,"Edmonton, Alberta",All-items,67.4
1987-05,"Calgary, Alberta",All-items,65.2
1987-05,British Columbia,All-items,68.5
1987-05,"Vancouver, British Columbia",All-items,67.9
1987-05,"Victoria, British Columbia",All-items,68.9
1987-05,"Whitehorse, Yukon",All-items,71.0
1987-05,"Yellowknife, Northwest Territories",All-items,71.8
1987-06,Canada,All-items,68.5
1987-06,Newfoundland and Labrador,All-items,71.9
1987-06,"St. John's, Newfoundland and Labrador",All-items,71.8
1987-06,Prince Edward Island,All-items,69.3
1987-06,"Charlottetown and Summerside, Prince Edward Island",All-items,69.6
1987-06,Nova Scotia,All-items,68.6
1987-06,"Halifax, Nova Scotia",All-items,68.5
1987-06,New Brunswick,All-items,69.3
1987-06,"Saint John, New Brunswick",All-items,69.6
1987-06,Quebec,All-items,70.1
1987-06,"Québec, Quebec",All-items,70.2
1987-06,"Montréal, Quebec",All-items,69.8
1987-06,Ontario,All-items,67.8
1987-06,"Ottawa-Gatineau, Ontario part, Ontario/Quebec",All-items,66.7
1987-06,"Toronto, Ontario",All-items,67.6
1987-06,"Thunder Bay, Ontario",All-items,68.1
1987-06,Manitoba,All-items,67.1
1987-06,"Winnipeg, Manitoba",All-items,66.9
1987-06,Saskatchewan,All-items,66.2
1987-06,"Regina, Saskatchewan",All-items,65.7
1987-06,"Saskatoon, Saskatchewan",All-items,66.8
1987-06,Alberta,All-items,66.6
1987-06,"Edmonton, Alberta",All-items,67.9
1987-06,"Calgary, Alberta",All-items,65.7
1987-06,British Columbia,All-items,68.5
1987-06,"Vancouver, British Columbia",All-items,67.9
1987-06,"Victoria, British Columbia",All-items,68.9
1987-06,"Whitehorse, Yukon",All-items,71.1
1987-06,"Yellowknife, Northwest Territories",All-items,71.7
1987-07,Canada,All-items,68.9
1987-07,Newfoundland and Labrador,All-items,72.2
1987-07,"St. John's, Newfoundland and Labrador",All-items,72.1
1987-07,Prince Edward Island,All-items,69.8
1987-07,"Charlottetown and Summerside, Prince Edward Island",All-items,70.1
1987-07,Nova Scotia,All-items,69.0
1987-07,"Halifax, Nova Scotia",All-items,69.1
1987-07,New Brunswick,All-items,69.6
1987-07,"Saint John, New Brunswick",All-items,70.0
1987-07,Quebec,All-items,70.5
1987-07,"Québec, Quebec",All-items,70.6
1987-07,"Montréal, Quebec",All-items,70.1
1987-07,Ontario,All-items,68.4
1987-07,"Ottawa-Gatineau, Ontario part, Ontario/Quebec",All-items,67.1
1987-07,"Toronto, Ontario",All-items,68.3
1987-07,"Thunder Bay, Ontario",All-items,68.8
1987-07,Manitoba,All-items,66.9
1987-07,"Winnipeg, Manitoba",All-items,66.8
1987-07,Saskatchewan,All-items,67.8
1987-07,"Regina, Saskatchewan",All-items,67.2
1987-07,"Saskatoon, Saskatchewan",All-items,68.4
1987-07,Alberta,All-items,67.1
1987-07,"Edmonton, Alberta",All-items,68.4
1987-07,"Calgary, Alberta",All-items,66.1
1987-07,British Columbia,All-items,69.0
1987-07,"Vancouver, British Columbia",All-items,68.5
1987-07,"Victoria, British Columbia",All-items,69.3
1987-07,"Whitehorse, Yukon",All-items,71.7
1987-07,"Yellowknife, Northwest Territories",All-items,72.5
1987-08,Canada,All-items,69.0
1987-08,Newfoundland and Labrador,All-items,72.1
1987-08,"St. John's, Newfoundland and Labrador",All-items,72.0
1987-08,Prince Edward Island,All-items,69.8
1987-08,"Charlottetown and Summerside, Prince Edward Island",All-items,70.1
1987-08,Nova Scotia,All-items,69.0
1987-08,"Halifax, Nova Scotia",All-items,69.1
1987-08,New Brunswick,All-items,69.6
1987-08,"Saint John, New Brunswick",All-items,70.0
1987-08,Quebec,All-items,70.5
1987-08,"Québec, Quebec",All-items,70.4
1987-08,"Montréal, Quebec",All-items,70.1
1987-08,Ontario,All-items,68.4
1987-08,"Ottawa-Gatineau, Ontario part, Ontario/Quebec",All-items,67.2
1987-08,"Toronto, Ontario",All-items,68.3
1987-08,"Thunder Bay, Ontario",All-items,68.8
1987-08,Manitoba,All-items,67.3
1987-08,"Winnipeg, Manitoba",All-items,67.1
1987-08,Saskatchewan,All-items,67.8
1987-08,"Regina, Saskatchewan",All-items,67.3
1987-08,"Saskatoon, Saskatchewan",All-items,68.4
1987-08,Alberta,All-items,67.1
1987-08,"Edmonton, Alberta",All-items,68.5
1987-08,"Calgary, Alberta",All-items,66.1
1987-08,British Columbia,All-items,69.1
1987-08,"Vancouver, British Columbia",All-items,68.5
1987-08,"Victoria, British Columbia",All-items,69.4
1987-08,"Whitehorse, Yukon",All-items,71.9
1987-08,"Yellowknife, Northwest Territories",All-items,72.6
1987-09,Canada,All-items,69.0
1987-09,Newfoundland and Labrador,All-items,72.0
1987-09,"St. John's, Newfoundland and Labrador",All-items,71.8
1987-09,Prince Edward Island,All-items,69.8
1987-09,"Charlottetown and Summerside, Prince Edward Island",All-items,70.2
1987-09,Nova Scotia,All-items,68.9
1987-09,"Halifax, Nova Scotia",All-items,69.0
1987-09,New Brunswick,All-items,69.6
1987-09,"Saint John, New Brunswick",All-items,70.0
1987-09,Quebec,All-items,70.5
1987-09,"Québec, Quebec",All-items,70.4
1987-09,"Montréal, Quebec",All-items,70.3
1987-09,Ontario,All-items,68.4
1987-09,"Ottawa-Gatineau, Ontario part, Ontario/Quebec",All-items,67.4
1987-09,"Toronto, Ontario",All-items,68.3
1987-09,"Thunder Bay, Ontario",All-items,68.8
1987-09,Manitoba,All-items,67.1
1987-09,"Winnipeg, Manitoba",All-items,66.9
1987-09,Saskatchewan,All-items,67.7
1987-09,"Regina, Saskatchewan",All-items,67.0
1987-09,"Saskatoon, Saskatchewan",All-items,68.6
1987-09,Alberta,All-items,66.9
1987-09,"Edmonton, Alberta",All-items,68.5
1987-09,"Calgary, Alberta",All-items,65.8
1987-09,British Columbia,All-items,69.2
1987-09,"Vancouver, British Columbia",All-items,68.8
1987-09,"Victoria, British Columbia",All-items,69.3
1987-09,"Whitehorse, Yukon",All-items,71.7
1987-09,"Yellowknife, Northwest Territories",All-items,72.3
1987-10,Canada,All-items,69.2
1987-10,Newfoundland and Labrador,All-items,72.6
1987-10,"St. John's, Newfoundland and Labrador",All-items,72.5
1987-10,Prince Edward Island,All-items,70.2
1987-10,"Charlottetown and Summerside, Prince Edward Island",All-items,70.5
1987-10,Nova Scotia,All-items,69.1
1987-10,"Halifax, Nova Scotia",All-items,69.2
1987-10,New Brunswick,All-items,70.3
1987-10,"Saint John, New Brunswick",All-items,70.7
1987-10,Quebec,All-items,71.1
1987-10,"Québec, Quebec",All-items,70.9
1987-10,"Montréal, Quebec",All-items,70.7
1987-10,Ontario,All-items,68.7
1987-10,"Ottawa-Gatineau, Ontario part, Ontario/Quebec",All-items,67.6
1987-10,"Toronto, Ontario",All-items,68.3
1987-10,"Thunder Bay, Ontario",All-items,68.8
1987-10,Manitoba,All-items,67.1
1987-10,"Winnipeg, Manitoba",All-items,66.8
1987-10,Saskatchewan,All-items,67.8
1987-10,"Regina, Saskatchewan",All-items,67.0
1987-10,"Saskatoon, Saskatchewan",All-items,68.6
1987-10,Alberta,All-items,67.0
1987-10,"Edmonton, Alberta",All-items,68.3
1987-10,"Calgary, Alberta",All-items,65.9
1987-10,British Columbia,All-items,69.4
1987-10,"Vancouver, British Columbia",All-items,68.9
1987-10,"Victoria, British Columbia",All-items,69.8
1987-10,"Whitehorse, Yukon",All-items,71.4
1987-10,"Yellowknife, Northwest Territories",All-items,72.1
1987-11,Canada,All-items,69.5
1987-11,Newfoundland and Labrador,All-items,72.7
1987-11,"St. John's, Newfoundland and Labrador",All-items,72.5
1987-11,Prince Edward Island,All-items,70.4
1987-11,"Charlottetown and Summerside, Prince Edward Island",All-items,70.7
1987-11,Nova Scotia,All-items,69.7
1987-11,"Halifax, Nova Scotia",All-items,70.0
1987-11,New Brunswick,All-items,70.4
1987-11,"Saint John, New Brunswick",All-items,70.9
1987-11,Quebec,All-items,71.4
1987-11,"Québec, Quebec",All-items,71.3
1987-11,"Montréal, Quebec",All-items,71.2
1987-11,Ontario,All-items,68.9
1987-11,"Ottawa-Gatineau, Ontario part, Ontario/Quebec",All-items,68.0
1987-11,"Toronto, Ontario",All-items,68.6
1987-11,"Thunder Bay, Ontario",All-items,68.9
1987-11,Manitoba,All-items,67.9
1987-11,"Winnipeg, Manitoba",All-items,67.7
1987-11,Saskatchewan,All-items,68.3
1987-11,"Regina, Saskatchewan",All-items,67.7
1987-11,"Saskatoon, Saskatchewan",All-items,69.1
1987-11,Alberta,All-items,67.2
1987-11,"Edmonton, Alberta",All-items,68.6
1987-11,"Calgary, Alberta",All-items,66.1
1987-11,British Columbia,All-items,69.7
1987-11,"Vancouver, British Columbia",All-items,69.2
1987-11,"Victoria, British Columbia",All-items,70.2
1987-11,"Whitehorse, Yukon",All-items,71.8
1987-11,"Yellowknife, Northwest Territories",All-items,72.5
1987-12,Canada,All-items,69.6
1987-12,Newfoundland and Labrador,All-items,72.7
1987-12,"St. John's, Newfoundland and Labrador",All-items,72.7
1987-12,Prince Edward Island,All-items,70.3
1987-12,"Charlottetown and Summerside, Prince Edward Island",All-items,70.6
1987-12,Nova Scotia,All-items,69.9
1987-12,"Halifax, Nova Scotia",All-items,70.1
1987-12,New Brunswick,All-items,70.4
1987-12,"Saint John, New Brunswick",All-items,70.9
1987-12,Quebec,All-items,71.4
1987-12,"Québec, Quebec",All-items,71.2
1987-12,"Montréal, Quebec",All-items,71.1
1987-12,Ontario,All-items,68.8
1987-12,"Ottawa-Gatineau, Ontario part, Ontario/Quebec",All-items,67.9
1987-12,"Toronto, Ontario",All-items,68.6
1987-12,"Thunder Bay, Ontario",All-items,69.2
1987-12,Manitoba,All-items,67.9
1987-12,"Winnipeg, Manitoba",All-items,67.7
1987-12,Saskatchewan,All-items,68.4
1987-12,"Regina, Saskatchewan",All-items,67.7
1987-12,"Saskatoon, Saskatchewan",All-items,69.3
1987-12,Alberta,All-items,67.3
1987-12,"Edmonton, Alberta",All-items,68.6
1987-12,"Calgary, Alberta",All-items,66.4
1987-12,British Columbia,All-items,69.7
1987-12,"Vancouver, British Columbia",All-items,69.1
1987-12,"Victoria, British Columbia",All-items,70.2
1987-12,"Whitehorse, Yukon",All-items,72.1
1987-12,"Yellowknife, Northwest Territories",All-items,72.5
1988-01,Canada,All-items,69.7
1988-01,Newfoundland and Labrador,All-items,72.7
1988-01,"St. John's, Newfoundland and Labrador",All-items,72.5
1988-01,Prince Edward Island,All-items,70.4
1988-01,"Charlottetown and Summerside, Prince Edward Island",All-items,70.8
1988-01,Nova Scotia,All-items,69.8
1988-01,"Halifax, Nova Scotia",All-items,70.1
1988-01,New Brunswick,All-items,70.7
1988-01,"Saint John, New Brunswick",All-items,71.1
1988-01,Quebec,All-items,71.4
1988-01,"Québec, Quebec",All-items,71.4
1988-01,"Montréal, Quebec",All-items,71.1
1988-01,Ontario,All-items,69.0
1988-01,"Ottawa-Gatineau, Ontario part, Ontario/Quebec",All-items,68.0
1988-01,"Toronto, Ontario",All-items,68.8
1988-01,"Thunder Bay, Ontario",All-items,69.3
1988-01,Manitoba,All-items,67.9
1988-01,"Winnipeg, Manitoba",All-items,67.7
1988-01,Saskatchewan,All-items,68.9
1988-01,"Regina, Saskatchewan",All-items,68.1
1988-01,"Saskatoon, Saskatchewan",All-items,69.6
1988-01,Alberta,All-items,67.2
1988-01,"Edmonton, Alberta",All-items,68.3
1988-01,"Calgary, Alberta",All-items,66.5
1988-01,British Columbia,All-items,70.1
1988-01,"Vancouver, British Columbia",All-items,69.5
1988-01,"Victoria, British Columbia",All-items,70.8
1988-01,"Whitehorse, Yukon",All-items,71.9
1988-01,"Yellowknife, Northwest Territories",All-items,72.1
1988-02,Canada,All-items,70.0
1988-02,Newfoundland and Labrador,All-items,72.8
1988-02,"St. John's, Newfoundland and Labrador",All-items,72.8
1988-02,Prince Edward Island,All-items,71.0
1988-02,"Charlottetown and Summerside, Prince Edward Island",All-items,71.3
1988-02,Nova Scotia,All-items,70.2
1988-02,"Halifax, Nova Scotia",All-items,70.5
1988-02,New Brunswick,All-items,70.9
1988-02,"Saint John, New Brunswick",All-items,71.3
1988-02,Quebec,All-items,71.9
1988-02,"Québec, Quebec",All-items,71.8
1988-02,"Montréal, Quebec",All-items,71.6
1988-02,Ontario,All-items,69.3
1988-02,"Ottawa-Gatineau, Ontario part, Ontario/Quebec",All-items,68.4
1988-02,"Toronto, Ontario",All-items,69.1
1988-02,"Thunder Bay, Ontario",All-items,69.8
1988-02,Manitoba,All-items,68.1
1988-02,"Winnipeg, Manitoba",All-items,67.7
1988-02,Saskatchewan,All-items,69.1
1988-02,"Regina, Saskatchewan",All-items,68.4
1988-02,"Saskatoon, Saskatchewan",All-items,69.9
1988-02,Alberta,All-items,67.2
1988-02,"Edmonton, Alberta",All-items,68.6
1988-02,"Calgary, Alberta",All-items,66.3
1988-02,British Columbia,All-items,70.1
1988-02,"Vancouver, British Columbia",All-items,69.4
1988-02,"Victoria, British Columbia",All-items,70.5
1988-02,"Whitehorse, Yukon",All-items,72.2
1988-02,"Yellowknife, Northwest Territories",All-items,72.9
1988-03,Canada,All-items,70.4
1988-03,Newfoundland and Labrador,All-items,73.1
1988-03,"St. John's, Newfoundland and Labrador",All-items,72.9
1988-03,Prince Edward Island,All-items,71.2
1988-03,"Charlottetown and Summerside, Prince Edward Island",All-items,71.5
1988-03,Nova Scotia,All-items,70.5
1988-03,"Halifax, Nova Scotia",All-items,70.8
1988-03,New Brunswick,All-items,71.0
1988-03,"Saint John, New Brunswick",All-items,71.1
1988-03,Quebec,All-items,72.1
1988-03,"Québec, Quebec",All-items,72.0
1988-03,"Montréal, Quebec",All-items,71.8
1988-03,Ontario,All-items,69.7
1988-03,"Ottawa-Gatineau, Ontario part, Ontario/Quebec",All-items,68.8
1988-03,"Toronto, Ontario",All-items,69.4
1988-03,"Thunder Bay, Ontario",All-items,70.0
1988-03,Manitoba,All-items,68.7
1988-03,"Winnipeg, Manitoba",All-items,68.5
1988-03,Saskatchewan,All-items,69.3
1988-03,"Regina, Saskatchewan",All-items,68.6
1988-03,"Saskatoon, Saskatchewan",All-items,70.1
1988-03,Alberta,All-items,67.7
1988-03,"Edmonton, Alberta",All-items,68.9
1988-03,"Calgary, Alberta",All-items,66.9
1988-03,British Columbia,All-items,70.6
1988-03,"Vancouver, British Columbia",All-items,70.1
1988-03,"Victoria, British Columbia",All-items,70.9
1988-03,"Whitehorse, Yukon",All-items,72.7
1988-03,"Yellowknife, Northwest Territories",All-items,73.5
1988-04,Canada,All-items,70.6
1988-04,Newfoundland and Labrador,All-items,73.3
1988-04,"St. John's, Newfoundland and Labrador",All-items,73.1
1988-04,Prince Edward Island,All-items,71.5
1988-04,"Charlottetown and Summerside, Prince Edward Island",All-items,71.8
1988-04,Nova Scotia,All-items,70.8
1988-04,"Halifax, Nova Scotia",All-items,71.0
1988-04,New Brunswick,All-items,71.1
1988-04,"Saint John, New Brunswick",All-items,71.1
1988-04,Quebec,All-items,72.3
1988-04,"Québec, Quebec",All-items,72.1
1988-04,"Montréal, Quebec",All-items,72.0
1988-04,Ontario,All-items,69.9
1988-04,"Ottawa-Gatineau, Ontario part, Ontario/Quebec",All-items,68.9
1988-04,"Toronto, Ontario",All-items,69.8
1988-04,"Thunder Bay, Ontario",All-items,70.2
1988-04,Manitoba,All-items,69.2
1988-04,"Winnipeg, Manitoba",All-items,69.0
1988-04,Saskatchewan,All-items,69.4
1988-04,"Regina, Saskatchewan",All-items,68.6
1988-04,"Saskatoon, Saskatchewan",All-items,70.3
1988-04,Alberta,All-items,68.1
1988-04,"Edmonton, Alberta",All-items,69.3
1988-04,"Calgary, Alberta",All-items,67.2
1988-04,British Columbia,All-items,70.8
1988-04,"Vancouver, British Columbia",All-items,70.3
1988-04,"Victoria, British Columbia",All-items,71.5
1988-04,"Whitehorse, Yukon",All-items,72.8
1988-04,"Yellowknife, Northwest Territories",All-items,73.8
1988-05,Canada,All-items,71.0
1988-05,Newfoundland and Labrador,All-items,73.1
1988-05,"St. John's, Newfoundland and Labrador",All-items,73.1
1988-05,Prince Edward Island,All-items,71.5
1988-05,"Charlottetown and Summerside, Prince Edward Island",All-items,71.9
1988-05,Nova Scotia,All-items,70.6
1988-05,"Halifax, Nova Scotia",All-items,70.9
1988-05,New Brunswick,All-items,71.1
1988-05,"Saint John, New Brunswick",All-items,71.2
1988-05,Quebec,All-items,72.5
1988-05,"Québec, Quebec",All-items,72.3
1988-05,"Montréal, Quebec",All-items,72.4
1988-05,Ontario,All-items,70.8
1988-05,"Ottawa-Gatineau, Ontario part, Ontario/Quebec",All-items,69.4
1988-05,"Toronto, Ontario",All-items,70.7
1988-05,"Thunder Bay, Ontario",All-items,70.9
1988-05,Manitoba,All-items,69.2
1988-05,"Winnipeg, Manitoba",All-items,69.0
1988-05,Saskatchewan,All-items,69.5
1988-05,"Regina, Saskatchewan",All-items,68.8
1988-05,"Saskatoon, Saskatchewan",All-items,70.4
1988-05,Alberta,All-items,68.2
1988-05,"Edmonton, Alberta",All-items,69.6
1988-05,"Calgary, Alberta",All-items,67.1
1988-05,British Columbia,All-items,70.9
1988-05,"Vancouver, British Columbia",All-items,70.4
1988-05,"Victoria, British Columbia",All-items,71.5
1988-05,"Whitehorse, Yukon",All-items,73.1
1988-05,"Yellowknife, Northwest Territories",All-items,73.8
1988-06,Canada,All-items,71.2
1988-06,Newfoundland and Labrador,All-items,73.4
1988-06,"St. John's, Newfoundland and Labrador",All-items,73.4
1988-06,Prince Edward Island,All-items,71.8
1988-06,"Charlottetown and Summerside, Prince Edward Island",All-items,72.1
1988-06,Nova Scotia,All-items,70.9
1988-06,"Halifax, Nova Scotia",All-items,71.1
1988-06,New Brunswick,All-items,71.5
1988-06,"Saint John, New Brunswick",All-items,71.7
1988-06,Quebec,All-items,72.7
1988-06,"Québec, Quebec",All-items,72.5
1988-06,"Montréal, Quebec",All-items,72.4
1988-06,Ontario,All-items,71.0
1988-06,"Ottawa-Gatineau, Ontario part, Ontario/Quebec",All-items,69.7
1988-06,"Toronto, Ontario",All-items,71.1
1988-06,"Thunder Bay, Ontario",All-items,70.9
1988-06,Manitoba,All-items,69.4
1988-06,"Winnipeg, Manitoba",All-items,69.2
1988-06,Saskatchewan,All-items,69.6
1988-06,"Regina, Saskatchewan",All-items,68.9
1988-06,"Saskatoon, Saskatchewan",All-items,70.5
1988-06,Alberta,All-items,68.1
1988-06,"Edmonton, Alberta",All-items,69.4
1988-06,"Calgary, Alberta",All-items,67.1
1988-06,British Columbia,All-items,70.8
1988-06,"Vancouver, British Columbia",All-items,70.3
1988-06,"Victoria, British Columbia",All-items,71.5
1988-06,"Whitehorse, Yukon",All-items,73.1
1988-06,"Yellowknife, Northwest Territories",All-items,73.5
1988-07,Canada,All-items,71.6
1988-07,Newfoundland and Labrador,All-items,73.8
1988-07,"St. John's, Newfoundland and Labrador",All-items,73.6
1988-07,Prince Edward Island,All-items,72.1
1988-07,"Charlottetown and Summerside, Prince Edward Island",All-items,72.5
1988-07,Nova Scotia,All-items,71.6
1988-07,"Halifax, Nova Scotia",All-items,71.8
1988-07,New Brunswick,All-items,72.1
1988-07,"Saint John, New Brunswick",All-items,72.4
1988-07,Quebec,All-items,73.0
1988-07,"Québec, Quebec",All-items,72.8
1988-07,"Montréal, Quebec",All-items,72.7
1988-07,Ontario,All-items,71.4
1988-07,"Ottawa-Gatineau, Ontario part, Ontario/Quebec",All-items,70.0
1988-07,"Toronto, Ontario",All-items,71.4
1988-07,"Thunder Bay, Ontario",All-items,71.4
1988-07,Manitoba,All-items,69.6
1988-07,"Winnipeg, Manitoba",All-items,69.4
1988-07,Saskatchewan,All-items,69.9
1988-07,"Regina, Saskatchewan",All-items,69.3
1988-07,"Saskatoon, Saskatchewan",All-items,70.7
1988-07,Alberta,All-items,68.4
1988-07,"Edmonton, Alberta",All-items,69.6
1988-07,"Calgary, Alberta",All-items,67.4
1988-07,British Columbia,All-items,71.4
1988-07,"Vancouver, British Columbia",All-items,70.9
1988-07,"Victoria, British Columbia",All-items,71.8
1988-07,"Whitehorse, Yukon",All-items,73.4
1988-07,"Yellowknife, Northwest Territories",All-items,74.0
1988-08,Canada,All-items,71.7
1988-08,Newfoundland and Labrador,All-items,73.9
1988-08,"St. John's, Newfoundland and Labrador",All-items,73.9
1988-08,Prince Edward Island,All-items,72.7
1988-08,"Charlottetown and Summerside, Prince Edward Island",All-items,73.0
1988-08,Nova Scotia,All-items,71.9
1988-08,"Halifax, Nova Scotia",All-items,72.2
1988-08,New Brunswick,All-items,72.4
1988-08,"Saint John, New Brunswick",All-items,72.7
1988-08,Quebec,All-items,73.3
1988-08,"Québec, Quebec",All-items,73.1
1988-08,"Montréal, Quebec",All-items,73.0
1988-08,Ontario,All-items,71.7
1988-08,"Ottawa-Gatineau, Ontario part, Ontario/Quebec",All-items,70.3
1988-08,"Toronto, Ontario",All-items,71.7
1988-08,"Thunder Bay, Ontario",All-items,71.8
1988-08,Manitoba,All-items,70.0
1988-08,"Winnipeg, Manitoba",All-items,69.8
1988-08,Saskatchewan,All-items,70.2
1988-08,"Regina, Saskatchewan",All-items,69.5
1988-08,"Saskatoon, Saskatchewan",All-items,70.8
1988-08,Alberta,All-items,68.3
1988-08,"Edmonton, Alberta",All-items,69.6
1988-08,"Calgary, Alberta",All-items,67.3
1988-08,British Columbia,All-items,71.4
1988-08,"Vancouver, British Columbia",All-items,70.9
1988-08,"Victoria, British Columbia",All-items,72.1
1988-08,"Whitehorse, Yukon",All-items,73.7
1988-08,"Yellowknife, Northwest Territories",All-items,74.3
1988-09,Canada,All-items,71.8
1988-09,Newfoundland and Labrador,All-items,73.9
1988-09,"St. John's, Newfoundland and Labrador",All-items,73.9
1988-09,Prince Edward Island,All-items,72.5
1988-09,"Charlottetown and Summerside, Prince Edward Island",All-items,72.8
1988-09,Nova Scotia,All-items,71.6
1988-09,"Halifax, Nova Scotia",All-items,71.7
1988-09,New Brunswick,All-items,72.5
1988-09,"Saint John, New Brunswick",All-items,72.8
1988-09,Quebec,All-items,73.2
1988-09,"Québec, Quebec",All-items,73.1
1988-09,"Montréal, Quebec",All-items,73.0
1988-09,Ontario,All-items,71.8
1988-09,"Ottawa-Gatineau, Ontario part, Ontario/Quebec",All-items,70.3
1988-09,"Toronto, Ontario",All-items,71.7
1988-09,"Thunder Bay, Ontario",All-items,71.7
1988-09,Manitoba,All-items,70.3
1988-09,"Winnipeg, Manitoba",All-items,70.1
1988-09,Saskatchewan,All-items,69.9
1988-09,"Regina, Saskatchewan",All-items,69.2
1988-09,"Saskatoon, Saskatchewan",All-items,70.8
1988-09,Alberta,All-items,68.4
1988-09,"Edmonton, Alberta",All-items,69.7
1988-09,"Calgary, Alberta",All-items,67.3
1988-09,British Columbia,All-items,71.8
1988-09,"Vancouver, British Columbia",All-items,71.2
1988-09,"Victoria, British Columbia",All-items,72.4
1988-09,"Whitehorse, Yukon",All-items,73.4
1988-09,"Yellowknife, Northwest Territories",All-items,74.0
1988-10,Canada,All-items,72.2
1988-10,Newfoundland and Labrador,All-items,74.0
1988-10,"St. John's, Newfoundland and Labrador",All-items,73.9
1988-10,Prince Edward Island,All-items,72.8
1988-10,"Charlottetown and Summerside, Prince Edward Island",All-items,73.2
1988-10,Nova Scotia,All-items,71.9
1988-10,"Halifax, Nova Scotia",All-items,72.2
1988-10,New Brunswick,All-items,72.6
1988-10,"Saint John, New Brunswick",All-items,72.8
1988-10,Quebec,All-items,73.6
1988-10,"Québec, Quebec",All-items,73.3
1988-10,"Montréal, Quebec",All-items,73.3
1988-10,Ontario,All-items,72.2
1988-10,"Ottawa-Gatineau, Ontario part, Ontario/Quebec",All-items,70.6
1988-10,"Toronto, Ontario",All-items,72.2
1988-10,"Thunder Bay, Ontario",All-items,71.9
1988-10,Manitoba,All-items,70.8
1988-10,"Winnipeg, Manitoba",All-items,70.7
1988-10,Saskatchewan,All-items,70.4
1988-10,"Regina, Saskatchewan",All-items,69.6
1988-10,"Saskatoon, Saskatchewan",All-items,71.2
1988-10,Alberta,All-items,68.4
1988-10,"Edmonton, Alberta",All-items,69.7
1988-10,"Calgary, Alberta",All-items,67.4
1988-10,British Columbia,All-items,71.9
1988-10,"Vancouver, British Columbia",All-items,71.5
1988-10,"Victoria, British Columbia",All-items,72.4
1988-10,"Whitehorse, Yukon",All-items,73.8
1988-10,"Yellowknife, Northwest Territories",All-items,74.3
1988-11,Canada,All-items,72.3
1988-11,Newfoundland and Labrador,All-items,74.3
1988-11,"St. John's, Newfoundland and Labrador",All-items,74.3
1988-11,Prince Edward Island,All-items,72.8
1988-11,"Charlottetown and Summerside, Prince Edward Island",All-items,73.2
1988-11,Nova Scotia,All-items,72.3
1988-11,"Halifax, Nova Scotia",All-items,72.7
1988-11,New Brunswick,All-items,72.9
1988-11,"Saint John, New Brunswick",All-items,73.2
1988-11,Quebec,All-items,73.8
1988-11,"Québec, Quebec",All-items,73.4
1988-11,"Montréal, Quebec",All-items,73.6
1988-11,Ontario,All-items,72.4
1988-11,"Ottawa-Gatineau, Ontario part, Ontario/Quebec",All-items,70.8
1988-11,"Toronto, Ontario",All-items,72.6
1988-11,"Thunder Bay, Ontario",All-items,72.1
1988-11,Manitoba,All-items,70.8
1988-11,"Winnipeg, Manitoba",All-items,70.6
1988-11,Saskatchewan,All-items,70.7
1988-11,"Regina, Saskatchewan",All-items,69.9
1988-11,"Saskatoon, Saskatchewan",All-items,71.2
1988-11,Alberta,All-items,68.4
1988-11,"Edmonton, Alberta",All-items,69.7
1988-11,"Calgary, Alberta",All-items,67.3
1988-11,British Columbia,All-items,72.2
1988-11,"Vancouver, British Columbia",All-items,71.7
1988-11,"Victoria, British Columbia",All-items,72.6
1988-11,"Whitehorse, Yukon",All-items,74.0
1988-11,"Yellowknife, Northwest Territories",All-items,74.5
1988-12,Canada,All-items,72.3
1988-12,Newfoundland and Labrador,All-items,74.2
1988-12,"St. John's, Newfoundland and Labrador",All-items,74.1
1988-12,Prince Edward Island,All-items,72.7
1988-12,"Charlottetown and Summerside, Prince Edward Island",All-items,73.0
1988-12,Nova Scotia,All-items,72.1
1988-12,"Halifax, Nova Scotia",All-items,72.5
1988-12,New Brunswick,All-items,72.9
1988-12,"Saint John, New Brunswick",All-items,73.1
1988-12,Quebec,All-items,73.9
1988-12,"Québec, Quebec",All-items,73.4
1988-12,"Montréal, Quebec",All-items,73.6
1988-12,Ontario,All-items,72.5
1988-12,"Ottawa-Gatineau, Ontario part, Ontario/Quebec",All-items,70.9
1988-12,"Toronto, Ontario",All-items,72.7
1988-12,"Thunder Bay, Ontario",All-items,72.2
1988-12,Manitoba,All-items,71.0
1988-12,"Winnipeg, Manitoba",All-items,70.8
1988-12,Saskatchewan,All-items,70.6
1988-12,"Regina, Saskatchewan",All-items,69.8
1988-12,"Saskatoon, Saskatchewan",All-items,71.2
1988-12,Alberta,All-items,68.2
1988-12,"Edmonton, Alberta",All-items,70.0
1988-12,"Calgary, Alberta",All-items,66.9
1988-12,British Columbia,All-items,72.0
1988-12,"Vancouver, British Columbia",All-items,71.5
1988-12,"Victoria, British Columbia",All-items,72.6
1988-12,"Whitehorse, Yukon",All-items,74.1
1988-12,"Yellowknife, Northwest Territories",All-items,74.6
1989-01,Canada,All-items,72.7
1989-01,Newfoundland and Labrador,All-items,74.2
1989-01,"St. John's, Newfoundland and Labrador",All-items,74.1
1989-01,Prince Edward Island,All-items,72.7
1989-01,"Charlottetown and Summerside, Prince Edward Island",All-items,73.1
1989-01,Nova Scotia,All-items,72.5
1989-01,"Halifax, Nova Scotia",All-items,72.9
1989-01,New Brunswick,All-items,73.3
1989-01,"Saint John, New Brunswick",All-items,73.7
1989-01,Quebec,All-items,74.0
1989-01,"Québec, Quebec",All-items,73.5
1989-01,"Montréal, Quebec",All-items,73.9
1989-01,Ontario,All-items,72.8
1989-01,"Ottawa-Gatineau, Ontario part, Ontario/Quebec",All-items,71.3
1989-01,"Toronto, Ontario",All-items,73.1
1989-01,"Thunder Bay, Ontario",All-items,72.6
1989-01,Manitoba,All-items,71.2
1989-01,"Winnipeg, Manitoba",All-items,71.1
1989-01,Saskatchewan,All-items,71.1
1989-01,"Regina, Saskatchewan",All-items,70.4
1989-01,"Saskatoon, Saskatchewan",All-items,71.6
1989-01,Alberta,All-items,68.6
1989-01,"Edmonton, Alberta",All-items,70.5
1989-01,"Calgary, Alberta",All-items,67.2
1989-01,British Columbia,All-items,72.5
1989-01,"Vancouver, British Columbia",All-items,72.1
1989-01,"Victoria, British Columbia",All-items,73.1
1989-01,"Whitehorse, Yukon",All-items,74.4
1989-01,"Yellowknife, Northwest Territories",All-items,74.9
1989-02,Canada,All-items,73.2
1989-02,Newfoundland and Labrador,All-items,74.7
1989-02,"St. John's, Newfoundland and Labrador",All-items,74.6
1989-02,Prince Edward Island,All-items,73.0
1989-02,"Charlottetown and Summerside, Prince Edward Island",All-items,73.3
1989-02,Nova Scotia,All-items,72.6
1989-02,"Halifax, Nova Scotia",All-items,73.2
1989-02,New Brunswick,All-items,73.4
1989-02,"Saint John, New Brunswick",All-items,73.9
1989-02,Quebec,All-items,74.7
1989-02,"Québec, Quebec",All-items,74.2
1989-02,"Montréal, Quebec",All-items,74.5
1989-02,Ontario,All-items,73.3
1989-02,"Ottawa-Gatineau, Ontario part, Ontario/Quebec",All-items,71.7
1989-02,"Toronto, Ontario",All-items,73.6
1989-02,"Thunder Bay, Ontario",All-items,73.0
1989-02,Manitoba,All-items,71.5
1989-02,"Winnipeg, Manitoba",All-items,71.3
1989-02,Saskatchewan,All-items,71.5
1989-02,"Regina, Saskatchewan",All-items,70.8
1989-02,"Saskatoon, Saskatchewan",All-items,72.1
1989-02,Alberta,All-items,69.0
1989-02,"Edmonton, Alberta",All-items,70.6
1989-02,"Calgary, Alberta",All-items,67.8
1989-02,British Columbia,All-items,72.9
1989-02,"Vancouver, British Columbia",All-items,72.4
1989-02,"Victoria, British Columbia",All-items,73.4
1989-02,"Whitehorse, Yukon",All-items,74.4
1989-02,"Yellowknife, Northwest Territories",All-items,74.9
1989-03,Canada,All-items,73.6
1989-03,Newfoundland and Labrador,All-items,75.2
1989-03,"St. John's, Newfoundland and Labrador",All-items,75.2
1989-03,Prince Edward Island,All-items,73.4
1989-03,"Charlottetown and Summerside, Prince Edward Island",All-items,73.8
1989-03,Nova Scotia,All-items,72.8
1989-03,"Halifax, Nova Scotia",All-items,73.3
1989-03,New Brunswick,All-items,73.6
1989-03,"Saint John, New Brunswick",All-items,74.0
1989-03,Quebec,All-items,74.9
1989-03,"Québec, Quebec",All-items,74.4
1989-03,"Montréal, Quebec",All-items,74.6
1989-03,Ontario,All-items,73.8
1989-03,"Ottawa-Gatineau, Ontario part, Ontario/Quebec",All-items,72.0
1989-03,"Toronto, Ontario",All-items,74.1
1989-03,"Thunder Bay, Ontario",All-items,73.4
1989-03,Manitoba,All-items,71.8
1989-03,"Winnipeg, Manitoba",All-items,71.6
1989-03,Saskatchewan,All-items,71.8
1989-03,"Regina, Saskatchewan",All-items,71.1
1989-03,"Saskatoon, Saskatchewan",All-items,72.4
1989-03,Alberta,All-items,69.6
1989-03,"Edmonton, Alberta",All-items,71.3
1989-03,"Calgary, Alberta",All-items,68.3
1989-03,British Columbia,All-items,73.3
1989-03,"Vancouver, British Columbia",All-items,72.8
1989-03,"Victoria, British Columbia",All-items,73.7
1989-03,"Whitehorse, Yukon",All-items,75.1
1989-03,"Yellowknife, Northwest Territories",All-items,75.0
1989-04,Canada,All-items,73.8
1989-04,Newfoundland and Labrador,All-items,75.5
1989-04,"St. John's, Newfoundland and Labrador",All-items,75.4
1989-04,Prince Edward Island,All-items,73.7
1989-04,"Charlottetown and Summerside, Prince Edward Island",All-items,74.0
1989-04,Nova Scotia,All-items,73.4
1989-04,"Halifax, Nova Scotia",All-items,73.8
1989-04,New Brunswick,All-items,74.3
1989-04,"Saint John, New Brunswick",All-items,74.6
1989-04,Quebec,All-items,75.1
1989-04,"Québec, Quebec",All-items,74.7
1989-04,"Montréal, Quebec",All-items,74.9
1989-04,Ontario,All-items,74.2
1989-04,"Ottawa-Gatineau, Ontario part, Ontario/Quebec",All-items,72.1
1989-04,"Toronto, Ontario",All-items,74.4
1989-04,"Thunder Bay, Ontario",All-items,73.8
1989-04,Manitoba,All-items,71.9
1989-04,"Winnipeg, Manitoba",All-items,71.7
1989-04,Saskatchewan,All-items,71.7
1989-04,"Regina, Saskatchewan",All-items,70.8
1989-04,"Saskatoon, Saskatchewan",All-items,72.5
1989-04,Alberta,All-items,69.7
1989-04,"Edmonton, Alberta",All-items,71.5
1989-04,"Calgary, Alberta",All-items,68.4
1989-04,British Columbia,All-items,73.3
1989-04,"Vancouver, British Columbia",All-items,72.6
1989-04,"Victoria, British Columbia",All-items,74.1
1989-04,"Whitehorse, Yukon",All-items,75.1
1989-04,"Yellowknife, Northwest Territories",All-items,75.9
1989-05,Canada,All-items,74.6
1989-05,Newfoundland and Labrador,All-items,76.0
1989-05,"St. John's, Newfoundland and Labrador",All-items,75.9
1989-05,Prince Edward Island,All-items,74.4
1989-05,"Charlottetown and Summerside, Prince Edward Island",All-items,74.7
1989-05,Nova Scotia,All-items,74.3
1989-05,"Halifax, Nova Scotia",All-items,74.8
1989-05,New Brunswick,All-items,75.0
1989-05,"Saint John, New Brunswick",All-items,75.3
1989-05,Quebec,All-items,75.8
1989-05,"Québec, Quebec",All-items,75.5
1989-05,"Montréal, Quebec",All-items,75.6
1989-05,Ontario,All-items,74.8
1989-05,"Ottawa-Gatineau, Ontario part, Ontario/Quebec",All-items,72.7
1989-05,"Toronto, Ontario",All-items,75.1
1989-05,"Thunder Bay, Ontario",All-items,74.4
1989-05,Manitoba,All-items,72.6
1989-05,"Winnipeg, Manitoba",All-items,72.4
1989-05,Saskatchewan,All-items,72.7
1989-05,"Regina, Saskatchewan",All-items,72.2
1989-05,"Saskatoon, Saskatchewan",All-items,73.1
1989-05,Alberta,All-items,70.7
1989-05,"Edmonton, Alberta",All-items,72.4
1989-05,"Calgary, Alberta",All-items,69.3
1989-05,British Columbia,All-items,74.0
1989-05,"Vancouver, British Columbia",All-items,73.3
1989-05,"Victoria, British Columbia",All-items,74.6
1989-05,"Whitehorse, Yukon",All-items,75.7
1989-05,"Yellowknife, Northwest Territories",All-items,76.8
1989-06,Canada,All-items,74.9
1989-06,Newfoundland and Labrador,All-items,76.4
1989-06,"St. John's, Newfoundland and Labrador",All-items,76.4
1989-06,Prince Edward Island,All-items,74.7
1989-06,"Charlottetown and Summerside, Prince Edward Island",All-items,75.0
1989-06,Nova Scotia,All-items,74.7
1989-06,"Halifax, Nova Scotia",All-items,75.1
1989-06,New Brunswick,All-items,75.4
1989-06,"Saint John, New Brunswick",All-items,75.7
1989-06,Quebec,All-items,76.3
1989-06,"Québec, Quebec",All-items,75.7
1989-06,"Montréal, Quebec",All-items,76.1
1989-06,Ontario,All-items,75.3
1989-06,"Ottawa-Gatineau, Ontario part, Ontario/Quebec",All-items,73.0
1989-06,"Toronto, Ontario",All-items,75.6
1989-06,"Thunder Bay, Ontario",All-items,74.8
1989-06,Manitoba,All-items,72.6
1989-06,"Winnipeg, Manitoba",All-items,72.3
1989-06,Saskatchewan,All-items,73.1
1989-06,"Regina, Saskatchewan",All-items,72.4
1989-06,"Saskatoon, Saskatchewan",All-items,73.5
1989-06,Alberta,All-items,71.2
1989-06,"Edmonton, Alberta",All-items,72.9
1989-06,"Calgary, Alberta",All-items,69.9
1989-06,British Columbia,All-items,74.2
1989-06,"Vancouver, British Columbia",All-items,73.5
1989-06,"Victoria, British Columbia",All-items,74.7
1989-06,"Whitehorse, Yukon",All-items,76.0
1989-06,"Yellowknife, Northwest Territories",All-items,76.8
1989-07,Canada,All-items,75.4
1989-07,Newfoundland and Labrador,All-items,76.8
1989-07,"St. John's, Newfoundland and Labrador",All-items,76.7
1989-07,Prince Edward Island,All-items,75.3
1989-07,"Charlottetown and Summerside, Prince Edward Island",All-items,75.6
1989-07,Nova Scotia,All-items,75.2
1989-07,"Halifax, Nova Scotia",All-items,75.7
1989-07,New Brunswick,All-items,76.1
1989-07,"Saint John, New Brunswick",All-items,76.4
1989-07,Quebec,All-items,76.6
1989-07,"Québec, Quebec",All-items,75.9
1989-07,"Montréal, Quebec",All-items,76.5
1989-07,Ontario,All-items,75.8
1989-07,"Ottawa-Gatineau, Ontario part, Ontario/Quebec",All-items,73.6
1989-07,"Toronto, Ontario",All-items,76.1
1989-07,"Thunder Bay, Ontario",All-items,75.3
1989-07,Manitoba,All-items,73.5
1989-07,"Winnipeg, Manitoba",All-items,73.3
1989-07,Saskatchewan,All-items,73.6
1989-07,"Regina, Saskatchewan",All-items,73.0
1989-07,"Saskatoon, Saskatchewan",All-items,74.0
1989-07,Alberta,All-items,71.7
1989-07,"Edmonton, Alberta",All-items,73.3
1989-07,"Calgary, Alberta",All-items,70.5
1989-07,British Columbia,All-items,74.7
1989-07,"Vancouver, British Columbia",All-items,74.0
1989-07,"Victoria, British Columbia",All-items,75.3
1989-07,"Whitehorse, Yukon",All-items,76.5
1989-07,"Yellowknife, Northwest Territories",All-items,77.3
1989-08,Canada,All-items,75.5
1989-08,Newfoundland and Labrador,All-items,76.9
1989-08,"St. John's, Newfoundland and Labrador",All-items,76.9
1989-08,Prince Edward Island,All-items,75.0
1989-08,"Charlottetown and Summerside, Prince Edward Island",All-items,75.4
1989-08,Nova Scotia,All-items,75.2
1989-08,"Halifax, Nova Scotia",All-items,75.7
1989-08,New Brunswick,All-items,76.2
1989-08,"Saint John, New Brunswick",All-items,76.4
1989-08,Quebec,All-items,76.6
1989-08,"Québec, Quebec",All-items,75.9
1989-08,"Montréal, Quebec",All-items,76.4
1989-08,Ontario,All-items,75.9
1989-08,"Ottawa-Gatineau, Ontario part, Ontario/Quebec",All-items,73.6
1989-08,"Toronto, Ontario",All-items,76.1
1989-08,"Thunder Bay, Ontario",All-items,75.3
1989-08,Manitoba,All-items,73.5
1989-08,"Winnipeg, Manitoba",All-items,73.4
1989-08,Saskatchewan,All-items,73.7
1989-08,"Regina, Saskatchewan",All-items,73.0
1989-08,"Saskatoon, Saskatchewan",All-items,74.2
1989-08,Alberta,All-items,71.7
1989-08,"Edmonton, Alberta",All-items,73.2
1989-08,"Calgary, Alberta",All-items,70.6
1989-08,British Columbia,All-items,74.9
1989-08,"Vancouver, British Columbia",All-items,74.3
1989-08,"Victoria, British Columbia",All-items,75.5
1989-08,"Whitehorse, Yukon",All-items,76.6
1989-08,"Yellowknife, Northwest Territories",All-items,77.1
1989-09,Canada,All-items,75.6
1989-09,Newfoundland and Labrador,All-items,76.8
1989-09,"St. John's, Newfoundland and Labrador",All-items,76.8
1989-09,Prince Edward Island,All-items,75.6
1989-09,"Charlottetown and Summerside, Prince Edward Island",All-items,76.0
1989-09,Nova Scotia,All-items,75.1
1989-09,"Halifax, Nova Scotia",All-items,75.6
1989-09,New Brunswick,All-items,76.1
1989-09,"Saint John, New Brunswick",All-items,76.1
1989-09,Quebec,All-items,76.4
1989-09,"Québec, Quebec",All-items,76.0
1989-09,"Montréal, Quebec",All-items,76.2
1989-09,Ontario,All-items,75.9
1989-09,"Ottawa-Gatineau, Ontario part, Ontario/Quebec",All-items,73.9
1989-09,"Toronto, Ontario",All-items,76.2
1989-09,"Thunder Bay, Ontario",All-items,75.2
1989-09,Manitoba,All-items,73.6
1989-09,"Winnipeg, Manitoba",All-items,73.4
1989-09,Saskatchewan,All-items,73.6
1989-09,"Regina, Saskatchewan",All-items,73.0
1989-09,"Saskatoon, Saskatchewan",All-items,74.0
1989-09,Alberta,All-items,72.0
1989-09,"Edmonton, Alberta",All-items,73.3
1989-09,"Calgary, Alberta",All-items,70.9
1989-09,British Columbia,All-items,75.3
1989-09,"Vancouver, British Columbia",All-items,74.6
1989-09,"Victoria, British Columbia",All-items,75.8
1989-09,"Whitehorse, Yukon",All-items,76.7
1989-09,"Yellowknife, Northwest Territories",All-items,77.4
1989-10,Canada,All-items,75.9
1989-10,Newfoundland and Labrador,All-items,77.0
1989-10,"St. John's, Newfoundland and Labrador",All-items,76.9
1989-10,Prince Edward Island,All-items,75.7
1989-10,"Charlottetown and Summerside, Prince Edward Island",All-items,76.1
1989-10,Nova Scotia,All-items,75.4
1989-10,"Halifax, Nova Scotia",All-items,75.8
1989-10,New Brunswick,All-items,76.1
1989-10,"Saint John, New Brunswick",All-items,76.2
1989-10,Quebec,All-items,76.9
1989-10,"Québec, Quebec",All-items,76.6
1989-10,"Montréal, Quebec",All-items,76.7
1989-10,Ontario,All-items,76.3
1989-10,"Ottawa-Gatineau, Ontario part, Ontario/Quebec",All-items,74.4
1989-10,"Toronto, Ontario",All-items,76.6
1989-10,"Thunder Bay, Ontario",All-items,75.6
1989-10,Manitoba,All-items,73.7
1989-10,"Winnipeg, Manitoba",All-items,73.5
1989-10,Saskatchewan,All-items,73.7
1989-10,"Regina, Saskatchewan",All-items,73.0
1989-10,"Saskatoon, Saskatchewan",All-items,74.1
1989-10,Alberta,All-items,72.0
1989-10,"Edmonton, Alberta",All-items,73.3
1989-10,"Calgary, Alberta",All-items,70.9
1989-10,British Columbia,All-items,75.7
1989-10,"Vancouver, British Columbia",All-items,75.0
1989-10,"Victoria, British Columbia",All-items,76.2
1989-10,"Whitehorse, Yukon",All-items,76.8
1989-10,"Yellowknife, Northwest Territories",All-items,77.7
1989-11,Canada,All-items,76.1
1989-11,Newfoundland and Labrador,All-items,77.3
1989-11,"St. John's, Newfoundland and Labrador",All-items,77.1
1989-11,Prince Edward Island,All-items,76.2
1989-11,"Charlottetown and Summerside, Prince Edward Island",All-items,76.6
1989-11,Nova Scotia,All-items,75.8
1989-11,"Halifax, Nova Scotia",All-items,76.2
1989-11,New Brunswick,All-items,76.4
1989-11,"Saint John, New Brunswick",All-items,76.5
1989-11,Quebec,All-items,77.1
1989-11,"Québec, Quebec",All-items,76.7
1989-11,"Montréal, Quebec",All-items,76.9
1989-11,Ontario,All-items,76.6
1989-11,"Ottawa-Gatineau, Ontario part, Ontario/Quebec",All-items,74.6
1989-11,"Toronto, Ontario",All-items,76.9
1989-11,"Thunder Bay, Ontario",All-items,75.9
1989-11,Manitoba,All-items,74.4
1989-11,"Winnipeg, Manitoba",All-items,74.1
1989-11,Saskatchewan,All-items,74.1
1989-11,"Regina, Saskatchewan",All-items,73.4
1989-11,"Saskatoon, Saskatchewan",All-items,74.6
1989-11,Alberta,All-items,72.2
1989-11,"Edmonton, Alberta",All-items,73.6
1989-11,"Calgary, Alberta",All-items,71.1
1989-11,British Columbia,All-items,75.9
1989-11,"Vancouver, British Columbia",All-items,75.2
1989-11,"Victoria, British Columbia",All-items,76.6
1989-11,"Whitehorse, Yukon",All-items,77.2
1989-11,"Yellowknife, Northwest Territories",All-items,77.9
1989-12,Canada,All-items,76.1
1989-12,Newfoundland and Labrador,All-items,77.4
1989-12,"St. John's, Newfoundland and Labrador",All-items,77.3
1989-12,Prince Edward Island,All-items,76.0
1989-12,"Charlottetown and Summerside, Prince Edward Island",All-items,76.3
1989-12,Nova Scotia,All-items,75.8
1989-12,"Halifax, Nova Scotia",All-items,76.4
1989-12,New Brunswick,All-items,76.4
1989-12,"Saint John, New Brunswick",All-items,76.5
1989-12,Quebec,All-items,76.8
1989-12,"Québec, Quebec",All-items,76.4
1989-12,"Montréal, Quebec",All-items,76.6
1989-12,Ontario,All-items,76.6
1989-12,"Ottawa-Gatineau, Ontario part, Ontario/Quebec",All-items,74.6
1989-12,"Toronto, Ontario",All-items,77.0
1989-12,"Thunder Bay, Ontario",All-items,75.9
1989-12,Manitoba,All-items,74.1
1989-12,"Winnipeg, Manitoba",All-items,74.0
1989-12,Saskatchewan,All-items,73.8
1989-12,"Regina, Saskatchewan",All-items,73.0
1989-12,"Saskatoon, Saskatchewan",All-items,74.4
1989-12,Alberta,All-items,72.5
1989-12,"Edmonton, Alberta",All-items,73.8
1989-12,"Calgary, Alberta",All-items,71.5
1989-12,British Columbia,All-items,75.9
1989-12,"Vancouver, British Columbia",All-items,75.3
1989-12,"Victoria, British Columbia",All-items,76.6
1989-12,"Whitehorse, Yukon",All-items,77.3
1989-12,"Yellowknife, Northwest Territories",All-items,78.0
1990-01,Canada,All-items,76.7
1990-01,Newfoundland and Labrador,All-items,77.8
1990-01,"St. John's, Newfoundland and Labrador",All-items,77.7
1990-01,Prince Edward Island,All-items,76.4
1990-01,"Charlottetown and Summerside, Prince Edward Island",All-items,76.7
1990-01,Nova Scotia,All-items,76.1
1990-01,"Halifax, Nova Scotia",All-items,76.6
1990-01,New Brunswick,All-items,76.8
1990-01,"Saint John, New Brunswick",All-items,77.1
1990-01,Quebec,All-items,77.6
1990-01,"Québec, Quebec",All-items,77.1
1990-01,"Montréal, Quebec",All-items,77.5
1990-01,Ontario,All-items,77.2
1990-01,"Ottawa-Gatineau, Ontario part, Ontario/Quebec",All-items,75.2
1990-01,"Toronto, Ontario",All-items,77.4
1990-01,"Thunder Bay, Ontario",All-items,76.3
1990-01,Manitoba,All-items,74.6
1990-01,"Winnipeg, Manitoba",All-items,74.4
1990-01,Saskatchewan,All-items,74.3
1990-01,"Regina, Saskatchewan",All-items,73.4
1990-01,"Saskatoon, Saskatchewan",All-items,74.7
1990-01,Alberta,All-items,73.1
1990-01,"Edmonton, Alberta",All-items,74.4
1990-01,"Calgary, Alberta",All-items,72.1
1990-01,British Columbia,All-items,76.6
1990-01,"Vancouver, British Columbia",All-items,76.1
1990-01,"Victoria, British Columbia",All-items,76.9
1990-01,"Whitehorse, Yukon",All-items,77.4
1990-01,"Yellowknife, Northwest Territories",All-items,78.0
1990-02,Canada,All-items,77.2
1990-02,Newfoundland and Labrador,All-items,78.5
1990-02,"St. John's, Newfoundland and Labrador",All-items,78.5
1990-02,Prince Edward Island,All-items,76.9
1990-02,"Charlottetown and Summerside, Prince Edward Island",All-items,77.3
1990-02,Nova Scotia,All-items,76.9
1990-02,"Halifax, Nova Scotia",All-items,77.4
1990-02,New Brunswick,All-items,77.7
1990-02,"Saint John, New Brunswick",All-items,78.0
1990-02,Quebec,All-items,78.0
1990-02,"Québec, Quebec",All-items,77.5
1990-02,"Montréal, Quebec",All-items,77.7
1990-02,Ontario,All-items,77.7
1990-02,"Ottawa-Gatineau, Ontario part, Ontario/Quebec",All-items,75.6
1990-02,"Toronto, Ontario",All-items,78.0
1990-02,"Thunder Bay, Ontario",All-items,76.6
1990-02,Manitoba,All-items,75.0
1990-02,"Winnipeg, Manitoba",All-items,74.8
1990-02,Saskatchewan,All-items,75.2
1990-02,"Regina, Saskatchewan",All-items,74.2
1990-02,"Saskatoon, Saskatchewan",All-items,75.7
1990-02,Alberta,All-items,73.4
1990-02,"Edmonton, Alberta",All-items,74.5
1990-02,"Calgary, Alberta",All-items,72.4
1990-02,British Columbia,All-items,77.1
1990-02,"Vancouver, British Columbia",All-items,76.6
1990-02,"Victoria, British Columbia",All-items,77.5
1990-02,"Whitehorse, Yukon",All-items,77.9
1990-02,"Yellowknife, Northwest Territories",All-items,78.7
1990-03,Canada,All-items,77.5
1990-03,Newfoundland and Labrador,All-items,78.9
1990-03,"St. John's, Newfoundland and Labrador",All-items,78.7
1990-03,Prince Edward Island,All-items,77.2
1990-03,"Charlottetown and Summerside, Prince Edward Island",All-items,77.6
1990-03,Nova Scotia,All-items,77.1
1990-03,"Halifax, Nova Scotia",All-items,77.8
1990-03,New Brunswick,All-items,77.8
1990-03,"Saint John, New Brunswick",All-items,78.0
1990-03,Quebec,All-items,78.2
1990-03,"Québec, Quebec",All-items,77.7
1990-03,"Montréal, Quebec",All-items,78.1
1990-03,Ontario,All-items,77.9
1990-03,"Ottawa-Gatineau, Ontario part, Ontario/Quebec",All-items,75.8
1990-03,"Toronto, Ontario",All-items,78.2
1990-03,"Thunder Bay, Ontario",All-items,76.9
1990-03,Manitoba,All-items,75.3
1990-03,"Winnipeg, Manitoba",All-items,75.2
1990-03,Saskatchewan,All-items,75.3
1990-03,"Regina, Saskatchewan",All-items,74.6
1990-03,"Saskatoon, Saskatchewan",All-items,75.8
1990-03,Alberta,All-items,73.6
1990-03,"Edmonton, Alberta",All-items,74.8
1990-03,"Calgary, Alberta",All-items,72.7
1990-03,British Columbia,All-items,77.6
1990-03,"Vancouver, British Columbia",All-items,76.9
1990-03,"Victoria, British Columbia",All-items,77.9
1990-03,"Whitehorse, Yukon",All-items,77.9
1990-03,"Yellowknife, Northwest Territories",All-items,78.9
1990-04,Canada,All-items,77.5
1990-04,Newfoundland and Labrador,All-items,78.6
1990-04,"St. John's, Newfoundland and Labrador",All-items,78.5
1990-04,Prince Edward Island,All-items,77.9
1990-04,"Charlottetown and Summerside, Prince Edward Island",All-items,78.3
1990-04,Nova Scotia,All-items,77.2
1990-04,"Halifax, Nova Scotia",All-items,77.8
1990-04,New Brunswick,All-items,78.1
1990-04,"Saint John, New Brunswick",All-items,78.3
1990-04,Quebec,All-items,78.1
1990-04,"Québec, Quebec",All-items,77.6
1990-04,"Montréal, Quebec",All-items,78.0
1990-04,Ontario,All-items,77.9
1990-04,"Ottawa-Gatineau, Ontario part, Ontario/Quebec",All-items,75.8
1990-04,"Toronto, Ontario",All-items,78.1
1990-04,"Thunder Bay, Ontario",All-items,76.6
1990-04,Manitoba,All-items,75.3
1990-04,"Winnipeg, Manitoba",All-items,75.2
1990-04,Saskatchewan,All-items,75.4
1990-04,"Regina, Saskatchewan",All-items,74.7
1990-04,"Saskatoon, Saskatchewan",All-items,75.9
1990-04,Alberta,All-items,74.1
1990-04,"Edmonton, Alberta",All-items,75.2
1990-04,"Calgary, Alberta",All-items,73.2
1990-04,British Columbia,All-items,77.6
1990-04,"Vancouver, British Columbia",All-items,77.0
1990-04,"Victoria, British Columbia",All-items,78.1
1990-04,"Whitehorse, Yukon",All-items,78.3
1990-04,"Yellowknife, Northwest Territories",All-items,79.0
1990-05,Canada,All-items,77.9
1990-05,Newfoundland and Labrador,All-items,78.5
1990-05,"St. John's, Newfoundland and Labrador",All-items,78.5
1990-05,Prince Edward Island,All-items,77.9
1990-05,"Charlottetown and Summerside, Prince Edward Island",All-items,78.3
1990-05,Nova Scotia,All-items,77.7
1990-05,"Halifax, Nova Scotia",All-items,78.2
1990-05,New Brunswick,All-items,78.0
1990-05,"Saint John, New Brunswick",All-items,78.2
1990-05,Quebec,All-items,78.6
1990-05,"Québec, Quebec",All-items,78.0
1990-05,"Montréal, Quebec",All-items,78.4
1990-05,Ontario,All-items,78.3
1990-05,"Ottawa-Gatineau, Ontario part, Ontario/Quebec",All-items,76.1
1990-05,"Toronto, Ontario",All-items,78.5
1990-05,"Thunder Bay, Ontario",All-items,77.1
1990-05,Manitoba,All-items,75.7
1990-05,"Winnipeg, Manitoba",All-items,75.4
1990-05,Saskatchewan,All-items,75.5
1990-05,"Regina, Saskatchewan",All-items,74.8
1990-05,"Saskatoon, Saskatchewan",All-items,76.0
1990-05,Alberta,All-items,74.3
1990-05,"Edmonton, Alberta",All-items,75.6
1990-05,"Calgary, Alberta",All-items,73.4
1990-05,British Columbia,All-items,78.0
1990-05,"Vancouver, British Columbia",All-items,77.4
1990-05,"Victoria, British Columbia",All-items,78.4
1990-05,"Whitehorse, Yukon",All-items,78.5
1990-05,"Yellowknife, Northwest Territories",All-items,79.8
1990-06,Canada,All-items,78.2
1990-06,Newfoundland and Labrador,All-items,78.9
1990-06,"St. John's, Newfoundland and Labrador",All-items,78.9
1990-06,Prince Edward Island,All-items,78.3
1990-06,"Charlottetown and Summerside, Prince Edward Island",All-items,78.6
1990-06,Nova Scotia,All-items,78.0
1990-06,"Halifax, Nova Scotia",All-items,78.4
1990-06,New Brunswick,All-items,78.1
1990-06,"Saint John, New Brunswick",All-items,78.4
1990-06,Quebec,All-items,78.9
1990-06,"Québec, Quebec",All-items,78.3
1990-06,"Montréal, Quebec",All-items,78.7
1990-06,Ontario,All-items,78.6
1990-06,"Ottawa-Gatineau, Ontario part, Ontario/Quebec",All-items,76.3
1990-06,"Toronto, Ontario",All-items,78.9
1990-06,"Thunder Bay, Ontario",All-items,77.6
1990-06,Manitoba,All-items,76.0
1990-06,"Winnipeg, Manitoba",All-items,75.8
1990-06,Saskatchewan,All-items,75.9
1990-06,"Regina, Saskatchewan",All-items,75.1
1990-06,"Saskatoon, Saskatchewan",All-items,76.4
1990-06,Alberta,All-items,74.8
1990-06,"Edmonton, Alberta",All-items,76.1
1990-06,"Calgary, Alberta",All-items,73.9
1990-06,British Columbia,All-items,78.5
1990-06,"Vancouver, British Columbia",All-items,77.7
1990-06,"Victoria, British Columbia",All-items,78.9
1990-06,"Whitehorse, Yukon",All-items,78.9
1990-06,"Yellowknife, Northwest Territories",All-items,79.6
1990-07,Canada,All-items,78.5
1990-07,Newfoundland and Labrador,All-items,79.5
1990-07,"St. John's, Newfoundland and Labrador",All-items,79.4
1990-07,Prince Edward Island,All-items,78.5
1990-07,"Charlottetown and Summerside, Prince Edward Island",All-items,78.9
1990-07,Nova Scotia,All-items,78.4
1990-07,"Halifax, Nova Scotia",All-items,78.9
1990-07,New Brunswick,All-items,78.5
1990-07,"Saint John, New Brunswick",All-items,78.8
1990-07,Quebec,All-items,79.3
1990-07,"Québec, Quebec",All-items,78.8
1990-07,"Montréal, Quebec",All-items,79.0
1990-07,Ontario,All-items,79.0
1990-07,"Ottawa-Gatineau, Ontario part, Ontario/Quebec",All-items,76.7
1990-07,"Toronto, Ontario",All-items,79.3
1990-07,"Thunder Bay, Ontario",All-items,78.1
1990-07,Manitoba,All-items,76.3
1990-07,"Winnipeg, Manitoba",All-items,76.2
1990-07,Saskatchewan,All-items,76.3
1990-07,"Regina, Saskatchewan",All-items,75.7
1990-07,"Saskatoon, Saskatchewan",All-items,76.8
1990-07,Alberta,All-items,75.3
1990-07,"Edmonton, Alberta",All-items,76.7
1990-07,"Calgary, Alberta",All-items,74.2
1990-07,British Columbia,All-items,78.7
1990-07,"Vancouver, British Columbia",All-items,78.0
1990-07,"Victoria, British Columbia",All-items,79.2
1990-07,"Whitehorse, Yukon",All-items,79.5
1990-07,"Yellowknife, Northwest Territories",All-items,80.4
1990-08,Canada,All-items,78.6
1990-08,Newfoundland and Labrador,All-items,79.7
1990-08,"St. John's, Newfoundland and Labrador",All-items,79.7
1990-08,Prince Edward Island,All-items,78.9
1990-08,"Charlottetown and Summerside, Prince Edward Island",All-items,79.2
1990-08,Nova Scotia,All-items,78.6
1990-08,"Halifax, Nova Scotia",All-items,79.0
1990-08,New Brunswick,All-items,78.7
1990-08,"Saint John, New Brunswick",All-items,78.9
1990-08,Quebec,All-items,79.5
1990-08,"Québec, Quebec",All-items,78.9
1990-08,"Montréal, Quebec",All-items,79.2
1990-08,Ontario,All-items,79.0
1990-08,"Ottawa-Gatineau, Ontario part, Ontario/Quebec",All-items,76.9
1990-08,"Toronto, Ontario",All-items,79.2
1990-08,"Thunder Bay, Ontario",All-items,78.1
1990-08,Manitoba,All-items,76.5
1990-08,"Winnipeg, Manitoba",All-items,76.3
1990-08,Saskatchewan,All-items,76.4
1990-08,"Regina, Saskatchewan",All-items,75.7
1990-08,"Saskatoon, Saskatchewan",All-items,76.9
1990-08,Alberta,All-items,75.5
1990-08,"Edmonton, Alberta",All-items,77.0
1990-08,"Calgary, Alberta",All-items,74.5
1990-08,British Columbia,All-items,78.7
1990-08,"Vancouver, British Columbia",All-items,78.1
1990-08,"Victoria, British Columbia",All-items,79.5
1990-08,"Whitehorse, Yukon",All-items,79.6
1990-08,"Yellowknife, Northwest Territories",All-items,80.5
1990-09,Canada,All-items,78.8
1990-09,Newfoundland and Labrador,All-items,80.1
1990-09,"St. John's, Newfoundland and Labrador",All-items,80.0
1990-09,Prince Edward Island,All-items,79.1
1990-09,"Charlottetown and Summerside, Prince Edward Island",All-items,79.5
1990-09,Nova Scotia,All-items,78.7
1990-09,"Halifax, Nova Scotia",All-items,79.2
1990-09,New Brunswick,All-items,79.1
1990-09,"Saint John, New Brunswick",All-items,79.2
1990-09,Quebec,All-items,79.6
1990-09,"Québec, Quebec",All-items,79.0
1990-09,"Montréal, Quebec",All-items,79.5
1990-09,Ontario,All-items,79.1
1990-09,"Ottawa-Gatineau, Ontario part, Ontario/Quebec",All-items,77.1
1990-09,"Toronto, Ontario",All-items,79.3
1990-09,"Thunder Bay, Ontario",All-items,78.2
1990-09,Manitoba,All-items,76.7
1990-09,"Winnipeg, Manitoba",All-items,76.5
1990-09,Saskatchewan,All-items,76.5
1990-09,"Regina, Saskatchewan",All-items,75.7
1990-09,"Saskatoon, Saskatchewan",All-items,77.1
1990-09,Alberta,All-items,75.8
1990-09,"Edmonton, Alberta",All-items,77.2
1990-09,"Calgary, Alberta",All-items,74.8
1990-09,British Columbia,All-items,79.1
1990-09,"Vancouver, British Columbia",All-items,78.6
1990-09,"Victoria, British Columbia",All-items,79.6
1990-09,"Whitehorse, Yukon",All-items,79.8
1990-09,"Yellowknife, Northwest Territories",All-items,80.5
1990-10,Canada,All-items,79.5
1990-10,Newfoundland and Labrador,All-items,80.6
1990-10,"St. John's, Newfoundland and Labrador",All-items,80.5
1990-10,Prince Edward Island,All-items,79.4
1990-10,"Charlottetown and Summerside, Prince Edward Island",All-items,79.8
1990-10,Nova Scotia,All-items,79.1
1990-10,"Halifax, Nova Scotia",All-items,79.5
1990-10,New Brunswick,All-items,79.8
1990-10,"Saint John, New Brunswick",All-items,79.9
1990-10,Quebec,All-items,80.4
1990-10,"Québec, Quebec",All-items,80.0
1990-10,"Montréal, Quebec",All-items,80.3
1990-10,Ontario,All-items,79.8
1990-10,"Ottawa-Gatineau, Ontario part, Ontario/Quebec",All-items,77.6
1990-10,"Toronto, Ontario",All-items,80.0
1990-10,"Thunder Bay, Ontario",All-items,79.0
1990-10,Manitoba,All-items,77.3
1990-10,"Winnipeg, Manitoba",All-items,77.1
1990-10,Saskatchewan,All-items,77.0
1990-10,"Regina, Saskatchewan",All-items,76.2
1990-10,"Saskatoon, Saskatchewan",All-items,77.7
1990-10,Alberta,All-items,76.4
1990-10,"Edmonton, Alberta",All-items,77.9
1990-10,"Calgary, Alberta",All-items,75.4
1990-10,British Columbia,All-items,79.4
1990-10,"Vancouver, British Columbia",All-items,78.9
1990-10,"Victoria, British Columbia",All-items,79.9
1990-10,"Whitehorse, Yukon",All-items,80.1
1990-10,"Yellowknife, Northwest Territories",All-items,80.8
1990-11,Canada,All-items,80.0
1990-11,Newfoundland and Labrador,All-items,81.0
1990-11,"St. John's, Newfoundland and Labrador",All-items,81.0
1990-11,Prince Edward Island,All-items,79.8
1990-11,"Charlottetown and Summerside, Prince Edward Island",All-items,80.2
1990-11,Nova Scotia,All-items,79.9
1990-11,"Halifax, Nova Scotia",All-items,80.3
1990-11,New Brunswick,All-items,80.4
1990-11,"Saint John, New Brunswick",All-items,80.5
1990-11,Quebec,All-items,81.0
1990-11,"Québec, Quebec",All-items,80.6
1990-11,"Montréal, Quebec",All-items,80.8
1990-11,Ontario,All-items,80.3
1990-11,"Ottawa-Gatineau, Ontario part, Ontario/Quebec",All-items,78.1
1990-11,"Toronto, Ontario",All-items,80.3
1990-11,"Thunder Bay, Ontario",All-items,79.5
1990-11,Manitoba,All-items,77.7
1990-11,"Winnipeg, Manitoba",All-items,77.5
1990-11,Saskatchewan,All-items,77.1
1990-11,"Regina, Saskatchewan",All-items,76.1
1990-11,"Saskatoon, Saskatchewan",All-items,78.0
1990-11,Alberta,All-items,76.8
1990-11,"Edmonton, Alberta",All-items,78.4
1990-11,"Calgary, Alberta",All-items,75.8
1990-11,British Columbia,All-items,80.0
1990-11,"Vancouver, British Columbia",All-items,79.5
1990-11,"Victoria, British Columbia",All-items,80.5
1990-11,"Whitehorse, Yukon",All-items,80.4
1990-11,"Yellowknife, Northwest Territories",All-items,81.1
1990-12,Canada,All-items,79.9
1990-12,Newfoundland and Labrador,All-items,81.3
1990-12,"St. John's, Newfoundland and Labrador",All-items,81.2
1990-12,Prince Edward Island,All-items,80.4
1990-12,"Charlottetown and Summerside, Prince Edward Island",All-items,80.8
1990-12,Nova Scotia,All-items,80.4
1990-12,"Halifax, Nova Scotia",All-items,81.0
1990-12,New Brunswick,All-items,80.8
1990-12,"Saint John, New Brunswick",All-items,81.0
1990-12,Quebec,All-items,81.0
1990-12,"Québec, Quebec",All-items,80.7
1990-12,"Montréal, Quebec",All-items,80.7
1990-12,Ontario,All-items,79.9
1990-12,"Ottawa-Gatineau, Ontario part, Ontario/Quebec",All-items,78.1
1990-12,"Toronto, Ontario",All-items,80.0
1990-12,"Thunder Bay, Ontario",All-items,79.5
1990-12,Manitoba,All-items,78.0
1990-12,"Winnipeg, Manitoba",All-items,77.8
1990-12,Saskatchewan,All-items,77.5
1990-12,"Regina, Saskatchewan",All-items,76.6
1990-12,"Saskatoon, Saskatchewan",All-items,78.2
1990-12,Alberta,All-items,76.7
1990-12,"Edmonton, Alberta",All-items,78.1
1990-12,"Calgary, Alberta",All-items,75.8
1990-12,British Columbia,All-items,79.8
1990-12,"Vancouver, British Columbia",All-items,79.2
1990-12,"Victoria, British Columbia",All-items,80.6
1990-12,"Whitehorse, Yukon",All-items,80.7
1990-12,"Yellowknife, Northwest Territories",All-items,81.5
1991-01,Canada,All-items,82.0
1991-01,Newfoundland and Labrador,All-items,83.6
1991-01,"St. John's, Newfoundland and Labrador",All-items,83.4
1991-01,Prince Edward Island,All-items,83.5
1991-01,"Charlottetown and Summerside, Prince Edward Island",All-items,83.9
1991-01,Nova Scotia,All-items,82.8
1991-01,"Halifax, Nova Scotia",All-items,83.1
1991-01,New Brunswick,All-items,83.2
1991-01,"Saint John, New Brunswick",All-items,83.4
1991-01,Quebec,All-items,84.0
1991-01,"Québec, Quebec",All-items,83.5
1991-01,"Montréal, Quebec",All-items,83.8
1991-01,Ontario,All-items,81.6
1991-01,"Ottawa-Gatineau, Ontario part, Ontario/Quebec",All-items,80.1
1991-01,"Toronto, Ontario",All-items,81.4
1991-01,"Thunder Bay, Ontario",All-items,81.3
1991-01,Manitoba,All-items,79.6
1991-01,"Winnipeg, Manitoba",All-items,79.5
1991-01,Saskatchewan,All-items,79.2
1991-01,"Regina, Saskatchewan",All-items,78.3
1991-01,"Saskatoon, Saskatchewan",All-items,80.1
1991-01,Alberta,All-items,78.9
1991-01,"Edmonton, Alberta",All-items,80.3
1991-01,"Calgary, Alberta",All-items,78.0
1991-01,British Columbia,All-items,82.0
1991-01,"Vancouver, British Columbia",All-items,81.3
1991-01,"Victoria, British Columbia",All-items,82.9
1991-01,"Whitehorse, Yukon",All-items,83.4
1991-01,"Yellowknife, Northwest Territories",All-items,84.1
1991-02,Canada,All-items,82.0
1991-02,Newfoundland and Labrador,All-items,83.6
1991-02,"St. John's, Newfoundland and Labrador",All-items,83.5
1991-02,Prince Edward Island,All-items,84.0
1991-02,"Charlottetown and Summerside, Prince Edward Island",All-items,84.4
1991-02,Nova Scotia,All-items,82.8
1991-02,"Halifax, Nova Scotia",All-items,83.2
1991-02,New Brunswick,All-items,83.4
1991-02,"Saint John, New Brunswick",All-items,83.6
1991-02,Quebec,All-items,84.0
1991-02,"Québec, Quebec",All-items,83.7
1991-02,"Montréal, Quebec",All-items,83.8
1991-02,Ontario,All-items,81.6
1991-02,"Ottawa-Gatineau, Ontario part, Ontario/Quebec",All-items,80.4
1991-02,"Toronto, Ontario",All-items,81.4
1991-02,"Thunder Bay, Ontario",All-items,81.5
1991-02,Manitoba,All-items,79.6
1991-02,"Winnipeg, Manitoba",All-items,79.3
1991-02,Saskatchewan,All-items,78.9
1991-02,"Regina, Saskatchewan",All-items,77.9
1991-02,"Saskatoon, Saskatchewan",All-items,79.8
1991-02,Alberta,All-items,78.2
1991-02,"Edmonton, Alberta",All-items,79.4
1991-02,"Calgary, Alberta",All-items,77.3
1991-02,British Columbia,All-items,82.2
1991-02,"Vancouver, British Columbia",All-items,81.5
1991-02,"Victoria, British Columbia",All-items,83.1
1991-02,"Whitehorse, Yukon",All-items,83.7
1991-02,"Yellowknife, Northwest Territories",All-items,84.1
1991-03,Canada,All-items,82.3
1991-03,Newfoundland and Labrador,All-items,84.4
1991-03,"St. John's, Newfoundland and Labrador",All-items,84.4
1991-03,Prince Edward Island,All-items,84.4
1991-03,"Charlottetown and Summerside, Prince Edward Island",All-items,84.8
1991-03,Nova Scotia,All-items,83.2
1991-03,"Halifax, Nova Scotia",All-items,83.5
1991-03,New Brunswick,All-items,83.5
1991-03,"Saint John, New Brunswick",All-items,83.7
1991-03,Quebec,All-items,84.5
1991-03,"Québec, Quebec",All-items,84.1
1991-03,"Montréal, Quebec",All-items,84.3
1991-03,Ontario,All-items,81.8
1991-03,"Ottawa-Gatineau, Ontario part, Ontario/Quebec",All-items,80.6
1991-03,"Toronto, Ontario",All-items,81.7
1991-03,"Thunder Bay, Ontario",All-items,81.8
1991-03,Manitoba,All-items,79.9
1991-03,"Winnipeg, Manitoba",All-items,79.7
1991-03,Saskatchewan,All-items,79.2
1991-03,"Regina, Saskatchewan",All-items,78.4
1991-03,"Saskatoon, Saskatchewan",All-items,79.9
1991-03,Alberta,All-items,78.6
1991-03,"Edmonton, Alberta",All-items,79.7
1991-03,"Calgary, Alberta",All-items,77.8
1991-03,British Columbia,All-items,82.4
1991-03,"Vancouver, British Columbia",All-items,81.6
1991-03,"Victoria, British Columbia",All-items,83.4
1991-03,"Whitehorse, Yukon",All-items,84.1
1991-03,"Yellowknife, Northwest Territories",All-items,84.8
1991-04,Canada,All-items,82.3
1991-04,Newfoundland and Labrador,All-items,84.6
1991-04,"St. John's, Newfoundland and Labrador",All-items,84.5
1991-04,Prince Edward Island,All-items,84.3
1991-04,"Charlottetown and Summerside, Prince Edward Island",All-items,84.7
1991-04,Nova Scotia,All-items,82.7
1991-04,"Halifax, Nova Scotia",All-items,83.1
1991-04,New Brunswick,All-items,83.5
1991-04,"Saint John, New Brunswick",All-items,83.7
1991-04,Quebec,All-items,84.6
1991-04,"Québec, Quebec",All-items,84.4
1991-04,"Montréal, Quebec",All-items,84.4
1991-04,Ontario,All-items,81.9
1991-04,"Ottawa-Gatineau, Ontario part, Ontario/Quebec",All-items,80.5
1991-04,"Toronto, Ontario",All-items,81.7
1991-04,"Thunder Bay, Ontario",All-items,81.7
1991-04,Manitoba,All-items,79.8
1991-04,"Winnipeg, Manitoba",All-items,79.6
1991-04,Saskatchewan,All-items,80.4
1991-04,"Regina, Saskatchewan",All-items,79.5
1991-04,"Saskatoon, Saskatchewan",All-items,80.9
1991-04,Alberta,All-items,78.6
1991-04,"Edmonton, Alberta",All-items,80.0
1991-04,"Calgary, Alberta",All-items,77.6
1991-04,British Columbia,All-items,82.3
1991-04,"Vancouver, British Columbia",All-items,81.6
1991-04,"Victoria, British Columbia",All-items,83.2
1991-04,"Whitehorse, Yukon",All-items,84.3
1991-04,"Yellowknife, Northwest Territories",All-items,84.8
1991-05,Canada,All-items,82.7
1991-05,Newfoundland and Labrador,All-items,84.7
1991-05,"St. John's, Newfoundland and Labrador",All-items,84.6
1991-05,Prince Edward Island,All-items,84.0
1991-05,"Charlottetown and Summerside, Prince Edward Island",All-items,84.4
1991-05,Nova Scotia,All-items,82.8
1991-05,"Halifax, Nova Scotia",All-items,83.2
1991-05,New Brunswick,All-items,83.6
1991-05,"Saint John, New Brunswick",All-items,83.8
1991-05,Quebec,All-items,84.9
1991-05,"Québec, Quebec",All-items,84.5
1991-05,"Montréal, Quebec",All-items,84.8
1991-05,Ontario,All-items,82.4
1991-05,"Ottawa-Gatineau, Ontario part, Ontario/Quebec",All-items,81.0
1991-05,"Toronto, Ontario",All-items,82.3
1991-05,"Thunder Bay, Ontario",All-items,81.8
1991-05,Manitoba,All-items,79.7
1991-05,"Winnipeg, Manitoba",All-items,79.5
1991-05,Saskatchewan,All-items,80.5
1991-05,"Regina, Saskatchewan",All-items,79.8
1991-05,"Saskatoon, Saskatchewan",All-items,81.2
1991-05,Alberta,All-items,79.2
1991-05,"Edmonton, Alberta",All-items,80.7
1991-05,"Calgary, Alberta",All-items,78.2
1991-05,British Columbia,All-items,82.4
1991-05,"Vancouver, British Columbia",All-items,81.7
1991-05,"Victoria, British Columbia",All-items,83.4
1991-05,"Whitehorse, Yukon",All-items,84.1
1991-05,"Yellowknife, Northwest Territories",All-items,85.4
1991-06,Canada,All-items,83.1
1991-06,Newfoundland and Labrador,All-items,84.8
1991-06,"St. John's, Newfoundland and Labrador",All-items,84.8
1991-06,Prince Edward Island,All-items,84.3
1991-06,"Charlottetown and Summerside, Prince Edward Island",All-items,84.7
1991-06,Nova Scotia,All-items,82.9
1991-06,"Halifax, Nova Scotia",All-items,83.2
1991-06,New Brunswick,All-items,83.8
1991-06,"Saint John, New Brunswick",All-items,84.0
1991-06,Quebec,All-items,85.3
1991-06,"Québec, Quebec",All-items,84.9
1991-06,"Montréal, Quebec",All-items,85.1
1991-06,Ontario,All-items,82.8
1991-06,"Ottawa-Gatineau, Ontario part, Ontario/Quebec",All-items,81.3
1991-06,"Toronto, Ontario",All-items,82.8
1991-06,"Thunder Bay, Ontario",All-items,82.6
1991-06,Manitoba,All-items,80.1
1991-06,"Winnipeg, Manitoba",All-items,79.9
1991-06,Saskatchewan,All-items,80.2
1991-06,"Regina, Saskatchewan",All-items,79.5
1991-06,"Saskatoon, Saskatchewan",All-items,80.8
1991-06,Alberta,All-items,79.5
1991-06,"Edmonton, Alberta",All-items,80.7
1991-06,"Calgary, Alberta",All-items,78.5
1991-06,British Columbia,All-items,82.8
1991-06,"Vancouver, British Columbia",All-items,82.0
1991-06,"Victoria, British Columbia",All-items,83.7
1991-06,"Whitehorse, Yukon",All-items,84.1
1991-06,"Yellowknife, Northwest Territories",All-items,85.0
1991-07,Canada,All-items,83.2
1991-07,Newfoundland and Labrador,All-items,84.9
1991-07,"St. John's, Newfoundland and Labrador",All-items,84.9
1991-07,Prince Edward Island,All-items,84.5
1991-07,"Charlottetown and Summerside, Prince Edward Island",All-items,84.8
1991-07,Nova Scotia,All-items,82.8
1991-07,"Halifax, Nova Scotia",All-items,83.2
1991-07,New Brunswick,All-items,84.1
1991-07,"Saint John, New Brunswick",All-items,84.2
1991-07,Quebec,All-items,85.3
1991-07,"Québec, Quebec",All-items,84.7
1991-07,"Montréal, Quebec",All-items,85.1
1991-07,Ontario,All-items,83.0
1991-07,"Ottawa-Gatineau, Ontario part, Ontario/Quebec",All-items,81.3
1991-07,"Toronto, Ontario",All-items,82.9
1991-07,"Thunder Bay, Ontario",All-items,82.6
1991-07,Manitoba,All-items,80.4
1991-07,"Winnipeg, Manitoba",All-items,80.1
1991-07,Saskatchewan,All-items,80.7
1991-07,"Regina, Saskatchewan",All-items,80.1
1991-07,"Saskatoon, Saskatchewan",All-items,81.1
1991-07,Alberta,All-items,79.9
1991-07,"Edmonton, Alberta",All-items,81.1
1991-07,"Calgary, Alberta",All-items,79.0
1991-07,British Columbia,All-items,82.8
1991-07,"Vancouver, British Columbia",All-items,82.0
1991-07,"Victoria, British Columbia",All-items,83.6
1991-07,"Whitehorse, Yukon",All-items,84.4
1991-07,"Yellowknife, Northwest Territories",All-items,85.3
1991-08,Canada,All-items,83.3
1991-08,Newfoundland and Labrador,All-items,84.9
1991-08,"St. John's, Newfoundland and Labrador",All-items,84.9
1991-08,Prince Edward Island,All-items,84.5
1991-08,"Charlottetown and Summerside, Prince Edward Island",All-items,84.8
1991-08,Nova Scotia,All-items,82.7
1991-08,"Halifax, Nova Scotia",All-items,83.1
1991-08,New Brunswick,All-items,83.9
1991-08,"Saint John, New Brunswick",All-items,84.1
1991-08,Quebec,All-items,85.3
1991-08,"Québec, Quebec",All-items,84.8
1991-08,"Montréal, Quebec",All-items,85.1
1991-08,Ontario,All-items,83.0
1991-08,"Ottawa-Gatineau, Ontario part, Ontario/Quebec",All-items,81.3
1991-08,"Toronto, Ontario",All-items,82.9
1991-08,"Thunder Bay, Ontario",All-items,82.6
1991-08,Manitoba,All-items,80.4
1991-08,"Winnipeg, Manitoba",All-items,80.3
1991-08,Saskatchewan,All-items,80.7
1991-08,"Regina, Saskatchewan",All-items,80.1
1991-08,"Saskatoon, Saskatchewan",All-items,81.2
1991-08,Alberta,All-items,80.0
1991-08,"Edmonton, Alberta",All-items,81.2
1991-08,"Calgary, Alberta",All-items,79.2
1991-08,British Columbia,All-items,82.7
1991-08,"Vancouver, British Columbia",All-items,82.0
1991-08,"Victoria, British Columbia",All-items,83.5
1991-08,"Whitehorse, Yukon",All-items,84.4
1991-08,"Yellowknife, Northwest Territories",All-items,85.6
1991-09,Canada,All-items,83.1
1991-09,Newfoundland and Labrador,All-items,84.7
1991-09,"St. John's, Newfoundland and Labrador",All-items,84.6
1991-09,Prince Edward Island,All-items,84.5
1991-09,"Charlottetown and Summerside, Prince Edward Island",All-items,84.8
1991-09,Nova Scotia,All-items,83.0
1991-09,"Halifax, Nova Scotia",All-items,83.3
1991-09,New Brunswick,All-items,83.8
1991-09,"Saint John, New Brunswick",All-items,84.2
1991-09,Quebec,All-items,85.4
1991-09,"Québec, Quebec",All-items,85.1
1991-09,"Montréal, Quebec",All-items,85.2
1991-09,Ontario,All-items,82.8
1991-09,"Ottawa-Gatineau, Ontario part, Ontario/Quebec",All-items,81.2
1991-09,"Toronto, Ontario",All-items,82.5
1991-09,"Thunder Bay, Ontario",All-items,82.7
1991-09,Manitoba,All-items,80.4
1991-09,"Winnipeg, Manitoba",All-items,80.3
1991-09,Saskatchewan,All-items,80.5
1991-09,"Regina, Saskatchewan",All-items,79.7
1991-09,"Saskatoon, Saskatchewan",All-items,81.2
1991-09,Alberta,All-items,80.0
1991-09,"Edmonton, Alberta",All-items,81.1
1991-09,"Calgary, Alberta",All-items,79.1
1991-09,British Columbia,All-items,82.8
1991-09,"Vancouver, British Columbia",All-items,82.1
1991-09,"Victoria, British Columbia",All-items,83.5
1991-09,"Whitehorse, Yukon",All-items,84.6
1991-09,"Yellowknife, Northwest Territories",All-items,85.7
1991-10,Canada,All-items,83.0
1991-10,Newfoundland and Labrador,All-items,84.5
1991-10,"St. John's, Newfoundland and Labrador",All-items,84.4
1991-10,Prince Edward Island,All-items,84.8
1991-10,"Charlottetown and Summerside, Prince Edward Island",All-items,85.2
1991-10,Nova Scotia,All-items,83.0
1991-10,"Halifax, Nova Scotia",All-items,83.3
1991-10,New Brunswick,All-items,84.0
1991-10,"Saint John, New Brunswick",All-items,84.1
1991-10,Quebec,All-items,85.5
1991-10,"Québec, Quebec",All-items,85.2
1991-10,"Montréal, Quebec",All-items,85.4
1991-10,Ontario,All-items,82.4
1991-10,"Ottawa-Gatineau, Ontario part, Ontario/Quebec",All-items,81.1
1991-10,"Toronto, Ontario",All-items,82.3
1991-10,"Thunder Bay, Ontario",All-items,82.7
1991-10,Manitoba,All-items,80.0
1991-10,"Winnipeg, Manitoba",All-items,79.9
1991-10,Saskatchewan,All-items,80.4
1991-10,"Regina, Saskatchewan",All-items,79.9
1991-10,"Saskatoon, Saskatchewan",All-items,80.8
1991-10,Alberta,All-items,79.8
1991-10,"Edmonton, Alberta",All-items,80.9
1991-10,"Calgary, Alberta",All-items,78.9
1991-10,British Columbia,All-items,82.8
1991-10,"Vancouver, British Columbia",All-items,82.1
1991-10,"Victoria, British Columbia",All-items,83.5
1991-10,"Whitehorse, Yukon",All-items,84.5
1991-10,"Yellowknife, Northwest Territories",All-items,85.5
1991-11,Canada,All-items,83.3
1991-11,Newfoundland and Labrador,All-items,84.3
1991-11,"St. John's, Newfoundland and Labrador",All-items,84.3
1991-11,Prince Edward Island,All-items,84.9
1991-11,"Charlottetown and Summerside, Prince Edward Island",All-items,85.3
1991-11,Nova Scotia,All-items,83.4
1991-11,"Halifax, Nova Scotia",All-items,83.8
1991-11,New Brunswick,All-items,84.5
1991-11,"Saint John, New Brunswick",All-items,84.7
1991-11,Quebec,All-items,85.7
1991-11,"Québec, Quebec",All-items,85.3
1991-11,"Montréal, Quebec",All-items,85.5
1991-11,Ontario,All-items,82.8
1991-11,"Ottawa-Gatineau, Ontario part, Ontario/Quebec",All-items,81.5
1991-11,"Toronto, Ontario",All-items,82.6
1991-11,"Thunder Bay, Ontario",All-items,82.9
1991-11,Manitoba,All-items,80.9
1991-11,"Winnipeg, Manitoba",All-items,80.7
1991-11,Saskatchewan,All-items,79.8
1991-11,"Regina, Saskatchewan",All-items,79.0
1991-11,"Saskatoon, Saskatchewan",All-items,80.4
1991-11,Alberta,All-items,80.0
1991-11,"Edmonton, Alberta",All-items,81.1
1991-11,"Calgary, Alberta",All-items,79.0
1991-11,British Columbia,All-items,83.2
1991-11,"Vancouver, British Columbia",All-items,82.4
1991-11,"Victoria, British Columbia",All-items,83.9
1991-11,"Whitehorse, Yukon",All-items,84.7
1991-11,"Yellowknife, Northwest Territories",All-items,85.4
1991-12,Canada,All-items,82.9
1991-12,Newfoundland and Labrador,All-items,83.8
1991-12,"St. John's, Newfoundland and Labrador",All-items,83.7
1991-12,Prince Edward Island,All-items,84.2
1991-12,"Charlottetown and Summerside, Prince Edward Island",All-items,84.6
1991-12,Nova Scotia,All-items,83.0
1991-12,"Halifax, Nova Scotia",All-items,83.3
1991-12,New Brunswick,All-items,84.0
1991-12,"Saint John, New Brunswick",All-items,84.3
1991-12,Quebec,All-items,85.3
1991-12,"Québec, Quebec",All-items,84.7
1991-12,"Montréal, Quebec",All-items,85.2
1991-12,Ontario,All-items,82.4
1991-12,"Ottawa-Gatineau, Ontario part, Ontario/Quebec",All-items,81.3
1991-12,"Toronto, Ontario",All-items,82.3
1991-12,"Thunder Bay, Ontario",All-items,82.5
1991-12,Manitoba,All-items,80.5
1991-12,"Winnipeg, Manitoba",All-items,80.4
1991-12,Saskatchewan,All-items,79.5
1991-12,"Regina, Saskatchewan",All-items,78.8
1991-12,"Saskatoon, Saskatchewan",All-items,80.0
1991-12,Alberta,All-items,79.6
1991-12,"Edmonton, Alberta",All-items,80.7
1991-12,"Calgary, Alberta",All-items,78.7
1991-12,British Columbia,All-items,82.7
1991-12,"Vancouver, British Columbia",All-items,82.0
1991-12,"Victoria, British Columbia",All-items,83.5
1991-12,"Whitehorse, Yukon",All-items,84.5
1991-12,"Yellowknife, Northwest Territories",All-items,85.2
1992-01,Canada,All-items,83.3
1992-01,Newfoundland and Labrador,All-items,84.2
1992-01,"St. John's, Newfoundland and Labrador",All-items,84.1
1992-01,Prince Edward Island,All-items,84.2
1992-01,"Charlottetown and Summerside, Prince Edward Island",All-items,84.6
1992-01,Nova Scotia,All-items,82.7
1992-01,"Halifax, Nova Scotia",All-items,83.3
1992-01,New Brunswick,All-items,83.9
1992-01,"Saint John, New Brunswick",All-items,84.2
1992-01,Quebec,All-items,86.0
1992-01,"Québec, Quebec",All-items,85.4
1992-01,"Montréal, Quebec",All-items,85.9
1992-01,Ontario,All-items,82.5
1992-01,"Ottawa-Gatineau, Ontario part, Ontario/Quebec",All-items,81.5
1992-01,"Toronto, Ontario",All-items,82.3
1992-01,"Thunder Bay, Ontario",All-items,83.1
1992-01,Manitoba,All-items,80.5
1992-01,"Winnipeg, Manitoba",All-items,80.4
1992-01,Saskatchewan,All-items,79.6
1992-01,"Regina, Saskatchewan",All-items,79.1
1992-01,"Saskatoon, Saskatchewan",All-items,80.1
1992-01,Alberta,All-items,79.8
1992-01,"Edmonton, Alberta",All-items,81.3
1992-01,"Calgary, Alberta",All-items,78.8
1992-01,British Columbia,All-items,83.5
1992-01,"Vancouver, British Columbia",All-items,82.9
1992-01,"Victoria, British Columbia",All-items,84.0
1992-01,"Whitehorse, Yukon",All-items,84.5
1992-01,"Yellowknife, Northwest Territories",All-items,85.4
1992-02,Canada,All-items,83.3
1992-02,Newfoundland and Labrador,All-items,84.9
1992-02,"St. John's, Newfoundland and Labrador",All-items,84.8
1992-02,Prince Edward Island,All-items,84.4
1992-02,"Charlottetown and Summerside, Prince Edward Island",All-items,84.8
1992-02,Nova Scotia,All-items,83.2
1992-02,"Halifax, Nova Scotia",All-items,83.7
1992-02,New Brunswick,All-items,84.2
1992-02,"Saint John, New Brunswick",All-items,84.4
1992-02,Quebec,All-items,86.0
1992-02,"Québec, Quebec",All-items,85.7
1992-02,"Montréal, Quebec",All-items,85.9
1992-02,Ontario,All-items,82.7
1992-02,"Ottawa-Gatineau, Ontario part, Ontario/Quebec",All-items,81.5
1992-02,"Toronto, Ontario",All-items,82.4
1992-02,"Thunder Bay, Ontario",All-items,83.3
1992-02,Manitoba,All-items,80.5
1992-02,"Winnipeg, Manitoba",All-items,80.3
1992-02,Saskatchewan,All-items,79.7
1992-02,"Regina, Saskatchewan",All-items,79.1
1992-02,"Saskatoon, Saskatchewan",All-items,80.2
1992-02,Alberta,All-items,80.0
1992-02,"Edmonton, Alberta",All-items,81.2
1992-02,"Calgary, Alberta",All-items,79.1
1992-02,British Columbia,All-items,83.7
1992-02,"Vancouver, British Columbia",All-items,83.1
1992-02,"Victoria, British Columbia",All-items,84.3
1992-02,"Whitehorse, Yukon",All-items,84.7
1992-02,"Yellowknife, Northwest Territories",All-items,85.7
1992-03,Canada,All-items,83.6
1992-03,Newfoundland and Labrador,All-items,85.2
1992-03,"St. John's, Newfoundland and Labrador",All-items,85.1
1992-03,Prince Edward Island,All-items,84.9
1992-03,"Charlottetown and Summerside, Prince Edward Island",All-items,85.3
1992-03,Nova Scotia,All-items,83.7
1992-03,"Halifax, Nova Scotia",All-items,84.2
1992-03,New Brunswick,All-items,84.7
1992-03,"Saint John, New Brunswick",All-items,84.8
1992-03,Quebec,All-items,86.2
1992-03,"Québec, Quebec",All-items,85.7
1992-03,"Montréal, Quebec",All-items,86.0
1992-03,Ontario,All-items,82.8
1992-03,"Ottawa-Gatineau, Ontario part, Ontario/Quebec",All-items,81.7
1992-03,"Toronto, Ontario",All-items,82.8
1992-03,"Thunder Bay, Ontario",All-items,83.5
1992-03,Manitoba,All-items,80.5
1992-03,"Winnipeg, Manitoba",All-items,80.4
1992-03,Saskatchewan,All-items,80.0
1992-03,"Regina, Saskatchewan",All-items,79.5
1992-03,"Saskatoon, Saskatchewan",All-items,80.4
1992-03,Alberta,All-items,80.4
1992-03,"Edmonton, Alberta",All-items,81.6
1992-03,"Calgary, Alberta",All-items,79.3
1992-03,British Columbia,All-items,84.2
1992-03,"Vancouver, British Columbia",All-items,83.5
1992-03,"Victoria, British Columbia",All-items,84.5
1992-03,"Whitehorse, Yukon",All-items,85.3
1992-03,"Yellowknife, Northwest Territories",All-items,86.0
1992-04,Canada,All-items,83.7
1992-04,Newfoundland and Labrador,All-items,85.5
1992-04,"St. John's, Newfoundland and Labrador",All-items,85.4
1992-04,Prince Edward Island,All-items,85.0
1992-04,"Charlottetown and Summerside, Prince Edward Island",All-items,85.4
1992-04,Nova Scotia,All-items,83.8
1992-04,"Halifax, Nova Scotia",All-items,84.3
1992-04,New Brunswick,All-items,84.2
1992-04,"Saint John, New Brunswick",All-items,84.3
1992-04,Quebec,All-items,86.2
1992-04,"Québec, Quebec",All-items,85.8
1992-04,"Montréal, Quebec",All-items,86.0
1992-04,Ontario,All-items,82.9
1992-04,"Ottawa-Gatineau, Ontario part, Ontario/Quebec",All-items,81.7
1992-04,"Toronto, Ontario",All-items,82.7
1992-04,"Thunder Bay, Ontario",All-items,83.6
1992-04,Manitoba,All-items,81.0
1992-04,"Winnipeg, Manitoba",All-items,80.9
1992-04,Saskatchewan,All-items,80.0
1992-04,"Regina, Saskatchewan",All-items,79.3
1992-04,"Saskatoon, Saskatchewan",All-items,80.5
1992-04,Alberta,All-items,80.3
1992-04,"Edmonton, Alberta",All-items,81.6
1992-04,"Calgary, Alberta",All-items,79.3
1992-04,British Columbia,All-items,84.5
1992-04,"Vancouver, British Columbia",All-items,83.9
1992-04,"Victoria, British Columbia",All-items,84.7
1992-04,"Whitehorse, Yukon",All-items,84.8
1992-04,"Yellowknife, Northwest Territories",All-items,85.7
1992-05,Canada,All-items,83.8
1992-05,Newfoundland and Labrador,All-items,85.3
1992-05,"St. John's, Newfoundland and Labrador",All-items,85.2
1992-05,Prince Edward Island,All-items,84.7
1992-05,"Charlottetown and Summerside, Prince Edward Island",All-items,85.1
1992-05,Nova Scotia,All-items,83.7
1992-05,"Halifax, Nova Scotia",All-items,84.1
1992-05,New Brunswick,All-items,84.3
1992-05,"Saint John, New Brunswick",All-items,84.5
1992-05,Quebec,All-items,86.3
1992-05,"Québec, Quebec",All-items,86.0
1992-05,"Montréal, Quebec",All-items,86.1
1992-05,Ontario,All-items,83.1
1992-05,"Ottawa-Gatineau, Ontario part, Ontario/Quebec",All-items,81.8
1992-05,"Toronto, Ontario",All-items,82.9
1992-05,"Thunder Bay, Ontario",All-items,83.7
1992-05,Manitoba,All-items,80.6
1992-05,"Winnipeg, Manitoba",All-items,80.5
1992-05,Saskatchewan,All-items,80.9
1992-05,"Regina, Saskatchewan",All-items,80.3
1992-05,"Saskatoon, Saskatchewan",All-items,81.4
1992-05,Alberta,All-items,80.4
1992-05,"Edmonton, Alberta",All-items,81.8
1992-05,"Calgary, Alberta",All-items,79.3
1992-05,British Columbia,All-items,84.6
1992-05,"Vancouver, British Columbia",All-items,84.0
1992-05,"Victoria, British Columbia",All-items,85.0
1992-05,"Whitehorse, Yukon",All-items,84.8
1992-05,"Yellowknife, Northwest Territories",All-items,86.0
1992-06,Canada,All-items,84.0
1992-06,Newfoundland and Labrador,All-items,85.5
1992-06,"St. John's, Newfoundland and Labrador",All-items,85.5
1992-06,Prince Edward Island,All-items,84.8
1992-06,"Charlottetown and Summerside, Prince Edward Island",All-items,85.2
1992-06,Nova Scotia,All-items,83.7
1992-06,"Halifax, Nova Scotia",All-items,84.2
1992-06,New Brunswick,All-items,84.4
1992-06,"Saint John, New Brunswick",All-items,84.5
1992-06,Quebec,All-items,86.5
1992-06,"Québec, Quebec",All-items,86.1
1992-06,"Montréal, Quebec",All-items,86.3
1992-06,Ontario,All-items,83.3
1992-06,"Ottawa-Gatineau, Ontario part, Ontario/Quebec",All-items,81.9
1992-06,"Toronto, Ontario",All-items,83.1
1992-06,"Thunder Bay, Ontario",All-items,83.9
1992-06,Manitoba,All-items,81.1
1992-06,"Winnipeg, Manitoba",All-items,81.0
1992-06,Saskatchewan,All-items,80.9
1992-06,"Regina, Saskatchewan",All-items,80.2
1992-06,"Saskatoon, Saskatchewan",All-items,81.5
1992-06,Alberta,All-items,80.5
1992-06,"Edmonton, Alberta",All-items,82.1
1992-06,"Calgary, Alberta",All-items,79.3
1992-06,British Columbia,All-items,84.7
1992-06,"Vancouver, British Columbia",All-items,84.0
1992-06,"Victoria, British Columbia",All-items,85.2
1992-06,"Whitehorse, Yukon",All-items,84.8
1992-06,"Yellowknife, Northwest Territories",All-items,85.8
1992-07,Canada,All-items,84.2
1992-07,Newfoundland and Labrador,All-items,85.5
1992-07,"St. John's, Newfoundland and Labrador",All-items,85.4
1992-07,Prince Edward Island,All-items,84.9
1992-07,"Charlottetown and Summerside, Prince Edward Island",All-items,85.3
1992-07,Nova Scotia,All-items,83.6
1992-07,"Halifax, Nova Scotia",All-items,84.2
1992-07,New Brunswick,All-items,84.3
1992-07,"Saint John, New Brunswick",All-items,84.6
1992-07,Quebec,All-items,86.7
1992-07,"Québec, Quebec",All-items,86.2
1992-07,"Montréal, Quebec",All-items,86.6
1992-07,Ontario,All-items,83.5
1992-07,"Ottawa-Gatineau, Ontario part, Ontario/Quebec",All-items,82.2
1992-07,"Toronto, Ontario",All-items,83.3
1992-07,"Thunder Bay, Ontario",All-items,84.1
1992-07,Manitoba,All-items,81.4
1992-07,"Winnipeg, Manitoba",All-items,81.3
1992-07,Saskatchewan,All-items,81.2
1992-07,"Regina, Saskatchewan",All-items,80.5
1992-07,"Saskatoon, Saskatchewan",All-items,81.7
1992-07,Alberta,All-items,80.8
1992-07,"Edmonton, Alberta",All-items,82.5
1992-07,"Calgary, Alberta",All-items,79.6
1992-07,British Columbia,All-items,85.0
1992-07,"Vancouver, British Columbia",All-items,84.5
1992-07,"Victoria, British Columbia",All-items,85.6
1992-07,"Whitehorse, Yukon",All-items,85.2
1992-07,"Yellowknife, Northwest Territories",All-items,86.0
1992-08,Canada,All-items,84.2
1992-08,Newfoundland and Labrador,All-items,85.3
1992-08,"St. John's, Newfoundland and Labrador",All-items,85.2
1992-08,Prince Edward Island,All-items,85.1
1992-08,"Charlottetown and Summerside, Prince Edward Island",All-items,85.5
1992-08,Nova Scotia,All-items,83.6
1992-08,"Halifax, Nova Scotia",All-items,84.1
1992-08,New Brunswick,All-items,84.3
1992-08,"Saint John, New Brunswick",All-items,84.8
1992-08,Quebec,All-items,86.7
1992-08,"Québec, Quebec",All-items,86.1
1992-08,"Montréal, Quebec",All-items,86.6
1992-08,Ontario,All-items,83.5
1992-08,"Ottawa-Gatineau, Ontario part, Ontario/Quebec",All-items,82.3
1992-08,"Toronto, Ontario",All-items,83.2
1992-08,"Thunder Bay, Ontario",All-items,84.2
1992-08,Manitoba,All-items,81.7
1992-08,"Winnipeg, Manitoba",All-items,81.5
1992-08,Saskatchewan,All-items,81.3
1992-08,"Regina, Saskatchewan",All-items,80.9
1992-08,"Saskatoon, Saskatchewan",All-items,81.6
1992-08,Alberta,All-items,80.8
1992-08,"Edmonton, Alberta",All-items,82.5
1992-08,"Calgary, Alberta",All-items,79.6
1992-08,British Columbia,All-items,85.2
1992-08,"Vancouver, British Columbia",All-items,84.6
1992-08,"Victoria, British Columbia",All-items,85.6
1992-08,"Whitehorse, Yukon",All-items,85.3
1992-08,"Yellowknife, Northwest Territories",All-items,86.1
1992-09,Canada,All-items,84.2
1992-09,Newfoundland and Labrador,All-items,85.3
1992-09,"St. John's, Newfoundland and Labrador",All-items,85.2
1992-09,Prince Edward Island,All-items,85.1
1992-09,"Charlottetown and Summerside, Prince Edward Island",All-items,85.5
1992-09,Nova Scotia,All-items,83.3
1992-09,"Halifax, Nova Scotia",All-items,83.9
1992-09,New Brunswick,All-items,84.1
1992-09,"Saint John, New Brunswick",All-items,84.5
1992-09,Quebec,All-items,86.7
1992-09,"Québec, Quebec",All-items,85.9
1992-09,"Montréal, Quebec",All-items,86.6
1992-09,Ontario,All-items,83.3
1992-09,"Ottawa-Gatineau, Ontario part, Ontario/Quebec",All-items,82.3
1992-09,"Toronto, Ontario",All-items,82.9
1992-09,"Thunder Bay, Ontario",All-items,84.0
1992-09,Manitoba,All-items,81.8
1992-09,"Winnipeg, Manitoba",All-items,81.7
1992-09,Saskatchewan,All-items,81.3
1992-09,"Regina, Saskatchewan",All-items,80.7
1992-09,"Saskatoon, Saskatchewan",All-items,81.7
1992-09,Alberta,All-items,80.8
1992-09,"Edmonton, Alberta",All-items,82.5
1992-09,"Calgary, Alberta",All-items,79.6
1992-09,British Columbia,All-items,85.0
1992-09,"Vancouver, British Columbia",All-items,84.5
1992-09,"Victoria, British Columbia",All-items,85.3
1992-09,"Whitehorse, Yukon",All-items,85.1
1992-09,"Yellowknife, Northwest Territories",All-items,85.8
1992-10,Canada,All-items,84.3
1992-10,Newfoundland and Labrador,All-items,85.5
1992-10,"St. John's, Newfoundland and Labrador",All-items,85.5
1992-10,Prince Edward Island,All-items,85.1
1992-10,"Charlottetown and Summerside, Prince Edward Island",All-items,85.5
1992-10,Nova Scotia,All-items,83.3
1992-10,"Halifax, Nova Scotia",All-items,83.8
1992-10,New Brunswick,All-items,84.2
1992-10,"Saint John, New Brunswick",All-items,84.8
1992-10,Quebec,All-items,87.0
1992-10,"Québec, Quebec",All-items,86.3
1992-10,"Montréal, Quebec",All-items,86.9
1992-10,Ontario,All-items,83.4
1992-10,"Ottawa-Gatineau, Ontario part, Ontario/Quebec",All-items,82.6
1992-10,"Toronto, Ontario",All-items,83.1
1992-10,"Thunder Bay, Ontario",All-items,84.0
1992-10,Manitoba,All-items,81.5
1992-10,"Winnipeg, Manitoba",All-items,81.4
1992-10,Saskatchewan,All-items,81.3
1992-10,"Regina, Saskatchewan",All-items,80.9
1992-10,"Saskatoon, Saskatchewan",All-items,81.7
1992-10,Alberta,All-items,80.7
1992-10,"Edmonton, Alberta",All-items,82.2
1992-10,"Calgary, Alberta",All-items,79.6
1992-10,British Columbia,All-items,85.4
1992-10,"Vancouver, British Columbia",All-items,84.9
1992-10,"Victoria, British Columbia",All-items,85.8
1992-10,"Whitehorse, Yukon",All-items,85.0
1992-10,"Yellowknife, Northwest Territories",All-items,86.3
1992-11,Canada,All-items,84.7
1992-11,Newfoundland and Labrador,All-items,85.5
1992-11,"St. John's, Newfoundland and Labrador",All-items,85.6
1992-11,Prince Edward Island,All-items,85.7
1992-11,"Charlottetown and Summerside, Prince Edward Island",All-items,86.0
1992-11,Nova Scotia,All-items,83.7
1992-11,"Halifax, Nova Scotia",All-items,84.4
1992-11,New Brunswick,All-items,84.7
1992-11,"Saint John, New Brunswick",All-items,85.2
1992-11,Quebec,All-items,87.3
1992-11,"Québec, Quebec",All-items,86.7
1992-11,"Montréal, Quebec",All-items,87.2
1992-11,Ontario,All-items,83.8
1992-11,"Ottawa-Gatineau, Ontario part, Ontario/Quebec",All-items,82.8
1992-11,"Toronto, Ontario",All-items,83.5
1992-11,"Thunder Bay, Ontario",All-items,84.6
1992-11,Manitoba,All-items,82.1
1992-11,"Winnipeg, Manitoba",All-items,81.9
1992-11,Saskatchewan,All-items,81.7
1992-11,"Regina, Saskatchewan",All-items,81.3
1992-11,"Saskatoon, Saskatchewan",All-items,82.1
1992-11,Alberta,All-items,81.2
1992-11,"Edmonton, Alberta",All-items,82.7
1992-11,"Calgary, Alberta",All-items,80.2
1992-11,British Columbia,All-items,86.0
1992-11,"Vancouver, British Columbia",All-items,85.6
1992-11,"Victoria, British Columbia",All-items,86.2
1992-11,"Whitehorse, Yukon",All-items,85.4
1992-11,"Yellowknife, Northwest Territories",All-items,86.3
1992-12,Canada,All-items,84.7
1992-12,Newfoundland and Labrador,All-items,85.5
1992-12,"St. John's, Newfoundland and Labrador",All-items,85.6
1992-12,Prince Edward Island,All-items,85.5
1992-12,"Charlottetown and Summerside, Prince Edward Island",All-items,85.9
1992-12,Nova Scotia,All-items,83.3
1992-12,"Halifax, Nova Scotia",All-items,83.8
1992-12,New Brunswick,All-items,84.2
1992-12,"Saint John, New Brunswick",All-items,84.9
1992-12,Quebec,All-items,87.3
1992-12,"Québec, Quebec",All-items,86.9
1992-12,"Montréal, Quebec",All-items,87.2
1992-12,Ontario,All-items,83.8
1992-12,"Ottawa-Gatineau, Ontario part, Ontario/Quebec",All-items,82.8
1992-12,"Toronto, Ontario",All-items,83.4
1992-12,"Thunder Bay, Ontario",All-items,84.4
1992-12,Manitoba,All-items,82.2
1992-12,"Winnipeg, Manitoba",All-items,82.2
1992-12,Saskatchewan,All-items,81.7
1992-12,"Regina, Saskatchewan",All-items,81.3
1992-12,"Saskatoon, Saskatchewan",All-items,82.0
1992-12,Alberta,All-items,81.0
1992-12,"Edmonton, Alberta",All-items,82.5
1992-12,"Calgary, Alberta",All-items,79.8
1992-12,British Columbia,All-items,86.0
1992-12,"Vancouver, British Columbia",All-items,85.6
1992-12,"Victoria, British Columbia",All-items,85.9
1992-12,"Whitehorse, Yukon",All-items,85.3
1992-12,"Yellowknife, Northwest Territories",All-items,86.2
1993-01,Canada,All-items,85.0
1993-01,Newfoundland and Labrador,All-items,85.8
1993-01,"St. John's, Newfoundland and Labrador",All-items,85.8
1993-01,Prince Edward Island,All-items,85.5
1993-01,"Charlottetown and Summerside, Prince Edward Island",All-items,85.9
1993-01,Nova Scotia,All-items,83.4
1993-01,"Halifax, Nova Scotia",All-items,83.8
1993-01,New Brunswick,All-items,84.3
1993-01,"Saint John, New Brunswick",All-items,84.9
1993-01,Quebec,All-items,87.6
1993-01,"Québec, Quebec",All-items,87.0
1993-01,"Montréal, Quebec",All-items,87.6
1993-01,Ontario,All-items,84.0
1993-01,"Ottawa-Gatineau, Ontario part, Ontario/Quebec",All-items,83.2
1993-01,"Toronto, Ontario",All-items,83.6
1993-01,"Thunder Bay, Ontario",All-items,84.9
1993-01,Manitoba,All-items,82.4
1993-01,"Winnipeg, Manitoba",All-items,82.3
1993-01,Saskatchewan,All-items,82.2
1993-01,"Regina, Saskatchewan",All-items,81.9
1993-01,"Saskatoon, Saskatchewan",All-items,82.4
1993-01,Alberta,All-items,81.3
1993-01,"Edmonton, Alberta",All-items,82.8
1993-01,"Calgary, Alberta",All-items,80.3
1993-01,British Columbia,All-items,86.9
1993-01,"Vancouver, British Columbia",All-items,86.4
1993-01,"Victoria, British Columbia",All-items,86.7
1993-01,"Whitehorse, Yukon",All-items,85.5
1993-01,"Yellowknife, Northwest Territories",All-items,86.4
1993-02,Canada,All-items,85.3
1993-02,Newfoundland and Labrador,All-items,86.2
1993-02,"St. John's, Newfoundland and Labrador",All-items,86.2
1993-02,Prince Edward Island,All-items,86.0
1993-02,"Charlottetown and Summerside, Prince Edward Island",All-items,86.4
1993-02,Nova Scotia,All-items,83.7
1993-02,"Halifax, Nova Scotia",All-items,84.1
1993-02,New Brunswick,All-items,84.8
1993-02,"Saint John, New Brunswick",All-items,85.4
1993-02,Quebec,All-items,87.6
1993-02,"Québec, Quebec",All-items,87.0
1993-02,"Montréal, Quebec",All-items,87.7
1993-02,Ontario,All-items,84.4
1993-02,"Ottawa-Gatineau, Ontario part, Ontario/Quebec",All-items,83.4
1993-02,"Toronto, Ontario",All-items,84.2
1993-02,"Thunder Bay, Ontario",All-items,85.3
1993-02,Manitoba,All-items,82.8
1993-02,"Winnipeg, Manitoba",All-items,82.7
1993-02,Saskatchewan,All-items,82.4
1993-02,"Regina, Saskatchewan",All-items,81.9
1993-02,"Saskatoon, Saskatchewan",All-items,82.8
1993-02,Alberta,All-items,81.4
1993-02,"Edmonton, Alberta",All-items,82.9
1993-02,"Calgary, Alberta",All-items,80.4
1993-02,British Columbia,All-items,87.1
1993-02,"Vancouver, British Columbia",All-items,86.7
1993-02,"Victoria, British Columbia",All-items,87.1
1993-02,"Whitehorse, Yukon",All-items,85.6
1993-02,"Yellowknife, Northwest Territories",All-items,87.0
1993-03,Canada,All-items,85.2
1993-03,Newfoundland and Labrador,All-items,86.4
1993-03,"St. John's, Newfoundland and Labrador",All-items,86.3
1993-03,Prince Edward Island,All-items,86.2
1993-03,"Charlottetown and Summerside, Prince Edward Island",All-items,86.6
1993-03,Nova Scotia,All-items,83.7
1993-03,"Halifax, Nova Scotia",All-items,84.2
1993-03,New Brunswick,All-items,84.9
1993-03,"Saint John, New Brunswick",All-items,85.4
1993-03,Quebec,All-items,87.9
1993-03,"Québec, Quebec",All-items,87.2
1993-03,"Montréal, Quebec",All-items,87.7
1993-03,Ontario,All-items,84.5
1993-03,"Ottawa-Gatineau, Ontario part, Ontario/Quebec",All-items,83.7
1993-03,"Toronto, Ontario",All-items,84.2
1993-03,"Thunder Bay, Ontario",All-items,85.3
1993-03,Manitoba,All-items,83.0
1993-03,"Winnipeg, Manitoba",All-items,82.8
1993-03,Saskatchewan,All-items,82.2
1993-03,"Regina, Saskatchewan",All-items,81.6
1993-03,"Saskatoon, Saskatchewan",All-items,82.7
1993-03,Alberta,All-items,80.4
1993-03,"Edmonton, Alberta",All-items,81.6
1993-03,"Calgary, Alberta",All-items,79.3
1993-03,British Columbia,All-items,87.1
1993-03,"Vancouver, British Columbia",All-items,86.6
1993-03,"Victoria, British Columbia",All-items,87.2
1993-03,"Whitehorse, Yukon",All-items,86.1
1993-03,"Yellowknife, Northwest Territories",All-items,87.2
1993-04,Canada,All-items,85.2
1993-04,Newfoundland and Labrador,All-items,86.2
1993-04,"St. John's, Newfoundland and Labrador",All-items,86.2
1993-04,Prince Edward Island,All-items,86.1
1993-04,"Charlottetown and Summerside, Prince Edward Island",All-items,86.5
1993-04,Nova Scotia,All-items,84.0
1993-04,"Halifax, Nova Scotia",All-items,84.3
1993-04,New Brunswick,All-items,85.2
1993-04,"Saint John, New Brunswick",All-items,85.7
1993-04,Quebec,All-items,87.7
1993-04,"Québec, Quebec",All-items,87.1
1993-04,"Montréal, Quebec",All-items,87.6
1993-04,Ontario,All-items,84.3
1993-04,"Ottawa-Gatineau, Ontario part, Ontario/Quebec",All-items,83.6
1993-04,"Toronto, Ontario",All-items,83.9
1993-04,"Thunder Bay, Ontario",All-items,85.0
1993-04,Manitoba,All-items,83.2
1993-04,"Winnipeg, Manitoba",All-items,83.1
1993-04,Saskatchewan,All-items,83.1
1993-04,"Regina, Saskatchewan",All-items,82.7
1993-04,"Saskatoon, Saskatchewan",All-items,83.5
1993-04,Alberta,All-items,80.8
1993-04,"Edmonton, Alberta",All-items,82.0
1993-04,"Calgary, Alberta",All-items,79.9
1993-04,British Columbia,All-items,87.2
1993-04,"Vancouver, British Columbia",All-items,86.7
1993-04,"Victoria, British Columbia",All-items,87.2
1993-04,"Whitehorse, Yukon",All-items,85.9
1993-04,"Yellowknife, Northwest Territories",All-items,87.2
1993-05,Canada,All-items,85.4
1993-05,Newfoundland and Labrador,All-items,86.6
1993-05,"St. John's, Newfoundland and Labrador",All-items,86.5
1993-05,Prince Edward Island,All-items,86.4
1993-05,"Charlottetown and Summerside, Prince Edward Island",All-items,86.8
1993-05,Nova Scotia,All-items,84.2
1993-05,"Halifax, Nova Scotia",All-items,84.5
1993-05,New Brunswick,All-items,85.2
1993-05,"Saint John, New Brunswick",All-items,85.7
1993-05,Quebec,All-items,87.6
1993-05,"Québec, Quebec",All-items,87.0
1993-05,"Montréal, Quebec",All-items,87.6
1993-05,Ontario,All-items,84.4
1993-05,"Ottawa-Gatineau, Ontario part, Ontario/Quebec",All-items,83.7
1993-05,"Toronto, Ontario",All-items,83.9
1993-05,"Thunder Bay, Ontario",All-items,84.9
1993-05,Manitoba,All-items,83.4
1993-05,"Winnipeg, Manitoba",All-items,83.2
1993-05,Saskatchewan,All-items,83.4
1993-05,"Regina, Saskatchewan",All-items,83.0
1993-05,"Saskatoon, Saskatchewan",All-items,83.7
1993-05,Alberta,All-items,81.0
1993-05,"Edmonton, Alberta",All-items,82.0
1993-05,"Calgary, Alberta",All-items,80.2
1993-05,British Columbia,All-items,87.6
1993-05,"Vancouver, British Columbia",All-items,87.2
1993-05,"Victoria, British Columbia",All-items,87.5
1993-05,"Whitehorse, Yukon",All-items,86.3
1993-05,"Yellowknife, Northwest Territories",All-items,87.4
1993-06,Canada,All-items,85.4
1993-06,Newfoundland and Labrador,All-items,86.7
1993-06,"St. John's, Newfoundland and Labrador",All-items,86.6
1993-06,Prince Edward Island,All-items,86.4
1993-06,"Charlottetown and Summerside, Prince Edward Island",All-items,86.8
1993-06,Nova Scotia,All-items,84.3
1993-06,"Halifax, Nova Scotia",All-items,84.7
1993-06,New Brunswick,All-items,85.5
1993-06,"Saint John, New Brunswick",All-items,85.8
1993-06,Quebec,All-items,87.6
1993-06,"Québec, Quebec",All-items,87.1
1993-06,"Montréal, Quebec",All-items,87.6
1993-06,Ontario,All-items,84.6
1993-06,"Ottawa-Gatineau, Ontario part, Ontario/Quebec",All-items,83.9
1993-06,"Toronto, Ontario",All-items,84.1
1993-06,"Thunder Bay, Ontario",All-items,85.0
1993-06,Manitoba,All-items,83.3
1993-06,"Winnipeg, Manitoba",All-items,83.1
1993-06,Saskatchewan,All-items,83.4
1993-06,"Regina, Saskatchewan",All-items,82.8
1993-06,"Saskatoon, Saskatchewan",All-items,83.7
1993-06,Alberta,All-items,81.3
1993-06,"Edmonton, Alberta",All-items,82.7
1993-06,"Calgary, Alberta",All-items,80.4
1993-06,British Columbia,All-items,87.5
1993-06,"Vancouver, British Columbia",All-items,87.0
1993-06,"Victoria, British Columbia",All-items,87.5
1993-06,"Whitehorse, Yukon",All-items,86.3
1993-06,"Yellowknife, Northwest Territories",All-items,87.2
1993-07,Canada,All-items,85.6
1993-07,Newfoundland and Labrador,All-items,87.1
1993-07,"St. John's, Newfoundland and Labrador",All-items,87.1
1993-07,Prince Edward Island,All-items,86.7
1993-07,"Charlottetown and Summerside, Prince Edward Island",All-items,87.1
1993-07,Nova Scotia,All-items,84.4
1993-07,"Halifax, Nova Scotia",All-items,84.8
1993-07,New Brunswick,All-items,85.5
1993-07,"Saint John, New Brunswick",All-items,85.8
1993-07,Quebec,All-items,87.6
1993-07,"Québec, Quebec",All-items,87.2
1993-07,"Montréal, Quebec",All-items,87.5
1993-07,Ontario,All-items,84.8
1993-07,"Ottawa-Gatineau, Ontario part, Ontario/Quebec",All-items,84.0
1993-07,"Toronto, Ontario",All-items,84.4
1993-07,"Thunder Bay, Ontario",All-items,85.7
1993-07,Manitoba,All-items,83.5
1993-07,"Winnipeg, Manitoba",All-items,83.4
1993-07,Saskatchewan,All-items,83.4
1993-07,"Regina, Saskatchewan",All-items,83.0
1993-07,"Saskatoon, Saskatchewan",All-items,83.7
1993-07,Alberta,All-items,81.7
1993-07,"Edmonton, Alberta",All-items,83.0
1993-07,"Calgary, Alberta",All-items,80.8
1993-07,British Columbia,All-items,87.8
1993-07,"Vancouver, British Columbia",All-items,87.4
1993-07,"Victoria, British Columbia",All-items,87.7
1993-07,"Whitehorse, Yukon",All-items,87.3
1993-07,"Yellowknife, Northwest Territories",All-items,87.4
1993-08,Canada,All-items,85.7
1993-08,Newfoundland and Labrador,All-items,87.2
1993-08,"St. John's, Newfoundland and Labrador",All-items,87.2
1993-08,Prince Edward Island,All-items,86.9
1993-08,"Charlottetown and Summerside, Prince Edward Island",All-items,87.3
1993-08,Nova Scotia,All-items,84.6
1993-08,"Halifax, Nova Scotia",All-items,84.8
1993-08,New Brunswick,All-items,85.7
1993-08,"Saint John, New Brunswick",All-items,86.0
1993-08,Quebec,All-items,87.6
1993-08,"Québec, Quebec",All-items,87.1
1993-08,"Montréal, Quebec",All-items,87.4
1993-08,Ontario,All-items,84.8
1993-08,"Ottawa-Gatineau, Ontario part, Ontario/Quebec",All-items,84.0
1993-08,"Toronto, Ontario",All-items,84.4
1993-08,"Thunder Bay, Ontario",All-items,85.9
1993-08,Manitoba,All-items,83.5
1993-08,"Winnipeg, Manitoba",All-items,83.4
1993-08,Saskatchewan,All-items,83.6
1993-08,"Regina, Saskatchewan",All-items,83.2
1993-08,"Saskatoon, Saskatchewan",All-items,83.8
1993-08,Alberta,All-items,81.7
1993-08,"Edmonton, Alberta",All-items,82.9
1993-08,"Calgary, Alberta",All-items,80.8
1993-08,British Columbia,All-items,88.2
1993-08,"Vancouver, British Columbia",All-items,87.8
1993-08,"Victoria, British Columbia",All-items,87.9
1993-08,"Whitehorse, Yukon",All-items,87.7
1993-08,"Yellowknife, Northwest Territories",All-items,87.5
1993-09,Canada,All-items,85.7
1993-09,Newfoundland and Labrador,All-items,87.2
1993-09,"St. John's, Newfoundland and Labrador",All-items,87.3
1993-09,Prince Edward Island,All-items,86.8
1993-09,"Charlottetown and Summerside, Prince Edward Island",All-items,87.2
1993-09,Nova Scotia,All-items,84.7
1993-09,"Halifax, Nova Scotia",All-items,84.8
1993-09,New Brunswick,All-items,85.5
1993-09,"Saint John, New Brunswick",All-items,85.8
1993-09,Quebec,All-items,87.6
1993-09,"Québec, Quebec",All-items,87.1
1993-09,"Montréal, Quebec",All-items,87.6
1993-09,Ontario,All-items,84.9
1993-09,"Ottawa-Gatineau, Ontario part, Ontario/Quebec",All-items,84.1
1993-09,"Toronto, Ontario",All-items,84.5
1993-09,"Thunder Bay, Ontario",All-items,85.8
1993-09,Manitoba,All-items,83.5
1993-09,"Winnipeg, Manitoba",All-items,83.4
1993-09,Saskatchewan,All-items,83.6
1993-09,"Regina, Saskatchewan",All-items,83.2
1993-09,"Saskatoon, Saskatchewan",All-items,83.8
1993-09,Alberta,All-items,81.8
1993-09,"Edmonton, Alberta",All-items,82.9
1993-09,"Calgary, Alberta",All-items,81.2
1993-09,British Columbia,All-items,88.3
1993-09,"Vancouver, British Columbia",All-items,87.9
1993-09,"Victoria, British Columbia",All-items,88.4
1993-09,"Whitehorse, Yukon",All-items,87.6
1993-09,"Yellowknife, Northwest Territories",All-items,87.4
1993-10,Canada,All-items,85.9
1993-10,Newfoundland and Labrador,All-items,87.1
1993-10,"St. John's, Newfoundland and Labrador",All-items,87.1
1993-10,Prince Edward Island,All-items,87.4
1993-10,"Charlottetown and Summerside, Prince Edward Island",All-items,87.8
1993-10,Nova Scotia,All-items,85.4
1993-10,"Halifax, Nova Scotia",All-items,85.6
1993-10,New Brunswick,All-items,85.8
1993-10,"Saint John, New Brunswick",All-items,86.0
1993-10,Quebec,All-items,87.6
1993-10,"Québec, Quebec",All-items,87.2
1993-10,"Montréal, Quebec",All-items,87.5
1993-10,Ontario,All-items,85.1
1993-10,"Ottawa-Gatineau, Ontario part, Ontario/Quebec",All-items,84.2
1993-10,"Toronto, Ontario",All-items,84.7
1993-10,"Thunder Bay, Ontario",All-items,85.7
1993-10,Manitoba,All-items,83.9
1993-10,"Winnipeg, Manitoba",All-items,83.7
1993-10,Saskatchewan,All-items,83.8
1993-10,"Regina, Saskatchewan",All-items,83.4
1993-10,"Saskatoon, Saskatchewan",All-items,84.1
1993-10,Alberta,All-items,81.7
1993-10,"Edmonton, Alberta",All-items,82.9
1993-10,"Calgary, Alberta",All-items,80.8
1993-10,British Columbia,All-items,88.4
1993-10,"Vancouver, British Columbia",All-items,87.9
1993-10,"Victoria, British Columbia",All-items,88.2
1993-10,"Whitehorse, Yukon",All-items,87.7
1993-10,"Yellowknife, Northwest Territories",All-items,87.8
1993-11,Canada,All-items,86.3
1993-11,Newfoundland and Labrador,All-items,87.0
1993-11,"St. John's, Newfoundland and Labrador",All-items,87.0
1993-11,Prince Edward Island,All-items,87.6
1993-11,"Charlottetown and Summerside, Prince Edward Island",All-items,88.0
1993-11,Nova Scotia,All-items,85.9
1993-11,"Halifax, Nova Scotia",All-items,86.1
1993-11,New Brunswick,All-items,86.2
1993-11,"Saint John, New Brunswick",All-items,86.5
1993-11,Quebec,All-items,88.3
1993-11,"Québec, Quebec",All-items,87.9
1993-11,"Montréal, Quebec",All-items,88.3
1993-11,Ontario,All-items,85.3
1993-11,"Ottawa-Gatineau, Ontario part, Ontario/Quebec",All-items,84.5
1993-11,"Toronto, Ontario",All-items,84.8
1993-11,"Thunder Bay, Ontario",All-items,86.3
1993-11,Manitoba,All-items,84.3
1993-11,"Winnipeg, Manitoba",All-items,84.2
1993-11,Saskatchewan,All-items,84.2
1993-11,"Regina, Saskatchewan",All-items,83.7
1993-11,"Saskatoon, Saskatchewan",All-items,84.3
1993-11,Alberta,All-items,82.1
1993-11,"Edmonton, Alberta",All-items,83.3
1993-11,"Calgary, Alberta",All-items,81.2
1993-11,British Columbia,All-items,88.8
1993-11,"Vancouver, British Columbia",All-items,88.3
1993-11,"Victoria, British Columbia",All-items,88.6
1993-11,"Whitehorse, Yukon",All-items,88.2
1993-11,"Yellowknife, Northwest Territories",All-items,88.3
1993-12,Canada,All-items,86.1
1993-12,Newfoundland and Labrador,All-items,87.0
1993-12,"St. John's, Newfoundland and Labrador",All-items,86.9
1993-12,Prince Edward Island,All-items,87.4
1993-12,"Charlottetown and Summerside, Prince Edward Island",All-items,87.8
1993-12,Nova Scotia,All-items,85.7
1993-12,"Halifax, Nova Scotia",All-items,86.0
1993-12,New Brunswick,All-items,85.9
1993-12,"Saint John, New Brunswick",All-items,86.2
1993-12,Quebec,All-items,88.2
1993-12,"Québec, Quebec",All-items,87.6
1993-12,"Montréal, Quebec",All-items,88.1
1993-12,Ontario,All-items,85.3
1993-12,"Ottawa-Gatineau, Ontario part, Ontario/Quebec",All-items,84.5
1993-12,"Toronto, Ontario",All-items,84.8
1993-12,"Thunder Bay, Ontario",All-items,86.0
1993-12,Manitoba,All-items,84.3
1993-12,"Winnipeg, Manitoba",All-items,84.2
1993-12,Saskatchewan,All-items,84.1
1993-12,"Regina, Saskatchewan",All-items,83.8
1993-12,"Saskatoon, Saskatchewan",All-items,84.2
1993-12,Alberta,All-items,82.1
1993-12,"Edmonton, Alberta",All-items,83.4
1993-12,"Calgary, Alberta",All-items,81.2
1993-12,British Columbia,All-items,88.7
1993-12,"Vancouver, British Columbia",All-items,88.2
1993-12,"Victoria, British Columbia",All-items,88.6
1993-12,"Whitehorse, Yukon",All-items,88.3
1993-12,"Yellowknife, Northwest Territories",All-items,88.1
1994-01,Canada,All-items,86.1
1994-01,Newfoundland and Labrador,All-items,87.3
1994-01,"St. John's, Newfoundland and Labrador",All-items,87.3
1994-01,Prince Edward Island,All-items,87.4
1994-01,"Charlottetown and Summerside, Prince Edward Island",All-items,87.8
1994-01,Nova Scotia,All-items,85.7
1994-01,"Halifax, Nova Scotia",All-items,86.1
1994-01,New Brunswick,All-items,86.2
1994-01,"Saint John, New Brunswick",All-items,86.5
1994-01,Quebec,All-items,88.0
1994-01,"Québec, Quebec",All-items,87.6
1994-01,"Montréal, Quebec",All-items,88.0
1994-01,Ontario,All-items,85.1
1994-01,"Ottawa-Gatineau, Ontario part, Ontario/Quebec",All-items,84.3
1994-01,"Toronto, Ontario",All-items,84.7
1994-01,"Thunder Bay, Ontario",All-items,86.0
1994-01,Manitoba,All-items,84.1
1994-01,"Winnipeg, Manitoba",All-items,84.0
1994-01,Saskatchewan,All-items,84.3
1994-01,"Regina, Saskatchewan",All-items,84.0
1994-01,"Saskatoon, Saskatchewan",All-items,84.3
1994-01,Alberta,All-items,82.1
1994-01,"Edmonton, Alberta",All-items,83.4
1994-01,"Calgary, Alberta",All-items,81.2
1994-01,British Columbia,All-items,89.0
1994-01,"Vancouver, British Columbia",All-items,88.6
1994-01,"Victoria, British Columbia",All-items,88.6
1994-01,"Whitehorse, Yukon",All-items,88.2
1994-01,"Yellowknife, Northwest Territories",All-items,88.4
1994-02,Canada,All-items,85.4
1994-02,Newfoundland and Labrador,All-items,87.2
1994-02,"St. John's, Newfoundland and Labrador",All-items,87.1
1994-02,Prince Edward Island,All-items,87.0
1994-02,"Charlottetown and Summerside, Prince Edward Island",All-items,87.4
1994-02,Nova Scotia,All-items,85.4
1994-02,"Halifax, Nova Scotia",All-items,85.8
1994-02,New Brunswick,All-items,85.3
1994-02,"Saint John, New Brunswick",All-items,85.6
1994-02,Quebec,All-items,86.4
1994-02,"Québec, Quebec",All-items,86.3
1994-02,"Montréal, Quebec",All-items,86.3
1994-02,Ontario,All-items,84.6
1994-02,"Ottawa-Gatineau, Ontario part, Ontario/Quebec",All-items,83.8
1994-02,"Toronto, Ontario",All-items,84.3
1994-02,"Thunder Bay, Ontario",All-items,84.9
1994-02,Manitoba,All-items,84.1
1994-02,"Winnipeg, Manitoba",All-items,84.0
1994-02,Saskatchewan,All-items,84.1
1994-02,"Regina, Saskatchewan",All-items,83.6
1994-02,"Saskatoon, Saskatchewan",All-items,84.2
1994-02,Alberta,All-items,82.0
1994-02,"Edmonton, Alberta",All-items,83.4
1994-02,"Calgary, Alberta",All-items,81.1
1994-02,British Columbia,All-items,89.1
1994-02,"Vancouver, British Columbia",All-items,88.8
1994-02,"Victoria, British Columbia",All-items,88.6
1994-02,"Whitehorse, Yukon",All-items,87.9
1994-02,"Yellowknife, Northwest Territories",All-items,88.4
1994-03,Canada,All-items,85.4
1994-03,Newfoundland and Labrador,All-items,87.4
1994-03,"St. John's, Newfoundland and Labrador",All-items,87.4
1994-03,Prince Edward Island,All-items,86.2
1994-03,"Charlottetown and Summerside, Prince Edward Island",All-items,86.6
1994-03,Nova Scotia,All-items,85.7
1994-03,"Halifax, Nova Scotia",All-items,85.8
1994-03,New Brunswick,All-items,85.3
1994-03,"Saint John, New Brunswick",All-items,85.6
1994-03,Quebec,All-items,86.5
1994-03,"Québec, Quebec",All-items,86.3
1994-03,"Montréal, Quebec",All-items,86.3
1994-03,Ontario,All-items,84.3
1994-03,"Ottawa-Gatineau, Ontario part, Ontario/Quebec",All-items,84.0
1994-03,"Toronto, Ontario",All-items,84.1
1994-03,"Thunder Bay, Ontario",All-items,85.0
1994-03,Manitoba,All-items,84.1
1994-03,"Winnipeg, Manitoba",All-items,84.0
1994-03,Saskatchewan,All-items,84.1
1994-03,"Regina, Saskatchewan",All-items,83.8
1994-03,"Saskatoon, Saskatchewan",All-items,84.2
1994-03,Alberta,All-items,81.8
1994-03,"Edmonton, Alberta",All-items,83.1
1994-03,"Calgary, Alberta",All-items,80.9
1994-03,British Columbia,All-items,89.1
1994-03,"Vancouver, British Columbia",All-items,88.7
1994-03,"Victoria, British Columbia",All-items,88.7
1994-03,"Whitehorse, Yukon",All-items,88.0
1994-03,"Yellowknife, Northwest Territories",All-items,88.3
1994-04,Canada,All-items,85.4
1994-04,Newfoundland and Labrador,All-items,87.5
1994-04,"St. John's, Newfoundland and Labrador",All-items,87.5
1994-04,Prince Edward Island,All-items,85.8
1994-04,"Charlottetown and Summerside, Prince Edward Island",All-items,86.2
1994-04,Nova Scotia,All-items,85.0
1994-04,"Halifax, Nova Scotia",All-items,85.3
1994-04,New Brunswick,All-items,85.2
1994-04,"Saint John, New Brunswick",All-items,85.4
1994-04,Quebec,All-items,86.4
1994-04,"Québec, Quebec",All-items,86.3
1994-04,"Montréal, Quebec",All-items,86.3
1994-04,Ontario,All-items,84.5
1994-04,"Ottawa-Gatineau, Ontario part, Ontario/Quebec",All-items,84.0
1994-04,"Toronto, Ontario",All-items,84.1
1994-04,"Thunder Bay, Ontario",All-items,85.1
1994-04,Manitoba,All-items,84.2
1994-04,"Winnipeg, Manitoba",All-items,84.1
1994-04,Saskatchewan,All-items,84.5
1994-04,"Regina, Saskatchewan",All-items,84.2
1994-04,"Saskatoon, Saskatchewan",All-items,84.6
1994-04,Alberta,All-items,82.1
1994-04,"Edmonton, Alberta",All-items,83.7
1994-04,"Calgary, Alberta",All-items,81.1
1994-04,British Columbia,All-items,88.8
1994-04,"Vancouver, British Columbia",All-items,88.4
1994-04,"Victoria, British Columbia",All-items,89.0
1994-04,"Whitehorse, Yukon",All-items,88.1
1994-04,"Yellowknife, Northwest Territories",All-items,88.4
1994-05,Canada,All-items,85.2
1994-05,Newfoundland and Labrador,All-items,87.8
1994-05,"St. John's, Newfoundland and Labrador",All-items,87.7
1994-05,Prince Edward Island,All-items,85.7
1994-05,"Charlottetown and Summerside, Prince Edward Island",All-items,86.1
1994-05,Nova Scotia,All-items,85.0
1994-05,"Halifax, Nova Scotia",All-items,85.3
1994-05,New Brunswick,All-items,85.5
1994-05,"Saint John, New Brunswick",All-items,85.9
1994-05,Quebec,All-items,86.0
1994-05,"Québec, Quebec",All-items,85.9
1994-05,"Montréal, Quebec",All-items,85.7
1994-05,Ontario,All-items,84.3
1994-05,"Ottawa-Gatineau, Ontario part, Ontario/Quebec",All-items,84.0
1994-05,"Toronto, Ontario",All-items,83.9
1994-05,"Thunder Bay, Ontario",All-items,85.1
1994-05,Manitoba,All-items,84.2
1994-05,"Winnipeg, Manitoba",All-items,84.1
1994-05,Saskatchewan,All-items,84.4
1994-05,"Regina, Saskatchewan",All-items,84.1
1994-05,"Saskatoon, Saskatchewan",All-items,84.6
1994-05,Alberta,All-items,82.2
1994-05,"Edmonton, Alberta",All-items,83.8
1994-05,"Calgary, Alberta",All-items,81.2
1994-05,British Columbia,All-items,89.1
1994-05,"Vancouver, British Columbia",All-items,88.6
1994-05,"Victoria, British Columbia",All-items,89.2
1994-05,"Whitehorse, Yukon",All-items,88.0
1994-05,"Yellowknife, Northwest Territories",All-items,88.9
1994-06,Canada,All-items,85.4
1994-06,Newfoundland and Labrador,All-items,87.8
1994-06,"St. John's, Newfoundland and Labrador",All-items,87.9
1994-06,Prince Edward Island,All-items,86.0
1994-06,"Charlottetown and Summerside, Prince Edward Island",All-items,86.4
1994-06,Nova Scotia,All-items,85.1
1994-06,"Halifax, Nova Scotia",All-items,85.3
1994-06,New Brunswick,All-items,85.5
1994-06,"Saint John, New Brunswick",All-items,85.8
1994-06,Quebec,All-items,86.4
1994-06,"Québec, Quebec",All-items,86.3
1994-06,"Montréal, Quebec",All-items,86.2
1994-06,Ontario,All-items,84.3
1994-06,"Ottawa-Gatineau, Ontario part, Ontario/Quebec",All-items,83.9
1994-06,"Toronto, Ontario",All-items,83.9
1994-06,"Thunder Bay, Ontario",All-items,85.1
1994-06,Manitoba,All-items,84.2
1994-06,"Winnipeg, Manitoba",All-items,84.0
1994-06,Saskatchewan,All-items,84.6
1994-06,"Regina, Saskatchewan",All-items,84.4
1994-06,"Saskatoon, Saskatchewan",All-items,84.7
1994-06,Alberta,All-items,82.4
1994-06,"Edmonton, Alberta",All-items,83.9
1994-06,"Calgary, Alberta",All-items,81.2
1994-06,British Columbia,All-items,89.3
1994-06,"Vancouver, British Columbia",All-items,88.9
1994-06,"Victoria, British Columbia",All-items,89.4
1994-06,"Whitehorse, Yukon",All-items,88.3
1994-06,"Yellowknife, Northwest Territories",All-items,89.0
1994-07,Canada,All-items,85.7
1994-07,Newfoundland and Labrador,All-items,88.1
1994-07,"St. John's, Newfoundland and Labrador",All-items,88.1
1994-07,Prince Edward Island,All-items,86.1
1994-07,"Charlottetown and Summerside, Prince Edward Island",All-items,86.5
1994-07,Nova Scotia,All-items,85.3
1994-07,"Halifax, Nova Scotia",All-items,85.8
1994-07,New Brunswick,All-items,86.0
1994-07,"Saint John, New Brunswick",All-items,86.4
1994-07,Quebec,All-items,86.4
1994-07,"Québec, Quebec",All-items,86.3
1994-07,"Montréal, Quebec",All-items,86.2
1994-07,Ontario,All-items,84.8
1994-07,"Ottawa-Gatineau, Ontario part, Ontario/Quebec",All-items,84.3
1994-07,"Toronto, Ontario",All-items,84.4
1994-07,"Thunder Bay, Ontario",All-items,85.5
1994-07,Manitoba,All-items,84.7
1994-07,"Winnipeg, Manitoba",All-items,84.6
1994-07,Saskatchewan,All-items,84.9
1994-07,"Regina, Saskatchewan",All-items,84.6
1994-07,"Saskatoon, Saskatchewan",All-items,85.0
1994-07,Alberta,All-items,82.9
1994-07,"Edmonton, Alberta",All-items,84.3
1994-07,"Calgary, Alberta",All-items,81.8
1994-07,British Columbia,All-items,89.7
1994-07,"Vancouver, British Columbia",All-items,89.2
1994-07,"Victoria, British Columbia",All-items,89.8
1994-07,"Whitehorse, Yukon",All-items,89.1
1994-07,"Yellowknife, Northwest Territories",All-items,89.2
1994-08,Canada,All-items,85.8
1994-08,Newfoundland and Labrador,All-items,88.2
1994-08,"St. John's, Newfoundland and Labrador",All-items,88.1
1994-08,Prince Edward Island,All-items,86.3
1994-08,"Charlottetown and Summerside, Prince Edward Island",All-items,86.7
1994-08,Nova Scotia,All-items,85.6
1994-08,"Halifax, Nova Scotia",All-items,86.0
1994-08,New Brunswick,All-items,86.2
1994-08,"Saint John, New Brunswick",All-items,86.5
1994-08,Quebec,All-items,86.4
1994-08,"Québec, Quebec",All-items,86.3
1994-08,"Montréal, Quebec",All-items,86.3
1994-08,Ontario,All-items,84.8
1994-08,"Ottawa-Gatineau, Ontario part, Ontario/Quebec",All-items,84.3
1994-08,"Toronto, Ontario",All-items,84.5
1994-08,"Thunder Bay, Ontario",All-items,85.8
1994-08,Manitoba,All-items,84.6
1994-08,"Winnipeg, Manitoba",All-items,84.5
1994-08,Saskatchewan,All-items,85.1
1994-08,"Regina, Saskatchewan",All-items,84.7
1994-08,"Saskatoon, Saskatchewan",All-items,85.1
1994-08,Alberta,All-items,82.9
1994-08,"Edmonton, Alberta",All-items,84.4
1994-08,"Calgary, Alberta",All-items,82.0
1994-08,British Columbia,All-items,89.8
1994-08,"Vancouver, British Columbia",All-items,89.4
1994-08,"Victoria, British Columbia",All-items,89.8
1994-08,"Whitehorse, Yukon",All-items,89.2
1994-08,"Yellowknife, Northwest Territories",All-items,89.3
1994-09,Canada,All-items,85.9
1994-09,Newfoundland and Labrador,All-items,88.0
1994-09,"St. John's, Newfoundland and Labrador",All-items,88.0
1994-09,Prince Edward Island,All-items,86.4
1994-09,"Charlottetown and Summerside, Prince Edward Island",All-items,86.8
1994-09,Nova Scotia,All-items,85.7
1994-09,"Halifax, Nova Scotia",All-items,85.8
1994-09,New Brunswick,All-items,86.1
1994-09,"Saint John, New Brunswick",All-items,86.5
1994-09,Quebec,All-items,86.4
1994-09,"Québec, Quebec",All-items,86.3
1994-09,"Montréal, Quebec",All-items,86.2
1994-09,Ontario,All-items,84.8
1994-09,"Ottawa-Gatineau, Ontario part, Ontario/Quebec",All-items,84.4
1994-09,"Toronto, Ontario",All-items,84.5
1994-09,"Thunder Bay, Ontario",All-items,86.0
1994-09,Manitoba,All-items,84.9
1994-09,"Winnipeg, Manitoba",All-items,84.9
1994-09,Saskatchewan,All-items,85.4
1994-09,"Regina, Saskatchewan",All-items,85.0
1994-09,"Saskatoon, Saskatchewan",All-items,85.5
1994-09,Alberta,All-items,83.3
1994-09,"Edmonton, Alberta",All-items,84.7
1994-09,"Calgary, Alberta",All-items,82.3
1994-09,British Columbia,All-items,89.9
1994-09,"Vancouver, British Columbia",All-items,89.5
1994-09,"Victoria, British Columbia",All-items,89.9
1994-09,"Whitehorse, Yukon",All-items,89.3
1994-09,"Yellowknife, Northwest Territories",All-items,89.4
1994-10,Canada,All-items,85.7
1994-10,Newfoundland and Labrador,All-items,87.8
1994-10,"St. John's, Newfoundland and Labrador",All-items,87.9
1994-10,Prince Edward Island,All-items,86.7
1994-10,"Charlottetown and Summerside, Prince Edward Island",All-items,87.1
1994-10,Nova Scotia,All-items,85.6
1994-10,"Halifax, Nova Scotia",All-items,85.8
1994-10,New Brunswick,All-items,86.3
1994-10,"Saint John, New Brunswick",All-items,86.5
1994-10,Quebec,All-items,86.2
1994-10,"Québec, Quebec",All-items,86.3
1994-10,"Montréal, Quebec",All-items,86.0
1994-10,Ontario,All-items,84.8
1994-10,"Ottawa-Gatineau, Ontario part, Ontario/Quebec",All-items,84.5
1994-10,"Toronto, Ontario",All-items,84.3
1994-10,"Thunder Bay, Ontario",All-items,85.9
1994-10,Manitoba,All-items,84.9
1994-10,"Winnipeg, Manitoba",All-items,84.9
1994-10,Saskatchewan,All-items,85.1
1994-10,"Regina, Saskatchewan",All-items,84.6
1994-10,"Saskatoon, Saskatchewan",All-items,85.4
1994-10,Alberta,All-items,83.1
1994-10,"Edmonton, Alberta",All-items,84.3
1994-10,"Calgary, Alberta",All-items,82.3
1994-10,British Columbia,All-items,90.0
1994-10,"Vancouver, British Columbia",All-items,89.5
1994-10,"Victoria, British Columbia",All-items,90.3
1994-10,"Whitehorse, Yukon",All-items,89.2
1994-10,"Yellowknife, Northwest Territories",All-items,89.3
1994-11,Canada,All-items,86.2
1994-11,Newfoundland and Labrador,All-items,88.2
1994-11,"St. John's, Newfoundland and Labrador",All-items,88.1
1994-11,Prince Edward Island,All-items,86.7
1994-11,"Charlottetown and Summerside, Prince Edward Island",All-items,87.1
1994-11,Nova Scotia,All-items,85.7
1994-11,"Halifax, Nova Scotia",All-items,86.1
1994-11,New Brunswick,All-items,86.4
1994-11,"Saint John, New Brunswick",All-items,86.7
1994-11,Quebec,All-items,86.8
1994-11,"Québec, Quebec",All-items,86.9
1994-11,"Montréal, Quebec",All-items,86.6
1994-11,Ontario,All-items,85.2
1994-11,"Ottawa-Gatineau, Ontario part, Ontario/Quebec",All-items,85.0
1994-11,"Toronto, Ontario",All-items,84.8
1994-11,"Thunder Bay, Ontario",All-items,86.2
1994-11,Manitoba,All-items,85.3
1994-11,"Winnipeg, Manitoba",All-items,85.2
1994-11,Saskatchewan,All-items,85.4
1994-11,"Regina, Saskatchewan",All-items,84.8
1994-11,"Saskatoon, Saskatchewan",All-items,85.6
1994-11,Alberta,All-items,83.2
1994-11,"Edmonton, Alberta",All-items,84.3
1994-11,"Calgary, Alberta",All-items,82.5
1994-11,British Columbia,All-items,90.3
1994-11,"Vancouver, British Columbia",All-items,89.8
1994-11,"Victoria, British Columbia",All-items,90.4
1994-11,"Whitehorse, Yukon",All-items,89.6
1994-11,"Yellowknife, Northwest Territories",All-items,89.6
1994-12,Canada,All-items,86.3
1994-12,Newfoundland and Labrador,All-items,88.2
1994-12,"St. John's, Newfoundland and Labrador",All-items,88.1
1994-12,Prince Edward Island,All-items,86.5
1994-12,"Charlottetown and Summerside, Prince Edward Island",All-items,86.9
1994-12,Nova Scotia,All-items,85.6
1994-12,"Halifax, Nova Scotia",All-items,85.8
1994-12,New Brunswick,All-items,86.2
1994-12,"Saint John, New Brunswick",All-items,86.5
1994-12,Quebec,All-items,86.7
1994-12,"Québec, Quebec",All-items,86.9
1994-12,"Montréal, Quebec",All-items,86.6
1994-12,Ontario,All-items,85.4
1994-12,"Ottawa-Gatineau, Ontario part, Ontario/Quebec",All-items,85.5
1994-12,"Toronto, Ontario",All-items,85.1
1994-12,"Thunder Bay, Ontario",All-items,86.5
1994-12,Manitoba,All-items,85.6
1994-12,"Winnipeg, Manitoba",All-items,85.5
1994-12,Saskatchewan,All-items,85.5
1994-12,"Regina, Saskatchewan",All-items,85.2
1994-12,"Saskatoon, Saskatchewan",All-items,85.7
1994-12,Alberta,All-items,83.6
1994-12,"Edmonton, Alberta",All-items,84.8
1994-12,"Calgary, Alberta",All-items,82.7
1994-12,British Columbia,All-items,90.4
1994-12,"Vancouver, British Columbia",All-items,89.9
1994-12,"Victoria, British Columbia",All-items,90.5
1994-12,"Whitehorse, Yukon",All-items,89.6
1994-12,"Yellowknife, Northwest Territories",All-items,90.1
1995-01,Canada,All-items,86.6
1995-01,Newfoundland and Labrador,All-items,88.2
1995-01,"St. John's, Newfoundland and Labrador",All-items,88.1
1995-01,Prince Edward Island,All-items,86.7
1995-01,"Charlottetown and Summerside, Prince Edward Island",All-items,87.0
1995-01,Nova Scotia,All-items,85.7
1995-01,"Halifax, Nova Scotia",All-items,86.0
1995-01,New Brunswick,All-items,86.5
1995-01,"Saint John, New Brunswick",All-items,86.8
1995-01,Quebec,All-items,87.2
1995-01,"Québec, Quebec",All-items,87.2
1995-01,"Montréal, Quebec",All-items,87.0
1995-01,Ontario,All-items,85.9
1995-01,"Ottawa-Gatineau, Ontario part, Ontario/Quebec",All-items,85.9
1995-01,"Toronto, Ontario",All-items,85.7
1995-01,"Thunder Bay, Ontario",All-items,87.0
1995-01,Manitoba,All-items,85.9
1995-01,"Winnipeg, Manitoba",All-items,85.8
1995-01,Saskatchewan,All-items,85.6
1995-01,"Regina, Saskatchewan",All-items,85.3
1995-01,"Saskatoon, Saskatchewan",All-items,85.9
1995-01,Alberta,All-items,83.6
1995-01,"Edmonton, Alberta",All-items,84.7
1995-01,"Calgary, Alberta",All-items,82.8
1995-01,British Columbia,All-items,90.8
1995-01,"Vancouver, British Columbia",All-items,90.6
1995-01,"Victoria, British Columbia",All-items,90.8
1995-01,"Whitehorse, Yukon",All-items,89.3
1995-01,"Yellowknife, Northwest Territories",All-items,89.8
1995-02,Canada,All-items,87.0
1995-02,Newfoundland and Labrador,All-items,88.5
1995-02,"St. John's, Newfoundland and Labrador",All-items,88.5
1995-02,Prince Edward Island,All-items,87.0
1995-02,"Charlottetown and Summerside, Prince Edward Island",All-items,87.4
1995-02,Nova Scotia,All-items,86.2
1995-02,"Halifax, Nova Scotia",All-items,86.4
1995-02,New Brunswick,All-items,86.8
1995-02,"Saint John, New Brunswick",All-items,87.0
1995-02,Quebec,All-items,87.5
1995-02,"Québec, Quebec",All-items,87.6
1995-02,"Montréal, Quebec",All-items,87.4
1995-02,Ontario,All-items,86.3
1995-02,"Ottawa-Gatineau, Ontario part, Ontario/Quebec",All-items,86.3
1995-02,"Toronto, Ontario",All-items,86.0
1995-02,"Thunder Bay, Ontario",All-items,87.5
1995-02,Manitoba,All-items,86.3
1995-02,"Winnipeg, Manitoba",All-items,86.1
1995-02,Saskatchewan,All-items,85.8
1995-02,"Regina, Saskatchewan",All-items,85.4
1995-02,"Saskatoon, Saskatchewan",All-items,86.0
1995-02,Alberta,All-items,83.9
1995-02,"Edmonton, Alberta",All-items,85.2
1995-02,"Calgary, Alberta",All-items,83.0
1995-02,British Columbia,All-items,91.1
1995-02,"Vancouver, British Columbia",All-items,90.8
1995-02,"Victoria, British Columbia",All-items,91.1
1995-02,"Whitehorse, Yukon",All-items,89.2
1995-02,"Yellowknife, Northwest Territories",All-items,90.1
1995-03,Canada,All-items,87.2
1995-03,Newfoundland and Labrador,All-items,88.8
1995-03,"St. John's, Newfoundland and Labrador",All-items,88.8
1995-03,Prince Edward Island,All-items,87.0
1995-03,"Charlottetown and Summerside, Prince Edward Island",All-items,87.4
1995-03,Nova Scotia,All-items,86.5
1995-03,"Halifax, Nova Scotia",All-items,86.7
1995-03,New Brunswick,All-items,87.2
1995-03,"Saint John, New Brunswick",All-items,87.5
1995-03,Quebec,All-items,87.6
1995-03,"Québec, Quebec",All-items,87.8
1995-03,"Montréal, Quebec",All-items,87.4
1995-03,Ontario,All-items,86.6
1995-03,"Ottawa-Gatineau, Ontario part, Ontario/Quebec",All-items,86.5
1995-03,"Toronto, Ontario",All-items,86.1
1995-03,"Thunder Bay, Ontario",All-items,87.6
1995-03,Manitoba,All-items,86.4
1995-03,"Winnipeg, Manitoba",All-items,86.3
1995-03,Saskatchewan,All-items,85.9
1995-03,"Regina, Saskatchewan",All-items,85.6
1995-03,"Saskatoon, Saskatchewan",All-items,86.1
1995-03,Alberta,All-items,84.1
1995-03,"Edmonton, Alberta",All-items,85.2
1995-03,"Calgary, Alberta",All-items,83.1
1995-03,British Columbia,All-items,91.4
1995-03,"Vancouver, British Columbia",All-items,91.1
1995-03,"Victoria, British Columbia",All-items,91.4
1995-03,"Whitehorse, Yukon",All-items,89.1
1995-03,"Yellowknife, Northwest Territories",All-items,90.4
1995-04,Canada,All-items,87.5
1995-04,Newfoundland and Labrador,All-items,89.1
1995-04,"St. John's, Newfoundland and Labrador",All-items,89.1
1995-04,Prince Edward Island,All-items,87.4
1995-04,"Charlottetown and Summerside, Prince Edward Island",All-items,87.8
1995-04,Nova Scotia,All-items,86.6
1995-04,"Halifax, Nova Scotia",All-items,86.8
1995-04,New Brunswick,All-items,87.2
1995-04,"Saint John, New Brunswick",All-items,87.5
1995-04,Quebec,All-items,88.2
1995-04,"Québec, Quebec",All-items,88.4
1995-04,"Montréal, Quebec",All-items,88.0
1995-04,Ontario,All-items,86.7
1995-04,"Ottawa-Gatineau, Ontario part, Ontario/Quebec",All-items,86.7
1995-04,"Toronto, Ontario",All-items,86.2
1995-04,"Thunder Bay, Ontario",All-items,87.8
1995-04,Manitoba,All-items,86.7
1995-04,"Winnipeg, Manitoba",All-items,86.6
1995-04,Saskatchewan,All-items,86.3
1995-04,"Regina, Saskatchewan",All-items,86.0
1995-04,"Saskatoon, Saskatchewan",All-items,86.5
1995-04,Alberta,All-items,84.3
1995-04,"Edmonton, Alberta",All-items,85.5
1995-04,"Calgary, Alberta",All-items,83.4
1995-04,British Columbia,All-items,91.3
1995-04,"Vancouver, British Columbia",All-items,91.0
1995-04,"Victoria, British Columbia",All-items,91.6
1995-04,"Whitehorse, Yukon",All-items,89.3
1995-04,"Yellowknife, Northwest Territories",All-items,90.9
1995-05,Canada,All-items,87.7
1995-05,Newfoundland and Labrador,All-items,89.3
1995-05,"St. John's, Newfoundland and Labrador",All-items,89.2
1995-05,Prince Edward Island,All-items,87.5
1995-05,"Charlottetown and Summerside, Prince Edward Island",All-items,87.9
1995-05,Nova Scotia,All-items,87.1
1995-05,"Halifax, Nova Scotia",All-items,87.3
1995-05,New Brunswick,All-items,87.7
1995-05,"Saint John, New Brunswick",All-items,88.0
1995-05,Quebec,All-items,88.4
1995-05,"Québec, Quebec",All-items,88.5
1995-05,"Montréal, Quebec",All-items,88.2
1995-05,Ontario,All-items,86.9
1995-05,"Ottawa-Gatineau, Ontario part, Ontario/Quebec",All-items,86.8
1995-05,"Toronto, Ontario",All-items,86.6
1995-05,"Thunder Bay, Ontario",All-items,88.0
1995-05,Manitoba,All-items,86.9
1995-05,"Winnipeg, Manitoba",All-items,86.8
1995-05,Saskatchewan,All-items,86.7
1995-05,"Regina, Saskatchewan",All-items,86.4
1995-05,"Saskatoon, Saskatchewan",All-items,86.8
1995-05,Alberta,All-items,84.5
1995-05,"Edmonton, Alberta",All-items,85.6
1995-05,"Calgary, Alberta",All-items,83.5
1995-05,British Columbia,All-items,91.5
1995-05,"Vancouver, British Columbia",All-items,91.1
1995-05,"Victoria, British Columbia",All-items,91.8
1995-05,"Whitehorse, Yukon",All-items,89.8
1995-05,"Yellowknife, Northwest Territories",All-items,91.3
1995-06,Canada,All-items,87.7
1995-06,Newfoundland and Labrador,All-items,89.3
1995-06,"St. John's, Newfoundland and Labrador",All-items,89.2
1995-06,Prince Edward Island,All-items,87.7
1995-06,"Charlottetown and Summerside, Prince Edward Island",All-items,88.1
1995-06,Nova Scotia,All-items,86.9
1995-06,"Halifax, Nova Scotia",All-items,87.0
1995-06,New Brunswick,All-items,87.6
1995-06,"Saint John, New Brunswick",All-items,87.8
1995-06,Quebec,All-items,88.3
1995-06,"Québec, Quebec",All-items,88.4
1995-06,"Montréal, Quebec",All-items,88.1
1995-06,Ontario,All-items,87.0
1995-06,"Ottawa-Gatineau, Ontario part, Ontario/Quebec",All-items,86.9
1995-06,"Toronto, Ontario",All-items,86.7
1995-06,"Thunder Bay, Ontario",All-items,88.1
1995-06,Manitoba,All-items,86.9
1995-06,"Winnipeg, Manitoba",All-items,86.7
1995-06,Saskatchewan,All-items,86.7
1995-06,"Regina, Saskatchewan",All-items,86.3
1995-06,"Saskatoon, Saskatchewan",All-items,86.8
1995-06,Alberta,All-items,84.3
1995-06,"Edmonton, Alberta",All-items,85.6
1995-06,"Calgary, Alberta",All-items,83.5
1995-06,British Columbia,All-items,91.6
1995-06,"Vancouver, British Columbia",All-items,91.3
1995-06,"Victoria, British Columbia",All-items,91.8
1995-06,"Whitehorse, Yukon",All-items,89.6
1995-06,"Yellowknife, Northwest Territories",All-items,91.5
1995-07,Canada,All-items,87.9
1995-07,Newfoundland and Labrador,All-items,89.4
1995-07,"St. John's, Newfoundland and Labrador",All-items,89.4
1995-07,Prince Edward Island,All-items,87.9
1995-07,"Charlottetown and Summerside, Prince Edward Island",All-items,88.3
1995-07,Nova Scotia,All-items,87.2
1995-07,"Halifax, Nova Scotia",All-items,87.4
1995-07,New Brunswick,All-items,87.5
1995-07,"Saint John, New Brunswick",All-items,87.7
1995-07,Quebec,All-items,88.5
1995-07,"Québec, Quebec",All-items,88.6
1995-07,"Montréal, Quebec",All-items,88.3
1995-07,Ontario,All-items,87.1
1995-07,"Ottawa-Gatineau, Ontario part, Ontario/Quebec",All-items,87.0
1995-07,"Toronto, Ontario",All-items,86.7
1995-07,"Thunder Bay, Ontario",All-items,88.2
1995-07,Manitoba,All-items,87.0
1995-07,"Winnipeg, Manitoba",All-items,87.0
1995-07,Saskatchewan,All-items,86.7
1995-07,"Regina, Saskatchewan",All-items,86.4
1995-07,"Saskatoon, Saskatchewan",All-items,86.8
1995-07,Alberta,All-items,84.8
1995-07,"Edmonton, Alberta",All-items,86.0
1995-07,"Calgary, Alberta",All-items,83.9
1995-07,British Columbia,All-items,92.1
1995-07,"Vancouver, British Columbia",All-items,92.0
1995-07,"Victoria, British Columbia",All-items,92.4
1995-07,"Whitehorse, Yukon",All-items,90.6
1995-07,"Yellowknife, Northwest Territories",All-items,92.2
1995-08,Canada,All-items,87.7
1995-08,Newfoundland and Labrador,All-items,89.1
1995-08,"St. John's, Newfoundland and Labrador",All-items,89.1
1995-08,Prince Edward Island,All-items,87.9
1995-08,"Charlottetown and Summerside, Prince Edward Island",All-items,88.3
1995-08,Nova Scotia,All-items,86.7
1995-08,"Halifax, Nova Scotia",All-items,86.9
1995-08,New Brunswick,All-items,87.0
1995-08,"Saint John, New Brunswick",All-items,87.3
1995-08,Quebec,All-items,88.2
1995-08,"Québec, Quebec",All-items,88.4
1995-08,"Montréal, Quebec",All-items,88.0
1995-08,Ontario,All-items,87.0
1995-08,"Ottawa-Gatineau, Ontario part, Ontario/Quebec",All-items,86.9
1995-08,"Toronto, Ontario",All-items,86.5
1995-08,"Thunder Bay, Ontario",All-items,88.0
1995-08,Manitoba,All-items,86.9
1995-08,"Winnipeg, Manitoba",All-items,86.9
1995-08,Saskatchewan,All-items,86.7
1995-08,"Regina, Saskatchewan",All-items,86.3
1995-08,"Saskatoon, Saskatchewan",All-items,86.8
1995-08,Alberta,All-items,84.7
1995-08,"Edmonton, Alberta",All-items,86.0
1995-08,"Calgary, Alberta",All-items,83.8
1995-08,British Columbia,All-items,92.0
1995-08,"Vancouver, British Columbia",All-items,91.7
1995-08,"Victoria, British Columbia",All-items,92.3
1995-08,"Whitehorse, Yukon",All-items,90.3
1995-08,"Yellowknife, Northwest Territories",All-items,92.3
1995-09,Canada,All-items,87.8
1995-09,Newfoundland and Labrador,All-items,89.0
1995-09,"St. John's, Newfoundland and Labrador",All-items,89.0
1995-09,Prince Edward Island,All-items,88.4
1995-09,"Charlottetown and Summerside, Prince Edward Island",All-items,88.7
1995-09,Nova Scotia,All-items,86.8
1995-09,"Halifax, Nova Scotia",All-items,87.0
1995-09,New Brunswick,All-items,87.4
1995-09,"Saint John, New Brunswick",All-items,87.6
1995-09,Quebec,All-items,88.4
1995-09,"Québec, Quebec",All-items,88.6
1995-09,"Montréal, Quebec",All-items,88.2
1995-09,Ontario,All-items,87.2
1995-09,"Ottawa-Gatineau, Ontario part, Ontario/Quebec",All-items,87.1
1995-09,"Toronto, Ontario",All-items,86.8
1995-09,"Thunder Bay, Ontario",All-items,88.4
1995-09,Manitoba,All-items,87.1
1995-09,"Winnipeg, Manitoba",All-items,87.0
1995-09,Saskatchewan,All-items,86.4
1995-09,"Regina, Saskatchewan",All-items,86.1
1995-09,"Saskatoon, Saskatchewan",All-items,86.7
1995-09,Alberta,All-items,84.9
1995-09,"Edmonton, Alberta",All-items,86.1
1995-09,"Calgary, Alberta",All-items,83.9
1995-09,British Columbia,All-items,91.7
1995-09,"Vancouver, British Columbia",All-items,91.5
1995-09,"Victoria, British Columbia",All-items,92.0
1995-09,"Whitehorse, Yukon",All-items,90.4
1995-09,"Yellowknife, Northwest Territories",All-items,92.6
1995-10,Canada,All-items,87.7
1995-10,Newfoundland and Labrador,All-items,89.3
1995-10,"St. John's, Newfoundland and Labrador",All-items,89.3
1995-10,Prince Edward Island,All-items,88.8
1995-10,"Charlottetown and Summerside, Prince Edward Island",All-items,89.1
1995-10,Nova Scotia,All-items,86.7
1995-10,"Halifax, Nova Scotia",All-items,86.9
1995-10,New Brunswick,All-items,87.3
1995-10,"Saint John, New Brunswick",All-items,87.6
1995-10,Quebec,All-items,88.2
1995-10,"Québec, Quebec",All-items,88.5
1995-10,"Montréal, Quebec",All-items,88.1
1995-10,Ontario,All-items,87.0
1995-10,"Ottawa-Gatineau, Ontario part, Ontario/Quebec",All-items,86.8
1995-10,"Toronto, Ontario",All-items,86.7
1995-10,"Thunder Bay, Ontario",All-items,88.4
1995-10,Manitoba,All-items,87.1
1995-10,"Winnipeg, Manitoba",All-items,87.0
1995-10,Saskatchewan,All-items,86.7
1995-10,"Regina, Saskatchewan",All-items,86.4
1995-10,"Saskatoon, Saskatchewan",All-items,86.8
1995-10,Alberta,All-items,84.9
1995-10,"Edmonton, Alberta",All-items,86.1
1995-10,"Calgary, Alberta",All-items,83.9
1995-10,British Columbia,All-items,91.7
1995-10,"Vancouver, British Columbia",All-items,91.5
1995-10,"Victoria, British Columbia",All-items,91.8
1995-10,"Whitehorse, Yukon",All-items,90.0
1995-10,"Yellowknife, Northwest Territories",All-items,92.2
1995-11,Canada,All-items,88.0
1995-11,Newfoundland and Labrador,All-items,89.4
1995-11,"St. John's, Newfoundland and Labrador",All-items,89.4
1995-11,Prince Edward Island,All-items,88.9
1995-11,"Charlottetown and Summerside, Prince Edward Island",All-items,89.3
1995-11,Nova Scotia,All-items,86.8
1995-11,"Halifax, Nova Scotia",All-items,87.0
1995-11,New Brunswick,All-items,87.2
1995-11,"Saint John, New Brunswick",All-items,87.5
1995-11,Quebec,All-items,88.5
1995-11,"Québec, Quebec",All-items,88.8
1995-11,"Montréal, Quebec",All-items,88.3
1995-11,Ontario,All-items,87.2
1995-11,"Ottawa-Gatineau, Ontario part, Ontario/Quebec",All-items,87.0
1995-11,"Toronto, Ontario",All-items,86.8
1995-11,"Thunder Bay, Ontario",All-items,88.4
1995-11,Manitoba,All-items,87.4
1995-11,"Winnipeg, Manitoba",All-items,87.3
1995-11,Saskatchewan,All-items,86.8
1995-11,"Regina, Saskatchewan",All-items,86.6
1995-11,"Saskatoon, Saskatchewan",All-items,87.1
1995-11,Alberta,All-items,85.3
1995-11,"Edmonton, Alberta",All-items,86.6
1995-11,"Calgary, Alberta",All-items,84.2
1995-11,British Columbia,All-items,92.0
1995-11,"Vancouver, British Columbia",All-items,91.8
1995-11,"Victoria, British Columbia",All-items,92.0
1995-11,"Whitehorse, Yukon",All-items,90.7
1995-11,"Yellowknife, Northwest Territories",All-items,92.5
1995-12,Canada,All-items,87.8
1995-12,Newfoundland and Labrador,All-items,89.0
1995-12,"St. John's, Newfoundland and Labrador",All-items,88.9
1995-12,Prince Edward Island,All-items,87.9
1995-12,"Charlottetown and Summerside, Prince Edward Island",All-items,88.3
1995-12,Nova Scotia,All-items,86.2
1995-12,"Halifax, Nova Scotia",All-items,86.5
1995-12,New Brunswick,All-items,86.8
1995-12,"Saint John, New Brunswick",All-items,87.2
1995-12,Quebec,All-items,88.3
1995-12,"Québec, Quebec",All-items,88.6
1995-12,"Montréal, Quebec",All-items,88.3
1995-12,Ontario,All-items,87.1
1995-12,"Ottawa-Gatineau, Ontario part, Ontario/Quebec",All-items,86.8
1995-12,"Toronto, Ontario",All-items,86.7
1995-12,"Thunder Bay, Ontario",All-items,88.2
1995-12,Manitoba,All-items,87.6
1995-12,"Winnipeg, Manitoba",All-items,87.5
1995-12,Saskatchewan,All-items,86.9
1995-12,"Regina, Saskatchewan",All-items,86.6
1995-12,"Saskatoon, Saskatchewan",All-items,87.1
1995-12,Alberta,All-items,85.0
1995-12,"Edmonton, Alberta",All-items,86.3
1995-12,"Calgary, Alberta",All-items,83.9
1995-12,British Columbia,All-items,91.9
1995-12,"Vancouver, British Columbia",All-items,91.6
1995-12,"Victoria, British Columbia",All-items,91.8
1995-12,"Whitehorse, Yukon",All-items,90.2
1995-12,"Yellowknife, Northwest Territories",All-items,92.3
1996-01,Canada,All-items,88.0
1996-01,Newfoundland and Labrador,All-items,89.4
1996-01,"St. John's, Newfoundland and Labrador",All-items,89.4
1996-01,Prince Edward Island,All-items,88.4
1996-01,"Charlottetown and Summerside, Prince Edward Island",All-items,88.8
1996-01,Nova Scotia,All-items,86.7
1996-01,"Halifax, Nova Scotia",All-items,87.0
1996-01,New Brunswick,All-items,87.4
1996-01,"Saint John, New Brunswick",All-items,87.6
1996-01,Quebec,All-items,88.5
1996-01,"Québec, Quebec",All-items,88.8
1996-01,"Montréal, Quebec",All-items,88.3
1996-01,Ontario,All-items,87.2
1996-01,"Ottawa-Gatineau, Ontario part, Ontario/Quebec",All-items,87.0
1996-01,"Toronto, Ontario",All-items,86.9
1996-01,"Thunder Bay, Ontario",All-items,88.4
1996-01,Manitoba,All-items,87.6
1996-01,"Winnipeg, Manitoba",All-items,87.5
1996-01,Saskatchewan,All-items,86.9
1996-01,"Regina, Saskatchewan",All-items,86.6
1996-01,"Saskatoon, Saskatchewan",All-items,87.0
1996-01,Alberta,All-items,85.1
1996-01,"Edmonton, Alberta",All-items,86.5
1996-01,"Calgary, Alberta",All-items,84.2
1996-01,British Columbia,All-items,92.1
1996-01,"Vancouver, British Columbia",All-items,92.0
1996-01,"Victoria, British Columbia",All-items,92.1
1996-01,"Whitehorse, Yukon",All-items,90.4
1996-01,"Yellowknife, Northwest Territories",All-items,92.1
1996-02,Canada,All-items,88.1
1996-02,Newfoundland and Labrador,All-items,89.6
1996-02,"St. John's, Newfoundland and Labrador",All-items,89.6
1996-02,Prince Edward Island,All-items,88.8
1996-02,"Charlottetown and Summerside, Prince Edward Island",All-items,89.1
1996-02,Nova Scotia,All-items,86.8
1996-02,"Halifax, Nova Scotia",All-items,87.0
1996-02,New Brunswick,All-items,87.7
1996-02,"Saint John, New Brunswick",All-items,87.9
1996-02,Quebec,All-items,88.8
1996-02,"Québec, Quebec",All-items,89.1
1996-02,"Montréal, Quebec",All-items,88.7
1996-02,Ontario,All-items,87.4
1996-02,"Ottawa-Gatineau, Ontario part, Ontario/Quebec",All-items,87.2
1996-02,"Toronto, Ontario",All-items,87.2
1996-02,"Thunder Bay, Ontario",All-items,88.5
1996-02,Manitoba,All-items,87.4
1996-02,"Winnipeg, Manitoba",All-items,87.4
1996-02,Saskatchewan,All-items,87.0
1996-02,"Regina, Saskatchewan",All-items,86.7
1996-02,"Saskatoon, Saskatchewan",All-items,87.2
1996-02,Alberta,All-items,85.2
1996-02,"Edmonton, Alberta",All-items,86.6
1996-02,"Calgary, Alberta",All-items,84.2
1996-02,British Columbia,All-items,92.1
1996-02,"Vancouver, British Columbia",All-items,92.1
1996-02,"Victoria, British Columbia",All-items,92.1
1996-02,"Whitehorse, Yukon",All-items,90.4
1996-02,"Yellowknife, Northwest Territories",All-items,92.1
1996-03,Canada,All-items,88.5
1996-03,Newfoundland and Labrador,All-items,89.5
1996-03,"St. John's, Newfoundland and Labrador",All-items,89.6
1996-03,Prince Edward Island,All-items,88.9
1996-03,"Charlottetown and Summerside, Prince Edward Island",All-items,89.3
1996-03,Nova Scotia,All-items,87.1
1996-03,"Halifax, Nova Scotia",All-items,87.4
1996-03,New Brunswick,All-items,87.9
1996-03,"Saint John, New Brunswick",All-items,88.2
1996-03,Quebec,All-items,89.1
1996-03,"Québec, Quebec",All-items,89.4
1996-03,"Montréal, Quebec",All-items,88.9
1996-03,Ontario,All-items,87.7
1996-03,"Ottawa-Gatineau, Ontario part, Ontario/Quebec",All-items,87.5
1996-03,"Toronto, Ontario",All-items,87.5
1996-03,"Thunder Bay, Ontario",All-items,88.9
1996-03,Manitoba,All-items,88.1
1996-03,"Winnipeg, Manitoba",All-items,87.9
1996-03,Saskatchewan,All-items,87.3
1996-03,"Regina, Saskatchewan",All-items,87.0
1996-03,"Saskatoon, Saskatchewan",All-items,87.4
1996-03,Alberta,All-items,85.8
1996-03,"Edmonton, Alberta",All-items,87.1
1996-03,"Calgary, Alberta",All-items,84.8
1996-03,British Columbia,All-items,92.3
1996-03,"Vancouver, British Columbia",All-items,92.1
1996-03,"Victoria, British Columbia",All-items,92.4
1996-03,"Whitehorse, Yukon",All-items,90.3
1996-03,"Yellowknife, Northwest Territories",All-items,92.4
1996-04,Canada,All-items,88.7
1996-04,Newfoundland and Labrador,All-items,90.1
1996-04,"St. John's, Newfoundland and Labrador",All-items,90.0
1996-04,Prince Edward Island,All-items,89.2
1996-04,"Charlottetown and Summerside, Prince Edward Island",All-items,89.6
1996-04,Nova Scotia,All-items,87.6
1996-04,"Halifax, Nova Scotia",All-items,87.7
1996-04,New Brunswick,All-items,88.2
1996-04,"Saint John, New Brunswick",All-items,88.5
1996-04,Quebec,All-items,89.4
1996-04,"Québec, Quebec",All-items,89.7
1996-04,"Montréal, Quebec",All-items,89.3
1996-04,Ontario,All-items,87.9
1996-04,"Ottawa-Gatineau, Ontario part, Ontario/Quebec",All-items,87.9
1996-04,"Toronto, Ontario",All-items,87.7
1996-04,"Thunder Bay, Ontario",All-items,89.0
1996-04,Manitoba,All-items,88.5
1996-04,"Winnipeg, Manitoba",All-items,88.3
1996-04,Saskatchewan,All-items,87.6
1996-04,"Regina, Saskatchewan",All-items,87.2
1996-04,"Saskatoon, Saskatchewan",All-items,87.8
1996-04,Alberta,All-items,86.2
1996-04,"Edmonton, Alberta",All-items,87.5
1996-04,"Calgary, Alberta",All-items,85.1
1996-04,British Columbia,All-items,92.4
1996-04,"Vancouver, British Columbia",All-items,92.1
1996-04,"Victoria, British Columbia",All-items,92.7
1996-04,"Whitehorse, Yukon",All-items,90.4
1996-04,"Yellowknife, Northwest Territories",All-items,92.4
1996-05,Canada,All-items,89.0
1996-05,Newfoundland and Labrador,All-items,90.5
1996-05,"St. John's, Newfoundland and Labrador",All-items,90.4
1996-05,Prince Edward Island,All-items,89.2
1996-05,"Charlottetown and Summerside, Prince Edward Island",All-items,89.6
1996-05,Nova Scotia,All-items,88.7
1996-05,"Halifax, Nova Scotia",All-items,88.7
1996-05,New Brunswick,All-items,88.7
1996-05,"Saint John, New Brunswick",All-items,88.9
1996-05,Quebec,All-items,89.8
1996-05,"Québec, Quebec",All-items,90.0
1996-05,"Montréal, Quebec",All-items,89.6
1996-05,Ontario,All-items,88.1
1996-05,"Ottawa-Gatineau, Ontario part, Ontario/Quebec",All-items,88.1
1996-05,"Toronto, Ontario",All-items,87.8
1996-05,"Thunder Bay, Ontario",All-items,89.3
1996-05,Manitoba,All-items,88.8
1996-05,"Winnipeg, Manitoba",All-items,88.6
1996-05,Saskatchewan,All-items,88.0
1996-05,"Regina, Saskatchewan",All-items,87.6
1996-05,"Saskatoon, Saskatchewan",All-items,88.1
1996-05,Alberta,All-items,86.4
1996-05,"Edmonton, Alberta",All-items,87.6
1996-05,"Calgary, Alberta",All-items,85.3
1996-05,British Columbia,All-items,92.5
1996-05,"Vancouver, British Columbia",All-items,92.3
1996-05,"Victoria, British Columbia",All-items,92.7
1996-05,"Whitehorse, Yukon",All-items,91.1
1996-05,"Yellowknife, Northwest Territories",All-items,93.3
1996-06,Canada,All-items,89.0
1996-06,Newfoundland and Labrador,All-items,90.5
1996-06,"St. John's, Newfoundland and Labrador",All-items,90.3
1996-06,Prince Edward Island,All-items,89.7
1996-06,"Charlottetown and Summerside, Prince Edward Island",All-items,90.1
1996-06,Nova Scotia,All-items,88.4
1996-06,"Halifax, Nova Scotia",All-items,88.5
1996-06,New Brunswick,All-items,88.3
1996-06,"Saint John, New Brunswick",All-items,88.6
1996-06,Quebec,All-items,89.8
1996-06,"Québec, Quebec",All-items,90.0
1996-06,"Montréal, Quebec",All-items,89.6
1996-06,Ontario,All-items,88.0
1996-06,"Ottawa-Gatineau, Ontario part, Ontario/Quebec",All-items,88.0
1996-06,"Toronto, Ontario",All-items,87.7
1996-06,"Thunder Bay, Ontario",All-items,89.3
1996-06,Manitoba,All-items,88.6
1996-06,"Winnipeg, Manitoba",All-items,88.4
1996-06,Saskatchewan,All-items,88.0
1996-06,"Regina, Saskatchewan",All-items,87.6
1996-06,"Saskatoon, Saskatchewan",All-items,88.1
1996-06,Alberta,All-items,86.2
1996-06,"Edmonton, Alberta",All-items,87.4
1996-06,"Calgary, Alberta",All-items,85.1
1996-06,British Columbia,All-items,92.5
1996-06,"Vancouver, British Columbia",All-items,92.1
1996-06,"Victoria, British Columbia",All-items,92.7
1996-06,"Whitehorse, Yukon",All-items,91.4
1996-06,"Yellowknife, Northwest Territories",All-items,92.7
1996-07,Canada,All-items,89.0
1996-07,Newfoundland and Labrador,All-items,90.4
1996-07,"St. John's, Newfoundland and Labrador",All-items,90.2
1996-07,Prince Edward Island,All-items,89.8
1996-07,"Charlottetown and Summerside, Prince Edward Island",All-items,90.1
1996-07,Nova Scotia,All-items,88.0
1996-07,"Halifax, Nova Scotia",All-items,88.2
1996-07,New Brunswick,All-items,88.3
1996-07,"Saint John, New Brunswick",All-items,88.5
1996-07,Quebec,All-items,89.6
1996-07,"Québec, Quebec",All-items,89.7
1996-07,"Montréal, Quebec",All-items,89.5
1996-07,Ontario,All-items,88.1
1996-07,"Ottawa-Gatineau, Ontario part, Ontario/Quebec",All-items,88.2
1996-07,"Toronto, Ontario",All-items,87.7
1996-07,"Thunder Bay, Ontario",All-items,89.4
1996-07,Manitoba,All-items,89.0
1996-07,"Winnipeg, Manitoba",All-items,88.8
1996-07,Saskatchewan,All-items,88.2
1996-07,"Regina, Saskatchewan",All-items,87.8
1996-07,"Saskatoon, Saskatchewan",All-items,88.3
1996-07,Alberta,All-items,86.7
1996-07,"Edmonton, Alberta",All-items,87.9
1996-07,"Calgary, Alberta",All-items,85.7
1996-07,British Columbia,All-items,92.4
1996-07,"Vancouver, British Columbia",All-items,92.1
1996-07,"Victoria, British Columbia",All-items,92.7
1996-07,"Whitehorse, Yukon",All-items,92.0
1996-07,"Yellowknife, Northwest Territories",All-items,93.5
1996-08,Canada,All-items,89.0
1996-08,Newfoundland and Labrador,All-items,90.5
1996-08,"St. John's, Newfoundland and Labrador",All-items,90.3
1996-08,Prince Edward Island,All-items,89.4
1996-08,"Charlottetown and Summerside, Prince Edward Island",All-items,89.7
1996-08,Nova Scotia,All-items,88.2
1996-08,"Halifax, Nova Scotia",All-items,88.4
1996-08,New Brunswick,All-items,88.5
1996-08,"Saint John, New Brunswick",All-items,88.8
1996-08,Quebec,All-items,89.6
1996-08,"Québec, Quebec",All-items,89.8
1996-08,"Montréal, Quebec",All-items,89.5
1996-08,Ontario,All-items,88.2
1996-08,"Ottawa-Gatineau, Ontario part, Ontario/Quebec",All-items,88.2
1996-08,"Toronto, Ontario",All-items,87.9
1996-08,"Thunder Bay, Ontario",All-items,89.5
1996-08,Manitoba,All-items,89.1
1996-08,"Winnipeg, Manitoba",All-items,88.8
1996-08,Saskatchewan,All-items,88.2
1996-08,"Regina, Saskatchewan",All-items,87.9
1996-08,"Saskatoon, Saskatchewan",All-items,88.4
1996-08,Alberta,All-items,86.8
1996-08,"Edmonton, Alberta",All-items,88.0
1996-08,"Calgary, Alberta",All-items,85.8
1996-08,British Columbia,All-items,92.3
1996-08,"Vancouver, British Columbia",All-items,91.8
1996-08,"Victoria, British Columbia",All-items,92.6
1996-08,"Whitehorse, Yukon",All-items,92.1
1996-08,"Yellowknife, Northwest Territories",All-items,93.5
1996-09,Canada,All-items,89.1
1996-09,Newfoundland and Labrador,All-items,90.8
1996-09,"St. John's, Newfoundland and Labrador",All-items,90.7
1996-09,Prince Edward Island,All-items,89.6
1996-09,"Charlottetown and Summerside, Prince Edward Island",All-items,90.0
1996-09,Nova Scotia,All-items,88.5
1996-09,"Halifax, Nova Scotia",All-items,88.6
1996-09,New Brunswick,All-items,88.5
1996-09,"Saint John, New Brunswick",All-items,88.8
1996-09,Quebec,All-items,89.6
1996-09,"Québec, Quebec",All-items,89.9
1996-09,"Montréal, Quebec",All-items,89.5
1996-09,Ontario,All-items,88.2
1996-09,"Ottawa-Gatineau, Ontario part, Ontario/Quebec",All-items,88.2
1996-09,"Toronto, Ontario",All-items,88.2
1996-09,"Thunder Bay, Ontario",All-items,89.6
1996-09,Manitoba,All-items,89.1
1996-09,"Winnipeg, Manitoba",All-items,88.9
1996-09,Saskatchewan,All-items,88.4
1996-09,"Regina, Saskatchewan",All-items,88.0
1996-09,"Saskatoon, Saskatchewan",All-items,88.6
1996-09,Alberta,All-items,87.0
1996-09,"Edmonton, Alberta",All-items,88.1
1996-09,"Calgary, Alberta",All-items,86.0
1996-09,British Columbia,All-items,92.5
1996-09,"Vancouver, British Columbia",All-items,92.0
1996-09,"Victoria, British Columbia",All-items,92.7
1996-09,"Whitehorse, Yukon",All-items,91.9
1996-09,"Yellowknife, Northwest Territories",All-items,93.5
1996-10,Canada,All-items,89.3
1996-10,Newfoundland and Labrador,All-items,91.3
1996-10,"St. John's, Newfoundland and Labrador",All-items,91.2
1996-10,Prince Edward Island,All-items,89.9
1996-10,"Charlottetown and Summerside, Prince Edward Island",All-items,90.2
1996-10,Nova Scotia,All-items,89.0
1996-10,"Halifax, Nova Scotia",All-items,89.0
1996-10,New Brunswick,All-items,89.2
1996-10,"Saint John, New Brunswick",All-items,89.3
1996-10,Quebec,All-items,90.0
1996-10,"Québec, Quebec",All-items,90.3
1996-10,"Montréal, Quebec",All-items,89.8
1996-10,Ontario,All-items,88.6
1996-10,"Ottawa-Gatineau, Ontario part, Ontario/Quebec",All-items,88.5
1996-10,"Toronto, Ontario",All-items,88.4
1996-10,"Thunder Bay, Ontario",All-items,89.6
1996-10,Manitoba,All-items,89.3
1996-10,"Winnipeg, Manitoba",All-items,89.2
1996-10,Saskatchewan,All-items,88.7
1996-10,"Regina, Saskatchewan",All-items,88.4
1996-10,"Saskatoon, Saskatchewan",All-items,88.8
1996-10,Alberta,All-items,86.8
1996-10,"Edmonton, Alberta",All-items,88.0
1996-10,"Calgary, Alberta",All-items,85.8
1996-10,British Columbia,All-items,92.5
1996-10,"Vancouver, British Columbia",All-items,92.0
1996-10,"Victoria, British Columbia",All-items,92.8
1996-10,"Whitehorse, Yukon",All-items,91.8
1996-10,"Yellowknife, Northwest Territories",All-items,93.4
1996-11,Canada,All-items,89.7
1996-11,Newfoundland and Labrador,All-items,91.4
1996-11,"St. John's, Newfoundland and Labrador",All-items,91.3
1996-11,Prince Edward Island,All-items,89.9
1996-11,"Charlottetown and Summerside, Prince Edward Island",All-items,90.2
1996-11,Nova Scotia,All-items,89.3
1996-11,"Halifax, Nova Scotia",All-items,89.3
1996-11,New Brunswick,All-items,89.5
1996-11,"Saint John, New Brunswick",All-items,89.7
1996-11,Quebec,All-items,90.3
1996-11,"Québec, Quebec",All-items,90.6
1996-11,"Montréal, Quebec",All-items,90.2
1996-11,Ontario,All-items,89.2
1996-11,"Ottawa-Gatineau, Ontario part, Ontario/Quebec",All-items,89.1
1996-11,"Toronto, Ontario",All-items,88.8
1996-11,"Thunder Bay, Ontario",All-items,90.5
1996-11,Manitoba,All-items,89.7
1996-11,"Winnipeg, Manitoba",All-items,89.6
1996-11,Saskatchewan,All-items,89.1
1996-11,"Regina, Saskatchewan",All-items,88.7
1996-11,"Saskatoon, Saskatchewan",All-items,89.1
1996-11,Alberta,All-items,87.0
1996-11,"Edmonton, Alberta",All-items,88.3
1996-11,"Calgary, Alberta",All-items,86.0
1996-11,British Columbia,All-items,92.6
1996-11,"Vancouver, British Columbia",All-items,92.1
1996-11,"Victoria, British Columbia",All-items,92.7
1996-11,"Whitehorse, Yukon",All-items,92.1
1996-11,"Yellowknife, Northwest Territories",All-items,93.5
1996-12,Canada,All-items,89.7
1996-12,Newfoundland and Labrador,All-items,91.2
1996-12,"St. John's, Newfoundland and Labrador",All-items,91.0
1996-12,Prince Edward Island,All-items,89.7
1996-12,"Charlottetown and Summerside, Prince Edward Island",All-items,90.1
1996-12,Nova Scotia,All-items,89.6
1996-12,"Halifax, Nova Scotia",All-items,89.5
1996-12,New Brunswick,All-items,89.5
1996-12,"Saint John, New Brunswick",All-items,89.7
1996-12,Quebec,All-items,89.9
1996-12,"Québec, Quebec",All-items,90.2
1996-12,"Montréal, Quebec",All-items,89.8
1996-12,Ontario,All-items,89.2
1996-12,"Ottawa-Gatineau, Ontario part, Ontario/Quebec",All-items,89.2
1996-12,"Toronto, Ontario",All-items,89.0
1996-12,"Thunder Bay, Ontario",All-items,90.6
1996-12,Manitoba,All-items,90.1
1996-12,"Winnipeg, Manitoba",All-items,89.9
1996-12,Saskatchewan,All-items,89.2
1996-12,"Regina, Saskatchewan",All-items,88.8
1996-12,"Saskatoon, Saskatchewan",All-items,89.1
1996-12,Alberta,All-items,87.1
1996-12,"Edmonton, Alberta",All-items,88.3
1996-12,"Calgary, Alberta",All-items,86.2
1996-12,British Columbia,All-items,92.5
1996-12,"Vancouver, British Columbia",All-items,92.1
1996-12,"Victoria, British Columbia",All-items,92.7
1996-12,"Whitehorse, Yukon",All-items,92.2
1996-12,"Yellowknife, Northwest Territories",All-items,93.2
1997-01,Canada,All-items,89.9
1997-01,Newfoundland and Labrador,All-items,91.8
1997-01,"St. John's, Newfoundland and Labrador",All-items,91.5
1997-01,Prince Edward Island,All-items,90.2
1997-01,"Charlottetown and Summerside, Prince Edward Island",All-items,90.3
1997-01,Nova Scotia,All-items,89.4
1997-01,"Halifax, Nova Scotia",All-items,89.4
1997-01,New Brunswick,All-items,89.7
1997-01,"Saint John, New Brunswick",All-items,89.8
1997-01,Quebec,All-items,90.2
1997-01,"Québec, Quebec",All-items,90.4
1997-01,"Montréal, Quebec",All-items,90.0
1997-01,Ontario,All-items,89.4
1997-01,"Ottawa-Gatineau, Ontario part, Ontario/Quebec",All-items,89.3
1997-01,"Toronto, Ontario",All-items,89.0
1997-01,"Thunder Bay, Ontario",All-items,90.6
1997-01,Manitoba,All-items,90.2
1997-01,"Winnipeg, Manitoba",All-items,90.0
1997-01,Saskatchewan,All-items,88.9
1997-01,"Regina, Saskatchewan",All-items,88.6
1997-01,"Saskatoon, Saskatchewan",All-items,89.0
1997-01,Alberta,All-items,87.7
1997-01,"Edmonton, Alberta",All-items,88.9
1997-01,"Calgary, Alberta",All-items,86.6
1997-01,British Columbia,All-items,92.7
1997-01,"Vancouver, British Columbia",All-items,92.3
1997-01,"Victoria, British Columbia",All-items,92.9
1997-01,"Whitehorse, Yukon",All-items,92.0
1997-01,"Yellowknife, Northwest Territories",All-items,93.1
1997-02,Canada,All-items,90.1
1997-02,Newfoundland and Labrador,All-items,92.0
1997-02,"St. John's, Newfoundland and Labrador",All-items,91.8
1997-02,Prince Edward Island,All-items,90.2
1997-02,"Charlottetown and Summerside, Prince Edward Island",All-items,90.4
1997-02,Nova Scotia,All-items,89.6
1997-02,"Halifax, Nova Scotia",All-items,89.5
1997-02,New Brunswick,All-items,89.8
1997-02,"Saint John, New Brunswick",All-items,90.0
1997-02,Quebec,All-items,90.5
1997-02,"Québec, Quebec",All-items,90.7
1997-02,"Montréal, Quebec",All-items,90.3
1997-02,Ontario,All-items,89.4
1997-02,"Ottawa-Gatineau, Ontario part, Ontario/Quebec",All-items,89.4
1997-02,"Toronto, Ontario",All-items,89.0
1997-02,"Thunder Bay, Ontario",All-items,90.7
1997-02,Manitoba,All-items,90.2
1997-02,"Winnipeg, Manitoba",All-items,90.0
1997-02,Saskatchewan,All-items,89.1
1997-02,"Regina, Saskatchewan",All-items,88.7
1997-02,"Saskatoon, Saskatchewan",All-items,89.1
1997-02,Alberta,All-items,87.9
1997-02,"Edmonton, Alberta",All-items,89.0
1997-02,"Calgary, Alberta",All-items,86.7
1997-02,British Columbia,All-items,93.0
1997-02,"Vancouver, British Columbia",All-items,92.6
1997-02,"Victoria, British Columbia",All-items,93.2
1997-02,"Whitehorse, Yukon",All-items,92.1
1997-02,"Yellowknife, Northwest Territories",All-items,92.6
1997-03,Canada,All-items,90.2
1997-03,Newfoundland and Labrador,All-items,92.7
1997-03,"St. John's, Newfoundland and Labrador",All-items,92.4
1997-03,Prince Edward Island,All-items,90.8
1997-03,"Charlottetown and Summerside, Prince Edward Island",All-items,91.1
1997-03,Nova Scotia,All-items,89.8
1997-03,"Halifax, Nova Scotia",All-items,89.9
1997-03,New Brunswick,All-items,90.1
1997-03,"Saint John, New Brunswick",All-items,90.3
1997-03,Quebec,All-items,90.5
1997-03,"Québec, Quebec",All-items,90.7
1997-03,"Montréal, Quebec",All-items,90.3
1997-03,Ontario,All-items,89.7
1997-03,"Ottawa-Gatineau, Ontario part, Ontario/Quebec",All-items,89.5
1997-03,"Toronto, Ontario",All-items,89.3
1997-03,"Thunder Bay, Ontario",All-items,91.0
1997-03,Manitoba,All-items,90.6
1997-03,"Winnipeg, Manitoba",All-items,90.4
1997-03,Saskatchewan,All-items,89.2
1997-03,"Regina, Saskatchewan",All-items,88.9
1997-03,"Saskatoon, Saskatchewan",All-items,89.1
1997-03,Alberta,All-items,88.1
1997-03,"Edmonton, Alberta",All-items,89.3
1997-03,"Calgary, Alberta",All-items,87.0
1997-03,British Columbia,All-items,93.1
1997-03,"Vancouver, British Columbia",All-items,92.7
1997-03,"Victoria, British Columbia",All-items,93.4
1997-03,"Whitehorse, Yukon",All-items,92.9
1997-03,"Yellowknife, Northwest Territories",All-items,92.6
1997-04,Canada,All-items,90.2
1997-04,Newfoundland and Labrador,All-items,91.8
1997-04,"St. John's, Newfoundland and Labrador",All-items,91.5
1997-04,Prince Edward Island,All-items,90.8
1997-04,"Charlottetown and Summerside, Prince Edward Island",All-items,91.2
1997-04,Nova Scotia,All-items,90.0
1997-04,"Halifax, Nova Scotia",All-items,90.0
1997-04,New Brunswick,All-items,90.2
1997-04,"Saint John, New Brunswick",All-items,90.3
1997-04,Quebec,All-items,90.6
1997-04,"Québec, Quebec",All-items,90.9
1997-04,"Montréal, Quebec",All-items,90.5
1997-04,Ontario,All-items,89.7
1997-04,"Ottawa-Gatineau, Ontario part, Ontario/Quebec",All-items,89.5
1997-04,"Toronto, Ontario",All-items,89.4
1997-04,"Thunder Bay, Ontario",All-items,91.1
1997-04,Manitoba,All-items,90.5
1997-04,"Winnipeg, Manitoba",All-items,90.3
1997-04,Saskatchewan,All-items,88.8
1997-04,"Regina, Saskatchewan",All-items,88.4
1997-04,"Saskatoon, Saskatchewan",All-items,88.8
1997-04,Alberta,All-items,87.8
1997-04,"Edmonton, Alberta",All-items,88.8
1997-04,"Calgary, Alberta",All-items,86.9
1997-04,British Columbia,All-items,93.0
1997-04,"Vancouver, British Columbia",All-items,92.5
1997-04,"Victoria, British Columbia",All-items,93.4
1997-04,"Whitehorse, Yukon",All-items,92.8
1997-04,"Yellowknife, Northwest Territories",All-items,92.8
1997-05,Canada,All-items,90.3
1997-05,Newfoundland and Labrador,All-items,92.0
1997-05,"St. John's, Newfoundland and Labrador",All-items,91.9
1997-05,Prince Edward Island,All-items,90.5
1997-05,"Charlottetown and Summerside, Prince Edward Island",All-items,90.9
1997-05,Nova Scotia,All-items,89.9
1997-05,"Halifax, Nova Scotia",All-items,90.0
1997-05,New Brunswick,All-items,90.1
1997-05,"Saint John, New Brunswick",All-items,90.1
1997-05,Quebec,All-items,90.7
1997-05,"Québec, Quebec",All-items,90.9
1997-05,"Montréal, Quebec",All-items,90.7
1997-05,Ontario,All-items,89.7
1997-05,"Ottawa-Gatineau, Ontario part, Ontario/Quebec",All-items,89.5
1997-05,"Toronto, Ontario",All-items,89.3
1997-05,"Thunder Bay, Ontario",All-items,90.9
1997-05,Manitoba,All-items,90.9
1997-05,"Winnipeg, Manitoba",All-items,90.7
1997-05,Saskatchewan,All-items,89.0
1997-05,"Regina, Saskatchewan",All-items,88.7
1997-05,"Saskatoon, Saskatchewan",All-items,89.0
1997-05,Alberta,All-items,87.9
1997-05,"Edmonton, Alberta",All-items,88.9
1997-05,"Calgary, Alberta",All-items,87.0
1997-05,British Columbia,All-items,93.3
1997-05,"Vancouver, British Columbia",All-items,92.7
1997-05,"Victoria, British Columbia",All-items,93.7
1997-05,"Whitehorse, Yukon",All-items,93.3
1997-05,"Yellowknife, Northwest Territories",All-items,93.1
1997-06,Canada,All-items,90.5
1997-06,Newfoundland and Labrador,All-items,92.3
1997-06,"St. John's, Newfoundland and Labrador",All-items,92.1
1997-06,Prince Edward Island,All-items,90.4
1997-06,"Charlottetown and Summerside, Prince Edward Island",All-items,90.7
1997-06,Nova Scotia,All-items,89.8
1997-06,"Halifax, Nova Scotia",All-items,89.8
1997-06,New Brunswick,All-items,89.7
1997-06,"Saint John, New Brunswick",All-items,89.8
1997-06,Quebec,All-items,91.1
1997-06,"Québec, Quebec",All-items,91.3
1997-06,"Montréal, Quebec",All-items,91.0
1997-06,Ontario,All-items,89.9
1997-06,"Ottawa-Gatineau, Ontario part, Ontario/Quebec",All-items,89.7
1997-06,"Toronto, Ontario",All-items,89.7
1997-06,"Thunder Bay, Ontario",All-items,91.1
1997-06,Manitoba,All-items,90.8
1997-06,"Winnipeg, Manitoba",All-items,90.7
1997-06,Saskatchewan,All-items,89.1
1997-06,"Regina, Saskatchewan",All-items,88.9
1997-06,"Saskatoon, Saskatchewan",All-items,89.1
1997-06,Alberta,All-items,88.3
1997-06,"Edmonton, Alberta",All-items,89.3
1997-06,"Calgary, Alberta",All-items,87.4
1997-06,British Columbia,All-items,93.3
1997-06,"Vancouver, British Columbia",All-items,92.8
1997-06,"Victoria, British Columbia",All-items,93.7
1997-06,"Whitehorse, Yukon",All-items,94.0
1997-06,"Yellowknife, Northwest Territories",All-items,93.4
1997-07,Canada,All-items,90.5
1997-07,Newfoundland and Labrador,All-items,92.6
1997-07,"St. John's, Newfoundland and Labrador",All-items,92.4
1997-07,Prince Edward Island,All-items,90.6
1997-07,"Charlottetown and Summerside, Prince Edward Island",All-items,90.9
1997-07,Nova Scotia,All-items,89.9
1997-07,"Halifax, Nova Scotia",All-items,90.0
1997-07,New Brunswick,All-items,89.9
1997-07,"Saint John, New Brunswick",All-items,90.1
1997-07,Quebec,All-items,91.0
1997-07,"Québec, Quebec",All-items,91.1
1997-07,"Montréal, Quebec",All-items,90.7
1997-07,Ontario,All-items,89.9
1997-07,"Ottawa-Gatineau, Ontario part, Ontario/Quebec",All-items,89.6
1997-07,"Toronto, Ontario",All-items,89.6
1997-07,"Thunder Bay, Ontario",All-items,91.5
1997-07,Manitoba,All-items,90.8
1997-07,"Winnipeg, Manitoba",All-items,90.6
1997-07,Saskatchewan,All-items,89.3
1997-07,"Regina, Saskatchewan",All-items,89.0
1997-07,"Saskatoon, Saskatchewan",All-items,89.4
1997-07,Alberta,All-items,88.3
1997-07,"Edmonton, Alberta",All-items,89.3
1997-07,"Calgary, Alberta",All-items,87.4
1997-07,British Columbia,All-items,93.2
1997-07,"Vancouver, British Columbia",All-items,92.6
1997-07,"Victoria, British Columbia",All-items,93.7
1997-07,"Whitehorse, Yukon",All-items,94.2
1997-07,"Yellowknife, Northwest Territories",All-items,94.2
1997-08,Canada,All-items,90.6
1997-08,Newfoundland and Labrador,All-items,92.5
1997-08,"St. John's, Newfoundland and Labrador",All-items,92.3
1997-08,Prince Edward Island,All-items,90.7
1997-08,"Charlottetown and Summerside, Prince Edward Island",All-items,91.0
1997-08,Nova Scotia,All-items,90.3
1997-08,"Halifax, Nova Scotia",All-items,90.2
1997-08,New Brunswick,All-items,90.1
1997-08,"Saint John, New Brunswick",All-items,90.2
1997-08,Quebec,All-items,91.1
1997-08,"Québec, Quebec",All-items,91.3
1997-08,"Montréal, Quebec",All-items,91.0
1997-08,Ontario,All-items,90.1
1997-08,"Ottawa-Gatineau, Ontario part, Ontario/Quebec",All-items,89.8
1997-08,"Toronto, Ontario",All-items,89.9
1997-08,"Thunder Bay, Ontario",All-items,91.6
1997-08,Manitoba,All-items,90.7
1997-08,"Winnipeg, Manitoba",All-items,90.5
1997-08,Saskatchewan,All-items,89.3
1997-08,"Regina, Saskatchewan",All-items,88.9
1997-08,"Saskatoon, Saskatchewan",All-items,89.3
1997-08,Alberta,All-items,88.3
1997-08,"Edmonton, Alberta",All-items,89.3
1997-08,"Calgary, Alberta",All-items,87.4
1997-08,British Columbia,All-items,93.3
1997-08,"Vancouver, British Columbia",All-items,92.7
1997-08,"Victoria, British Columbia",All-items,93.8
1997-08,"Whitehorse, Yukon",All-items,94.1
1997-08,"Yellowknife, Northwest Territories",All-items,93.8
1997-09,Canada,All-items,90.6
1997-09,Newfoundland and Labrador,All-items,92.7
1997-09,"St. John's, Newfoundland and Labrador",All-items,92.5
1997-09,Prince Edward Island,All-items,90.3
1997-09,"Charlottetown and Summerside, Prince Edward Island",All-items,90.7
1997-09,Nova Scotia,All-items,90.3
1997-09,"Halifax, Nova Scotia",All-items,90.2
1997-09,New Brunswick,All-items,90.6
1997-09,"Saint John, New Brunswick",All-items,90.6
1997-09,Quebec,All-items,90.9
1997-09,"Québec, Quebec",All-items,91.2
1997-09,"Montréal, Quebec",All-items,90.7
1997-09,Ontario,All-items,90.0
1997-09,"Ottawa-Gatineau, Ontario part, Ontario/Quebec",All-items,89.8
1997-09,"Toronto, Ontario",All-items,89.7
1997-09,"Thunder Bay, Ontario",All-items,91.6
1997-09,Manitoba,All-items,90.6
1997-09,"Winnipeg, Manitoba",All-items,90.4
1997-09,Saskatchewan,All-items,89.2
1997-09,"Regina, Saskatchewan",All-items,88.9
1997-09,"Saskatoon, Saskatchewan",All-items,89.3
1997-09,Alberta,All-items,88.4
1997-09,"Edmonton, Alberta",All-items,89.3
1997-09,"Calgary, Alberta",All-items,87.5
1997-09,British Columbia,All-items,93.3
1997-09,"Vancouver, British Columbia",All-items,92.7
1997-09,"Victoria, British Columbia",All-items,93.7
1997-09,"Whitehorse, Yukon",All-items,94.0
1997-09,"Yellowknife, Northwest Territories",All-items,93.7
1997-10,Canada,All-items,90.6
1997-10,Newfoundland and Labrador,All-items,92.6
1997-10,"St. John's, Newfoundland and Labrador",All-items,92.5
1997-10,Prince Edward Island,All-items,90.7
1997-10,"Charlottetown and Summerside, Prince Edward Island",All-items,91.0
1997-10,Nova Scotia,All-items,90.4
1997-10,"Halifax, Nova Scotia",All-items,90.4
1997-10,New Brunswick,All-items,90.6
1997-10,"Saint John, New Brunswick",All-items,90.6
1997-10,Quebec,All-items,91.0
1997-10,"Québec, Quebec",All-items,91.3
1997-10,"Montréal, Quebec",All-items,90.8
1997-10,Ontario,All-items,90.2
1997-10,"Ottawa-Gatineau, Ontario part, Ontario/Quebec",All-items,89.9
1997-10,"Toronto, Ontario",All-items,89.9
1997-10,"Thunder Bay, Ontario",All-items,91.4
1997-10,Manitoba,All-items,90.8
1997-10,"Winnipeg, Manitoba",All-items,90.6
1997-10,Saskatchewan,All-items,89.3
1997-10,"Regina, Saskatchewan",All-items,89.3
1997-10,"Saskatoon, Saskatchewan",All-items,89.3
1997-10,Alberta,All-items,88.4
1997-10,"Edmonton, Alberta",All-items,89.4
1997-10,"Calgary, Alberta",All-items,87.6
1997-10,British Columbia,All-items,93.1
1997-10,"Vancouver, British Columbia",All-items,92.5
1997-10,"Victoria, British Columbia",All-items,93.4
1997-10,"Whitehorse, Yukon",All-items,94.0
1997-10,"Yellowknife, Northwest Territories",All-items,93.1
1997-11,Canada,All-items,90.5
1997-11,Newfoundland and Labrador,All-items,92.4
1997-11,"St. John's, Newfoundland and Labrador",All-items,92.3
1997-11,Prince Edward Island,All-items,90.8
1997-11,"Charlottetown and Summerside, Prince Edward Island",All-items,91.1
1997-11,Nova Scotia,All-items,90.3
1997-11,"Halifax, Nova Scotia",All-items,90.2
1997-11,New Brunswick,All-items,90.5
1997-11,"Saint John, New Brunswick",All-items,90.5
1997-11,Quebec,All-items,91.0
1997-11,"Québec, Quebec",All-items,91.3
1997-11,"Montréal, Quebec",All-items,90.8
1997-11,Ontario,All-items,89.9
1997-11,"Ottawa-Gatineau, Ontario part, Ontario/Quebec",All-items,89.6
1997-11,"Toronto, Ontario",All-items,89.6
1997-11,"Thunder Bay, Ontario",All-items,91.1
1997-11,Manitoba,All-items,90.8
1997-11,"Winnipeg, Manitoba",All-items,90.7
1997-11,Saskatchewan,All-items,89.3
1997-11,"Regina, Saskatchewan",All-items,89.3
1997-11,"Saskatoon, Saskatchewan",All-items,89.2
1997-11,Alberta,All-items,88.3
1997-11,"Edmonton, Alberta",All-items,89.3
1997-11,"Calgary, Alberta",All-items,87.5
1997-11,British Columbia,All-items,93.1
1997-11,"Vancouver, British Columbia",All-items,92.6
1997-11,"Victoria, British Columbia",All-items,93.4
1997-11,"Whitehorse, Yukon",All-items,93.9
1997-11,"Yellowknife, Northwest Territories",All-items,92.5
1997-12,Canada,All-items,90.4
1997-12,Newfoundland and Labrador,All-items,92.0
1997-12,"St. John's, Newfoundland and Labrador",All-items,91.9
1997-12,Prince Edward Island,All-items,90.2
1997-12,"Charlottetown and Summerside, Prince Edward Island",All-items,90.6
1997-12,Nova Scotia,All-items,90.2
1997-12,"Halifax, Nova Scotia",All-items,90.1
1997-12,New Brunswick,All-items,90.4
1997-12,"Saint John, New Brunswick",All-items,90.4
1997-12,Quebec,All-items,90.8
1997-12,"Québec, Quebec",All-items,91.1
1997-12,"Montréal, Quebec",All-items,90.7
1997-12,Ontario,All-items,89.8
1997-12,"Ottawa-Gatineau, Ontario part, Ontario/Quebec",All-items,89.5
1997-12,"Toronto, Ontario",All-items,89.5
1997-12,"Thunder Bay, Ontario",All-items,90.9
1997-12,Manitoba,All-items,90.8
1997-12,"Winnipeg, Manitoba",All-items,90.6
1997-12,Saskatchewan,All-items,89.3
1997-12,"Regina, Saskatchewan",All-items,89.3
1997-12,"Saskatoon, Saskatchewan",All-items,89.2
1997-12,Alberta,All-items,88.3
1997-12,"Edmonton, Alberta",All-items,89.3
1997-12,"Calgary, Alberta",All-items,87.5
1997-12,British Columbia,All-items,92.8
1997-12,"Vancouver, British Columbia",All-items,92.3
1997-12,"Victoria, British Columbia",All-items,93.2
1997-12,"Whitehorse, Yukon",All-items,93.8
1997-12,"Yellowknife, Northwest Territories",All-items,92.5
1998-01,Canada,All-items,90.9
1998-01,Newfoundland and Labrador,All-items,92.5
1998-01,"St. John's, Newfoundland and Labrador",All-items,92.4
1998-01,Prince Edward Island,All-items,90.4
1998-01,"Charlottetown and Summerside, Prince Edward Island",All-items,90.8
1998-01,Nova Scotia,All-items,90.7
1998-01,"Halifax, Nova Scotia",All-items,90.7
1998-01,New Brunswick,All-items,90.7
1998-01,"Saint John, New Brunswick",All-items,90.7
1998-01,Quebec,All-items,91.9
1998-01,"Québec, Quebec",All-items,92.2
1998-01,"Montréal, Quebec",All-items,91.8
1998-01,Ontario,All-items,90.2
1998-01,"Ottawa-Gatineau, Ontario part, Ontario/Quebec",All-items,89.9
1998-01,"Toronto, Ontario",All-items,89.9
1998-01,"Thunder Bay, Ontario",All-items,91.3
1998-01,Manitoba,All-items,91.1
1998-01,"Winnipeg, Manitoba",All-items,91.0
1998-01,Saskatchewan,All-items,89.6
1998-01,"Regina, Saskatchewan",All-items,89.6
1998-01,"Saskatoon, Saskatchewan",All-items,89.5
1998-01,Alberta,All-items,88.6
1998-01,"Edmonton, Alberta",All-items,89.5
1998-01,"Calgary, Alberta",All-items,87.8
1998-01,British Columbia,All-items,93.1
1998-01,"Vancouver, British Columbia",All-items,92.7
1998-01,"Victoria, British Columbia",All-items,93.5
1998-01,"Whitehorse, Yukon",All-items,93.7
1998-01,"Yellowknife, Northwest Territories",All-items,92.6
1998-02,Canada,All-items,91.0
1998-02,Newfoundland and Labrador,All-items,92.7
1998-02,"St. John's, Newfoundland and Labrador",All-items,92.6
1998-02,Prince Edward Island,All-items,90.7
1998-02,"Charlottetown and Summerside, Prince Edward Island",All-items,91.1
1998-02,Nova Scotia,All-items,90.6
1998-02,"Halifax, Nova Scotia",All-items,90.6
1998-02,New Brunswick,All-items,90.8
1998-02,"Saint John, New Brunswick",All-items,90.8
1998-02,Quebec,All-items,92.0
1998-02,"Québec, Quebec",All-items,92.2
1998-02,"Montréal, Quebec",All-items,91.8
1998-02,Ontario,All-items,90.5
1998-02,"Ottawa-Gatineau, Ontario part, Ontario/Quebec",All-items,90.2
1998-02,"Toronto, Ontario",All-items,90.4
1998-02,"Thunder Bay, Ontario",All-items,91.6
1998-02,Manitoba,All-items,90.8
1998-02,"Winnipeg, Manitoba",All-items,90.7
1998-02,Saskatchewan,All-items,89.8
1998-02,"Regina, Saskatchewan",All-items,89.9
1998-02,"Saskatoon, Saskatchewan",All-items,89.7
1998-02,Alberta,All-items,87.9
1998-02,"Edmonton, Alberta",All-items,89.1
1998-02,"Calgary, Alberta",All-items,86.8
1998-02,British Columbia,All-items,92.9
1998-02,"Vancouver, British Columbia",All-items,92.6
1998-02,"Victoria, British Columbia",All-items,93.4
1998-02,"Whitehorse, Yukon",All-items,93.7
1998-02,"Yellowknife, Northwest Territories",All-items,92.3
1998-03,Canada,All-items,91.1
1998-03,Newfoundland and Labrador,All-items,92.4
1998-03,"St. John's, Newfoundland and Labrador",All-items,92.3
1998-03,Prince Edward Island,All-items,90.5
1998-03,"Charlottetown and Summerside, Prince Edward Island",All-items,91.0
1998-03,Nova Scotia,All-items,90.7
1998-03,"Halifax, Nova Scotia",All-items,90.7
1998-03,New Brunswick,All-items,90.8
1998-03,"Saint John, New Brunswick",All-items,90.8
1998-03,Quebec,All-items,91.8
1998-03,"Québec, Quebec",All-items,92.1
1998-03,"Montréal, Quebec",All-items,91.7
1998-03,Ontario,All-items,90.6
1998-03,"Ottawa-Gatineau, Ontario part, Ontario/Quebec",All-items,90.3
1998-03,"Toronto, Ontario",All-items,90.4
1998-03,"Thunder Bay, Ontario",All-items,91.6
1998-03,Manitoba,All-items,91.2
1998-03,"Winnipeg, Manitoba",All-items,91.1
1998-03,Saskatchewan,All-items,90.0
1998-03,"Regina, Saskatchewan",All-items,90.1
1998-03,"Saskatoon, Saskatchewan",All-items,90.0
1998-03,Alberta,All-items,88.4
1998-03,"Edmonton, Alberta",All-items,89.2
1998-03,"Calgary, Alberta",All-items,87.7
1998-03,British Columbia,All-items,93.2
1998-03,"Vancouver, British Columbia",All-items,93.0
1998-03,"Victoria, British Columbia",All-items,93.6
1998-03,"Whitehorse, Yukon",All-items,94.1
1998-03,"Yellowknife, Northwest Territories",All-items,92.6
1998-04,Canada,All-items,91.0
1998-04,Newfoundland and Labrador,All-items,92.5
1998-04,"St. John's, Newfoundland and Labrador",All-items,92.4
1998-04,Prince Edward Island,All-items,90.3
1998-04,"Charlottetown and Summerside, Prince Edward Island",All-items,90.9
1998-04,Nova Scotia,All-items,90.5
1998-04,"Halifax, Nova Scotia",All-items,90.6
1998-04,New Brunswick,All-items,90.5
1998-04,"Saint John, New Brunswick",All-items,90.6
1998-04,Quebec,All-items,91.9
1998-04,"Québec, Quebec",All-items,92.2
1998-04,"Montréal, Quebec",All-items,91.8
1998-04,Ontario,All-items,90.3
1998-04,"Ottawa-Gatineau, Ontario part, Ontario/Quebec",All-items,90.1
1998-04,"Toronto, Ontario",All-items,90.1
1998-04,"Thunder Bay, Ontario",All-items,91.4
1998-04,Manitoba,All-items,91.3
1998-04,"Winnipeg, Manitoba",All-items,91.2
1998-04,Saskatchewan,All-items,90.0
1998-04,"Regina, Saskatchewan",All-items,90.1
1998-04,"Saskatoon, Saskatchewan",All-items,90.0
1998-04,Alberta,All-items,88.8
1998-04,"Edmonton, Alberta",All-items,89.7
1998-04,"Calgary, Alberta",All-items,88.1
1998-04,British Columbia,All-items,93.2
1998-04,"Vancouver, British Columbia",All-items,92.9
1998-04,"Victoria, British Columbia",All-items,93.5
1998-04,"Whitehorse, Yukon",All-items,94.0
1998-04,"Yellowknife, Northwest Territories",All-items,92.7
1998-05,Canada,All-items,91.3
1998-05,Newfoundland and Labrador,All-items,92.4
1998-05,"St. John's, Newfoundland and Labrador",All-items,92.4
1998-05,Prince Edward Island,All-items,89.8
1998-05,"Charlottetown and Summerside, Prince Edward Island",All-items,90.4
1998-05,Nova Scotia,All-items,90.6
1998-05,"Halifax, Nova Scotia",All-items,90.7
1998-05,New Brunswick,All-items,90.7
1998-05,"Saint John, New Brunswick",All-items,90.7
1998-05,Quebec,All-items,92.2
1998-05,"Québec, Quebec",All-items,92.5
1998-05,"Montréal, Quebec",All-items,92.2
1998-05,Ontario,All-items,90.6
1998-05,"Ottawa-Gatineau, Ontario part, Ontario/Quebec",All-items,90.4
1998-05,"Toronto, Ontario",All-items,90.4
1998-05,"Thunder Bay, Ontario",All-items,91.7
1998-05,Manitoba,All-items,91.8
1998-05,"Winnipeg, Manitoba",All-items,91.7
1998-05,Saskatchewan,All-items,90.5
1998-05,"Regina, Saskatchewan",All-items,90.5
1998-05,"Saskatoon, Saskatchewan",All-items,90.6
1998-05,Alberta,All-items,89.0
1998-05,"Edmonton, Alberta",All-items,89.9
1998-05,"Calgary, Alberta",All-items,88.4
1998-05,British Columbia,All-items,93.6
1998-05,"Vancouver, British Columbia",All-items,93.3
1998-05,"Victoria, British Columbia",All-items,93.9
1998-05,"Whitehorse, Yukon",All-items,94.5
1998-05,"Yellowknife, Northwest Territories",All-items,93.1
1998-06,Canada,All-items,91.4
1998-06,Newfoundland and Labrador,All-items,92.4
1998-06,"St. John's, Newfoundland and Labrador",All-items,92.4
1998-06,Prince Edward Island,All-items,89.8
1998-06,"Charlottetown and Summerside, Prince Edward Island",All-items,90.4
1998-06,Nova Scotia,All-items,90.5
1998-06,"Halifax, Nova Scotia",All-items,90.6
1998-06,New Brunswick,All-items,90.5
1998-06,"Saint John, New Brunswick",All-items,90.6
1998-06,Quebec,All-items,92.4
1998-06,"Québec, Quebec",All-items,92.7
1998-06,"Montréal, Quebec",All-items,92.3
1998-06,Ontario,All-items,90.6
1998-06,"Ottawa-Gatineau, Ontario part, Ontario/Quebec",All-items,90.4
1998-06,"Toronto, Ontario",All-items,90.4
1998-06,"Thunder Bay, Ontario",All-items,91.7
1998-06,Manitoba,All-items,91.9
1998-06,"Winnipeg, Manitoba",All-items,91.8
1998-06,Saskatchewan,All-items,90.7
1998-06,"Regina, Saskatchewan",All-items,90.7
1998-06,"Saskatoon, Saskatchewan",All-items,90.7
1998-06,Alberta,All-items,89.7
1998-06,"Edmonton, Alberta",All-items,90.4
1998-06,"Calgary, Alberta",All-items,89.1
1998-06,British Columbia,All-items,93.7
1998-06,"Vancouver, British Columbia",All-items,93.4
1998-06,"Victoria, British Columbia",All-items,94.0
1998-06,"Whitehorse, Yukon",All-items,94.6
1998-06,"Yellowknife, Northwest Territories",All-items,93.3
1998-07,Canada,All-items,91.4
1998-07,Newfoundland and Labrador,All-items,92.7
1998-07,"St. John's, Newfoundland and Labrador",All-items,92.7
1998-07,Prince Edward Island,All-items,89.6
1998-07,"Charlottetown and Summerside, Prince Edward Island",All-items,90.2
1998-07,Nova Scotia,All-items,90.6
1998-07,"Halifax, Nova Scotia",All-items,90.7
1998-07,New Brunswick,All-items,90.3
1998-07,"Saint John, New Brunswick",All-items,90.3
1998-07,Quebec,All-items,92.1
1998-07,"Québec, Quebec",All-items,92.4
1998-07,"Montréal, Quebec",All-items,92.1
1998-07,Ontario,All-items,90.7
1998-07,"Ottawa-Gatineau, Ontario part, Ontario/Quebec",All-items,90.5
1998-07,"Toronto, Ontario",All-items,90.4
1998-07,"Thunder Bay, Ontario",All-items,91.8
1998-07,Manitoba,All-items,91.8
1998-07,"Winnipeg, Manitoba",All-items,91.7
1998-07,Saskatchewan,All-items,90.7
1998-07,"Regina, Saskatchewan",All-items,90.7
1998-07,"Saskatoon, Saskatchewan",All-items,90.8
1998-07,Alberta,All-items,89.7
1998-07,"Edmonton, Alberta",All-items,90.4
1998-07,"Calgary, Alberta",All-items,89.1
1998-07,British Columbia,All-items,93.7
1998-07,"Vancouver, British Columbia",All-items,93.6
1998-07,"Victoria, British Columbia",All-items,93.9
1998-07,"Whitehorse, Yukon",All-items,94.9
1998-07,"Yellowknife, Northwest Territories",All-items,93.6
1998-08,Canada,All-items,91.4
1998-08,Newfoundland and Labrador,All-items,92.7
1998-08,"St. John's, Newfoundland and Labrador",All-items,92.7
1998-08,Prince Edward Island,All-items,89.7
1998-08,"Charlottetown and Summerside, Prince Edward Island",All-items,90.3
1998-08,Nova Scotia,All-items,90.7
1998-08,"Halifax, Nova Scotia",All-items,90.8
1998-08,New Brunswick,All-items,90.6
1998-08,"Saint John, New Brunswick",All-items,90.7
1998-08,Quebec,All-items,92.2
1998-08,"Québec, Quebec",All-items,92.5
1998-08,"Montréal, Quebec",All-items,92.2
1998-08,Ontario,All-items,90.7
1998-08,"Ottawa-Gatineau, Ontario part, Ontario/Quebec",All-items,90.5
1998-08,"Toronto, Ontario",All-items,90.4
1998-08,"Thunder Bay, Ontario",All-items,91.7
1998-08,Manitoba,All-items,92.1
1998-08,"Winnipeg, Manitoba",All-items,92.0
1998-08,Saskatchewan,All-items,90.4
1998-08,"Regina, Saskatchewan",All-items,90.4
1998-08,"Saskatoon, Saskatchewan",All-items,90.5
1998-08,Alberta,All-items,89.7
1998-08,"Edmonton, Alberta",All-items,90.4
1998-08,"Calgary, Alberta",All-items,89.2
1998-08,British Columbia,All-items,93.7
1998-08,"Vancouver, British Columbia",All-items,93.3
1998-08,"Victoria, British Columbia",All-items,94.0
1998-08,"Whitehorse, Yukon",All-items,94.8
1998-08,"Yellowknife, Northwest Territories",All-items,93.4
1998-09,Canada,All-items,91.2
1998-09,Newfoundland and Labrador,All-items,91.8
1998-09,"St. John's, Newfoundland and Labrador",All-items,91.8
1998-09,Prince Edward Island,All-items,89.6
1998-09,"Charlottetown and Summerside, Prince Edward Island",All-items,90.2
1998-09,Nova Scotia,All-items,89.7
1998-09,"Halifax, Nova Scotia",All-items,90.0
1998-09,New Brunswick,All-items,90.3
1998-09,"Saint John, New Brunswick",All-items,90.4
1998-09,Quebec,All-items,92.0
1998-09,"Québec, Quebec",All-items,92.3
1998-09,"Montréal, Quebec",All-items,91.9
1998-09,Ontario,All-items,90.7
1998-09,"Ottawa-Gatineau, Ontario part, Ontario/Quebec",All-items,90.5
1998-09,"Toronto, Ontario",All-items,90.5
1998-09,"Thunder Bay, Ontario",All-items,91.8
1998-09,Manitoba,All-items,92.0
1998-09,"Winnipeg, Manitoba",All-items,92.0
1998-09,Saskatchewan,All-items,90.5
1998-09,"Regina, Saskatchewan",All-items,90.6
1998-09,"Saskatoon, Saskatchewan",All-items,90.6
1998-09,Alberta,All-items,89.4
1998-09,"Edmonton, Alberta",All-items,89.8
1998-09,"Calgary, Alberta",All-items,89.1
1998-09,British Columbia,All-items,93.3
1998-09,"Vancouver, British Columbia",All-items,92.9
1998-09,"Victoria, British Columbia",All-items,93.6
1998-09,"Whitehorse, Yukon",All-items,94.8
1998-09,"Yellowknife, Northwest Territories",All-items,93.0
1998-10,Canada,All-items,91.6
1998-10,Newfoundland and Labrador,All-items,92.8
1998-10,"St. John's, Newfoundland and Labrador",All-items,92.9
1998-10,Prince Edward Island,All-items,90.2
1998-10,"Charlottetown and Summerside, Prince Edward Island",All-items,90.9
1998-10,Nova Scotia,All-items,90.7
1998-10,"Halifax, Nova Scotia",All-items,90.9
1998-10,New Brunswick,All-items,90.9
1998-10,"Saint John, New Brunswick",All-items,91.0
1998-10,Quebec,All-items,92.2
1998-10,"Québec, Quebec",All-items,92.4
1998-10,"Montréal, Quebec",All-items,92.2
1998-10,Ontario,All-items,91.1
1998-10,"Ottawa-Gatineau, Ontario part, Ontario/Quebec",All-items,90.8
1998-10,"Toronto, Ontario",All-items,90.9
1998-10,"Thunder Bay, Ontario",All-items,92.1
1998-10,Manitoba,All-items,92.4
1998-10,"Winnipeg, Manitoba",All-items,92.3
1998-10,Saskatchewan,All-items,90.7
1998-10,"Regina, Saskatchewan",All-items,90.8
1998-10,"Saskatoon, Saskatchewan",All-items,90.8
1998-10,Alberta,All-items,89.5
1998-10,"Edmonton, Alberta",All-items,90.2
1998-10,"Calgary, Alberta",All-items,88.9
1998-10,British Columbia,All-items,93.5
1998-10,"Vancouver, British Columbia",All-items,93.1
1998-10,"Victoria, British Columbia",All-items,93.8
1998-10,"Whitehorse, Yukon",All-items,94.5
1998-10,"Yellowknife, Northwest Territories",All-items,93.4
1998-11,Canada,All-items,91.6
1998-11,Newfoundland and Labrador,All-items,92.7
1998-11,"St. John's, Newfoundland and Labrador",All-items,92.8
1998-11,Prince Edward Island,All-items,90.4
1998-11,"Charlottetown and Summerside, Prince Edward Island",All-items,91.0
1998-11,Nova Scotia,All-items,90.8
1998-11,"Halifax, Nova Scotia",All-items,90.9
1998-11,New Brunswick,All-items,90.9
1998-11,"Saint John, New Brunswick",All-items,90.9
1998-11,Quebec,All-items,92.3
1998-11,"Québec, Quebec",All-items,92.6
1998-11,"Montréal, Quebec",All-items,92.4
1998-11,Ontario,All-items,91.0
1998-11,"Ottawa-Gatineau, Ontario part, Ontario/Quebec",All-items,90.7
1998-11,"Toronto, Ontario",All-items,90.8
1998-11,"Thunder Bay, Ontario",All-items,91.9
1998-11,Manitoba,All-items,92.4
1998-11,"Winnipeg, Manitoba",All-items,92.3
1998-11,Saskatchewan,All-items,91.1
1998-11,"Regina, Saskatchewan",All-items,91.1
1998-11,"Saskatoon, Saskatchewan",All-items,91.2
1998-11,Alberta,All-items,89.5
1998-11,"Edmonton, Alberta",All-items,90.6
1998-11,"Calgary, Alberta",All-items,88.5
1998-11,British Columbia,All-items,93.3
1998-11,"Vancouver, British Columbia",All-items,92.8
1998-11,"Victoria, British Columbia",All-items,93.6
1998-11,"Whitehorse, Yukon",All-items,94.2
1998-11,"Yellowknife, Northwest Territories",All-items,93.1
1998-12,Canada,All-items,91.3
1998-12,Newfoundland and Labrador,All-items,92.1
1998-12,"St. John's, Newfoundland and Labrador",All-items,92.2
1998-12,Prince Edward Island,All-items,90.2
1998-12,"Charlottetown and Summerside, Prince Edward Island",All-items,90.7
1998-12,Nova Scotia,All-items,90.5
1998-12,"Halifax, Nova Scotia",All-items,90.6
1998-12,New Brunswick,All-items,90.6
1998-12,"Saint John, New Brunswick",All-items,90.6
1998-12,Quebec,All-items,92.0
1998-12,"Québec, Quebec",All-items,92.3
1998-12,"Montréal, Quebec",All-items,92.1
1998-12,Ontario,All-items,90.7
1998-12,"Ottawa-Gatineau, Ontario part, Ontario/Quebec",All-items,90.4
1998-12,"Toronto, Ontario",All-items,90.5
1998-12,"Thunder Bay, Ontario",All-items,91.6
1998-12,Manitoba,All-items,92.6
1998-12,"Winnipeg, Manitoba",All-items,92.5
1998-12,Saskatchewan,All-items,90.9
1998-12,"Regina, Saskatchewan",All-items,91.0
1998-12,"Saskatoon, Saskatchewan",All-items,91.0
1998-12,Alberta,All-items,89.7
1998-12,"Edmonton, Alberta",All-items,90.5
1998-12,"Calgary, Alberta",All-items,89.1
1998-12,British Columbia,All-items,93.1
1998-12,"Vancouver, British Columbia",All-items,92.8
1998-12,"Victoria, British Columbia",All-items,93.4
1998-12,"Whitehorse, Yukon",All-items,94.0
1998-12,"Yellowknife, Northwest Territories",All-items,93.0
1999-01,Canada,All-items,91.5
1999-01,Newfoundland and Labrador,All-items,92.1
1999-01,"St. John's, Newfoundland and Labrador",All-items,92.2
1999-01,Prince Edward Island,All-items,89.8
1999-01,"Charlottetown and Summerside, Prince Edward Island",All-items,90.4
1999-01,Nova Scotia,All-items,90.3
1999-01,"Halifax, Nova Scotia",All-items,90.5
1999-01,New Brunswick,All-items,90.2
1999-01,"Saint John, New Brunswick",All-items,90.3
1999-01,Quebec,All-items,92.2
1999-01,"Québec, Quebec",All-items,92.5
1999-01,"Montréal, Quebec",All-items,92.3
1999-01,Ontario,All-items,91.0
1999-01,"Ottawa-Gatineau, Ontario part, Ontario/Quebec",All-items,90.7
1999-01,"Toronto, Ontario",All-items,90.8
1999-01,"Thunder Bay, Ontario",All-items,91.9
1999-01,Manitoba,All-items,92.5
1999-01,"Winnipeg, Manitoba",All-items,92.4
1999-01,Saskatchewan,All-items,91.3
1999-01,"Regina, Saskatchewan",All-items,91.4
1999-01,"Saskatoon, Saskatchewan",All-items,91.4
1999-01,Alberta,All-items,89.9
1999-01,"Edmonton, Alberta",All-items,90.7
1999-01,"Calgary, Alberta",All-items,89.4
1999-01,British Columbia,All-items,93.3
1999-01,"Vancouver, British Columbia",All-items,92.9
1999-01,"Victoria, British Columbia",All-items,93.6
1999-01,"Whitehorse, Yukon",All-items,93.9
1999-01,"Yellowknife, Northwest Territories",All-items,93.0
1999-02,Canada,All-items,91.6
1999-02,Newfoundland and Labrador,All-items,92.5
1999-02,"St. John's, Newfoundland and Labrador",All-items,92.6
1999-02,Prince Edward Island,All-items,90.3
1999-02,"Charlottetown and Summerside, Prince Edward Island",All-items,90.8
1999-02,Nova Scotia,All-items,90.8
1999-02,"Halifax, Nova Scotia",All-items,91.0
1999-02,New Brunswick,All-items,90.7
1999-02,"Saint John, New Brunswick",All-items,90.7
1999-02,Quebec,All-items,92.3
1999-02,"Québec, Quebec",All-items,92.6
1999-02,"Montréal, Quebec",All-items,92.3
1999-02,Ontario,All-items,91.1
1999-02,"Ottawa-Gatineau, Ontario part, Ontario/Quebec",All-items,90.8
1999-02,"Toronto, Ontario",All-items,90.9
1999-02,"Thunder Bay, Ontario",All-items,92.0
1999-02,Manitoba,All-items,92.6
1999-02,"Winnipeg, Manitoba",All-items,92.5
1999-02,Saskatchewan,All-items,91.3
1999-02,"Regina, Saskatchewan",All-items,91.4
1999-02,"Saskatoon, Saskatchewan",All-items,91.4
1999-02,Alberta,All-items,89.9
1999-02,"Edmonton, Alberta",All-items,90.6
1999-02,"Calgary, Alberta",All-items,89.3
1999-02,British Columbia,All-items,93.4
1999-02,"Vancouver, British Columbia",All-items,92.9
1999-02,"Victoria, British Columbia",All-items,93.7
1999-02,"Whitehorse, Yukon",All-items,93.8
1999-02,"Yellowknife, Northwest Territories",All-items,92.8
1999-03,Canada,All-items,92.0
1999-03,Newfoundland and Labrador,All-items,93.1
1999-03,"St. John's, Newfoundland and Labrador",All-items,93.2
1999-03,Prince Edward Island,All-items,90.6
1999-03,"Charlottetown and Summerside, Prince Edward Island",All-items,91.2
1999-03,Nova Scotia,All-items,90.7
1999-03,"Halifax, Nova Scotia",All-items,90.9
1999-03,New Brunswick,All-items,90.8
1999-03,"Saint John, New Brunswick",All-items,90.9
1999-03,Quebec,All-items,92.9
1999-03,"Québec, Quebec",All-items,93.2
1999-03,"Montréal, Quebec",All-items,93.0
1999-03,Ontario,All-items,91.6
1999-03,"Ottawa-Gatineau, Ontario part, Ontario/Quebec",All-items,91.3
1999-03,"Toronto, Ontario",All-items,91.5
1999-03,"Thunder Bay, Ontario",All-items,92.5
1999-03,Manitoba,All-items,92.5
1999-03,"Winnipeg, Manitoba",All-items,92.4
1999-03,Saskatchewan,All-items,91.4
1999-03,"Regina, Saskatchewan",All-items,91.6
1999-03,"Saskatoon, Saskatchewan",All-items,91.5
1999-03,Alberta,All-items,90.1
1999-03,"Edmonton, Alberta",All-items,90.8
1999-03,"Calgary, Alberta",All-items,89.5
1999-03,British Columbia,All-items,93.5
1999-03,"Vancouver, British Columbia",All-items,93.1
1999-03,"Victoria, British Columbia",All-items,93.8
1999-03,"Whitehorse, Yukon",All-items,94.5
1999-03,"Yellowknife, Northwest Territories",All-items,93.1
1999-04,Canada,All-items,92.5
1999-04,Newfoundland and Labrador,All-items,93.3
1999-04,"St. John's, Newfoundland and Labrador",All-items,93.4
1999-04,Prince Edward Island,All-items,90.4
1999-04,"Charlottetown and Summerside, Prince Edward Island",All-items,91.0
1999-04,Nova Scotia,All-items,91.6
1999-04,"Halifax, Nova Scotia",All-items,91.8
1999-04,New Brunswick,All-items,91.8
1999-04,"Saint John, New Brunswick",All-items,91.8
1999-04,Quebec,All-items,93.3
1999-04,"Québec, Quebec",All-items,93.6
1999-04,"Montréal, Quebec",All-items,93.3
1999-04,Ontario,All-items,92.1
1999-04,"Ottawa-Gatineau, Ontario part, Ontario/Quebec",All-items,91.8
1999-04,"Toronto, Ontario",All-items,91.8
1999-04,"Thunder Bay, Ontario",All-items,93.1
1999-04,Manitoba,All-items,93.1
1999-04,"Winnipeg, Manitoba",All-items,93.0
1999-04,Saskatchewan,All-items,91.5
1999-04,"Regina, Saskatchewan",All-items,91.6
1999-04,"Saskatoon, Saskatchewan",All-items,91.6
1999-04,Alberta,All-items,90.3
1999-04,"Edmonton, Alberta",All-items,91.1
1999-04,"Calgary, Alberta",All-items,89.7
1999-04,British Columbia,All-items,94.2
1999-04,"Vancouver, British Columbia",All-items,93.7
1999-04,"Victoria, British Columbia",All-items,94.4
1999-04,"Whitehorse, Yukon",All-items,94.7
1999-04,"Yellowknife, Northwest Territories",All-items,93.2
1999-05,Canada,All-items,92.7
1999-05,Newfoundland and Labrador,All-items,93.9
1999-05,"St. John's, Newfoundland and Labrador",All-items,93.9
1999-05,Prince Edward Island,All-items,90.4
1999-05,"Charlottetown and Summerside, Prince Edward Island",All-items,91.0
1999-05,Nova Scotia,All-items,91.8
1999-05,"Halifax, Nova Scotia",All-items,91.9
1999-05,New Brunswick,All-items,92.2
1999-05,"Saint John, New Brunswick",All-items,92.2
1999-05,Quebec,All-items,93.4
1999-05,"Québec, Quebec",All-items,93.7
1999-05,"Montréal, Quebec",All-items,93.4
1999-05,Ontario,All-items,92.4
1999-05,"Ottawa-Gatineau, Ontario part, Ontario/Quebec",All-items,92.1
1999-05,"Toronto, Ontario",All-items,92.2
1999-05,"Thunder Bay, Ontario",All-items,93.4
1999-05,Manitoba,All-items,93.5
1999-05,"Winnipeg, Manitoba",All-items,93.4
1999-05,Saskatchewan,All-items,92.0
1999-05,"Regina, Saskatchewan",All-items,92.1
1999-05,"Saskatoon, Saskatchewan",All-items,92.2
1999-05,Alberta,All-items,91.0
1999-05,"Edmonton, Alberta",All-items,91.7
1999-05,"Calgary, Alberta",All-items,90.4
1999-05,British Columbia,All-items,94.3
1999-05,"Vancouver, British Columbia",All-items,93.7
1999-05,"Victoria, British Columbia",All-items,94.6
1999-05,"Whitehorse, Yukon",All-items,95.3
1999-05,"Yellowknife, Northwest Territories",All-items,93.7
1999-06,Canada,All-items,92.9
1999-06,Newfoundland and Labrador,All-items,93.9
1999-06,"St. John's, Newfoundland and Labrador",All-items,94.0
1999-06,Prince Edward Island,All-items,90.8
1999-06,"Charlottetown and Summerside, Prince Edward Island",All-items,91.4
1999-06,Nova Scotia,All-items,91.9
1999-06,"Halifax, Nova Scotia",All-items,92.0
1999-06,New Brunswick,All-items,92.0
1999-06,"Saint John, New Brunswick",All-items,91.9
1999-06,Quebec,All-items,93.6
1999-06,"Québec, Quebec",All-items,93.9
1999-06,"Montréal, Quebec",All-items,93.6
1999-06,Ontario,All-items,92.3
1999-06,"Ottawa-Gatineau, Ontario part, Ontario/Quebec",All-items,92.1
1999-06,"Toronto, Ontario",All-items,92.1
1999-06,"Thunder Bay, Ontario",All-items,93.3
1999-06,Manitoba,All-items,93.6
1999-06,"Winnipeg, Manitoba",All-items,93.5
1999-06,Saskatchewan,All-items,91.9
1999-06,"Regina, Saskatchewan",All-items,92.0
1999-06,"Saskatoon, Saskatchewan",All-items,92.0
1999-06,Alberta,All-items,91.2
1999-06,"Edmonton, Alberta",All-items,91.9
1999-06,"Calgary, Alberta",All-items,90.6
1999-06,British Columbia,All-items,94.6
1999-06,"Vancouver, British Columbia",All-items,94.1
1999-06,"Victoria, British Columbia",All-items,94.9
1999-06,"Whitehorse, Yukon",All-items,95.3
1999-06,"Yellowknife, Northwest Territories",All-items,93.9
1999-07,Canada,All-items,93.1
1999-07,Newfoundland and Labrador,All-items,93.9
1999-07,"St. John's, Newfoundland and Labrador",All-items,94.0
1999-07,Prince Edward Island,All-items,90.9
1999-07,"Charlottetown and Summerside, Prince Edward Island",All-items,91.4
1999-07,Nova Scotia,All-items,91.9
1999-07,"Halifax, Nova Scotia",All-items,92.1
1999-07,New Brunswick,All-items,92.1
1999-07,"Saint John, New Brunswick",All-items,92.1
1999-07,Quebec,All-items,93.8
1999-07,"Québec, Quebec",All-items,94.1
1999-07,"Montréal, Quebec",All-items,93.8
1999-07,Ontario,All-items,92.6
1999-07,"Ottawa-Gatineau, Ontario part, Ontario/Quebec",All-items,92.3
1999-07,"Toronto, Ontario",All-items,92.3
1999-07,"Thunder Bay, Ontario",All-items,93.6
1999-07,Manitoba,All-items,93.8
1999-07,"Winnipeg, Manitoba",All-items,93.7
1999-07,Saskatchewan,All-items,91.8
1999-07,"Regina, Saskatchewan",All-items,91.9
1999-07,"Saskatoon, Saskatchewan",All-items,92.0
1999-07,Alberta,All-items,91.4
1999-07,"Edmonton, Alberta",All-items,92.2
1999-07,"Calgary, Alberta",All-items,90.9
1999-07,British Columbia,All-items,95.0
1999-07,"Vancouver, British Columbia",All-items,94.4
1999-07,"Victoria, British Columbia",All-items,95.3
1999-07,"Whitehorse, Yukon",All-items,95.9
1999-07,"Yellowknife, Northwest Territories",All-items,94.6
1999-08,Canada,All-items,93.3
1999-08,Newfoundland and Labrador,All-items,94.3
1999-08,"St. John's, Newfoundland and Labrador",All-items,94.4
1999-08,Prince Edward Island,All-items,91.1
1999-08,"Charlottetown and Summerside, Prince Edward Island",All-items,91.6
1999-08,Nova Scotia,All-items,92.7
1999-08,"Halifax, Nova Scotia",All-items,92.8
1999-08,New Brunswick,All-items,92.7
1999-08,"Saint John, New Brunswick",All-items,92.7
1999-08,Quebec,All-items,93.8
1999-08,"Québec, Quebec",All-items,94.2
1999-08,"Montréal, Quebec",All-items,93.8
1999-08,Ontario,All-items,92.9
1999-08,"Ottawa-Gatineau, Ontario part, Ontario/Quebec",All-items,92.7
1999-08,"Toronto, Ontario",All-items,92.7
1999-08,"Thunder Bay, Ontario",All-items,93.9
1999-08,Manitoba,All-items,94.0
1999-08,"Winnipeg, Manitoba",All-items,93.9
1999-08,Saskatchewan,All-items,92.1
1999-08,"Regina, Saskatchewan",All-items,92.2
1999-08,"Saskatoon, Saskatchewan",All-items,92.3
1999-08,Alberta,All-items,92.1
1999-08,"Edmonton, Alberta",All-items,92.9
1999-08,"Calgary, Alberta",All-items,91.5
1999-08,British Columbia,All-items,94.9
1999-08,"Vancouver, British Columbia",All-items,94.3
1999-08,"Victoria, British Columbia",All-items,95.2
1999-08,"Whitehorse, Yukon",All-items,96.0
1999-08,"Yellowknife, Northwest Territories",All-items,94.6
1999-09,Canada,All-items,93.6
1999-09,Newfoundland and Labrador,All-items,94.5
1999-09,"St. John's, Newfoundland and Labrador",All-items,94.5
1999-09,Prince Edward Island,All-items,91.9
1999-09,"Charlottetown and Summerside, Prince Edward Island",All-items,92.4
1999-09,Nova Scotia,All-items,93.2
1999-09,"Halifax, Nova Scotia",All-items,93.2
1999-09,New Brunswick,All-items,93.2
1999-09,"Saint John, New Brunswick",All-items,93.2
1999-09,Quebec,All-items,94.1
1999-09,"Québec, Quebec",All-items,94.4
1999-09,"Montréal, Quebec",All-items,94.1
1999-09,Ontario,All-items,93.1
1999-09,"Ottawa-Gatineau, Ontario part, Ontario/Quebec",All-items,92.8
1999-09,"Toronto, Ontario",All-items,92.9
1999-09,"Thunder Bay, Ontario",All-items,94.0
1999-09,Manitoba,All-items,94.5
1999-09,"Winnipeg, Manitoba",All-items,94.3
1999-09,Saskatchewan,All-items,92.5
1999-09,"Regina, Saskatchewan",All-items,92.6
1999-09,"Saskatoon, Saskatchewan",All-items,92.6
1999-09,Alberta,All-items,92.6
1999-09,"Edmonton, Alberta",All-items,93.3
1999-09,"Calgary, Alberta",All-items,92.0
1999-09,British Columbia,All-items,95.2
1999-09,"Vancouver, British Columbia",All-items,94.7
1999-09,"Victoria, British Columbia",All-items,95.3
1999-09,"Whitehorse, Yukon",All-items,96.2
1999-09,"Yellowknife, Northwest Territories",All-items,94.8
1999-10,Canada,All-items,93.7
1999-10,Newfoundland and Labrador,All-items,94.6
1999-10,"St. John's, Newfoundland and Labrador",All-items,94.6
1999-10,Prince Edward Island,All-items,92.1
1999-10,"Charlottetown and Summerside, Prince Edward Island",All-items,92.6
1999-10,Nova Scotia,All-items,93.3
1999-10,"Halifax, Nova Scotia",All-items,93.3
1999-10,New Brunswick,All-items,93.1
1999-10,"Saint John, New Brunswick",All-items,93.3
1999-10,Quebec,All-items,94.4
1999-10,"Québec, Quebec",All-items,94.6
1999-10,"Montréal, Quebec",All-items,94.3
1999-10,Ontario,All-items,93.2
1999-10,"Ottawa-Gatineau, Ontario part, Ontario/Quebec",All-items,93.0
1999-10,"Toronto, Ontario",All-items,93.0
1999-10,"Thunder Bay, Ontario",All-items,94.1
1999-10,Manitoba,All-items,94.4
1999-10,"Winnipeg, Manitoba",All-items,94.3
1999-10,Saskatchewan,All-items,92.4
1999-10,"Regina, Saskatchewan",All-items,92.5
1999-10,"Saskatoon, Saskatchewan",All-items,92.6
1999-10,Alberta,All-items,92.7
1999-10,"Edmonton, Alberta",All-items,93.3
1999-10,"Calgary, Alberta",All-items,92.3
1999-10,British Columbia,All-items,94.8
1999-10,"Vancouver, British Columbia",All-items,94.4
1999-10,"Victoria, British Columbia",All-items,95.2
1999-10,"Whitehorse, Yukon",All-items,95.9
1999-10,"Yellowknife, Northwest Territories",All-items,94.7
1999-11,Canada,All-items,93.6
1999-11,Newfoundland and Labrador,All-items,94.8
1999-11,"St. John's, Newfoundland and Labrador",All-items,94.8
1999-11,Prince Edward Island,All-items,93.0
1999-11,"Charlottetown and Summerside, Prince Edward Island",All-items,93.4
1999-11,Nova Scotia,All-items,93.5
1999-11,"Halifax, Nova Scotia",All-items,93.5
1999-11,New Brunswick,All-items,93.1
1999-11,"Saint John, New Brunswick",All-items,93.3
1999-11,Quebec,All-items,94.2
1999-11,"Québec, Quebec",All-items,94.4
1999-11,"Montréal, Quebec",All-items,94.1
1999-11,Ontario,All-items,93.1
1999-11,"Ottawa-Gatineau, Ontario part, Ontario/Quebec",All-items,92.9
1999-11,"Toronto, Ontario",All-items,93.0
1999-11,"Thunder Bay, Ontario",All-items,94.0
1999-11,Manitoba,All-items,94.4
1999-11,"Winnipeg, Manitoba",All-items,94.2
1999-11,Saskatchewan,All-items,92.6
1999-11,"Regina, Saskatchewan",All-items,92.7
1999-11,"Saskatoon, Saskatchewan",All-items,92.8
1999-11,Alberta,All-items,92.3
1999-11,"Edmonton, Alberta",All-items,92.9
1999-11,"Calgary, Alberta",All-items,91.8
1999-11,British Columbia,All-items,94.6
1999-11,"Vancouver, British Columbia",All-items,94.1
1999-11,"Victoria, British Columbia",All-items,94.9
1999-11,"Whitehorse, Yukon",All-items,95.7
1999-11,"Yellowknife, Northwest Territories",All-items,94.2
1999-12,Canada,All-items,93.7
1999-12,Newfoundland and Labrador,All-items,94.7
1999-12,"St. John's, Newfoundland and Labrador",All-items,94.7
1999-12,Prince Edward Island,All-items,92.9
1999-12,"Charlottetown and Summerside, Prince Edward Island",All-items,93.3
1999-12,Nova Scotia,All-items,93.5
1999-12,"Halifax, Nova Scotia",All-items,93.4
1999-12,New Brunswick,All-items,93.4
1999-12,"Saint John, New Brunswick",All-items,93.6
1999-12,Quebec,All-items,94.1
1999-12,"Québec, Quebec",All-items,94.2
1999-12,"Montréal, Quebec",All-items,94.0
1999-12,Ontario,All-items,93.4
1999-12,"Ottawa-Gatineau, Ontario part, Ontario/Quebec",All-items,93.1
1999-12,"Toronto, Ontario",All-items,93.3
1999-12,"Thunder Bay, Ontario",All-items,94.3
1999-12,Manitoba,All-items,94.6
1999-12,"Winnipeg, Manitoba",All-items,94.5
1999-12,Saskatchewan,All-items,92.6
1999-12,"Regina, Saskatchewan",All-items,92.7
1999-12,"Saskatoon, Saskatchewan",All-items,92.7
1999-12,Alberta,All-items,92.7
1999-12,"Edmonton, Alberta",All-items,93.3
1999-12,"Calgary, Alberta",All-items,92.2
1999-12,British Columbia,All-items,94.7
1999-12,"Vancouver, British Columbia",All-items,94.3
1999-12,"Victoria, British Columbia",All-items,95.0
1999-12,"Whitehorse, Yukon",All-items,96.0
1999-12,"Yellowknife, Northwest Territories",All-items,94.8
2000-01,Canada,All-items,93.5
2000-01,Newfoundland and Labrador,All-items,95.2
2000-01,"St. John's, Newfoundland and Labrador",All-items,95.2
2000-01,Prince Edward Island,All-items,92.7
2000-01,"Charlottetown and Summerside, Prince Edward Island",All-items,93.0
2000-01,Nova Scotia,All-items,93.5
2000-01,"Halifax, Nova Scotia",All-items,93.4
2000-01,New Brunswick,All-items,93.0
2000-01,"Saint John, New Brunswick",All-items,93.2
2000-01,Quebec,All-items,94.1
2000-01,"Québec, Quebec",All-items,94.2
2000-01,"Montréal, Quebec",All-items,94.0
2000-01,Ontario,All-items,93.2
2000-01,"Ottawa-Gatineau, Ontario part, Ontario/Quebec",All-items,92.9
2000-01,"Toronto, Ontario",All-items,93.1
2000-01,"Thunder Bay, Ontario",All-items,94.0
2000-01,Manitoba,All-items,94.6
2000-01,"Winnipeg, Manitoba",All-items,94.4
2000-01,Saskatchewan,All-items,92.7
2000-01,"Regina, Saskatchewan",All-items,92.8
2000-01,"Saskatoon, Saskatchewan",All-items,92.8
2000-01,Alberta,All-items,92.4
2000-01,"Edmonton, Alberta",All-items,93.0
2000-01,"Calgary, Alberta",All-items,91.9
2000-01,British Columbia,All-items,94.4
2000-01,"Vancouver, British Columbia",All-items,94.1
2000-01,"Victoria, British Columbia",All-items,94.6
2000-01,"Whitehorse, Yukon",All-items,95.5
2000-01,"Yellowknife, Northwest Territories",All-items,94.2
2000-02,Canada,All-items,94.1
2000-02,Newfoundland and Labrador,All-items,96.0
2000-02,"St. John's, Newfoundland and Labrador",All-items,95.8
2000-02,Prince Edward Island,All-items,92.8
2000-02,"Charlottetown and Summerside, Prince Edward Island",All-items,93.0
2000-02,Nova Scotia,All-items,94.3
2000-02,"Halifax, Nova Scotia",All-items,94.0
2000-02,New Brunswick,All-items,93.7
2000-02,"Saint John, New Brunswick",All-items,93.9
2000-02,Quebec,All-items,94.8
2000-02,"Québec, Quebec",All-items,94.9
2000-02,"Montréal, Quebec",All-items,94.7
2000-02,Ontario,All-items,93.9
2000-02,"Ottawa-Gatineau, Ontario part, Ontario/Quebec",All-items,93.6
2000-02,"Toronto, Ontario",All-items,93.9
2000-02,"Thunder Bay, Ontario",All-items,94.7
2000-02,Manitoba,All-items,94.8
2000-02,"Winnipeg, Manitoba",All-items,94.7
2000-02,Saskatchewan,All-items,93.0
2000-02,"Regina, Saskatchewan",All-items,93.0
2000-02,"Saskatoon, Saskatchewan",All-items,93.1
2000-02,Alberta,All-items,92.3
2000-02,"Edmonton, Alberta",All-items,93.0
2000-02,"Calgary, Alberta",All-items,91.8
2000-02,British Columbia,All-items,94.6
2000-02,"Vancouver, British Columbia",All-items,94.2
2000-02,"Victoria, British Columbia",All-items,94.8
2000-02,"Whitehorse, Yukon",All-items,96.0
2000-02,"Yellowknife, Northwest Territories",All-items,94.5
2000-03,Canada,All-items,94.8
2000-03,Newfoundland and Labrador,All-items,96.4
2000-03,"St. John's, Newfoundland and Labrador",All-items,96.2
2000-03,Prince Edward Island,All-items,93.7
2000-03,"Charlottetown and Summerside, Prince Edward Island",All-items,94.0
2000-03,Nova Scotia,All-items,94.8
2000-03,"Halifax, Nova Scotia",All-items,94.5
2000-03,New Brunswick,All-items,94.6
2000-03,"Saint John, New Brunswick",All-items,94.8
2000-03,Quebec,All-items,95.2
2000-03,"Québec, Quebec",All-items,95.3
2000-03,"Montréal, Quebec",All-items,95.1
2000-03,Ontario,All-items,94.7
2000-03,"Ottawa-Gatineau, Ontario part, Ontario/Quebec",All-items,94.3
2000-03,"Toronto, Ontario",All-items,94.5
2000-03,"Thunder Bay, Ontario",All-items,95.5
2000-03,Manitoba,All-items,95.4
2000-03,"Winnipeg, Manitoba",All-items,95.2
2000-03,Saskatchewan,All-items,93.6
2000-03,"Regina, Saskatchewan",All-items,93.7
2000-03,"Saskatoon, Saskatchewan",All-items,93.8
2000-03,Alberta,All-items,93.3
2000-03,"Edmonton, Alberta",All-items,93.9
2000-03,"Calgary, Alberta",All-items,92.7
2000-03,British Columbia,All-items,95.3
2000-03,"Vancouver, British Columbia",All-items,95.1
2000-03,"Victoria, British Columbia",All-items,95.6
2000-03,"Whitehorse, Yukon",All-items,96.3
2000-03,"Yellowknife, Northwest Territories",All-items,94.9
2000-04,Canada,All-items,94.5
2000-04,Newfoundland and Labrador,All-items,95.8
2000-04,"St. John's, Newfoundland and Labrador",All-items,95.7
2000-04,Prince Edward Island,All-items,94.1
2000-04,"Charlottetown and Summerside, Prince Edward Island",All-items,94.4
2000-04,Nova Scotia,All-items,94.4
2000-04,"Halifax, Nova Scotia",All-items,94.3
2000-04,New Brunswick,All-items,94.5
2000-04,"Saint John, New Brunswick",All-items,94.6
2000-04,Quebec,All-items,94.9
2000-04,"Québec, Quebec",All-items,95.0
2000-04,"Montréal, Quebec",All-items,94.8
2000-04,Ontario,All-items,94.1
2000-04,"Ottawa-Gatineau, Ontario part, Ontario/Quebec",All-items,93.8
2000-04,"Toronto, Ontario",All-items,94.0
2000-04,"Thunder Bay, Ontario",All-items,94.9
2000-04,Manitoba,All-items,95.3
2000-04,"Winnipeg, Manitoba",All-items,95.2
2000-04,Saskatchewan,All-items,93.7
2000-04,"Regina, Saskatchewan",All-items,93.7
2000-04,"Saskatoon, Saskatchewan",All-items,93.9
2000-04,Alberta,All-items,93.3
2000-04,"Edmonton, Alberta",All-items,93.9
2000-04,"Calgary, Alberta",All-items,92.9
2000-04,British Columbia,All-items,95.4
2000-04,"Vancouver, British Columbia",All-items,95.2
2000-04,"Victoria, British Columbia",All-items,95.7
2000-04,"Whitehorse, Yukon",All-items,96.7
2000-04,"Yellowknife, Northwest Territories",All-items,95.3
2000-05,Canada,All-items,94.9
2000-05,Newfoundland and Labrador,All-items,95.7
2000-05,"St. John's, Newfoundland and Labrador",All-items,95.7
2000-05,Prince Edward Island,All-items,94.7
2000-05,"Charlottetown and Summerside, Prince Edward Island",All-items,94.9
2000-05,Nova Scotia,All-items,94.8
2000-05,"Halifax, Nova Scotia",All-items,94.7
2000-05,New Brunswick,All-items,94.7
2000-05,"Saint John, New Brunswick",All-items,94.7
2000-05,Quebec,All-items,95.3
2000-05,"Québec, Quebec",All-items,95.5
2000-05,"Montréal, Quebec",All-items,95.3
2000-05,Ontario,All-items,94.7
2000-05,"Ottawa-Gatineau, Ontario part, Ontario/Quebec",All-items,94.3
2000-05,"Toronto, Ontario",All-items,94.6
2000-05,"Thunder Bay, Ontario",All-items,95.4
2000-05,Manitoba,All-items,95.3
2000-05,"Winnipeg, Manitoba",All-items,95.2
2000-05,Saskatchewan,All-items,94.0
2000-05,"Regina, Saskatchewan",All-items,94.1
2000-05,"Saskatoon, Saskatchewan",All-items,94.1
2000-05,Alberta,All-items,93.9
2000-05,"Edmonton, Alberta",All-items,94.5
2000-05,"Calgary, Alberta",All-items,93.6
2000-05,British Columbia,All-items,95.7
2000-05,"Vancouver, British Columbia",All-items,95.5
2000-05,"Victoria, British Columbia",All-items,96.0
2000-05,"Whitehorse, Yukon",All-items,97.2
2000-05,"Yellowknife, Northwest Territories",All-items,95.6
2000-06,Canada,All-items,95.5
2000-06,Newfoundland and Labrador,All-items,96.6
2000-06,"St. John's, Newfoundland and Labrador",All-items,96.6
2000-06,Prince Edward Island,All-items,95.0
2000-06,"Charlottetown and Summerside, Prince Edward Island",All-items,95.2
2000-06,Nova Scotia,All-items,95.4
2000-06,"Halifax, Nova Scotia",All-items,95.2
2000-06,New Brunswick,All-items,95.3
2000-06,"Saint John, New Brunswick",All-items,95.3
2000-06,Quebec,All-items,96.2
2000-06,"Québec, Quebec",All-items,96.3
2000-06,"Montréal, Quebec",All-items,96.2
2000-06,Ontario,All-items,95.3
2000-06,"Ottawa-Gatineau, Ontario part, Ontario/Quebec",All-items,95.1
2000-06,"Toronto, Ontario",All-items,95.3
2000-06,"Thunder Bay, Ontario",All-items,96.0
2000-06,Manitoba,All-items,95.7
2000-06,"Winnipeg, Manitoba",All-items,95.6
2000-06,Saskatchewan,All-items,94.2
2000-06,"Regina, Saskatchewan",All-items,94.3
2000-06,"Saskatoon, Saskatchewan",All-items,94.3
2000-06,Alberta,All-items,94.3
2000-06,"Edmonton, Alberta",All-items,94.9
2000-06,"Calgary, Alberta",All-items,93.9
2000-06,British Columbia,All-items,96.0
2000-06,"Vancouver, British Columbia",All-items,96.0
2000-06,"Victoria, British Columbia",All-items,96.3
2000-06,"Whitehorse, Yukon",All-items,97.8
2000-06,"Yellowknife, Northwest Territories",All-items,95.8
2000-07,Canada,All-items,95.8
2000-07,Newfoundland and Labrador,All-items,97.0
2000-07,"St. John's, Newfoundland and Labrador",All-items,97.0
2000-07,Prince Edward Island,All-items,95.2
2000-07,"Charlottetown and Summerside, Prince Edward Island",All-items,95.3
2000-07,Nova Scotia,All-items,95.2
2000-07,"Halifax, Nova Scotia",All-items,95.1
2000-07,New Brunswick,All-items,95.6
2000-07,"Saint John, New Brunswick",All-items,95.6
2000-07,Quebec,All-items,96.2
2000-07,"Québec, Quebec",All-items,96.3
2000-07,"Montréal, Quebec",All-items,96.2
2000-07,Ontario,All-items,95.5
2000-07,"Ottawa-Gatineau, Ontario part, Ontario/Quebec",All-items,95.2
2000-07,"Toronto, Ontario",All-items,95.3
2000-07,"Thunder Bay, Ontario",All-items,96.2
2000-07,Manitoba,All-items,96.2
2000-07,"Winnipeg, Manitoba",All-items,96.0
2000-07,Saskatchewan,All-items,94.6
2000-07,"Regina, Saskatchewan",All-items,94.7
2000-07,"Saskatoon, Saskatchewan",All-items,94.7
2000-07,Alberta,All-items,95.2
2000-07,"Edmonton, Alberta",All-items,95.7
2000-07,"Calgary, Alberta",All-items,94.8
2000-07,British Columbia,All-items,96.9
2000-07,"Vancouver, British Columbia",All-items,96.9
2000-07,"Victoria, British Columbia",All-items,96.8
2000-07,"Whitehorse, Yukon",All-items,98.3
2000-07,"Yellowknife, Northwest Territories",All-items,96.3
2000-08,Canada,All-items,95.7
2000-08,Newfoundland and Labrador,All-items,97.0
2000-08,"St. John's, Newfoundland and Labrador",All-items,97.0
2000-08,Prince Edward Island,All-items,95.6
2000-08,"Charlottetown and Summerside, Prince Edward Island",All-items,95.6
2000-08,Nova Scotia,All-items,95.2
2000-08,"Halifax, Nova Scotia",All-items,95.1
2000-08,New Brunswick,All-items,95.5
2000-08,"Saint John, New Brunswick",All-items,95.5
2000-08,Quebec,All-items,96.0
2000-08,"Québec, Quebec",All-items,96.2
2000-08,"Montréal, Quebec",All-items,96.1
2000-08,Ontario,All-items,95.3
2000-08,"Ottawa-Gatineau, Ontario part, Ontario/Quebec",All-items,95.1
2000-08,"Toronto, Ontario",All-items,95.2
2000-08,"Thunder Bay, Ontario",All-items,96.0
2000-08,Manitoba,All-items,96.3
2000-08,"Winnipeg, Manitoba",All-items,96.3
2000-08,Saskatchewan,All-items,94.8
2000-08,"Regina, Saskatchewan",All-items,94.9
2000-08,"Saskatoon, Saskatchewan",All-items,94.9
2000-08,Alberta,All-items,95.3
2000-08,"Edmonton, Alberta",All-items,95.8
2000-08,"Calgary, Alberta",All-items,94.9
2000-08,British Columbia,All-items,96.8
2000-08,"Vancouver, British Columbia",All-items,96.9
2000-08,"Victoria, British Columbia",All-items,96.8
2000-08,"Whitehorse, Yukon",All-items,98.5
2000-08,"Yellowknife, Northwest Territories",All-items,96.2
2000-09,Canada,All-items,96.1
2000-09,Newfoundland and Labrador,All-items,97.3
2000-09,"St. John's, Newfoundland and Labrador",All-items,97.1
2000-09,Prince Edward Island,All-items,95.9
2000-09,"Charlottetown and Summerside, Prince Edward Island",All-items,96.0
2000-09,Nova Scotia,All-items,96.0
2000-09,"Halifax, Nova Scotia",All-items,95.8
2000-09,New Brunswick,All-items,95.9
2000-09,"Saint John, New Brunswick",All-items,95.9
2000-09,Quebec,All-items,96.4
2000-09,"Québec, Quebec",All-items,96.5
2000-09,"Montréal, Quebec",All-items,96.4
2000-09,Ontario,All-items,95.7
2000-09,"Ottawa-Gatineau, Ontario part, Ontario/Quebec",All-items,95.5
2000-09,"Toronto, Ontario",All-items,95.6
2000-09,"Thunder Bay, Ontario",All-items,96.4
2000-09,Manitoba,All-items,96.7
2000-09,"Winnipeg, Manitoba",All-items,96.6
2000-09,Saskatchewan,All-items,95.0
2000-09,"Regina, Saskatchewan",All-items,95.1
2000-09,"Saskatoon, Saskatchewan",All-items,95.2
2000-09,Alberta,All-items,95.9
2000-09,"Edmonton, Alberta",All-items,96.3
2000-09,"Calgary, Alberta",All-items,95.7
2000-09,British Columbia,All-items,97.0
2000-09,"Vancouver, British Columbia",All-items,97.0
2000-09,"Victoria, British Columbia",All-items,97.0
2000-09,"Whitehorse, Yukon",All-items,98.5
2000-09,"Yellowknife, Northwest Territories",All-items,96.2
2000-10,Canada,All-items,96.3
2000-10,Newfoundland and Labrador,All-items,97.4
2000-10,"St. John's, Newfoundland and Labrador",All-items,97.3
2000-10,Prince Edward Island,All-items,96.2
2000-10,"Charlottetown and Summerside, Prince Edward Island",All-items,96.4
2000-10,Nova Scotia,All-items,96.4
2000-10,"Halifax, Nova Scotia",All-items,96.1
2000-10,New Brunswick,All-items,96.0
2000-10,"Saint John, New Brunswick",All-items,96.0
2000-10,Quebec,All-items,96.5
2000-10,"Québec, Quebec",All-items,96.5
2000-10,"Montréal, Quebec",All-items,96.5
2000-10,Ontario,All-items,95.9
2000-10,"Ottawa-Gatineau, Ontario part, Ontario/Quebec",All-items,95.8
2000-10,"Toronto, Ontario",All-items,95.8
2000-10,"Thunder Bay, Ontario",All-items,96.6
2000-10,Manitoba,All-items,96.5
2000-10,"Winnipeg, Manitoba",All-items,96.5
2000-10,Saskatchewan,All-items,95.0
2000-10,"Regina, Saskatchewan",All-items,95.1
2000-10,"Saskatoon, Saskatchewan",All-items,95.2
2000-10,Alberta,All-items,96.0
2000-10,"Edmonton, Alberta",All-items,96.6
2000-10,"Calgary, Alberta",All-items,95.4
2000-10,British Columbia,All-items,97.1
2000-10,"Vancouver, British Columbia",All-items,97.1
2000-10,"Victoria, British Columbia",All-items,97.1
2000-10,"Whitehorse, Yukon",All-items,97.9
2000-10,"Yellowknife, Northwest Territories",All-items,95.8
2000-11,Canada,All-items,96.6
2000-11,Newfoundland and Labrador,All-items,97.5
2000-11,"St. John's, Newfoundland and Labrador",All-items,97.4
2000-11,Prince Edward Island,All-items,97.0
2000-11,"Charlottetown and Summerside, Prince Edward Island",All-items,97.0
2000-11,Nova Scotia,All-items,97.0
2000-11,"Halifax, Nova Scotia",All-items,96.7
2000-11,New Brunswick,All-items,96.5
2000-11,"Saint John, New Brunswick",All-items,96.5
2000-11,Quebec,All-items,96.7
2000-11,"Québec, Quebec",All-items,96.7
2000-11,"Montréal, Quebec",All-items,96.6
2000-11,Ontario,All-items,96.5
2000-11,"Ottawa-Gatineau, Ontario part, Ontario/Quebec",All-items,96.3
2000-11,"Toronto, Ontario",All-items,96.4
2000-11,"Thunder Bay, Ontario",All-items,97.0
2000-11,Manitoba,All-items,96.8
2000-11,"Winnipeg, Manitoba",All-items,96.8
2000-11,Saskatchewan,All-items,95.4
2000-11,"Regina, Saskatchewan",All-items,95.4
2000-11,"Saskatoon, Saskatchewan",All-items,95.5
2000-11,Alberta,All-items,96.3
2000-11,"Edmonton, Alberta",All-items,96.8
2000-11,"Calgary, Alberta",All-items,95.9
2000-11,British Columbia,All-items,97.2
2000-11,"Vancouver, British Columbia",All-items,97.1
2000-11,"Victoria, British Columbia",All-items,97.1
2000-11,"Whitehorse, Yukon",All-items,98.3
2000-11,"Yellowknife, Northwest Territories",All-items,96.2
2000-12,Canada,All-items,96.7
2000-12,Newfoundland and Labrador,All-items,97.3
2000-12,"St. John's, Newfoundland and Labrador",All-items,97.0
2000-12,Prince Edward Island,All-items,96.4
2000-12,"Charlottetown and Summerside, Prince Edward Island",All-items,96.4
2000-12,Nova Scotia,All-items,96.8
2000-12,"Halifax, Nova Scotia",All-items,96.4
2000-12,New Brunswick,All-items,96.0
2000-12,"Saint John, New Brunswick",All-items,96.0
2000-12,Quebec,All-items,96.8
2000-12,"Québec, Quebec",All-items,96.7
2000-12,"Montréal, Quebec",All-items,96.7
2000-12,Ontario,All-items,96.6
2000-12,"Ottawa-Gatineau, Ontario part, Ontario/Quebec",All-items,96.5
2000-12,"Toronto, Ontario",All-items,96.4
2000-12,"Thunder Bay, Ontario",All-items,97.1
2000-12,Manitoba,All-items,97.4
2000-12,"Winnipeg, Manitoba",All-items,97.3
2000-12,Saskatchewan,All-items,96.3
2000-12,"Regina, Saskatchewan",All-items,96.3
2000-12,"Saskatoon, Saskatchewan",All-items,96.2
2000-12,Alberta,All-items,96.3
2000-12,"Edmonton, Alberta",All-items,96.8
2000-12,"Calgary, Alberta",All-items,96.0
2000-12,British Columbia,All-items,97.0
2000-12,"Vancouver, British Columbia",All-items,96.9
2000-12,"Victoria, British Columbia",All-items,97.0
2000-12,"Whitehorse, Yukon",All-items,98.4
2000-12,"Yellowknife, Northwest Territories",All-items,96.3
2001-01,Canada,All-items,96.3
2001-01,Newfoundland and Labrador,All-items,97.2
2001-01,"St. John's, Newfoundland and Labrador",All-items,97.0
2001-01,Prince Edward Island,All-items,97.0
2001-01,"Charlottetown and Summerside, Prince Edward Island",All-items,96.9
2001-01,Nova Scotia,All-items,96.3
2001-01,"Halifax, Nova Scotia",All-items,96.0
2001-01,New Brunswick,All-items,95.6
2001-01,"Saint John, New Brunswick",All-items,95.8
2001-01,Quebec,All-items,96.7
2001-01,"Québec, Quebec",All-items,96.6
2001-01,"Montréal, Quebec",All-items,96.8
2001-01,Ontario,All-items,96.5
2001-01,"Ottawa-Gatineau, Ontario part, Ontario/Quebec",All-items,96.4
2001-01,"Toronto, Ontario",All-items,96.5
2001-01,"Thunder Bay, Ontario",All-items,96.9
2001-01,Manitoba,All-items,96.8
2001-01,"Winnipeg, Manitoba",All-items,96.7
2001-01,Saskatchewan,All-items,95.6
2001-01,"Regina, Saskatchewan",All-items,95.7
2001-01,"Saskatoon, Saskatchewan",All-items,95.6
2001-01,Alberta,All-items,93.4
2001-01,"Edmonton, Alberta",All-items,93.2
2001-01,"Calgary, Alberta",All-items,93.8
2001-01,British Columbia,All-items,97.2
2001-01,"Vancouver, British Columbia",All-items,97.2
2001-01,"Victoria, British Columbia",All-items,96.9
2001-01,"Whitehorse, Yukon",All-items,98.5
2001-01,"Yellowknife, Northwest Territories",All-items,96.4
2001-02,Canada,All-items,96.8
2001-02,Newfoundland and Labrador,All-items,97.7
2001-02,"St. John's, Newfoundland and Labrador",All-items,97.5
2001-02,Prince Edward Island,All-items,96.2
2001-02,"Charlottetown and Summerside, Prince Edward Island",All-items,96.3
2001-02,Nova Scotia,All-items,96.4
2001-02,"Halifax, Nova Scotia",All-items,96.2
2001-02,New Brunswick,All-items,96.0
2001-02,"Saint John, New Brunswick",All-items,96.1
2001-02,Quebec,All-items,97.3
2001-02,"Québec, Quebec",All-items,97.3
2001-02,"Montréal, Quebec",All-items,97.3
2001-02,Ontario,All-items,97.1
2001-02,"Ottawa-Gatineau, Ontario part, Ontario/Quebec",All-items,97.1
2001-02,"Toronto, Ontario",All-items,97.1
2001-02,"Thunder Bay, Ontario",All-items,97.5
2001-02,Manitoba,All-items,97.9
2001-02,"Winnipeg, Manitoba",All-items,98.0
2001-02,Saskatchewan,All-items,96.1
2001-02,"Regina, Saskatchewan",All-items,96.2
2001-02,"Saskatoon, Saskatchewan",All-items,96.1
2001-02,Alberta,All-items,95.7
2001-02,"Edmonton, Alberta",All-items,96.1
2001-02,"Calgary, Alberta",All-items,95.5
2001-02,British Columbia,All-items,95.5
2001-02,"Vancouver, British Columbia",All-items,96.0
2001-02,"Victoria, British Columbia",All-items,94.8
2001-02,"Whitehorse, Yukon",All-items,98.6
2001-02,"Yellowknife, Northwest Territories",All-items,96.4
2001-03,Canada,All-items,97.1
2001-03,Newfoundland and Labrador,All-items,97.6
2001-03,"St. John's, Newfoundland and Labrador",All-items,97.4
2001-03,Prince Edward Island,All-items,96.3
2001-03,"Charlottetown and Summerside, Prince Edward Island",All-items,96.4
2001-03,Nova Scotia,All-items,96.5
2001-03,"Halifax, Nova Scotia",All-items,96.4
2001-03,New Brunswick,All-items,96.2
2001-03,"Saint John, New Brunswick",All-items,96.4
2001-03,Quebec,All-items,97.6
2001-03,"Québec, Quebec",All-items,97.5
2001-03,"Montréal, Quebec",All-items,97.5
2001-03,Ontario,All-items,97.7
2001-03,"Ottawa-Gatineau, Ontario part, Ontario/Quebec",All-items,97.7
2001-03,"Toronto, Ontario",All-items,97.7
2001-03,"Thunder Bay, Ontario",All-items,98.4
2001-03,Manitoba,All-items,98.1
2001-03,"Winnipeg, Manitoba",All-items,98.2
2001-03,Saskatchewan,All-items,96.1
2001-03,"Regina, Saskatchewan",All-items,96.2
2001-03,"Saskatoon, Saskatchewan",All-items,96.1
2001-03,Alberta,All-items,95.6
2001-03,"Edmonton, Alberta",All-items,96.0
2001-03,"Calgary, Alberta",All-items,95.4
2001-03,British Columbia,All-items,96.1
2001-03,"Vancouver, British Columbia",All-items,96.1
2001-03,"Victoria, British Columbia",All-items,95.7
2001-03,"Whitehorse, Yukon",All-items,98.6
2001-03,"Yellowknife, Northwest Territories",All-items,96.2
2001-04,Canada,All-items,97.8
2001-04,Newfoundland and Labrador,All-items,96.9
2001-04,"St. John's, Newfoundland and Labrador",All-items,96.8
2001-04,Prince Edward Island,All-items,97.4
2001-04,"Charlottetown and Summerside, Prince Edward Island",All-items,97.4
2001-04,Nova Scotia,All-items,97.2
2001-04,"Halifax, Nova Scotia",All-items,97.1
2001-04,New Brunswick,All-items,96.8
2001-04,"Saint John, New Brunswick",All-items,97.0
2001-04,Quebec,All-items,98.5
2001-04,"Québec, Quebec",All-items,98.4
2001-04,"Montréal, Quebec",All-items,98.4
2001-04,Ontario,All-items,98.1
2001-04,"Ottawa-Gatineau, Ontario part, Ontario/Quebec",All-items,98.0
2001-04,"Toronto, Ontario",All-items,98.2
2001-04,"Thunder Bay, Ontario",All-items,98.8
2001-04,Manitoba,All-items,98.4
2001-04,"Winnipeg, Manitoba",All-items,98.4
2001-04,Saskatchewan,All-items,96.4
2001-04,"Regina, Saskatchewan",All-items,96.5
2001-04,"Saskatoon, Saskatchewan",All-items,96.5
2001-04,Alberta,All-items,95.7
2001-04,"Edmonton, Alberta",All-items,96.1
2001-04,"Calgary, Alberta",All-items,95.6
2001-04,British Columbia,All-items,97.6
2001-04,"Vancouver, British Columbia",All-items,97.5
2001-04,"Victoria, British Columbia",All-items,97.3
2001-04,"Whitehorse, Yukon",All-items,98.8
2001-04,"Yellowknife, Northwest Territories",All-items,96.5
2001-05,Canada,All-items,98.6
2001-05,Newfoundland and Labrador,All-items,98.6
2001-05,"St. John's, Newfoundland and Labrador",All-items,98.5
2001-05,Prince Edward Island,All-items,97.7
2001-05,"Charlottetown and Summerside, Prince Edward Island",All-items,97.8
2001-05,Nova Scotia,All-items,97.6
2001-05,"Halifax, Nova Scotia",All-items,97.5
2001-05,New Brunswick,All-items,97.6
2001-05,"Saint John, New Brunswick",All-items,97.8
2001-05,Quebec,All-items,98.9
2001-05,"Québec, Quebec",All-items,98.9
2001-05,"Montréal, Quebec",All-items,98.8
2001-05,Ontario,All-items,98.7
2001-05,"Ottawa-Gatineau, Ontario part, Ontario/Quebec",All-items,98.7
2001-05,"Toronto, Ontario",All-items,98.6
2001-05,"Thunder Bay, Ontario",All-items,99.4
2001-05,Manitoba,All-items,99.2
2001-05,"Winnipeg, Manitoba",All-items,99.3
2001-05,Saskatchewan,All-items,97.3
2001-05,"Regina, Saskatchewan",All-items,97.4
2001-05,"Saskatoon, Saskatchewan",All-items,97.3
2001-05,Alberta,All-items,99.2
2001-05,"Edmonton, Alberta",All-items,99.7
2001-05,"Calgary, Alberta",All-items,99.1
2001-05,British Columbia,All-items,98.1
2001-05,"Vancouver, British Columbia",All-items,98.0
2001-05,"Victoria, British Columbia",All-items,97.7
2001-05,"Whitehorse, Yukon",All-items,99.3
2001-05,"Yellowknife, Northwest Territories",All-items,96.9
2001-06,Canada,All-items,98.7
2001-06,Newfoundland and Labrador,All-items,98.5
2001-06,"St. John's, Newfoundland and Labrador",All-items,98.3
2001-06,Prince Edward Island,All-items,98.1
2001-06,"Charlottetown and Summerside, Prince Edward Island",All-items,98.1
2001-06,Nova Scotia,All-items,97.7
2001-06,"Halifax, Nova Scotia",All-items,97.6
2001-06,New Brunswick,All-items,97.5
2001-06,"Saint John, New Brunswick",All-items,97.6
2001-06,Quebec,All-items,98.4
2001-06,"Québec, Quebec",All-items,98.4
2001-06,"Montréal, Quebec",All-items,98.3
2001-06,Ontario,All-items,98.7
2001-06,"Ottawa-Gatineau, Ontario part, Ontario/Quebec",All-items,98.7
2001-06,"Toronto, Ontario",All-items,98.4
2001-06,"Thunder Bay, Ontario",All-items,99.3
2001-06,Manitoba,All-items,99.8
2001-06,"Winnipeg, Manitoba",All-items,99.9
2001-06,Saskatchewan,All-items,98.3
2001-06,"Regina, Saskatchewan",All-items,98.4
2001-06,"Saskatoon, Saskatchewan",All-items,98.2
2001-06,Alberta,All-items,99.5
2001-06,"Edmonton, Alberta",All-items,100.0
2001-06,"Calgary, Alberta",All-items,99.4
2001-06,British Columbia,All-items,98.7
2001-06,"Vancouver, British Columbia",All-items,98.6
2001-06,"Victoria, British Columbia",All-items,98.3
2001-06,"Whitehorse, Yukon",All-items,100.1
2001-06,"Yellowknife, Northwest Territories",All-items,97.3
2001-07,Canada,All-items,98.4
2001-07,Newfoundland and Labrador,All-items,98.3
2001-07,"St. John's, Newfoundland and Labrador",All-items,98.2
2001-07,Prince Edward Island,All-items,98.3
2001-07,"Charlottetown and Summerside, Prince Edward Island",All-items,98.3
2001-07,Nova Scotia,All-items,97.4
2001-07,"Halifax, Nova Scotia",All-items,97.3
2001-07,New Brunswick,All-items,97.1
2001-07,"Saint John, New Brunswick",All-items,97.2
2001-07,Quebec,All-items,98.4
2001-07,"Québec, Quebec",All-items,98.3
2001-07,"Montréal, Quebec",All-items,98.4
2001-07,Ontario,All-items,98.5
2001-07,"Ottawa-Gatineau, Ontario part, Ontario/Quebec",All-items,98.6
2001-07,"Toronto, Ontario",All-items,98.3
2001-07,"Thunder Bay, Ontario",All-items,99.1
2001-07,Manitoba,All-items,99.3
2001-07,"Winnipeg, Manitoba",All-items,99.4
2001-07,Saskatchewan,All-items,97.9
2001-07,"Regina, Saskatchewan",All-items,98.0
2001-07,"Saskatoon, Saskatchewan",All-items,97.8
2001-07,Alberta,All-items,97.9
2001-07,"Edmonton, Alberta",All-items,98.5
2001-07,"Calgary, Alberta",All-items,97.6
2001-07,British Columbia,All-items,98.7
2001-07,"Vancouver, British Columbia",All-items,98.7
2001-07,"Victoria, British Columbia",All-items,98.2
2001-07,"Whitehorse, Yukon",All-items,100.4
2001-07,"Yellowknife, Northwest Territories",All-items,97.7
2001-08,Canada,All-items,98.4
2001-08,Newfoundland and Labrador,All-items,98.1
2001-08,"St. John's, Newfoundland and Labrador",All-items,98.0
2001-08,Prince Edward Island,All-items,97.9
2001-08,"Charlottetown and Summerside, Prince Edward Island",All-items,97.9
2001-08,Nova Scotia,All-items,97.3
2001-08,"Halifax, Nova Scotia",All-items,97.2
2001-08,New Brunswick,All-items,97.1
2001-08,"Saint John, New Brunswick",All-items,97.3
2001-08,Quebec,All-items,98.5
2001-08,"Québec, Quebec",All-items,98.5
2001-08,"Montréal, Quebec",All-items,98.5
2001-08,Ontario,All-items,98.5
2001-08,"Ottawa-Gatineau, Ontario part, Ontario/Quebec",All-items,98.6
2001-08,"Toronto, Ontario",All-items,98.2
2001-08,"Thunder Bay, Ontario",All-items,99.1
2001-08,Manitoba,All-items,99.0
2001-08,"Winnipeg, Manitoba",All-items,99.1
2001-08,Saskatchewan,All-items,98.0
2001-08,"Regina, Saskatchewan",All-items,98.1
2001-08,"Saskatoon, Saskatchewan",All-items,97.9
2001-08,Alberta,All-items,97.8
2001-08,"Edmonton, Alberta",All-items,98.4
2001-08,"Calgary, Alberta",All-items,97.5
2001-08,British Columbia,All-items,98.5
2001-08,"Vancouver, British Columbia",All-items,98.6
2001-08,"Victoria, British Columbia",All-items,98.1
2001-08,"Whitehorse, Yukon",All-items,100.2
2001-08,"Yellowknife, Northwest Territories",All-items,97.8
2001-09,Canada,All-items,98.6
2001-09,Newfoundland and Labrador,All-items,98.1
2001-09,"St. John's, Newfoundland and Labrador",All-items,98.0
2001-09,Prince Edward Island,All-items,97.4
2001-09,"Charlottetown and Summerside, Prince Edward Island",All-items,97.6
2001-09,Nova Scotia,All-items,97.9
2001-09,"Halifax, Nova Scotia",All-items,97.7
2001-09,New Brunswick,All-items,97.3
2001-09,"Saint John, New Brunswick",All-items,97.5
2001-09,Quebec,All-items,98.4
2001-09,"Québec, Quebec",All-items,98.5
2001-09,"Montréal, Quebec",All-items,98.4
2001-09,Ontario,All-items,98.7
2001-09,"Ottawa-Gatineau, Ontario part, Ontario/Quebec",All-items,98.6
2001-09,"Toronto, Ontario",All-items,98.4
2001-09,"Thunder Bay, Ontario",All-items,99.5
2001-09,Manitoba,All-items,99.5
2001-09,"Winnipeg, Manitoba",All-items,99.4
2001-09,Saskatchewan,All-items,98.7
2001-09,"Regina, Saskatchewan",All-items,98.8
2001-09,"Saskatoon, Saskatchewan",All-items,98.7
2001-09,Alberta,All-items,98.6
2001-09,"Edmonton, Alberta",All-items,99.2
2001-09,"Calgary, Alberta",All-items,98.1
2001-09,British Columbia,All-items,99.0
2001-09,"Vancouver, British Columbia",All-items,99.0
2001-09,"Victoria, British Columbia",All-items,98.5
2001-09,"Whitehorse, Yukon",All-items,100.7
2001-09,"Yellowknife, Northwest Territories",All-items,98.3
2001-10,Canada,All-items,98.1
2001-10,Newfoundland and Labrador,All-items,97.5
2001-10,"St. John's, Newfoundland and Labrador",All-items,97.5
2001-10,Prince Edward Island,All-items,98.0
2001-10,"Charlottetown and Summerside, Prince Edward Island",All-items,98.2
2001-10,Nova Scotia,All-items,97.2
2001-10,"Halifax, Nova Scotia",All-items,97.2
2001-10,New Brunswick,All-items,96.8
2001-10,"Saint John, New Brunswick",All-items,96.9
2001-10,Quebec,All-items,98.0
2001-10,"Québec, Quebec",All-items,98.0
2001-10,"Montréal, Quebec",All-items,98.0
2001-10,Ontario,All-items,98.4
2001-10,"Ottawa-Gatineau, Ontario part, Ontario/Quebec",All-items,98.0
2001-10,"Toronto, Ontario",All-items,98.3
2001-10,"Thunder Bay, Ontario",All-items,99.0
2001-10,Manitoba,All-items,98.7
2001-10,"Winnipeg, Manitoba",All-items,98.7
2001-10,Saskatchewan,All-items,98.0
2001-10,"Regina, Saskatchewan",All-items,98.1
2001-10,"Saskatoon, Saskatchewan",All-items,98.0
2001-10,Alberta,All-items,97.4
2001-10,"Edmonton, Alberta",All-items,97.9
2001-10,"Calgary, Alberta",All-items,97.1
2001-10,British Columbia,All-items,98.3
2001-10,"Vancouver, British Columbia",All-items,98.2
2001-10,"Victoria, British Columbia",All-items,98.1
2001-10,"Whitehorse, Yukon",All-items,99.8
2001-10,"Yellowknife, Northwest Territories",All-items,97.5
2001-11,Canada,All-items,97.2
2001-11,Newfoundland and Labrador,All-items,97.0
2001-11,"St. John's, Newfoundland and Labrador",All-items,97.0
2001-11,Prince Edward Island,All-items,97.8
2001-11,"Charlottetown and Summerside, Prince Edward Island",All-items,98.0
2001-11,Nova Scotia,All-items,96.9
2001-11,"Halifax, Nova Scotia",All-items,97.0
2001-11,New Brunswick,All-items,96.6
2001-11,"Saint John, New Brunswick",All-items,96.7
2001-11,Quebec,All-items,97.7
2001-11,"Québec, Quebec",All-items,97.7
2001-11,"Montréal, Quebec",All-items,97.8
2001-11,Ontario,All-items,97.7
2001-11,"Ottawa-Gatineau, Ontario part, Ontario/Quebec",All-items,97.5
2001-11,"Toronto, Ontario",All-items,97.8
2001-11,"Thunder Bay, Ontario",All-items,97.5
2001-11,Manitoba,All-items,97.7
2001-11,"Winnipeg, Manitoba",All-items,97.8
2001-11,Saskatchewan,All-items,97.3
2001-11,"Regina, Saskatchewan",All-items,97.4
2001-11,"Saskatoon, Saskatchewan",All-items,97.4
2001-11,Alberta,All-items,93.9
2001-11,"Edmonton, Alberta",All-items,94.4
2001-11,"Calgary, Alberta",All-items,93.4
2001-11,British Columbia,All-items,97.5
2001-11,"Vancouver, British Columbia",All-items,97.5
2001-11,"Victoria, British Columbia",All-items,97.4
2001-11,"Whitehorse, Yukon",All-items,98.7
2001-11,"Yellowknife, Northwest Territories",All-items,97.3
2001-12,Canada,All-items,97.4
2001-12,Newfoundland and Labrador,All-items,96.7
2001-12,"St. John's, Newfoundland and Labrador",All-items,96.8
2001-12,Prince Edward Island,All-items,96.7
2001-12,"Charlottetown and Summerside, Prince Edward Island",All-items,96.9
2001-12,Nova Scotia,All-items,96.6
2001-12,"Halifax, Nova Scotia",All-items,96.8
2001-12,New Brunswick,All-items,96.4
2001-12,"Saint John, New Brunswick",All-items,96.5
2001-12,Quebec,All-items,97.9
2001-12,"Québec, Quebec",All-items,97.8
2001-12,"Montréal, Quebec",All-items,98.1
2001-12,Ontario,All-items,97.7
2001-12,"Ottawa-Gatineau, Ontario part, Ontario/Quebec",All-items,97.6
2001-12,"Toronto, Ontario",All-items,98.0
2001-12,"Thunder Bay, Ontario",All-items,97.4
2001-12,Manitoba,All-items,97.6
2001-12,"Winnipeg, Manitoba",All-items,97.7
2001-12,Saskatchewan,All-items,97.2
2001-12,"Regina, Saskatchewan",All-items,97.3
2001-12,"Saskatoon, Saskatchewan",All-items,97.2
2001-12,Alberta,All-items,95.4
2001-12,"Edmonton, Alberta",All-items,96.4
2001-12,"Calgary, Alberta",All-items,94.5
2001-12,British Columbia,All-items,97.4
2001-12,"Vancouver, British Columbia",All-items,97.6
2001-12,"Victoria, British Columbia",All-items,97.3
2001-12,"Whitehorse, Yukon",All-items,97.9
2001-12,"Yellowknife, Northwest Territories",All-items,97.2
2002-01,Canada,All-items,97.6
2002-01,Newfoundland and Labrador,All-items,97.0
2002-01,"St. John's, Newfoundland and Labrador",All-items,97.1
2002-01,Prince Edward Island,All-items,96.4
2002-01,"Charlottetown and Summerside, Prince Edward Island",All-items,96.6
2002-01,Nova Scotia,All-items,96.7
2002-01,"Halifax, Nova Scotia",All-items,96.9
2002-01,New Brunswick,All-items,96.7
2002-01,"Saint John, New Brunswick",All-items,96.8
2002-01,Quebec,All-items,98.1
2002-01,"Québec, Quebec",All-items,98.0
2002-01,"Montréal, Quebec",All-items,98.1
2002-01,Ontario,All-items,97.7
2002-01,"Ottawa-Gatineau, Ontario part, Ontario/Quebec",All-items,97.5
2002-01,"Toronto, Ontario",All-items,97.7
2002-01,"Thunder Bay, Ontario",All-items,97.8
2002-01,Manitoba,All-items,98.0
2002-01,"Winnipeg, Manitoba",All-items,98.0
2002-01,Saskatchewan,All-items,97.8
2002-01,"Regina, Saskatchewan",All-items,97.9
2002-01,"Saskatoon, Saskatchewan",All-items,97.7
2002-01,Alberta,All-items,96.7
2002-01,"Edmonton, Alberta",All-items,97.2
2002-01,"Calgary, Alberta",All-items,96.2
2002-01,British Columbia,All-items,97.9
2002-01,"Vancouver, British Columbia",All-items,98.0
2002-01,"Victoria, British Columbia",All-items,97.9
2002-01,"Whitehorse, Yukon",All-items,97.9
2002-01,"Yellowknife, Northwest Territories",All-items,97.8
2002-02,Canada,All-items,98.2
2002-02,Newfoundland and Labrador,All-items,97.4
2002-02,"St. John's, Newfoundland and Labrador",All-items,97.5
2002-02,Prince Edward Island,All-items,96.6
2002-02,"Charlottetown and Summerside, Prince Edward Island",All-items,96.8
2002-02,Nova Scotia,All-items,97.2
2002-02,"Halifax, Nova Scotia",All-items,97.4
2002-02,New Brunswick,All-items,97.0
2002-02,"Saint John, New Brunswick",All-items,97.1
2002-02,Quebec,All-items,98.8
2002-02,"Québec, Quebec",All-items,98.8
2002-02,"Montréal, Quebec",All-items,98.9
2002-02,Ontario,All-items,98.4
2002-02,"Ottawa-Gatineau, Ontario part, Ontario/Quebec",All-items,98.3
2002-02,"Toronto, Ontario",All-items,98.5
2002-02,"Thunder Bay, Ontario",All-items,98.4
2002-02,Manitoba,All-items,98.0
2002-02,"Winnipeg, Manitoba",All-items,98.0
2002-02,Saskatchewan,All-items,97.7
2002-02,"Regina, Saskatchewan",All-items,97.8
2002-02,"Saskatoon, Saskatchewan",All-items,97.7
2002-02,Alberta,All-items,97.2
2002-02,"Edmonton, Alberta",All-items,97.7
2002-02,"Calgary, Alberta",All-items,96.8
2002-02,British Columbia,All-items,98.3
2002-02,"Vancouver, British Columbia",All-items,98.3
2002-02,"Victoria, British Columbia",All-items,98.3
2002-02,"Whitehorse, Yukon",All-items,97.9
2002-02,"Yellowknife, Northwest Territories",All-items,98.2
2002-03,Canada,All-items,98.9
2002-03,Newfoundland and Labrador,All-items,98.0
2002-03,"St. John's, Newfoundland and Labrador",All-items,98.1
2002-03,Prince Edward Island,All-items,97.3
2002-03,"Charlottetown and Summerside, Prince Edward Island",All-items,97.6
2002-03,Nova Scotia,All-items,97.8
2002-03,"Halifax, Nova Scotia",All-items,97.9
2002-03,New Brunswick,All-items,97.6
2002-03,"Saint John, New Brunswick",All-items,97.8
2002-03,Quebec,All-items,99.0
2002-03,"Québec, Quebec",All-items,99.0
2002-03,"Montréal, Quebec",All-items,99.0
2002-03,Ontario,All-items,99.5
2002-03,"Ottawa-Gatineau, Ontario part, Ontario/Quebec",All-items,99.4
2002-03,"Toronto, Ontario",All-items,99.6
2002-03,"Thunder Bay, Ontario",All-items,99.3
2002-03,Manitoba,All-items,98.7
2002-03,"Winnipeg, Manitoba",All-items,98.7
2002-03,Saskatchewan,All-items,98.5
2002-03,"Regina, Saskatchewan",All-items,98.6
2002-03,"Saskatoon, Saskatchewan",All-items,98.5
2002-03,Alberta,All-items,97.5
2002-03,"Edmonton, Alberta",All-items,97.0
2002-03,"Calgary, Alberta",All-items,98.0
2002-03,British Columbia,All-items,98.9
2002-03,"Vancouver, British Columbia",All-items,98.9
2002-03,"Victoria, British Columbia",All-items,98.9
2002-03,"Whitehorse, Yukon",All-items,98.1
2002-03,"Yellowknife, Northwest Territories",All-items,98.2
2002-04,Canada,All-items,99.5
2002-04,Newfoundland and Labrador,All-items,99.7
2002-04,"St. John's, Newfoundland and Labrador",All-items,99.7
2002-04,Prince Edward Island,All-items,99.3
2002-04,"Charlottetown and Summerside, Prince Edward Island",All-items,99.3
2002-04,Nova Scotia,All-items,99.2
2002-04,"Halifax, Nova Scotia",All-items,99.3
2002-04,New Brunswick,All-items,99.2
2002-04,"Saint John, New Brunswick",All-items,99.1
2002-04,Quebec,All-items,99.5
2002-04,"Québec, Quebec",All-items,99.4
2002-04,"Montréal, Quebec",All-items,99.5
2002-04,Ontario,All-items,99.5
2002-04,"Ottawa-Gatineau, Ontario part, Ontario/Quebec",All-items,99.5
2002-04,"Toronto, Ontario",All-items,99.5
2002-04,"Thunder Bay, Ontario",All-items,99.2
2002-04,Manitoba,All-items,99.6
2002-04,"Winnipeg, Manitoba",All-items,99.5
2002-04,Saskatchewan,All-items,99.8
2002-04,"Regina, Saskatchewan",All-items,99.8
2002-04,"Saskatoon, Saskatchewan",All-items,99.8
2002-04,Alberta,All-items,99.0
2002-04,"Edmonton, Alberta",All-items,98.3
2002-04,"Calgary, Alberta",All-items,99.7
2002-04,British Columbia,All-items,99.8
2002-04,"Vancouver, British Columbia",All-items,99.8
2002-04,"Victoria, British Columbia",All-items,99.7
2002-04,"Whitehorse, Yukon",All-items,99.2
2002-04,"Yellowknife, Northwest Territories",All-items,98.9
2002-05,Canada,All-items,99.7
2002-05,Newfoundland and Labrador,All-items,100.6
2002-05,"St. John's, Newfoundland and Labrador",All-items,100.6
2002-05,Prince Edward Island,All-items,100.2
2002-05,"Charlottetown and Summerside, Prince Edward Island",All-items,100.2
2002-05,Nova Scotia,All-items,100.2
2002-05,"Halifax, Nova Scotia",All-items,100.3
2002-05,New Brunswick,All-items,99.8
2002-05,"Saint John, New Brunswick",All-items,99.7
2002-05,Quebec,All-items,99.4
2002-05,"Québec, Quebec",All-items,99.3
2002-05,"Montréal, Quebec",All-items,99.3
2002-05,Ontario,All-items,99.5
2002-05,"Ottawa-Gatineau, Ontario part, Ontario/Quebec",All-items,99.6
2002-05,"Toronto, Ontario",All-items,99.6
2002-05,"Thunder Bay, Ontario",All-items,99.2
2002-05,Manitoba,All-items,100.1
2002-05,"Winnipeg, Manitoba",All-items,100.1
2002-05,Saskatchewan,All-items,100.0
2002-05,"Regina, Saskatchewan",All-items,100.0
2002-05,"Saskatoon, Saskatchewan",All-items,100.1
2002-05,Alberta,All-items,99.4
2002-05,"Edmonton, Alberta",All-items,98.8
2002-05,"Calgary, Alberta",All-items,100.1
2002-05,British Columbia,All-items,100.2
2002-05,"Vancouver, British Columbia",All-items,100.3
2002-05,"Victoria, British Columbia",All-items,100.1
2002-05,"Whitehorse, Yukon",All-items,99.7
2002-05,"Yellowknife, Northwest Territories",All-items,99.7
2002-06,Canada,All-items,99.9
2002-06,Newfoundland and Labrador,All-items,100.4
2002-06,"St. John's, Newfoundland and Labrador",All-items,100.3
2002-06,Prince Edward Island,All-items,99.9
2002-06,"Charlottetown and Summerside, Prince Edward Island",All-items,99.9
2002-06,Nova Scotia,All-items,100.3
2002-06,"Halifax, Nova Scotia",All-items,100.3
2002-06,New Brunswick,All-items,100.0
2002-06,"Saint John, New Brunswick",All-items,99.9
2002-06,Quebec,All-items,99.7
2002-06,"Québec, Quebec",All-items,99.7
2002-06,"Montréal, Quebec",All-items,99.8
2002-06,Ontario,All-items,99.8
2002-06,"Ottawa-Gatineau, Ontario part, Ontario/Quebec",All-items,99.9
2002-06,"Toronto, Ontario",All-items,100.0
2002-06,"Thunder Bay, Ontario",All-items,99.7
2002-06,Manitoba,All-items,100.4
2002-06,"Winnipeg, Manitoba",All-items,100.5
2002-06,Saskatchewan,All-items,100.2
2002-06,"Regina, Saskatchewan",All-items,100.1
2002-06,"Saskatoon, Saskatchewan",All-items,100.2
2002-06,Alberta,All-items,99.9
2002-06,"Edmonton, Alberta",All-items,99.4
2002-06,"Calgary, Alberta",All-items,100.4
2002-06,British Columbia,All-items,100.3
2002-06,"Vancouver, British Columbia",All-items,100.3
2002-06,"Victoria, British Columbia",All-items,100.3
2002-06,"Whitehorse, Yukon",All-items,100.1
2002-06,"Yellowknife, Northwest Territories",All-items,99.9
2002-07,Canada,All-items,100.5
2002-07,Newfoundland and Labrador,All-items,100.6
2002-07,"St. John's, Newfoundland and Labrador",All-items,100.5
2002-07,Prince Edward Island,All-items,100.8
2002-07,"Charlottetown and Summerside, Prince Edward Island",All-items,100.7
2002-07,Nova Scotia,All-items,100.8
2002-07,"Halifax, Nova Scotia",All-items,100.9
2002-07,New Brunswick,All-items,100.8
2002-07,"Saint John, New Brunswick",All-items,100.8
2002-07,Quebec,All-items,100.6
2002-07,"Québec, Quebec",All-items,100.6
2002-07,"Montréal, Quebec",All-items,100.6
2002-07,Ontario,All-items,100.5
2002-07,"Ottawa-Gatineau, Ontario part, Ontario/Quebec",All-items,100.5
2002-07,"Toronto, Ontario",All-items,100.3
2002-07,"Thunder Bay, Ontario",All-items,100.9
2002-07,Manitoba,All-items,100.6
2002-07,"Winnipeg, Manitoba",All-items,100.7
2002-07,Saskatchewan,All-items,100.4
2002-07,"Regina, Saskatchewan",All-items,100.4
2002-07,"Saskatoon, Saskatchewan",All-items,100.5
2002-07,Alberta,All-items,99.9
2002-07,"Edmonton, Alberta",All-items,99.7
2002-07,"Calgary, Alberta",All-items,100.2
2002-07,British Columbia,All-items,100.6
2002-07,"Vancouver, British Columbia",All-items,100.5
2002-07,"Victoria, British Columbia",All-items,100.6
2002-07,"Whitehorse, Yukon",All-items,101.2
2002-07,"Yellowknife, Northwest Territories",All-items,100.8
2002-08,Canada,All-items,100.9
2002-08,Newfoundland and Labrador,All-items,100.4
2002-08,"St. John's, Newfoundland and Labrador",All-items,100.4
2002-08,Prince Edward Island,All-items,100.9
2002-08,"Charlottetown and Summerside, Prince Edward Island",All-items,100.8
2002-08,Nova Scotia,All-items,100.8
2002-08,"Halifax, Nova Scotia",All-items,100.8
2002-08,New Brunswick,All-items,101.1
2002-08,"Saint John, New Brunswick",All-items,101.1
2002-08,Quebec,All-items,100.7
2002-08,"Québec, Quebec",All-items,100.8
2002-08,"Montréal, Quebec",All-items,100.7
2002-08,Ontario,All-items,101.3
2002-08,"Ottawa-Gatineau, Ontario part, Ontario/Quebec",All-items,101.3
2002-08,"Toronto, Ontario",All-items,100.8
2002-08,"Thunder Bay, Ontario",All-items,101.7
2002-08,Manitoba,All-items,100.8
2002-08,"Winnipeg, Manitoba",All-items,100.8
2002-08,Saskatchewan,All-items,100.6
2002-08,"Regina, Saskatchewan",All-items,100.6
2002-08,"Saskatoon, Saskatchewan",All-items,100.6
2002-08,Alberta,All-items,100.1
2002-08,"Edmonton, Alberta",All-items,100.2
2002-08,"Calgary, Alberta",All-items,99.8
2002-08,British Columbia,All-items,100.7
2002-08,"Vancouver, British Columbia",All-items,100.6
2002-08,"Victoria, British Columbia",All-items,100.7
2002-08,"Whitehorse, Yukon",All-items,101.1
2002-08,"Yellowknife, Northwest Territories",All-items,100.9
2002-09,Canada,All-items,100.9
2002-09,Newfoundland and Labrador,All-items,100.7
2002-09,"St. John's, Newfoundland and Labrador",All-items,100.7
2002-09,Prince Edward Island,All-items,101.3
2002-09,"Charlottetown and Summerside, Prince Edward Island",All-items,101.2
2002-09,Nova Scotia,All-items,101.2
2002-09,"Halifax, Nova Scotia",All-items,101.1
2002-09,New Brunswick,All-items,101.3
2002-09,"Saint John, New Brunswick",All-items,101.2
2002-09,Quebec,All-items,100.7
2002-09,"Québec, Quebec",All-items,100.7
2002-09,"Montréal, Quebec",All-items,100.6
2002-09,Ontario,All-items,100.9
2002-09,"Ottawa-Gatineau, Ontario part, Ontario/Quebec",All-items,101.0
2002-09,"Toronto, Ontario",All-items,100.4
2002-09,"Thunder Bay, Ontario",All-items,101.4
2002-09,Manitoba,All-items,100.7
2002-09,"Winnipeg, Manitoba",All-items,100.7
2002-09,Saskatchewan,All-items,101.0
2002-09,"Regina, Saskatchewan",All-items,101.0
2002-09,"Saskatoon, Saskatchewan",All-items,101.0
2002-09,Alberta,All-items,101.4
2002-09,"Edmonton, Alberta",All-items,101.2
2002-09,"Calgary, Alberta",All-items,101.6
2002-09,British Columbia,All-items,100.8
2002-09,"Vancouver, British Columbia",All-items,100.8
2002-09,"Victoria, British Columbia",All-items,100.8
2002-09,"Whitehorse, Yukon",All-items,100.9
2002-09,"Yellowknife, Northwest Territories",All-items,101.2
2002-10,Canada,All-items,101.2
2002-10,Newfoundland and Labrador,All-items,101.7
2002-10,"St. John's, Newfoundland and Labrador",All-items,101.7
2002-10,Prince Edward Island,All-items,102.2
2002-10,"Charlottetown and Summerside, Prince Edward Island",All-items,102.1
2002-10,Nova Scotia,All-items,101.9
2002-10,"Halifax, Nova Scotia",All-items,101.7
2002-10,New Brunswick,All-items,101.7
2002-10,"Saint John, New Brunswick",All-items,101.8
2002-10,Quebec,All-items,101.0
2002-10,"Québec, Quebec",All-items,101.0
2002-10,"Montréal, Quebec",All-items,101.0
2002-10,Ontario,All-items,101.1
2002-10,"Ottawa-Gatineau, Ontario part, Ontario/Quebec",All-items,101.1
2002-10,"Toronto, Ontario",All-items,101.0
2002-10,"Thunder Bay, Ontario",All-items,101.2
2002-10,Manitoba,All-items,100.6
2002-10,"Winnipeg, Manitoba",All-items,100.5
2002-10,Saskatchewan,All-items,101.1
2002-10,"Regina, Saskatchewan",All-items,101.1
2002-10,"Saskatoon, Saskatchewan",All-items,101.1
2002-10,Alberta,All-items,102.5
2002-10,"Edmonton, Alberta",All-items,103.0
2002-10,"Calgary, Alberta",All-items,101.9
2002-10,British Columbia,All-items,100.7
2002-10,"Vancouver, British Columbia",All-items,100.8
2002-10,"Victoria, British Columbia",All-items,100.8
2002-10,"Whitehorse, Yukon",All-items,101.0
2002-10,"Yellowknife, Northwest Territories",All-items,101.1
2002-11,Canada,All-items,101.5
2002-11,Newfoundland and Labrador,All-items,102.0
2002-11,"St. John's, Newfoundland and Labrador",All-items,102.0
2002-11,Prince Edward Island,All-items,102.8
2002-11,"Charlottetown and Summerside, Prince Edward Island",All-items,102.6
2002-11,Nova Scotia,All-items,102.2
2002-11,"Halifax, Nova Scotia",All-items,102.1
2002-11,New Brunswick,All-items,102.5
2002-11,"Saint John, New Brunswick",All-items,102.4
2002-11,Quebec,All-items,101.3
2002-11,"Québec, Quebec",All-items,101.4
2002-11,"Montréal, Quebec",All-items,101.2
2002-11,Ontario,All-items,101.4
2002-11,"Ottawa-Gatineau, Ontario part, Ontario/Quebec",All-items,101.4
2002-11,"Toronto, Ontario",All-items,101.3
2002-11,"Thunder Bay, Ontario",All-items,101.3
2002-11,Manitoba,All-items,101.3
2002-11,"Winnipeg, Manitoba",All-items,101.2
2002-11,Saskatchewan,All-items,101.5
2002-11,"Regina, Saskatchewan",All-items,101.5
2002-11,"Saskatoon, Saskatchewan",All-items,101.5
2002-11,Alberta,All-items,103.0
2002-11,"Edmonton, Alberta",All-items,103.3
2002-11,"Calgary, Alberta",All-items,102.7
2002-11,British Columbia,All-items,100.9
2002-11,"Vancouver, British Columbia",All-items,100.9
2002-11,"Victoria, British Columbia",All-items,101.0
2002-11,"Whitehorse, Yukon",All-items,101.4
2002-11,"Yellowknife, Northwest Territories",All-items,101.3
2002-12,Canada,All-items,101.1
2002-12,Newfoundland and Labrador,All-items,101.5
2002-12,"St. John's, Newfoundland and Labrador",All-items,101.5
2002-12,Prince Edward Island,All-items,102.2
2002-12,"Charlottetown and Summerside, Prince Edward Island",All-items,102.0
2002-12,Nova Scotia,All-items,101.6
2002-12,"Halifax, Nova Scotia",All-items,101.4
2002-12,New Brunswick,All-items,102.4
2002-12,"Saint John, New Brunswick",All-items,102.3
2002-12,Quebec,All-items,101.3
2002-12,"Québec, Quebec",All-items,101.3
2002-12,"Montréal, Quebec",All-items,101.3
2002-12,Ontario,All-items,100.4
2002-12,"Ottawa-Gatineau, Ontario part, Ontario/Quebec",All-items,100.4
2002-12,"Toronto, Ontario",All-items,101.3
2002-12,"Thunder Bay, Ontario",All-items,100.0
2002-12,Manitoba,All-items,101.3
2002-12,"Winnipeg, Manitoba",All-items,101.2
2002-12,Saskatchewan,All-items,101.4
2002-12,"Regina, Saskatchewan",All-items,101.3
2002-12,"Saskatoon, Saskatchewan",All-items,101.3
2002-12,Alberta,All-items,103.3
2002-12,"Edmonton, Alberta",All-items,104.1
2002-12,"Calgary, Alberta",All-items,102.5
2002-12,British Columbia,All-items,100.8
2002-12,"Vancouver, British Columbia",All-items,100.8
2002-12,"Victoria, British Columbia",All-items,100.9
2002-12,"Whitehorse, Yukon",All-items,101.5
2002-12,"Yellowknife, Northwest Territories",All-items,102.0
2002-12,"Iqaluit, Nunavut",All-items,100.0
2003-01,Canada,All-items,102.0
2003-01,Newfoundland and Labrador,All-items,102.1
2003-01,"St. John's, Newfoundland and Labrador",All-items,102.0
2003-01,Prince Edward Island,All-items,101.9
2003-01,"Charlottetown and Summerside, Prince Edward Island",All-items,101.7
2003-01,Nova Scotia,All-items,102.7
2003-01,"Halifax, Nova Scotia",All-items,102.5
2003-01,New Brunswick,All-items,103.2
2003-01,"Saint John, New Brunswick",All-items,103.1
2003-01,Quebec,All-items,102.0
2003-01,"Québec, Quebec",All-items,101.9
2003-01,"Montréal, Quebec",All-items,101.8
2003-01,Ontario,All-items,101.9
2003-01,"Ottawa-Gatineau, Ontario part, Ontario/Quebec",All-items,101.8
2003-01,"Toronto, Ontario",All-items,102.2
2003-01,"Thunder Bay, Ontario",All-items,101.6
2003-01,Manitoba,All-items,101.5
2003-01,"Winnipeg, Manitoba",All-items,101.5
2003-01,Saskatchewan,All-items,101.5
2003-01,"Regina, Saskatchewan",All-items,101.5
2003-01,"Saskatoon, Saskatchewan",All-items,101.4
2003-01,Alberta,All-items,103.5
2003-01,"Edmonton, Alberta",All-items,104.5
2003-01,"Calgary, Alberta",All-items,102.5
2003-01,British Columbia,All-items,101.0
2003-01,"Vancouver, British Columbia",All-items,100.9
2003-01,"Victoria, British Columbia",All-items,101.1
2003-01,"Whitehorse, Yukon",All-items,101.7
2003-01,"Yellowknife, Northwest Territories",All-items,102.2
2003-01,"Iqaluit, Nunavut",All-items,99.9
2003-02,Canada,All-items,102.8
2003-02,Newfoundland and Labrador,All-items,102.3
2003-02,"St. John's, Newfoundland and Labrador",All-items,102.2
2003-02,Prince Edward Island,All-items,103.1
2003-02,"Charlottetown and Summerside, Prince Edward Island",All-items,102.8
2003-02,Nova Scotia,All-items,103.8
2003-02,"Halifax, Nova Scotia",All-items,103.3
2003-02,New Brunswick,All-items,104.0
2003-02,"Saint John, New Brunswick",All-items,103.8
2003-02,Quebec,All-items,103.1
2003-02,"Québec, Quebec",All-items,103.0
2003-02,"Montréal, Quebec",All-items,102.9
2003-02,Ontario,All-items,102.7
2003-02,"Ottawa-Gatineau, Ontario part, Ontario/Quebec",All-items,102.7
2003-02,"Toronto, Ontario",All-items,103.0
2003-02,"Thunder Bay, Ontario",All-items,102.5
2003-02,Manitoba,All-items,102.0
2003-02,"Winnipeg, Manitoba",All-items,101.9
2003-02,Saskatchewan,All-items,102.0
2003-02,"Regina, Saskatchewan",All-items,102.0
2003-02,"Saskatoon, Saskatchewan",All-items,101.9
2003-02,Alberta,All-items,103.8
2003-02,"Edmonton, Alberta",All-items,104.9
2003-02,"Calgary, Alberta",All-items,102.8
2003-02,British Columbia,All-items,101.5
2003-02,"Vancouver, British Columbia",All-items,101.4
2003-02,"Victoria, British Columbia",All-items,101.5
2003-02,"Whitehorse, Yukon",All-items,102.5
2003-02,"Yellowknife, Northwest Territories",All-items,102.5
2003-02,"Iqaluit, Nunavut",All-items,99.8
2003-03,Canada,All-items,103.1
2003-03,Newfoundland and Labrador,All-items,103.5
2003-03,"St. John's, Newfoundland and Labrador",All-items,103.4
2003-03,Prince Edward Island,All-items,104.1
2003-03,"Charlottetown and Summerside, Prince Edward Island",All-items,103.7
2003-03,Nova Scotia,All-items,104.5
2003-03,"Halifax, Nova Scotia",All-items,104.0
2003-03,New Brunswick,All-items,104.3
2003-03,"Saint John, New Brunswick",All-items,104.1
2003-03,Quebec,All-items,103.3
2003-03,"Québec, Quebec",All-items,103.2
2003-03,"Montréal, Quebec",All-items,103.0
2003-03,Ontario,All-items,102.8
2003-03,"Ottawa-Gatineau, Ontario part, Ontario/Quebec",All-items,102.8
2003-03,"Toronto, Ontario",All-items,103.1
2003-03,"Thunder Bay, Ontario",All-items,102.6
2003-03,Manitoba,All-items,102.2
2003-03,"Winnipeg, Manitoba",All-items,102.1
2003-03,Saskatchewan,All-items,102.5
2003-03,"Regina, Saskatchewan",All-items,102.4
2003-03,"Saskatoon, Saskatchewan",All-items,102.3
2003-03,Alberta,All-items,104.9
2003-03,"Edmonton, Alberta",All-items,105.7
2003-03,"Calgary, Alberta",All-items,103.9
2003-03,British Columbia,All-items,102.3
2003-03,"Vancouver, British Columbia",All-items,102.2
2003-03,"Victoria, British Columbia",All-items,102.3
2003-03,"Whitehorse, Yukon",All-items,102.6
2003-03,"Yellowknife, Northwest Territories",All-items,102.7
2003-03,"Iqaluit, Nunavut",All-items,100.0
2003-04,Canada,All-items,102.4
2003-04,Newfoundland and Labrador,All-items,103.2
2003-04,"St. John's, Newfoundland and Labrador",All-items,103.1
2003-04,Prince Edward Island,All-items,104.6
2003-04,"Charlottetown and Summerside, Prince Edward Island",All-items,104.1
2003-04,Nova Scotia,All-items,103.4
2003-04,"Halifax, Nova Scotia",All-items,103.2
2003-04,New Brunswick,All-items,103.7
2003-04,"Saint John, New Brunswick",All-items,103.5
2003-04,Quebec,All-items,102.4
2003-04,"Québec, Quebec",All-items,102.3
2003-04,"Montréal, Quebec",All-items,102.2
2003-04,Ontario,All-items,101.8
2003-04,"Ottawa-Gatineau, Ontario part, Ontario/Quebec",All-items,101.5
2003-04,"Toronto, Ontario",All-items,102.5
2003-04,"Thunder Bay, Ontario",All-items,102.0
2003-04,Manitoba,All-items,101.9
2003-04,"Winnipeg, Manitoba",All-items,101.8
2003-04,Saskatchewan,All-items,101.9
2003-04,"Regina, Saskatchewan",All-items,101.9
2003-04,"Saskatoon, Saskatchewan",All-items,101.8
2003-04,Alberta,All-items,104.9
2003-04,"Edmonton, Alberta",All-items,105.6
2003-04,"Calgary, Alberta",All-items,104.0
2003-04,British Columbia,All-items,102.1
2003-04,"Vancouver, British Columbia",All-items,102.0
2003-04,"Victoria, British Columbia",All-items,102.1
2003-04,"Whitehorse, Yukon",All-items,102.2
2003-04,"Yellowknife, Northwest Territories",All-items,103.0
2003-04,"Iqaluit, Nunavut",All-items,99.9
2003-05,Canada,All-items,102.5
2003-05,Newfoundland and Labrador,All-items,103.0
2003-05,"St. John's, Newfoundland and Labrador",All-items,102.9
2003-05,Prince Edward Island,All-items,103.6
2003-05,"Charlottetown and Summerside, Prince Edward Island",All-items,103.3
2003-05,Nova Scotia,All-items,103.1
2003-05,"Halifax, Nova Scotia",All-items,103.0
2003-05,New Brunswick,All-items,103.0
2003-05,"Saint John, New Brunswick",All-items,102.9
2003-05,Quebec,All-items,102.4
2003-05,"Québec, Quebec",All-items,102.4
2003-05,"Montréal, Quebec",All-items,102.3
2003-05,Ontario,All-items,102.2
2003-05,"Ottawa-Gatineau, Ontario part, Ontario/Quebec",All-items,102.0
2003-05,"Toronto, Ontario",All-items,102.4
2003-05,"Thunder Bay, Ontario",All-items,102.0
2003-05,Manitoba,All-items,101.7
2003-05,"Winnipeg, Manitoba",All-items,101.6
2003-05,Saskatchewan,All-items,102.2
2003-05,"Regina, Saskatchewan",All-items,102.2
2003-05,"Saskatoon, Saskatchewan",All-items,102.1
2003-05,Alberta,All-items,104.2
2003-05,"Edmonton, Alberta",All-items,105.0
2003-05,"Calgary, Alberta",All-items,103.4
2003-05,British Columbia,All-items,102.1
2003-05,"Vancouver, British Columbia",All-items,101.9
2003-05,"Victoria, British Columbia",All-items,102.1
2003-05,"Whitehorse, Yukon",All-items,101.8
2003-05,"Yellowknife, Northwest Territories",All-items,102.7
2003-05,"Iqaluit, Nunavut",All-items,100.1
2003-06,Canada,All-items,102.5
2003-06,Newfoundland and Labrador,All-items,102.6
2003-06,"St. John's, Newfoundland and Labrador",All-items,102.5
2003-06,Prince Edward Island,All-items,103.2
2003-06,"Charlottetown and Summerside, Prince Edward Island",All-items,102.9
2003-06,Nova Scotia,All-items,103.2
2003-06,"Halifax, Nova Scotia",All-items,103.0
2003-06,New Brunswick,All-items,103.0
2003-06,"Saint John, New Brunswick",All-items,102.9
2003-06,Quebec,All-items,102.3
2003-06,"Québec, Quebec",All-items,102.3
2003-06,"Montréal, Quebec",All-items,102.1
2003-06,Ontario,All-items,102.3
2003-06,"Ottawa-Gatineau, Ontario part, Ontario/Quebec",All-items,102.1
2003-06,"Toronto, Ontario",All-items,102.6
2003-06,"Thunder Bay, Ontario",All-items,102.1
2003-06,Manitoba,All-items,101.5
2003-06,"Winnipeg, Manitoba",All-items,101.5
2003-06,Saskatchewan,All-items,102.1
2003-06,"Regina, Saskatchewan",All-items,102.1
2003-06,"Saskatoon, Saskatchewan",All-items,102.0
2003-06,Alberta,All-items,104.7
2003-06,"Edmonton, Alberta",All-items,105.6
2003-06,"Calgary, Alberta",All-items,103.9
2003-06,British Columbia,All-items,102.0
2003-06,"Vancouver, British Columbia",All-items,101.8
2003-06,"Victoria, British Columbia",All-items,102.0
2003-06,"Whitehorse, Yukon",All-items,101.9
2003-06,"Yellowknife, Northwest Territories",All-items,102.5
2003-06,"Iqaluit, Nunavut",All-items,100.2
2003-07,Canada,All-items,102.6
2003-07,Newfoundland and Labrador,All-items,103.3
2003-07,"St. John's, Newfoundland and Labrador",All-items,103.2
2003-07,Prince Edward Island,All-items,103.4
2003-07,"Charlottetown and Summerside, Prince Edward Island",All-items,103.2
2003-07,Nova Scotia,All-items,103.5
2003-07,"Halifax, Nova Scotia",All-items,103.3
2003-07,New Brunswick,All-items,103.4
2003-07,"Saint John, New Brunswick",All-items,103.3
2003-07,Quebec,All-items,102.4
2003-07,"Québec, Quebec",All-items,102.4
2003-07,"Montréal, Quebec",All-items,102.3
2003-07,Ontario,All-items,102.5
2003-07,"Ottawa-Gatineau, Ontario part, Ontario/Quebec",All-items,102.4
2003-07,"Toronto, Ontario",All-items,102.8
2003-07,"Thunder Bay, Ontario",All-items,102.0
2003-07,Manitoba,All-items,101.5
2003-07,"Winnipeg, Manitoba",All-items,101.4
2003-07,Saskatchewan,All-items,102.2
2003-07,"Regina, Saskatchewan",All-items,102.3
2003-07,"Saskatoon, Saskatchewan",All-items,102.1
2003-07,Alberta,All-items,104.3
2003-07,"Edmonton, Alberta",All-items,105.4
2003-07,"Calgary, Alberta",All-items,103.2
2003-07,British Columbia,All-items,102.2
2003-07,"Vancouver, British Columbia",All-items,101.9
2003-07,"Victoria, British Columbia",All-items,102.3
2003-07,"Whitehorse, Yukon",All-items,102.4
2003-07,"Yellowknife, Northwest Territories",All-items,102.2
2003-07,"Iqaluit, Nunavut",All-items,100.7
2003-08,Canada,All-items,102.9
2003-08,Newfoundland and Labrador,All-items,103.0
2003-08,"St. John's, Newfoundland and Labrador",All-items,102.9
2003-08,Prince Edward Island,All-items,103.2
2003-08,"Charlottetown and Summerside, Prince Edward Island",All-items,103.0
2003-08,Nova Scotia,All-items,103.6
2003-08,"Halifax, Nova Scotia",All-items,103.4
2003-08,New Brunswick,All-items,103.5
2003-08,"Saint John, New Brunswick",All-items,103.4
2003-08,Quebec,All-items,102.5
2003-08,"Québec, Quebec",All-items,102.6
2003-08,"Montréal, Quebec",All-items,102.4
2003-08,Ontario,All-items,103.0
2003-08,"Ottawa-Gatineau, Ontario part, Ontario/Quebec",All-items,102.9
2003-08,"Toronto, Ontario",All-items,103.4
2003-08,"Thunder Bay, Ontario",All-items,102.7
2003-08,Manitoba,All-items,101.8
2003-08,"Winnipeg, Manitoba",All-items,101.7
2003-08,Saskatchewan,All-items,102.5
2003-08,"Regina, Saskatchewan",All-items,102.6
2003-08,"Saskatoon, Saskatchewan",All-items,102.4
2003-08,Alberta,All-items,104.2
2003-08,"Edmonton, Alberta",All-items,105.1
2003-08,"Calgary, Alberta",All-items,103.1
2003-08,British Columbia,All-items,102.6
2003-08,"Vancouver, British Columbia",All-items,102.4
2003-08,"Victoria, British Columbia",All-items,102.6
2003-08,"Whitehorse, Yukon",All-items,102.3
2003-08,"Yellowknife, Northwest Territories",All-items,102.0
2003-08,"Iqaluit, Nunavut",All-items,100.3
2003-09,Canada,All-items,103.1
2003-09,Newfoundland and Labrador,All-items,103.5
2003-09,"St. John's, Newfoundland and Labrador",All-items,103.4
2003-09,Prince Edward Island,All-items,103.8
2003-09,"Charlottetown and Summerside, Prince Edward Island",All-items,103.5
2003-09,Nova Scotia,All-items,103.6
2003-09,"Halifax, Nova Scotia",All-items,103.4
2003-09,New Brunswick,All-items,103.7
2003-09,"Saint John, New Brunswick",All-items,103.6
2003-09,Quebec,All-items,102.3
2003-09,"Québec, Quebec",All-items,102.4
2003-09,"Montréal, Quebec",All-items,102.3
2003-09,Ontario,All-items,103.2
2003-09,"Ottawa-Gatineau, Ontario part, Ontario/Quebec",All-items,103.0
2003-09,"Toronto, Ontario",All-items,103.5
2003-09,"Thunder Bay, Ontario",All-items,102.8
2003-09,Manitoba,All-items,102.3
2003-09,"Winnipeg, Manitoba",All-items,102.3
2003-09,Saskatchewan,All-items,102.8
2003-09,"Regina, Saskatchewan",All-items,102.9
2003-09,"Saskatoon, Saskatchewan",All-items,102.6
2003-09,Alberta,All-items,104.8
2003-09,"Edmonton, Alberta",All-items,105.7
2003-09,"Calgary, Alberta",All-items,103.8
2003-09,British Columbia,All-items,102.9
2003-09,"Vancouver, British Columbia",All-items,102.7
2003-09,"Victoria, British Columbia",All-items,102.9
2003-09,"Whitehorse, Yukon",All-items,102.2
2003-09,"Yellowknife, Northwest Territories",All-items,101.8
2003-09,"Iqaluit, Nunavut",All-items,100.3
2003-10,Canada,All-items,102.8
2003-10,Newfoundland and Labrador,All-items,102.6
2003-10,"St. John's, Newfoundland and Labrador",All-items,102.6
2003-10,Prince Edward Island,All-items,103.7
2003-10,"Charlottetown and Summerside, Prince Edward Island",All-items,103.4
2003-10,Nova Scotia,All-items,103.1
2003-10,"Halifax, Nova Scotia",All-items,103.1
2003-10,New Brunswick,All-items,103.0
2003-10,"Saint John, New Brunswick",All-items,103.3
2003-10,Quebec,All-items,102.4
2003-10,"Québec, Quebec",All-items,102.5
2003-10,"Montréal, Quebec",All-items,102.3
2003-10,Ontario,All-items,102.9
2003-10,"Ottawa-Gatineau, Ontario part, Ontario/Quebec",All-items,102.7
2003-10,"Toronto, Ontario",All-items,103.3
2003-10,"Thunder Bay, Ontario",All-items,102.4
2003-10,Manitoba,All-items,101.7
2003-10,"Winnipeg, Manitoba",All-items,101.7
2003-10,Saskatchewan,All-items,102.4
2003-10,"Regina, Saskatchewan",All-items,102.4
2003-10,"Saskatoon, Saskatchewan",All-items,102.3
2003-10,Alberta,All-items,104.3
2003-10,"Edmonton, Alberta",All-items,105.1
2003-10,"Calgary, Alberta",All-items,103.5
2003-10,British Columbia,All-items,102.4
2003-10,"Vancouver, British Columbia",All-items,102.2
2003-10,"Victoria, British Columbia",All-items,102.5
2003-10,"Whitehorse, Yukon",All-items,101.6
2003-10,"Yellowknife, Northwest Territories",All-items,101.3
2003-10,"Iqaluit, Nunavut",All-items,100.5
2003-11,Canada,All-items,103.1
2003-11,Newfoundland and Labrador,All-items,103.2
2003-11,"St. John's, Newfoundland and Labrador",All-items,103.1
2003-11,Prince Edward Island,All-items,104.1
2003-11,"Charlottetown and Summerside, Prince Edward Island",All-items,103.8
2003-11,Nova Scotia,All-items,103.3
2003-11,"Halifax, Nova Scotia",All-items,103.3
2003-11,New Brunswick,All-items,103.0
2003-11,"Saint John, New Brunswick",All-items,103.2
2003-11,Quebec,All-items,102.7
2003-11,"Québec, Quebec",All-items,102.8
2003-11,"Montréal, Quebec",All-items,102.6
2003-11,Ontario,All-items,103.1
2003-11,"Ottawa-Gatineau, Ontario part, Ontario/Quebec",All-items,103.1
2003-11,"Toronto, Ontario",All-items,103.7
2003-11,"Thunder Bay, Ontario",All-items,102.6
2003-11,Manitoba,All-items,101.8
2003-11,"Winnipeg, Manitoba",All-items,101.8
2003-11,Saskatchewan,All-items,102.8
2003-11,"Regina, Saskatchewan",All-items,102.9
2003-11,"Saskatoon, Saskatchewan",All-items,102.6
2003-11,Alberta,All-items,104.7
2003-11,"Edmonton, Alberta",All-items,105.5
2003-11,"Calgary, Alberta",All-items,103.9
2003-11,British Columbia,All-items,102.5
2003-11,"Vancouver, British Columbia",All-items,102.3
2003-11,"Victoria, British Columbia",All-items,102.6
2003-11,"Whitehorse, Yukon",All-items,101.0
2003-11,"Yellowknife, Northwest Territories",All-items,102.0
2003-11,"Iqaluit, Nunavut",All-items,100.7
2003-12,Canada,All-items,103.2
2003-12,Newfoundland and Labrador,All-items,102.6
2003-12,"St. John's, Newfoundland and Labrador",All-items,102.5
2003-12,Prince Edward Island,All-items,103.6
2003-12,"Charlottetown and Summerside, Prince Edward Island",All-items,103.4
2003-12,Nova Scotia,All-items,103.1
2003-12,"Halifax, Nova Scotia",All-items,103.1
2003-12,New Brunswick,All-items,102.9
2003-12,"Saint John, New Brunswick",All-items,103.1
2003-12,Quebec,All-items,102.7
2003-12,"Québec, Quebec",All-items,102.8
2003-12,"Montréal, Quebec",All-items,102.6
2003-12,Ontario,All-items,103.4
2003-12,"Ottawa-Gatineau, Ontario part, Ontario/Quebec",All-items,103.2
2003-12,"Toronto, Ontario",All-items,104.0
2003-12,"Thunder Bay, Ontario",All-items,102.8
2003-12,Manitoba,All-items,102.0
2003-12,"Winnipeg, Manitoba",All-items,102.0
2003-12,Saskatchewan,All-items,102.7
2003-12,"Regina, Saskatchewan",All-items,102.7
2003-12,"Saskatoon, Saskatchewan",All-items,102.5
2003-12,Alberta,All-items,104.6
2003-12,"Edmonton, Alberta",All-items,105.3
2003-12,"Calgary, Alberta",All-items,103.9
2003-12,British Columbia,All-items,102.6
2003-12,"Vancouver, British Columbia",All-items,102.5
2003-12,"Victoria, British Columbia",All-items,102.8
2003-12,"Whitehorse, Yukon",All-items,101.1
2003-12,"Yellowknife, Northwest Territories",All-items,103.2
2003-12,"Iqaluit, Nunavut",All-items,100.5
2004-01,Canada,All-items,103.3
2004-01,Newfoundland and Labrador,All-items,103.1
2004-01,"St. John's, Newfoundland and Labrador",All-items,103.1
2004-01,Prince Edward Island,All-items,103.5
2004-01,"Charlottetown and Summerside, Prince Edward Island",All-items,103.2
2004-01,Nova Scotia,All-items,103.2
2004-01,"Halifax, Nova Scotia",All-items,103.1
2004-01,New Brunswick,All-items,103.3
2004-01,"Saint John, New Brunswick",All-items,103.4
2004-01,Quebec,All-items,103.2
2004-01,"Québec, Quebec",All-items,103.3
2004-01,"Montréal, Quebec",All-items,103.1
2004-01,Ontario,All-items,103.4
2004-01,"Ottawa-Gatineau, Ontario part, Ontario/Quebec",All-items,103.2
2004-01,"Toronto, Ontario",All-items,103.9
2004-01,"Thunder Bay, Ontario",All-items,102.5
2004-01,Manitoba,All-items,102.0
2004-01,"Winnipeg, Manitoba",All-items,102.0
2004-01,Saskatchewan,All-items,102.8
2004-01,"Regina, Saskatchewan",All-items,102.8
2004-01,"Saskatoon, Saskatchewan",All-items,102.6
2004-01,Alberta,All-items,104.6
2004-01,"Edmonton, Alberta",All-items,105.0
2004-01,"Calgary, Alberta",All-items,104.1
2004-01,British Columbia,All-items,102.5
2004-01,"Vancouver, British Columbia",All-items,102.2
2004-01,"Victoria, British Columbia",All-items,102.7
2004-01,"Whitehorse, Yukon",All-items,101.1
2004-01,"Yellowknife, Northwest Territories",All-items,103.1
2004-01,"Iqaluit, Nunavut",All-items,100.0
2004-02,Canada,All-items,103.5
2004-02,Newfoundland and Labrador,All-items,103.0
2004-02,"St. John's, Newfoundland and Labrador",All-items,102.9
2004-02,Prince Edward Island,All-items,104.0
2004-02,"Charlottetown and Summerside, Prince Edward Island",All-items,103.8
2004-02,Nova Scotia,All-items,103.7
2004-02,"Halifax, Nova Scotia",All-items,103.5
2004-02,New Brunswick,All-items,103.8
2004-02,"Saint John, New Brunswick",All-items,103.9
2004-02,Quebec,All-items,103.6
2004-02,"Québec, Quebec",All-items,103.7
2004-02,"Montréal, Quebec",All-items,103.5
2004-02,Ontario,All-items,103.6
2004-02,"Ottawa-Gatineau, Ontario part, Ontario/Quebec",All-items,103.4
2004-02,"Toronto, Ontario",All-items,104.1
2004-02,"Thunder Bay, Ontario",All-items,102.7
2004-02,Manitoba,All-items,101.9
2004-02,"Winnipeg, Manitoba",All-items,101.9
2004-02,Saskatchewan,All-items,102.9
2004-02,"Regina, Saskatchewan",All-items,102.9
2004-02,"Saskatoon, Saskatchewan",All-items,102.7
2004-02,Alberta,All-items,104.6
2004-02,"Edmonton, Alberta",All-items,105.0
2004-02,"Calgary, Alberta",All-items,104.1
2004-02,British Columbia,All-items,102.9
2004-02,"Vancouver, British Columbia",All-items,102.7
2004-02,"Victoria, British Columbia",All-items,103.1
2004-02,"Whitehorse, Yukon",All-items,101.4
2004-02,"Yellowknife, Northwest Territories",All-items,102.8
2004-02,"Iqaluit, Nunavut",All-items,99.9
2004-03,Canada,All-items,103.9
2004-03,Newfoundland and Labrador,All-items,103.4
2004-03,"St. John's, Newfoundland and Labrador",All-items,103.3
2004-03,Prince Edward Island,All-items,104.7
2004-03,"Charlottetown and Summerside, Prince Edward Island",All-items,104.4
2004-03,Nova Scotia,All-items,104.4
2004-03,"Halifax, Nova Scotia",All-items,104.2
2004-03,New Brunswick,All-items,104.2
2004-03,"Saint John, New Brunswick",All-items,104.2
2004-03,Quebec,All-items,103.9
2004-03,"Québec, Quebec",All-items,103.9
2004-03,"Montréal, Quebec",All-items,103.7
2004-03,Ontario,All-items,104.0
2004-03,"Ottawa-Gatineau, Ontario part, Ontario/Quebec",All-items,103.8
2004-03,"Toronto, Ontario",All-items,104.3
2004-03,"Thunder Bay, Ontario",All-items,103.0
2004-03,Manitoba,All-items,102.4
2004-03,"Winnipeg, Manitoba",All-items,102.3
2004-03,Saskatchewan,All-items,103.1
2004-03,"Regina, Saskatchewan",All-items,103.2
2004-03,"Saskatoon, Saskatchewan",All-items,102.8
2004-03,Alberta,All-items,104.9
2004-03,"Edmonton, Alberta",All-items,105.2
2004-03,"Calgary, Alberta",All-items,104.4
2004-03,British Columbia,All-items,103.2
2004-03,"Vancouver, British Columbia",All-items,103.0
2004-03,"Victoria, British Columbia",All-items,103.3
2004-03,"Whitehorse, Yukon",All-items,101.9
2004-03,"Yellowknife, Northwest Territories",All-items,103.2
2004-03,"Iqaluit, Nunavut",All-items,100.2
2004-04,Canada,All-items,104.1
2004-04,Newfoundland and Labrador,All-items,103.7
2004-04,"St. John's, Newfoundland and Labrador",All-items,103.6
2004-04,Prince Edward Island,All-items,105.3
2004-04,"Charlottetown and Summerside, Prince Edward Island",All-items,104.9
2004-04,Nova Scotia,All-items,104.4
2004-04,"Halifax, Nova Scotia",All-items,104.2
2004-04,New Brunswick,All-items,104.1
2004-04,"Saint John, New Brunswick",All-items,104.1
2004-04,Quebec,All-items,103.8
2004-04,"Québec, Quebec",All-items,103.8
2004-04,"Montréal, Quebec",All-items,103.7
2004-04,Ontario,All-items,104.1
2004-04,"Ottawa-Gatineau, Ontario part, Ontario/Quebec",All-items,104.0
2004-04,"Toronto, Ontario",All-items,104.3
2004-04,"Thunder Bay, Ontario",All-items,103.4
2004-04,Manitoba,All-items,102.7
2004-04,"Winnipeg, Manitoba",All-items,102.7
2004-04,Saskatchewan,All-items,103.8
2004-04,"Regina, Saskatchewan",All-items,103.9
2004-04,"Saskatoon, Saskatchewan",All-items,103.6
2004-04,Alberta,All-items,105.2
2004-04,"Edmonton, Alberta",All-items,105.6
2004-04,"Calgary, Alberta",All-items,104.6
2004-04,British Columbia,All-items,103.9
2004-04,"Vancouver, British Columbia",All-items,103.7
2004-04,"Victoria, British Columbia",All-items,104.1
2004-04,"Whitehorse, Yukon",All-items,102.2
2004-04,"Yellowknife, Northwest Territories",All-items,103.3
2004-04,"Iqaluit, Nunavut",All-items,100.8
2004-05,Canada,All-items,105.0
2004-05,Newfoundland and Labrador,All-items,104.8
2004-05,"St. John's, Newfoundland and Labrador",All-items,104.6
2004-05,Prince Edward Island,All-items,105.6
2004-05,"Charlottetown and Summerside, Prince Edward Island",All-items,105.2
2004-05,Nova Scotia,All-items,105.2
2004-05,"Halifax, Nova Scotia",All-items,105.0
2004-05,New Brunswick,All-items,105.1
2004-05,"Saint John, New Brunswick",All-items,105.1
2004-05,Quebec,All-items,104.8
2004-05,"Québec, Quebec",All-items,104.9
2004-05,"Montréal, Quebec",All-items,104.6
2004-05,Ontario,All-items,105.0
2004-05,"Ottawa-Gatineau, Ontario part, Ontario/Quebec",All-items,105.0
2004-05,"Toronto, Ontario",All-items,105.1
2004-05,"Thunder Bay, Ontario",All-items,104.2
2004-05,Manitoba,All-items,104.1
2004-05,"Winnipeg, Manitoba",All-items,104.0
2004-05,Saskatchewan,All-items,104.9
2004-05,"Regina, Saskatchewan",All-items,105.0
2004-05,"Saskatoon, Saskatchewan",All-items,104.6
2004-05,Alberta,All-items,106.1
2004-05,"Edmonton, Alberta",All-items,106.5
2004-05,"Calgary, Alberta",All-items,105.5
2004-05,British Columbia,All-items,104.7
2004-05,"Vancouver, British Columbia",All-items,104.5
2004-05,"Victoria, British Columbia",All-items,105.0
2004-05,"Whitehorse, Yukon",All-items,103.3
2004-05,"Yellowknife, Northwest Territories",All-items,104.0
2004-05,"Iqaluit, Nunavut",All-items,101.4
2004-06,Canada,All-items,105.1
2004-06,Newfoundland and Labrador,All-items,105.1
2004-06,"St. John's, Newfoundland and Labrador",All-items,104.9
2004-06,Prince Edward Island,All-items,106.2
2004-06,"Charlottetown and Summerside, Prince Edward Island",All-items,105.7
2004-06,Nova Scotia,All-items,105.6
2004-06,"Halifax, Nova Scotia",All-items,105.3
2004-06,New Brunswick,All-items,105.3
2004-06,"Saint John, New Brunswick",All-items,105.2
2004-06,Quebec,All-items,104.8
2004-06,"Québec, Quebec",All-items,104.9
2004-06,"Montréal, Quebec",All-items,104.6
2004-06,Ontario,All-items,104.8
2004-06,"Ottawa-Gatineau, Ontario part, Ontario/Quebec",All-items,104.7
2004-06,"Toronto, Ontario",All-items,104.9
2004-06,"Thunder Bay, Ontario",All-items,103.9
2004-06,Manitoba,All-items,104.4
2004-06,"Winnipeg, Manitoba",All-items,104.3
2004-06,Saskatchewan,All-items,105.0
2004-06,"Regina, Saskatchewan",All-items,105.1
2004-06,"Saskatoon, Saskatchewan",All-items,104.6
2004-06,Alberta,All-items,107.1
2004-06,"Edmonton, Alberta",All-items,107.6
2004-06,"Calgary, Alberta",All-items,106.4
2004-06,British Columbia,All-items,104.9
2004-06,"Vancouver, British Columbia",All-items,104.6
2004-06,"Victoria, British Columbia",All-items,105.2
2004-06,"Whitehorse, Yukon",All-items,103.6
2004-06,"Yellowknife, Northwest Territories",All-items,104.3
2004-06,"Iqaluit, Nunavut",All-items,101.8
2004-07,Canada,All-items,105.0
2004-07,Newfoundland and Labrador,All-items,105.7
2004-07,"St. John's, Newfoundland and Labrador",All-items,105.5
2004-07,Prince Edward Island,All-items,105.9
2004-07,"Charlottetown and Summerside, Prince Edward Island",All-items,105.5
2004-07,Nova Scotia,All-items,105.8
2004-07,"Halifax, Nova Scotia",All-items,105.5
2004-07,New Brunswick,All-items,105.2
2004-07,"Saint John, New Brunswick",All-items,105.2
2004-07,Quebec,All-items,104.6
2004-07,"Québec, Quebec",All-items,104.7
2004-07,"Montréal, Quebec",All-items,104.4
2004-07,Ontario,All-items,104.9
2004-07,"Ottawa-Gatineau, Ontario part, Ontario/Quebec",All-items,104.8
2004-07,"Toronto, Ontario",All-items,104.9
2004-07,"Thunder Bay, Ontario",All-items,104.0
2004-07,Manitoba,All-items,104.3
2004-07,"Winnipeg, Manitoba",All-items,104.2
2004-07,Saskatchewan,All-items,105.2
2004-07,"Regina, Saskatchewan",All-items,105.3
2004-07,"Saskatoon, Saskatchewan",All-items,104.8
2004-07,Alberta,All-items,106.4
2004-07,"Edmonton, Alberta",All-items,107.0
2004-07,"Calgary, Alberta",All-items,105.8
2004-07,British Columbia,All-items,104.7
2004-07,"Vancouver, British Columbia",All-items,104.5
2004-07,"Victoria, British Columbia",All-items,105.0
2004-07,"Whitehorse, Yukon",All-items,103.5
2004-07,"Yellowknife, Northwest Territories",All-items,104.3
2004-07,"Iqaluit, Nunavut",All-items,101.8
2004-08,Canada,All-items,104.8
2004-08,Newfoundland and Labrador,All-items,105.4
2004-08,"St. John's, Newfoundland and Labrador",All-items,105.2
2004-08,Prince Edward Island,All-items,105.8
2004-08,"Charlottetown and Summerside, Prince Edward Island",All-items,105.5
2004-08,Nova Scotia,All-items,105.7
2004-08,"Halifax, Nova Scotia",All-items,105.5
2004-08,New Brunswick,All-items,105.2
2004-08,"Saint John, New Brunswick",All-items,105.1
2004-08,Quebec,All-items,104.5
2004-08,"Québec, Quebec",All-items,104.6
2004-08,"Montréal, Quebec",All-items,104.4
2004-08,Ontario,All-items,104.7
2004-08,"Ottawa-Gatineau, Ontario part, Ontario/Quebec",All-items,104.6
2004-08,"Toronto, Ontario",All-items,104.7
2004-08,"Thunder Bay, Ontario",All-items,103.7
2004-08,Manitoba,All-items,104.3
2004-08,"Winnipeg, Manitoba",All-items,104.3
2004-08,Saskatchewan,All-items,104.7
2004-08,"Regina, Saskatchewan",All-items,104.8
2004-08,"Saskatoon, Saskatchewan",All-items,104.5
2004-08,Alberta,All-items,106.2
2004-08,"Edmonton, Alberta",All-items,106.8
2004-08,"Calgary, Alberta",All-items,105.6
2004-08,British Columbia,All-items,104.7
2004-08,"Vancouver, British Columbia",All-items,104.5
2004-08,"Victoria, British Columbia",All-items,105.0
2004-08,"Whitehorse, Yukon",All-items,103.1
2004-08,"Yellowknife, Northwest Territories",All-items,103.7
2004-08,"Iqaluit, Nunavut",All-items,101.4
2004-09,Canada,All-items,105.0
2004-09,Newfoundland and Labrador,All-items,105.6
2004-09,"St. John's, Newfoundland and Labrador",All-items,105.3
2004-09,Prince Edward Island,All-items,106.4
2004-09,"Charlottetown and Summerside, Prince Edward Island",All-items,106.0
2004-09,Nova Scotia,All-items,105.9
2004-09,"Halifax, Nova Scotia",All-items,105.6
2004-09,New Brunswick,All-items,105.1
2004-09,"Saint John, New Brunswick",All-items,105.1
2004-09,Quebec,All-items,104.7
2004-09,"Québec, Quebec",All-items,104.8
2004-09,"Montréal, Quebec",All-items,104.7
2004-09,Ontario,All-items,104.8
2004-09,"Ottawa-Gatineau, Ontario part, Ontario/Quebec",All-items,104.6
2004-09,"Toronto, Ontario",All-items,104.9
2004-09,"Thunder Bay, Ontario",All-items,103.8
2004-09,Manitoba,All-items,104.1
2004-09,"Winnipeg, Manitoba",All-items,104.0
2004-09,Saskatchewan,All-items,104.9
2004-09,"Regina, Saskatchewan",All-items,105.0
2004-09,"Saskatoon, Saskatchewan",All-items,104.6
2004-09,Alberta,All-items,106.3
2004-09,"Edmonton, Alberta",All-items,107.0
2004-09,"Calgary, Alberta",All-items,105.6
2004-09,British Columbia,All-items,104.8
2004-09,"Vancouver, British Columbia",All-items,104.6
2004-09,"Victoria, British Columbia",All-items,105.2
2004-09,"Whitehorse, Yukon",All-items,103.4
2004-09,"Yellowknife, Northwest Territories",All-items,103.7
2004-09,"Iqaluit, Nunavut",All-items,101.6
2004-10,Canada,All-items,105.2
2004-10,Newfoundland and Labrador,All-items,105.9
2004-10,"St. John's, Newfoundland and Labrador",All-items,105.7
2004-10,Prince Edward Island,All-items,106.7
2004-10,"Charlottetown and Summerside, Prince Edward Island",All-items,106.2
2004-10,Nova Scotia,All-items,106.2
2004-10,"Halifax, Nova Scotia",All-items,105.9
2004-10,New Brunswick,All-items,105.5
2004-10,"Saint John, New Brunswick",All-items,105.5
2004-10,Quebec,All-items,105.3
2004-10,"Québec, Quebec",All-items,105.3
2004-10,"Montréal, Quebec",All-items,105.3
2004-10,Ontario,All-items,105.0
2004-10,"Ottawa-Gatineau, Ontario part, Ontario/Quebec",All-items,105.0
2004-10,"Toronto, Ontario",All-items,104.9
2004-10,"Thunder Bay, Ontario",All-items,104.1
2004-10,Manitoba,All-items,104.5
2004-10,"Winnipeg, Manitoba",All-items,104.4
2004-10,Saskatchewan,All-items,105.5
2004-10,"Regina, Saskatchewan",All-items,105.4
2004-10,"Saskatoon, Saskatchewan",All-items,105.3
2004-10,Alberta,All-items,106.0
2004-10,"Edmonton, Alberta",All-items,106.5
2004-10,"Calgary, Alberta",All-items,105.4
2004-10,British Columbia,All-items,104.8
2004-10,"Vancouver, British Columbia",All-items,104.7
2004-10,"Victoria, British Columbia",All-items,105.2
2004-10,"Whitehorse, Yukon",All-items,103.5
2004-10,"Yellowknife, Northwest Territories",All-items,103.8
2004-10,"Iqaluit, Nunavut",All-items,101.2
2004-11,Canada,All-items,105.6
2004-11,Newfoundland and Labrador,All-items,106.2
2004-11,"St. John's, Newfoundland and Labrador",All-items,105.9
2004-11,Prince Edward Island,All-items,108.2
2004-11,"Charlottetown and Summerside, Prince Edward Island",All-items,107.6
2004-11,Nova Scotia,All-items,106.7
2004-11,"Halifax, Nova Scotia",All-items,106.4
2004-11,New Brunswick,All-items,106.0
2004-11,"Saint John, New Brunswick",All-items,106.0
2004-11,Quebec,All-items,105.5
2004-11,"Québec, Quebec",All-items,105.5
2004-11,"Montréal, Quebec",All-items,105.3
2004-11,Ontario,All-items,105.4
2004-11,"Ottawa-Gatineau, Ontario part, Ontario/Quebec",All-items,105.3
2004-11,"Toronto, Ontario",All-items,105.2
2004-11,"Thunder Bay, Ontario",All-items,104.4
2004-11,Manitoba,All-items,105.2
2004-11,"Winnipeg, Manitoba",All-items,105.1
2004-11,Saskatchewan,All-items,106.1
2004-11,"Regina, Saskatchewan",All-items,105.9
2004-11,"Saskatoon, Saskatchewan",All-items,105.9
2004-11,Alberta,All-items,106.7
2004-11,"Edmonton, Alberta",All-items,107.2
2004-11,"Calgary, Alberta",All-items,106.1
2004-11,British Columbia,All-items,105.0
2004-11,"Vancouver, British Columbia",All-items,104.7
2004-11,"Victoria, British Columbia",All-items,105.5
2004-11,"Whitehorse, Yukon",All-items,104.6
2004-11,"Yellowknife, Northwest Territories",All-items,104.7
2004-11,"Iqaluit, Nunavut",All-items,101.8
2004-12,Canada,All-items,105.4
2004-12,Newfoundland and Labrador,All-items,105.8
2004-12,"St. John's, Newfoundland and Labrador",All-items,105.6
2004-12,Prince Edward Island,All-items,107.4
2004-12,"Charlottetown and Summerside, Prince Edward Island",All-items,106.9
2004-12,Nova Scotia,All-items,106.4
2004-12,"Halifax, Nova Scotia",All-items,106.0
2004-12,New Brunswick,All-items,105.6
2004-12,"Saint John, New Brunswick",All-items,105.6
2004-12,Quebec,All-items,105.2
2004-12,"Québec, Quebec",All-items,105.1
2004-12,"Montréal, Quebec",All-items,105.1
2004-12,Ontario,All-items,105.3
2004-12,"Ottawa-Gatineau, Ontario part, Ontario/Quebec",All-items,105.2
2004-12,"Toronto, Ontario",All-items,105.1
2004-12,"Thunder Bay, Ontario",All-items,104.2
2004-12,Manitoba,All-items,105.5
2004-12,"Winnipeg, Manitoba",All-items,105.4
2004-12,Saskatchewan,All-items,105.8
2004-12,"Regina, Saskatchewan",All-items,105.7
2004-12,"Saskatoon, Saskatchewan",All-items,105.6
2004-12,Alberta,All-items,106.4
2004-12,"Edmonton, Alberta",All-items,107.0
2004-12,"Calgary, Alberta",All-items,105.8
2004-12,British Columbia,All-items,104.8
2004-12,"Vancouver, British Columbia",All-items,104.7
2004-12,"Victoria, British Columbia",All-items,105.3
2004-12,"Whitehorse, Yukon",All-items,104.0
2004-12,"Yellowknife, Northwest Territories",All-items,105.0
2004-12,"Iqaluit, Nunavut",All-items,102.2
2005-01,Canada,All-items,105.3
2005-01,Newfoundland and Labrador,All-items,105.7
2005-01,"St. John's, Newfoundland and Labrador",All-items,105.4
2005-01,Prince Edward Island,All-items,106.5
2005-01,"Charlottetown and Summerside, Prince Edward Island",All-items,106.1
2005-01,Nova Scotia,All-items,106.1
2005-01,"Halifax, Nova Scotia",All-items,105.7
2005-01,New Brunswick,All-items,105.6
2005-01,"Saint John, New Brunswick",All-items,105.5
2005-01,Quebec,All-items,105.3
2005-01,"Québec, Quebec",All-items,105.3
2005-01,"Montréal, Quebec",All-items,105.1
2005-01,Ontario,All-items,105.1
2005-01,"Ottawa-Gatineau, Ontario part, Ontario/Quebec",All-items,105.0
2005-01,"Toronto, Ontario",All-items,105.0
2005-01,"Thunder Bay, Ontario",All-items,103.9
2005-01,Manitoba,All-items,105.0
2005-01,"Winnipeg, Manitoba",All-items,104.9
2005-01,Saskatchewan,All-items,105.6
2005-01,"Regina, Saskatchewan",All-items,105.4
2005-01,"Saskatoon, Saskatchewan",All-items,105.4
2005-01,Alberta,All-items,106.1
2005-01,"Edmonton, Alberta",All-items,106.7
2005-01,"Calgary, Alberta",All-items,105.3
2005-01,British Columbia,All-items,104.8
2005-01,"Vancouver, British Columbia",All-items,104.8
2005-01,"Victoria, British Columbia",All-items,105.3
2005-01,"Whitehorse, Yukon",All-items,103.1
2005-01,"Yellowknife, Northwest Territories",All-items,104.6
2005-01,"Iqaluit, Nunavut",All-items,102.0
2005-02,Canada,All-items,105.7
2005-02,Newfoundland and Labrador,All-items,106.2
2005-02,"St. John's, Newfoundland and Labrador",All-items,105.9
2005-02,Prince Edward Island,All-items,106.7
2005-02,"Charlottetown and Summerside, Prince Edward Island",All-items,106.3
2005-02,Nova Scotia,All-items,106.4
2005-02,"Halifax, Nova Scotia",All-items,105.9
2005-02,New Brunswick,All-items,105.9
2005-02,"Saint John, New Brunswick",All-items,105.8
2005-02,Quebec,All-items,105.6
2005-02,"Québec, Quebec",All-items,105.6
2005-02,"Montréal, Quebec",All-items,105.4
2005-02,Ontario,All-items,105.8
2005-02,"Ottawa-Gatineau, Ontario part, Ontario/Quebec",All-items,105.7
2005-02,"Toronto, Ontario",All-items,105.6
2005-02,"Thunder Bay, Ontario",All-items,104.4
2005-02,Manitoba,All-items,105.2
2005-02,"Winnipeg, Manitoba",All-items,105.1
2005-02,Saskatchewan,All-items,105.8
2005-02,"Regina, Saskatchewan",All-items,105.7
2005-02,"Saskatoon, Saskatchewan",All-items,105.6
2005-02,Alberta,All-items,106.2
2005-02,"Edmonton, Alberta",All-items,106.7
2005-02,"Calgary, Alberta",All-items,105.5
2005-02,British Columbia,All-items,105.0
2005-02,"Vancouver, British Columbia",All-items,104.9
2005-02,"Victoria, British Columbia",All-items,105.5
2005-02,"Whitehorse, Yukon",All-items,103.3
2005-02,"Yellowknife, Northwest Territories",All-items,104.8
2005-02,"Iqaluit, Nunavut",All-items,101.7
2005-03,Canada,All-items,106.3
2005-03,Newfoundland and Labrador,All-items,106.6
2005-03,"St. John's, Newfoundland and Labrador",All-items,106.3
2005-03,Prince Edward Island,All-items,107.6
2005-03,"Charlottetown and Summerside, Prince Edward Island",All-items,107.1
2005-03,Nova Scotia,All-items,107.1
2005-03,"Halifax, Nova Scotia",All-items,106.6
2005-03,New Brunswick,All-items,106.8
2005-03,"Saint John, New Brunswick",All-items,106.8
2005-03,Quebec,All-items,106.4
2005-03,"Québec, Quebec",All-items,106.4
2005-03,"Montréal, Quebec",All-items,106.2
2005-03,Ontario,All-items,106.4
2005-03,"Ottawa-Gatineau, Ontario part, Ontario/Quebec",All-items,106.4
2005-03,"Toronto, Ontario",All-items,106.4
2005-03,"Thunder Bay, Ontario",All-items,105.1
2005-03,Manitoba,All-items,105.6
2005-03,"Winnipeg, Manitoba",All-items,105.5
2005-03,Saskatchewan,All-items,106.4
2005-03,"Regina, Saskatchewan",All-items,106.3
2005-03,"Saskatoon, Saskatchewan",All-items,106.2
2005-03,Alberta,All-items,106.9
2005-03,"Edmonton, Alberta",All-items,107.5
2005-03,"Calgary, Alberta",All-items,106.0
2005-03,British Columbia,All-items,105.3
2005-03,"Vancouver, British Columbia",All-items,105.2
2005-03,"Victoria, British Columbia",All-items,105.9
2005-03,"Whitehorse, Yukon",All-items,103.9
2005-03,"Yellowknife, Northwest Territories",All-items,104.9
2005-03,"Iqaluit, Nunavut",All-items,101.8
2005-04,Canada,All-items,106.6
2005-04,Newfoundland and Labrador,All-items,107.5
2005-04,"St. John's, Newfoundland and Labrador",All-items,107.1
2005-04,Prince Edward Island,All-items,108.6
2005-04,"Charlottetown and Summerside, Prince Edward Island",All-items,108.0
2005-04,Nova Scotia,All-items,107.6
2005-04,"Halifax, Nova Scotia",All-items,107.0
2005-04,New Brunswick,All-items,107.1
2005-04,"Saint John, New Brunswick",All-items,107.1
2005-04,Quebec,All-items,106.4
2005-04,"Québec, Quebec",All-items,106.3
2005-04,"Montréal, Quebec",All-items,106.2
2005-04,Ontario,All-items,106.5
2005-04,"Ottawa-Gatineau, Ontario part, Ontario/Quebec",All-items,106.4
2005-04,"Toronto, Ontario",All-items,106.3
2005-04,"Thunder Bay, Ontario",All-items,105.2
2005-04,Manitoba,All-items,106.3
2005-04,"Winnipeg, Manitoba",All-items,106.1
2005-04,Saskatchewan,All-items,107.1
2005-04,"Regina, Saskatchewan",All-items,106.9
2005-04,"Saskatoon, Saskatchewan",All-items,106.9
2005-04,Alberta,All-items,107.6
2005-04,"Edmonton, Alberta",All-items,108.0
2005-04,"Calgary, Alberta",All-items,106.9
2005-04,British Columbia,All-items,106.0
2005-04,"Vancouver, British Columbia",All-items,105.7
2005-04,"Victoria, British Columbia",All-items,106.5
2005-04,"Whitehorse, Yukon",All-items,104.4
2005-04,"Yellowknife, Northwest Territories",All-items,105.2
2005-04,"Iqaluit, Nunavut",All-items,102.1
2005-05,Canada,All-items,106.7
2005-05,Newfoundland and Labrador,All-items,107.5
2005-05,"St. John's, Newfoundland and Labrador",All-items,107.2
2005-05,Prince Edward Island,All-items,109.1
2005-05,"Charlottetown and Summerside, Prince Edward Island",All-items,108.4
2005-05,Nova Scotia,All-items,107.8
2005-05,"Halifax, Nova Scotia",All-items,107.2
2005-05,New Brunswick,All-items,107.0
2005-05,"Saint John, New Brunswick",All-items,107.0
2005-05,Quebec,All-items,106.5
2005-05,"Québec, Quebec",All-items,106.5
2005-05,"Montréal, Quebec",All-items,106.4
2005-05,Ontario,All-items,106.6
2005-05,"Ottawa-Gatineau, Ontario part, Ontario/Quebec",All-items,106.5
2005-05,"Toronto, Ontario",All-items,106.5
2005-05,"Thunder Bay, Ontario",All-items,105.2
2005-05,Manitoba,All-items,106.5
2005-05,"Winnipeg, Manitoba",All-items,106.4
2005-05,Saskatchewan,All-items,106.5
2005-05,"Regina, Saskatchewan",All-items,106.5
2005-05,"Saskatoon, Saskatchewan",All-items,106.3
2005-05,Alberta,All-items,107.4
2005-05,"Edmonton, Alberta",All-items,107.9
2005-05,"Calgary, Alberta",All-items,106.8
2005-05,British Columbia,All-items,106.3
2005-05,"Vancouver, British Columbia",All-items,106.0
2005-05,"Victoria, British Columbia",All-items,106.8
2005-05,"Whitehorse, Yukon",All-items,104.9
2005-05,"Yellowknife, Northwest Territories",All-items,106.1
2005-05,"Iqaluit, Nunavut",All-items,102.8
2005-06,Canada,All-items,106.9
2005-06,Newfoundland and Labrador,All-items,107.6
2005-06,"St. John's, Newfoundland and Labrador",All-items,107.3
2005-06,Prince Edward Island,All-items,108.9
2005-06,"Charlottetown and Summerside, Prince Edward Island",All-items,108.3
2005-06,Nova Scotia,All-items,107.7
2005-06,"Halifax, Nova Scotia",All-items,107.1
2005-06,New Brunswick,All-items,106.9
2005-06,"Saint John, New Brunswick",All-items,106.9
2005-06,Quebec,All-items,106.8
2005-06,"Québec, Quebec",All-items,106.9
2005-06,"Montréal, Quebec",All-items,106.7
2005-06,Ontario,All-items,106.8
2005-06,"Ottawa-Gatineau, Ontario part, Ontario/Quebec",All-items,106.6
2005-06,"Toronto, Ontario",All-items,106.5
2005-06,"Thunder Bay, Ontario",All-items,105.3
2005-06,Manitoba,All-items,106.7
2005-06,"Winnipeg, Manitoba",All-items,106.6
2005-06,Saskatchewan,All-items,106.8
2005-06,"Regina, Saskatchewan",All-items,106.7
2005-06,"Saskatoon, Saskatchewan",All-items,106.6
2005-06,Alberta,All-items,107.8
2005-06,"Edmonton, Alberta",All-items,108.1
2005-06,"Calgary, Alberta",All-items,107.3
2005-06,British Columbia,All-items,106.4
2005-06,"Vancouver, British Columbia",All-items,106.1
2005-06,"Victoria, British Columbia",All-items,106.9
2005-06,"Whitehorse, Yukon",All-items,105.3
2005-06,"Yellowknife, Northwest Territories",All-items,106.4
2005-06,"Iqaluit, Nunavut",All-items,103.0
2005-07,Canada,All-items,107.1
2005-07,Newfoundland and Labrador,All-items,107.9
2005-07,"St. John's, Newfoundland and Labrador",All-items,107.6
2005-07,Prince Edward Island,All-items,109.0
2005-07,"Charlottetown and Summerside, Prince Edward Island",All-items,108.4
2005-07,Nova Scotia,All-items,108.1
2005-07,"Halifax, Nova Scotia",All-items,107.4
2005-07,New Brunswick,All-items,107.5
2005-07,"Saint John, New Brunswick",All-items,107.5
2005-07,Quebec,All-items,107.0
2005-07,"Québec, Quebec",All-items,107.0
2005-07,"Montréal, Quebec",All-items,106.8
2005-07,Ontario,All-items,106.9
2005-07,"Ottawa-Gatineau, Ontario part, Ontario/Quebec",All-items,106.8
2005-07,"Toronto, Ontario",All-items,106.6
2005-07,"Thunder Bay, Ontario",All-items,105.3
2005-07,Manitoba,All-items,107.0
2005-07,"Winnipeg, Manitoba",All-items,106.8
2005-07,Saskatchewan,All-items,107.1
2005-07,"Regina, Saskatchewan",All-items,107.1
2005-07,"Saskatoon, Saskatchewan",All-items,106.8
2005-07,Alberta,All-items,108.7
2005-07,"Edmonton, Alberta",All-items,109.2
2005-07,"Calgary, Alberta",All-items,108.0
2005-07,British Columbia,All-items,106.6
2005-07,"Vancouver, British Columbia",All-items,106.5
2005-07,"Victoria, British Columbia",All-items,107.2
2005-07,"Whitehorse, Yukon",All-items,105.4
2005-07,"Yellowknife, Northwest Territories",All-items,106.4
2005-07,"Iqaluit, Nunavut",All-items,103.0
2005-08,Canada,All-items,107.5
2005-08,Newfoundland and Labrador,All-items,108.0
2005-08,"St. John's, Newfoundland and Labrador",All-items,107.7
2005-08,Prince Edward Island,All-items,109.3
2005-08,"Charlottetown and Summerside, Prince Edward Island",All-items,108.7
2005-08,Nova Scotia,All-items,108.8
2005-08,"Halifax, Nova Scotia",All-items,108.2
2005-08,New Brunswick,All-items,108.0
2005-08,"Saint John, New Brunswick",All-items,108.0
2005-08,Quebec,All-items,107.4
2005-08,"Québec, Quebec",All-items,107.4
2005-08,"Montréal, Quebec",All-items,107.3
2005-08,Ontario,All-items,107.5
2005-08,"Ottawa-Gatineau, Ontario part, Ontario/Quebec",All-items,107.5
2005-08,"Toronto, Ontario",All-items,107.2
2005-08,"Thunder Bay, Ontario",All-items,105.9
2005-08,Manitoba,All-items,107.4
2005-08,"Winnipeg, Manitoba",All-items,107.2
2005-08,Saskatchewan,All-items,107.4
2005-08,"Regina, Saskatchewan",All-items,107.4
2005-08,"Saskatoon, Saskatchewan",All-items,107.2
2005-08,Alberta,All-items,108.7
2005-08,"Edmonton, Alberta",All-items,109.1
2005-08,"Calgary, Alberta",All-items,108.0
2005-08,British Columbia,All-items,106.8
2005-08,"Vancouver, British Columbia",All-items,106.5
2005-08,"Victoria, British Columbia",All-items,107.3
2005-08,"Whitehorse, Yukon",All-items,105.7
2005-08,"Yellowknife, Northwest Territories",All-items,106.3
2005-08,"Iqaluit, Nunavut",All-items,103.4
2005-09,Canada,All-items,108.4
2005-09,Newfoundland and Labrador,All-items,109.6
2005-09,"St. John's, Newfoundland and Labrador",All-items,109.2
2005-09,Prince Edward Island,All-items,111.8
2005-09,"Charlottetown and Summerside, Prince Edward Island",All-items,110.9
2005-09,Nova Scotia,All-items,110.4
2005-09,"Halifax, Nova Scotia",All-items,109.6
2005-09,New Brunswick,All-items,109.2
2005-09,"Saint John, New Brunswick",All-items,109.2
2005-09,Quebec,All-items,108.5
2005-09,"Québec, Quebec",All-items,108.5
2005-09,"Montréal, Quebec",All-items,108.2
2005-09,Ontario,All-items,108.2
2005-09,"Ottawa-Gatineau, Ontario part, Ontario/Quebec",All-items,108.3
2005-09,"Toronto, Ontario",All-items,107.7
2005-09,"Thunder Bay, Ontario",All-items,106.6
2005-09,Manitoba,All-items,107.8
2005-09,"Winnipeg, Manitoba",All-items,107.7
2005-09,Saskatchewan,All-items,108.0
2005-09,"Regina, Saskatchewan",All-items,107.8
2005-09,"Saskatoon, Saskatchewan",All-items,107.7
2005-09,Alberta,All-items,110.0
2005-09,"Edmonton, Alberta",All-items,110.6
2005-09,"Calgary, Alberta",All-items,109.1
2005-09,British Columbia,All-items,107.3
2005-09,"Vancouver, British Columbia",All-items,106.8
2005-09,"Victoria, British Columbia",All-items,108.0
2005-09,"Whitehorse, Yukon",All-items,106.8
2005-09,"Yellowknife, Northwest Territories",All-items,107.0
2005-09,"Iqaluit, Nunavut",All-items,103.8
2005-10,Canada,All-items,107.9
2005-10,Newfoundland and Labrador,All-items,108.2
2005-10,"St. John's, Newfoundland and Labrador",All-items,107.8
2005-10,Prince Edward Island,All-items,111.5
2005-10,"Charlottetown and Summerside, Prince Edward Island",All-items,110.7
2005-10,Nova Scotia,All-items,109.8
2005-10,"Halifax, Nova Scotia",All-items,109.1
2005-10,New Brunswick,All-items,108.4
2005-10,"Saint John, New Brunswick",All-items,108.4
2005-10,Quebec,All-items,107.7
2005-10,"Québec, Quebec",All-items,107.7
2005-10,"Montréal, Quebec",All-items,107.5
2005-10,Ontario,All-items,107.7
2005-10,"Ottawa-Gatineau, Ontario part, Ontario/Quebec",All-items,107.7
2005-10,"Toronto, Ontario",All-items,107.4
2005-10,"Thunder Bay, Ontario",All-items,106.2
2005-10,Manitoba,All-items,107.5
2005-10,"Winnipeg, Manitoba",All-items,107.3
2005-10,Saskatchewan,All-items,107.5
2005-10,"Regina, Saskatchewan",All-items,107.3
2005-10,"Saskatoon, Saskatchewan",All-items,107.3
2005-10,Alberta,All-items,109.7
2005-10,"Edmonton, Alberta",All-items,110.2
2005-10,"Calgary, Alberta",All-items,108.9
2005-10,British Columbia,All-items,107.1
2005-10,"Vancouver, British Columbia",All-items,106.7
2005-10,"Victoria, British Columbia",All-items,107.9
2005-10,"Whitehorse, Yukon",All-items,106.8
2005-10,"Yellowknife, Northwest Territories",All-items,107.5
2005-10,"Iqaluit, Nunavut",All-items,103.3
2005-11,Canada,All-items,107.7
2005-11,Newfoundland and Labrador,All-items,108.3
2005-11,"St. John's, Newfoundland and Labrador",All-items,107.9
2005-11,Prince Edward Island,All-items,110.7
2005-11,"Charlottetown and Summerside, Prince Edward Island",All-items,110.0
2005-11,Nova Scotia,All-items,109.1
2005-11,"Halifax, Nova Scotia",All-items,108.5
2005-11,New Brunswick,All-items,108.2
2005-11,"Saint John, New Brunswick",All-items,108.2
2005-11,Quebec,All-items,107.5
2005-11,"Québec, Quebec",All-items,107.5
2005-11,"Montréal, Quebec",All-items,107.5
2005-11,Ontario,All-items,107.5
2005-11,"Ottawa-Gatineau, Ontario part, Ontario/Quebec",All-items,107.5
2005-11,"Toronto, Ontario",All-items,107.2
2005-11,"Thunder Bay, Ontario",All-items,105.9
2005-11,Manitoba,All-items,107.3
2005-11,"Winnipeg, Manitoba",All-items,107.1
2005-11,Saskatchewan,All-items,107.4
2005-11,"Regina, Saskatchewan",All-items,107.2
2005-11,"Saskatoon, Saskatchewan",All-items,107.2
2005-11,Alberta,All-items,109.6
2005-11,"Edmonton, Alberta",All-items,110.1
2005-11,"Calgary, Alberta",All-items,108.8
2005-11,British Columbia,All-items,107.1
2005-11,"Vancouver, British Columbia",All-items,106.6
2005-11,"Victoria, British Columbia",All-items,107.8
2005-11,"Whitehorse, Yukon",All-items,107.1
2005-11,"Yellowknife, Northwest Territories",All-items,107.8
2005-11,"Iqaluit, Nunavut",All-items,103.8
2005-12,Canada,All-items,107.6
2005-12,Newfoundland and Labrador,All-items,107.9
2005-12,"St. John's, Newfoundland and Labrador",All-items,107.6
2005-12,Prince Edward Island,All-items,110.0
2005-12,"Charlottetown and Summerside, Prince Edward Island",All-items,109.3
2005-12,Nova Scotia,All-items,109.3
2005-12,"Halifax, Nova Scotia",All-items,108.6
2005-12,New Brunswick,All-items,108.3
2005-12,"Saint John, New Brunswick",All-items,108.3
2005-12,Quebec,All-items,107.4
2005-12,"Québec, Quebec",All-items,107.4
2005-12,"Montréal, Quebec",All-items,107.3
2005-12,Ontario,All-items,107.6
2005-12,"Ottawa-Gatineau, Ontario part, Ontario/Quebec",All-items,107.6
2005-12,"Toronto, Ontario",All-items,107.4
2005-12,"Thunder Bay, Ontario",All-items,106.0
2005-12,Manitoba,All-items,106.9
2005-12,"Winnipeg, Manitoba",All-items,106.7
2005-12,Saskatchewan,All-items,107.3
2005-12,"Regina, Saskatchewan",All-items,107.1
2005-12,"Saskatoon, Saskatchewan",All-items,107.1
2005-12,Alberta,All-items,109.0
2005-12,"Edmonton, Alberta",All-items,109.4
2005-12,"Calgary, Alberta",All-items,108.5
2005-12,British Columbia,All-items,106.7
2005-12,"Vancouver, British Columbia",All-items,106.3
2005-12,"Victoria, British Columbia",All-items,107.4
2005-12,"Whitehorse, Yukon",All-items,106.3
2005-12,"Yellowknife, Northwest Territories",All-items,107.8
2005-12,"Iqaluit, Nunavut",All-items,103.6
2006-01,Canada,All-items,108.2
2006-01,Newfoundland and Labrador,All-items,108.4
2006-01,"St. John's, Newfoundland and Labrador",All-items,108.0
2006-01,Prince Edward Island,All-items,110.3
2006-01,"Charlottetown and Summerside, Prince Edward Island",All-items,109.7
2006-01,Nova Scotia,All-items,109.3
2006-01,"Halifax, Nova Scotia",All-items,108.6
2006-01,New Brunswick,All-items,108.8
2006-01,"Saint John, New Brunswick",All-items,108.8
2006-01,Quebec,All-items,108.1
2006-01,"Québec, Quebec",All-items,108.2
2006-01,"Montréal, Quebec",All-items,107.9
2006-01,Ontario,All-items,108.2
2006-01,"Ottawa-Gatineau, Ontario part, Ontario/Quebec",All-items,108.1
2006-01,"Toronto, Ontario",All-items,107.9
2006-01,"Thunder Bay, Ontario",All-items,106.6
2006-01,Manitoba,All-items,107.4
2006-01,"Winnipeg, Manitoba",All-items,107.2
2006-01,Saskatchewan,All-items,107.9
2006-01,"Regina, Saskatchewan",All-items,107.7
2006-01,"Saskatoon, Saskatchewan",All-items,107.9
2006-01,Alberta,All-items,110.4
2006-01,"Edmonton, Alberta",All-items,110.6
2006-01,"Calgary, Alberta",All-items,109.9
2006-01,British Columbia,All-items,106.6
2006-01,"Vancouver, British Columbia",All-items,106.2
2006-01,"Victoria, British Columbia",All-items,107.2
2006-01,"Whitehorse, Yukon",All-items,106.4
2006-01,"Yellowknife, Northwest Territories",All-items,107.4
2006-01,"Iqaluit, Nunavut",All-items,103.5
2006-02,Canada,All-items,108.0
2006-02,Newfoundland and Labrador,All-items,108.4
2006-02,"St. John's, Newfoundland and Labrador",All-items,108.0
2006-02,Prince Edward Island,All-items,110.8
2006-02,"Charlottetown and Summerside, Prince Edward Island",All-items,110.2
2006-02,Nova Scotia,All-items,109.0
2006-02,"Halifax, Nova Scotia",All-items,108.3
2006-02,New Brunswick,All-items,108.7
2006-02,"Saint John, New Brunswick",All-items,108.7
2006-02,Quebec,All-items,108.0
2006-02,"Québec, Quebec",All-items,108.0
2006-02,"Montréal, Quebec",All-items,107.9
2006-02,Ontario,All-items,107.9
2006-02,"Ottawa-Gatineau, Ontario part, Ontario/Quebec",All-items,107.8
2006-02,"Toronto, Ontario",All-items,107.6
2006-02,"Thunder Bay, Ontario",All-items,106.2
2006-02,Manitoba,All-items,107.2
2006-02,"Winnipeg, Manitoba",All-items,107.0
2006-02,Saskatchewan,All-items,107.9
2006-02,"Regina, Saskatchewan",All-items,107.8
2006-02,"Saskatoon, Saskatchewan",All-items,107.8
2006-02,Alberta,All-items,109.7
2006-02,"Edmonton, Alberta",All-items,110.1
2006-02,"Calgary, Alberta",All-items,108.9
2006-02,British Columbia,All-items,106.7
2006-02,"Vancouver, British Columbia",All-items,106.3
2006-02,"Victoria, British Columbia",All-items,107.3
2006-02,"Whitehorse, Yukon",All-items,105.9
2006-02,"Yellowknife, Northwest Territories",All-items,107.3
2006-02,"Iqaluit, Nunavut",All-items,103.7
2006-03,Canada,All-items,108.6
2006-03,Newfoundland and Labrador,All-items,108.7
2006-03,"St. John's, Newfoundland and Labrador",All-items,108.2
2006-03,Prince Edward Island,All-items,110.4
2006-03,"Charlottetown and Summerside, Prince Edward Island",All-items,109.9
2006-03,Nova Scotia,All-items,109.6
2006-03,"Halifax, Nova Scotia",All-items,108.9
2006-03,New Brunswick,All-items,109.1
2006-03,"Saint John, New Brunswick",All-items,109.2
2006-03,Quebec,All-items,108.4
2006-03,"Québec, Quebec",All-items,108.4
2006-03,"Montréal, Quebec",All-items,108.2
2006-03,Ontario,All-items,108.8
2006-03,"Ottawa-Gatineau, Ontario part, Ontario/Quebec",All-items,108.6
2006-03,"Toronto, Ontario",All-items,108.5
2006-03,"Thunder Bay, Ontario",All-items,107.1
2006-03,Manitoba,All-items,107.6
2006-03,"Winnipeg, Manitoba",All-items,107.5
2006-03,Saskatchewan,All-items,108.2
2006-03,"Regina, Saskatchewan",All-items,108.1
2006-03,"Saskatoon, Saskatchewan",All-items,108.1
2006-03,Alberta,All-items,110.3
2006-03,"Edmonton, Alberta",All-items,110.6
2006-03,"Calgary, Alberta",All-items,109.5
2006-03,British Columbia,All-items,107.2
2006-03,"Vancouver, British Columbia",All-items,106.9
2006-03,"Victoria, British Columbia",All-items,107.6
2006-03,"Whitehorse, Yukon",All-items,105.9
2006-03,"Yellowknife, Northwest Territories",All-items,107.0
2006-03,"Iqaluit, Nunavut",All-items,103.7
2006-04,Canada,All-items,109.2
2006-04,Newfoundland and Labrador,All-items,109.6
2006-04,"St. John's, Newfoundland and Labrador",All-items,109.2
2006-04,Prince Edward Island,All-items,112.1
2006-04,"Charlottetown and Summerside, Prince Edward Island",All-items,111.4
2006-04,Nova Scotia,All-items,111.0
2006-04,"Halifax, Nova Scotia",All-items,110.2
2006-04,New Brunswick,All-items,110.0
2006-04,"Saint John, New Brunswick",All-items,110.1
2006-04,Quebec,All-items,109.1
2006-04,"Québec, Quebec",All-items,109.1
2006-04,"Montréal, Quebec",All-items,108.9
2006-04,Ontario,All-items,109.1
2006-04,"Ottawa-Gatineau, Ontario part, Ontario/Quebec",All-items,109.0
2006-04,"Toronto, Ontario",All-items,108.7
2006-04,"Thunder Bay, Ontario",All-items,107.4
2006-04,Manitoba,All-items,108.5
2006-04,"Winnipeg, Manitoba",All-items,108.3
2006-04,Saskatchewan,All-items,109.2
2006-04,"Regina, Saskatchewan",All-items,108.9
2006-04,"Saskatoon, Saskatchewan",All-items,109.2
2006-04,Alberta,All-items,111.4
2006-04,"Edmonton, Alberta",All-items,111.4
2006-04,"Calgary, Alberta",All-items,110.9
2006-04,British Columbia,All-items,107.8
2006-04,"Vancouver, British Columbia",All-items,107.5
2006-04,"Victoria, British Columbia",All-items,108.4
2006-04,"Whitehorse, Yukon",All-items,106.9
2006-04,"Yellowknife, Northwest Territories",All-items,107.9
2006-04,"Iqaluit, Nunavut",All-items,104.5
2006-05,Canada,All-items,109.7
2006-05,Newfoundland and Labrador,All-items,110.6
2006-05,"St. John's, Newfoundland and Labrador",All-items,110.1
2006-05,Prince Edward Island,All-items,112.8
2006-05,"Charlottetown and Summerside, Prince Edward Island",All-items,112.0
2006-05,Nova Scotia,All-items,111.2
2006-05,"Halifax, Nova Scotia",All-items,110.5
2006-05,New Brunswick,All-items,110.1
2006-05,"Saint John, New Brunswick",All-items,110.1
2006-05,Quebec,All-items,109.3
2006-05,"Québec, Quebec",All-items,109.3
2006-05,"Montréal, Quebec",All-items,109.0
2006-05,Ontario,All-items,109.5
2006-05,"Ottawa-Gatineau, Ontario part, Ontario/Quebec",All-items,109.4
2006-05,"Toronto, Ontario",All-items,109.0
2006-05,"Thunder Bay, Ontario",All-items,107.8
2006-05,Manitoba,All-items,109.2
2006-05,"Winnipeg, Manitoba",All-items,109.0
2006-05,Saskatchewan,All-items,109.6
2006-05,"Regina, Saskatchewan",All-items,109.3
2006-05,"Saskatoon, Saskatchewan",All-items,109.6
2006-05,Alberta,All-items,112.2
2006-05,"Edmonton, Alberta",All-items,112.1
2006-05,"Calgary, Alberta",All-items,112.0
2006-05,British Columbia,All-items,108.7
2006-05,"Vancouver, British Columbia",All-items,108.4
2006-05,"Victoria, British Columbia",All-items,109.2
2006-05,"Whitehorse, Yukon",All-items,107.5
2006-05,"Yellowknife, Northwest Territories",All-items,108.0
2006-05,"Iqaluit, Nunavut",All-items,104.8
2006-06,Canada,All-items,109.5
2006-06,Newfoundland and Labrador,All-items,110.4
2006-06,"St. John's, Newfoundland and Labrador",All-items,109.9
2006-06,Prince Edward Island,All-items,112.3
2006-06,"Charlottetown and Summerside, Prince Edward Island",All-items,111.7
2006-06,Nova Scotia,All-items,111.0
2006-06,"Halifax, Nova Scotia",All-items,110.3
2006-06,New Brunswick,All-items,110.0
2006-06,"Saint John, New Brunswick",All-items,110.0
2006-06,Quebec,All-items,109.1
2006-06,"Québec, Quebec",All-items,109.1
2006-06,"Montréal, Quebec",All-items,108.8
2006-06,Ontario,All-items,109.3
2006-06,"Ottawa-Gatineau, Ontario part, Ontario/Quebec",All-items,109.2
2006-06,"Toronto, Ontario",All-items,108.9
2006-06,"Thunder Bay, Ontario",All-items,107.6
2006-06,Manitoba,All-items,109.3
2006-06,"Winnipeg, Manitoba",All-items,109.1
2006-06,Saskatchewan,All-items,109.6
2006-06,"Regina, Saskatchewan",All-items,109.3
2006-06,"Saskatoon, Saskatchewan",All-items,109.5
2006-06,Alberta,All-items,111.8
2006-06,"Edmonton, Alberta",All-items,111.6
2006-06,"Calgary, Alberta",All-items,111.7
2006-06,British Columbia,All-items,108.7
2006-06,"Vancouver, British Columbia",All-items,108.4
2006-06,"Victoria, British Columbia",All-items,109.0
2006-06,"Whitehorse, Yukon",All-items,107.9
2006-06,"Yellowknife, Northwest Territories",All-items,107.7
2006-06,"Iqaluit, Nunavut",All-items,105.1
2006-07,Canada,All-items,109.6
2006-07,Newfoundland and Labrador,All-items,110.5
2006-07,"St. John's, Newfoundland and Labrador",All-items,110.0
2006-07,Prince Edward Island,All-items,112.5
2006-07,"Charlottetown and Summerside, Prince Edward Island",All-items,111.8
2006-07,Nova Scotia,All-items,111.3
2006-07,"Halifax, Nova Scotia",All-items,110.5
2006-07,New Brunswick,All-items,109.7
2006-07,"Saint John, New Brunswick",All-items,109.8
2006-07,Quebec,All-items,109.2
2006-07,"Québec, Quebec",All-items,109.2
2006-07,"Montréal, Quebec",All-items,108.9
2006-07,Ontario,All-items,109.0
2006-07,"Ottawa-Gatineau, Ontario part, Ontario/Quebec",All-items,108.9
2006-07,"Toronto, Ontario",All-items,108.5
2006-07,"Thunder Bay, Ontario",All-items,107.2
2006-07,Manitoba,All-items,109.7
2006-07,"Winnipeg, Manitoba",All-items,109.5
2006-07,Saskatchewan,All-items,109.8
2006-07,"Regina, Saskatchewan",All-items,109.5
2006-07,"Saskatoon, Saskatchewan",All-items,109.8
2006-07,Alberta,All-items,113.4
2006-07,"Edmonton, Alberta",All-items,112.8
2006-07,"Calgary, Alberta",All-items,113.6
2006-07,British Columbia,All-items,108.8
2006-07,"Vancouver, British Columbia",All-items,108.5
2006-07,"Victoria, British Columbia",All-items,109.2
2006-07,"Whitehorse, Yukon",All-items,107.5
2006-07,"Yellowknife, Northwest Territories",All-items,107.8
2006-07,"Iqaluit, Nunavut",All-items,104.8
2006-08,Canada,All-items,109.8
2006-08,Newfoundland and Labrador,All-items,110.9
2006-08,"St. John's, Newfoundland and Labrador",All-items,110.4
2006-08,Prince Edward Island,All-items,112.8
2006-08,"Charlottetown and Summerside, Prince Edward Island",All-items,112.1
2006-08,Nova Scotia,All-items,111.4
2006-08,"Halifax, Nova Scotia",All-items,110.7
2006-08,New Brunswick,All-items,110.0
2006-08,"Saint John, New Brunswick",All-items,110.0
2006-08,Quebec,All-items,109.2
2006-08,"Québec, Quebec",All-items,109.2
2006-08,"Montréal, Quebec",All-items,108.9
2006-08,Ontario,All-items,109.1
2006-08,"Ottawa-Gatineau, Ontario part, Ontario/Quebec",All-items,109.0
2006-08,"Toronto, Ontario",All-items,108.5
2006-08,"Thunder Bay, Ontario",All-items,107.2
2006-08,Manitoba,All-items,109.7
2006-08,"Winnipeg, Manitoba",All-items,109.5
2006-08,Saskatchewan,All-items,110.4
2006-08,"Regina, Saskatchewan",All-items,110.1
2006-08,"Saskatoon, Saskatchewan",All-items,110.4
2006-08,Alberta,All-items,113.9
2006-08,"Edmonton, Alberta",All-items,113.0
2006-08,"Calgary, Alberta",All-items,114.4
2006-08,British Columbia,All-items,109.0
2006-08,"Vancouver, British Columbia",All-items,108.7
2006-08,"Victoria, British Columbia",All-items,109.3
2006-08,"Whitehorse, Yukon",All-items,107.7
2006-08,"Yellowknife, Northwest Territories",All-items,108.0
2006-08,"Iqaluit, Nunavut",All-items,104.4
2006-09,Canada,All-items,109.2
2006-09,Newfoundland and Labrador,All-items,109.7
2006-09,"St. John's, Newfoundland and Labrador",All-items,109.3
2006-09,Prince Edward Island,All-items,111.6
2006-09,"Charlottetown and Summerside, Prince Edward Island",All-items,111.1
2006-09,Nova Scotia,All-items,110.6
2006-09,"Halifax, Nova Scotia",All-items,110.0
2006-09,New Brunswick,All-items,108.8
2006-09,"Saint John, New Brunswick",All-items,108.9
2006-09,Quebec,All-items,108.4
2006-09,"Québec, Quebec",All-items,108.4
2006-09,"Montréal, Quebec",All-items,108.4
2006-09,Ontario,All-items,108.5
2006-09,"Ottawa-Gatineau, Ontario part, Ontario/Quebec",All-items,108.3
2006-09,"Toronto, Ontario",All-items,108.1
2006-09,"Thunder Bay, Ontario",All-items,106.6
2006-09,Manitoba,All-items,108.8
2006-09,"Winnipeg, Manitoba",All-items,108.6
2006-09,Saskatchewan,All-items,109.3
2006-09,"Regina, Saskatchewan",All-items,109.1
2006-09,"Saskatoon, Saskatchewan",All-items,109.3
2006-09,Alberta,All-items,114.1
2006-09,"Edmonton, Alberta",All-items,113.2
2006-09,"Calgary, Alberta",All-items,114.7
2006-09,British Columbia,All-items,108.4
2006-09,"Vancouver, British Columbia",All-items,108.4
2006-09,"Victoria, British Columbia",All-items,108.8
2006-09,"Whitehorse, Yukon",All-items,107.2
2006-09,"Yellowknife, Northwest Territories",All-items,107.8
2006-09,"Iqaluit, Nunavut",All-items,105.0
2006-10,Canada,All-items,109.0
2006-10,Newfoundland and Labrador,All-items,108.9
2006-10,"St. John's, Newfoundland and Labrador",All-items,108.5
2006-10,Prince Edward Island,All-items,110.7
2006-10,"Charlottetown and Summerside, Prince Edward Island",All-items,110.4
2006-10,Nova Scotia,All-items,110.1
2006-10,"Halifax, Nova Scotia",All-items,109.7
2006-10,New Brunswick,All-items,107.8
2006-10,"Saint John, New Brunswick",All-items,107.9
2006-10,Quebec,All-items,108.4
2006-10,"Québec, Quebec",All-items,108.2
2006-10,"Montréal, Quebec",All-items,108.6
2006-10,Ontario,All-items,108.4
2006-10,"Ottawa-Gatineau, Ontario part, Ontario/Quebec",All-items,108.2
2006-10,"Toronto, Ontario",All-items,108.0
2006-10,"Thunder Bay, Ontario",All-items,106.4
2006-10,Manitoba,All-items,108.9
2006-10,"Winnipeg, Manitoba",All-items,108.9
2006-10,Saskatchewan,All-items,109.1
2006-10,"Regina, Saskatchewan",All-items,109.0
2006-10,"Saskatoon, Saskatchewan",All-items,109.1
2006-10,Alberta,All-items,113.0
2006-10,"Edmonton, Alberta",All-items,112.2
2006-10,"Calgary, Alberta",All-items,113.5
2006-10,British Columbia,All-items,108.3
2006-10,"Vancouver, British Columbia",All-items,108.4
2006-10,"Victoria, British Columbia",All-items,108.6
2006-10,"Whitehorse, Yukon",All-items,106.3
2006-10,"Yellowknife, Northwest Territories",All-items,107.1
2006-10,"Iqaluit, Nunavut",All-items,104.2
2006-11,Canada,All-items,109.2
2006-11,Newfoundland and Labrador,All-items,109.1
2006-11,"St. John's, Newfoundland and Labrador",All-items,108.7
2006-11,Prince Edward Island,All-items,111.1
2006-11,"Charlottetown and Summerside, Prince Edward Island",All-items,110.7
2006-11,Nova Scotia,All-items,110.4
2006-11,"Halifax, Nova Scotia",All-items,110.0
2006-11,New Brunswick,All-items,108.4
2006-11,"Saint John, New Brunswick",All-items,108.4
2006-11,Quebec,All-items,108.6
2006-11,"Québec, Quebec",All-items,108.4
2006-11,"Montréal, Quebec",All-items,108.7
2006-11,Ontario,All-items,108.6
2006-11,"Ottawa-Gatineau, Ontario part, Ontario/Quebec",All-items,108.5
2006-11,"Toronto, Ontario",All-items,108.3
2006-11,"Thunder Bay, Ontario",All-items,106.6
2006-11,Manitoba,All-items,109.0
2006-11,"Winnipeg, Manitoba",All-items,109.0
2006-11,Saskatchewan,All-items,108.8
2006-11,"Regina, Saskatchewan",All-items,108.6
2006-11,"Saskatoon, Saskatchewan",All-items,108.7
2006-11,Alberta,All-items,113.7
2006-11,"Edmonton, Alberta",All-items,113.0
2006-11,"Calgary, Alberta",All-items,114.2
2006-11,British Columbia,All-items,108.7
2006-11,"Vancouver, British Columbia",All-items,108.9
2006-11,"Victoria, British Columbia",All-items,108.9
2006-11,"Whitehorse, Yukon",All-items,106.3
2006-11,"Yellowknife, Northwest Territories",All-items,107.6
2006-11,"Iqaluit, Nunavut",All-items,105.2
2006-12,Canada,All-items,109.4
2006-12,Newfoundland and Labrador,All-items,109.3
2006-12,"St. John's, Newfoundland and Labrador",All-items,108.8
2006-12,Prince Edward Island,All-items,111.6
2006-12,"Charlottetown and Summerside, Prince Edward Island",All-items,111.1
2006-12,Nova Scotia,All-items,110.2
2006-12,"Halifax, Nova Scotia",All-items,109.7
2006-12,New Brunswick,All-items,109.1
2006-12,"Saint John, New Brunswick",All-items,109.0
2006-12,Quebec,All-items,108.7
2006-12,"Québec, Quebec",All-items,108.4
2006-12,"Montréal, Quebec",All-items,108.6
2006-12,Ontario,All-items,108.8
2006-12,"Ottawa-Gatineau, Ontario part, Ontario/Quebec",All-items,108.6
2006-12,"Toronto, Ontario",All-items,108.5
2006-12,"Thunder Bay, Ontario",All-items,106.6
2006-12,Manitoba,All-items,108.7
2006-12,"Winnipeg, Manitoba",All-items,108.6
2006-12,Saskatchewan,All-items,108.9
2006-12,"Regina, Saskatchewan",All-items,108.8
2006-12,"Saskatoon, Saskatchewan",All-items,108.7
2006-12,Alberta,All-items,114.2
2006-12,"Edmonton, Alberta",All-items,113.5
2006-12,"Calgary, Alberta",All-items,114.7
2006-12,British Columbia,All-items,108.8
2006-12,"Vancouver, British Columbia",All-items,109.1
2006-12,"Victoria, British Columbia",All-items,109.0
2006-12,"Whitehorse, Yukon",All-items,106.3
2006-12,"Yellowknife, Northwest Territories",All-items,108.4
2006-12,"Iqaluit, Nunavut",All-items,105.7
2007-01,Canada,All-items,109.4
2007-01,Newfoundland and Labrador,All-items,109.6
2007-01,"St. John's, Newfoundland and Labrador",All-items,109.2
2007-01,Prince Edward Island,All-items,111.5
2007-01,"Charlottetown and Summerside, Prince Edward Island",All-items,111.0
2007-01,Nova Scotia,All-items,110.1
2007-01,"Halifax, Nova Scotia",All-items,109.7
2007-01,New Brunswick,All-items,109.2
2007-01,"Saint John, New Brunswick",All-items,109.2
2007-01,Quebec,All-items,108.8
2007-01,"Québec, Quebec",All-items,108.5
2007-01,"Montréal, Quebec",All-items,108.7
2007-01,Ontario,All-items,108.6
2007-01,"Ottawa-Gatineau, Ontario part, Ontario/Quebec",All-items,108.5
2007-01,"Toronto, Ontario",All-items,108.2
2007-01,"Thunder Bay, Ontario",All-items,106.2
2007-01,Manitoba,All-items,109.1
2007-01,"Winnipeg, Manitoba",All-items,109.0
2007-01,Saskatchewan,All-items,109.5
2007-01,"Regina, Saskatchewan",All-items,109.3
2007-01,"Saskatoon, Saskatchewan",All-items,109.5
2007-01,Alberta,All-items,114.7
2007-01,"Edmonton, Alberta",All-items,113.9
2007-01,"Calgary, Alberta",All-items,115.0
2007-01,British Columbia,All-items,109.0
2007-01,"Vancouver, British Columbia",All-items,109.0
2007-01,"Victoria, British Columbia",All-items,109.1
2007-01,"Whitehorse, Yukon",All-items,107.0
2007-01,"Yellowknife, Northwest Territories",All-items,108.9
2007-01,"Iqaluit, Nunavut",All-items,106.4
2007-02,Canada,All-items,110.2
2007-02,Newfoundland and Labrador,All-items,110.1
2007-02,"St. John's, Newfoundland and Labrador",All-items,109.5
2007-02,Prince Edward Island,All-items,111.9
2007-02,"Charlottetown and Summerside, Prince Edward Island",All-items,111.5
2007-02,Nova Scotia,All-items,111.0
2007-02,"Halifax, Nova Scotia",All-items,110.6
2007-02,New Brunswick,All-items,109.6
2007-02,"Saint John, New Brunswick",All-items,109.6
2007-02,Quebec,All-items,109.6
2007-02,"Québec, Quebec",All-items,109.2
2007-02,"Montréal, Quebec",All-items,109.5
2007-02,Ontario,All-items,109.7
2007-02,"Ottawa-Gatineau, Ontario part, Ontario/Quebec",All-items,109.6
2007-02,"Toronto, Ontario",All-items,109.3
2007-02,"Thunder Bay, Ontario",All-items,107.3
2007-02,Manitoba,All-items,109.4
2007-02,"Winnipeg, Manitoba",All-items,109.4
2007-02,Saskatchewan,All-items,109.9
2007-02,"Regina, Saskatchewan",All-items,109.7
2007-02,"Saskatoon, Saskatchewan",All-items,109.9
2007-02,Alberta,All-items,115.0
2007-02,"Edmonton, Alberta",All-items,114.2
2007-02,"Calgary, Alberta",All-items,115.6
2007-02,British Columbia,All-items,109.1
2007-02,"Vancouver, British Columbia",All-items,109.3
2007-02,"Victoria, British Columbia",All-items,109.3
2007-02,"Whitehorse, Yukon",All-items,107.3
2007-02,"Yellowknife, Northwest Territories",All-items,109.1
2007-02,"Iqaluit, Nunavut",All-items,106.5
2007-03,Canada,All-items,111.1
2007-03,Newfoundland and Labrador,All-items,110.8
2007-03,"St. John's, Newfoundland and Labrador",All-items,110.3
2007-03,Prince Edward Island,All-items,113.3
2007-03,"Charlottetown and Summerside, Prince Edward Island",All-items,112.8
2007-03,Nova Scotia,All-items,111.9
2007-03,"Halifax, Nova Scotia",All-items,111.4
2007-03,New Brunswick,All-items,110.7
2007-03,"Saint John, New Brunswick",All-items,110.6
2007-03,Quebec,All-items,110.4
2007-03,"Québec, Quebec",All-items,110.1
2007-03,"Montréal, Quebec",All-items,110.3
2007-03,Ontario,All-items,110.8
2007-03,"Ottawa-Gatineau, Ontario part, Ontario/Quebec",All-items,110.7
2007-03,"Toronto, Ontario",All-items,110.3
2007-03,"Thunder Bay, Ontario",All-items,108.3
2007-03,Manitoba,All-items,110.4
2007-03,"Winnipeg, Manitoba",All-items,110.3
2007-03,Saskatchewan,All-items,111.0
2007-03,"Regina, Saskatchewan",All-items,111.0
2007-03,"Saskatoon, Saskatchewan",All-items,110.7
2007-03,Alberta,All-items,116.4
2007-03,"Edmonton, Alberta",All-items,115.7
2007-03,"Calgary, Alberta",All-items,116.7
2007-03,British Columbia,All-items,109.5
2007-03,"Vancouver, British Columbia",All-items,109.6
2007-03,"Victoria, British Columbia",All-items,109.7
2007-03,"Whitehorse, Yukon",All-items,108.0
2007-03,"Yellowknife, Northwest Territories",All-items,109.8
2007-03,"Iqaluit, Nunavut",All-items,106.7
2007-04,Canada,All-items,111.6
2007-04,Newfoundland and Labrador,All-items,111.1
2007-04,"St. John's, Newfoundland and Labrador",All-items,110.6
2007-04,Prince Edward Island,All-items,113.7
2007-04,"Charlottetown and Summerside, Prince Edward Island",All-items,113.1
2007-04,Nova Scotia,All-items,112.5
2007-04,"Halifax, Nova Scotia",All-items,111.9
2007-04,New Brunswick,All-items,111.2
2007-04,"Saint John, New Brunswick",All-items,111.2
2007-04,Quebec,All-items,110.6
2007-04,"Québec, Quebec",All-items,110.3
2007-04,"Montréal, Quebec",All-items,110.5
2007-04,Ontario,All-items,111.1
2007-04,"Ottawa-Gatineau, Ontario part, Ontario/Quebec",All-items,111.1
2007-04,"Toronto, Ontario",All-items,110.8
2007-04,"Thunder Bay, Ontario",All-items,108.4
2007-04,Manitoba,All-items,110.9
2007-04,"Winnipeg, Manitoba",All-items,110.8
2007-04,Saskatchewan,All-items,111.8
2007-04,"Regina, Saskatchewan",All-items,111.5
2007-04,"Saskatoon, Saskatchewan",All-items,111.9
2007-04,Alberta,All-items,117.5
2007-04,"Edmonton, Alberta",All-items,117.0
2007-04,"Calgary, Alberta",All-items,117.6
2007-04,British Columbia,All-items,109.9
2007-04,"Vancouver, British Columbia",All-items,110.0
2007-04,"Victoria, British Columbia",All-items,109.9
2007-04,"Whitehorse, Yukon",All-items,108.7
2007-04,"Yellowknife, Northwest Territories",All-items,110.4
2007-04,"Iqaluit, Nunavut",All-items,107.7
2007-05,Canada,All-items,112.1
2007-05,Newfoundland and Labrador,All-items,111.4
2007-05,"St. John's, Newfoundland and Labrador",All-items,110.9
2007-05,Prince Edward Island,All-items,114.2
2007-05,"Charlottetown and Summerside, Prince Edward Island",All-items,113.6
2007-05,Nova Scotia,All-items,113.1
2007-05,"Halifax, Nova Scotia",All-items,112.5
2007-05,New Brunswick,All-items,111.6
2007-05,"Saint John, New Brunswick",All-items,111.4
2007-05,Quebec,All-items,111.1
2007-05,"Québec, Quebec",All-items,110.7
2007-05,"Montréal, Quebec",All-items,110.8
2007-05,Ontario,All-items,111.6
2007-05,"Ottawa-Gatineau, Ontario part, Ontario/Quebec",All-items,111.5
2007-05,"Toronto, Ontario",All-items,111.2
2007-05,"Thunder Bay, Ontario",All-items,108.8
2007-05,Manitoba,All-items,111.7
2007-05,"Winnipeg, Manitoba",All-items,111.4
2007-05,Saskatchewan,All-items,112.6
2007-05,"Regina, Saskatchewan",All-items,112.0
2007-05,"Saskatoon, Saskatchewan",All-items,112.4
2007-05,Alberta,All-items,117.8
2007-05,"Edmonton, Alberta",All-items,117.1
2007-05,"Calgary, Alberta",All-items,117.6
2007-05,British Columbia,All-items,110.5
2007-05,"Vancouver, British Columbia",All-items,110.6
2007-05,"Victoria, British Columbia",All-items,110.2
2007-05,"Whitehorse, Yukon",All-items,109.5
2007-05,"Yellowknife, Northwest Territories",All-items,111.3
2007-05,"Iqaluit, Nunavut",All-items,108.0
2007-06,Canada,All-items,111.9
2007-06,Newfoundland and Labrador,All-items,111.9
2007-06,"St. John's, Newfoundland and Labrador",All-items,111.3
2007-06,Prince Edward Island,All-items,114.1
2007-06,"Charlottetown and Summerside, Prince Edward Island",All-items,113.5
2007-06,Nova Scotia,All-items,113.0
2007-06,"Halifax, Nova Scotia",All-items,112.5
2007-06,New Brunswick,All-items,112.1
2007-06,"Saint John, New Brunswick",All-items,112.1
2007-06,Quebec,All-items,110.7
2007-06,"Québec, Quebec",All-items,110.4
2007-06,"Montréal, Quebec",All-items,110.5
2007-06,Ontario,All-items,111.1
2007-06,"Ottawa-Gatineau, Ontario part, Ontario/Quebec",All-items,111.1
2007-06,"Toronto, Ontario",All-items,110.7
2007-06,"Thunder Bay, Ontario",All-items,108.3
2007-06,Manitoba,All-items,111.7
2007-06,"Winnipeg, Manitoba",All-items,111.3
2007-06,Saskatchewan,All-items,113.1
2007-06,"Regina, Saskatchewan",All-items,112.3
2007-06,"Saskatoon, Saskatchewan",All-items,113.5
2007-06,Alberta,All-items,118.8
2007-06,"Edmonton, Alberta",All-items,118.6
2007-06,"Calgary, Alberta",All-items,118.6
2007-06,British Columbia,All-items,110.3
2007-06,"Vancouver, British Columbia",All-items,110.5
2007-06,"Victoria, British Columbia",All-items,109.9
2007-06,"Whitehorse, Yukon",All-items,109.7
2007-06,"Yellowknife, Northwest Territories",All-items,111.6
2007-06,"Iqaluit, Nunavut",All-items,108.0
2007-07,Canada,All-items,112.0
2007-07,Newfoundland and Labrador,All-items,111.6
2007-07,"St. John's, Newfoundland and Labrador",All-items,111.1
2007-07,Prince Edward Island,All-items,114.0
2007-07,"Charlottetown and Summerside, Prince Edward Island",All-items,113.4
2007-07,Nova Scotia,All-items,113.0
2007-07,"Halifax, Nova Scotia",All-items,112.4
2007-07,New Brunswick,All-items,112.1
2007-07,"Saint John, New Brunswick",All-items,112.1
2007-07,Quebec,All-items,110.6
2007-07,"Québec, Quebec",All-items,110.4
2007-07,"Montréal, Quebec",All-items,110.5
2007-07,Ontario,All-items,111.1
2007-07,"Ottawa-Gatineau, Ontario part, Ontario/Quebec",All-items,111.1
2007-07,"Toronto, Ontario",All-items,110.7
2007-07,"Thunder Bay, Ontario",All-items,108.6
2007-07,Manitoba,All-items,112.1
2007-07,"Winnipeg, Manitoba",All-items,111.9
2007-07,Saskatchewan,All-items,113.3
2007-07,"Regina, Saskatchewan",All-items,112.5
2007-07,"Saskatoon, Saskatchewan",All-items,114.1
2007-07,Alberta,All-items,119.1
2007-07,"Edmonton, Alberta",All-items,118.8
2007-07,"Calgary, Alberta",All-items,119.1
2007-07,British Columbia,All-items,110.5
2007-07,"Vancouver, British Columbia",All-items,110.7
2007-07,"Victoria, British Columbia",All-items,110.1
2007-07,"Whitehorse, Yukon",All-items,110.7
2007-07,"Yellowknife, Northwest Territories",All-items,111.5
2007-07,"Iqaluit, Nunavut",All-items,108.9
2007-08,Canada,All-items,111.7
2007-08,Newfoundland and Labrador,All-items,111.1
2007-08,"St. John's, Newfoundland and Labrador",All-items,110.7
2007-08,Prince Edward Island,All-items,113.8
2007-08,"Charlottetown and Summerside, Prince Edward Island",All-items,113.3
2007-08,Nova Scotia,All-items,112.7
2007-08,"Halifax, Nova Scotia",All-items,112.2
2007-08,New Brunswick,All-items,111.4
2007-08,"Saint John, New Brunswick",All-items,111.4
2007-08,Quebec,All-items,110.1
2007-08,"Québec, Quebec",All-items,109.8
2007-08,"Montréal, Quebec",All-items,110.0
2007-08,Ontario,All-items,110.9
2007-08,"Ottawa-Gatineau, Ontario part, Ontario/Quebec",All-items,110.9
2007-08,"Toronto, Ontario",All-items,110.6
2007-08,"Thunder Bay, Ontario",All-items,108.3
2007-08,Manitoba,All-items,111.2
2007-08,"Winnipeg, Manitoba",All-items,111.1
2007-08,Saskatchewan,All-items,113.1
2007-08,"Regina, Saskatchewan",All-items,112.2
2007-08,"Saskatoon, Saskatchewan",All-items,114.1
2007-08,Alberta,All-items,119.3
2007-08,"Edmonton, Alberta",All-items,119.1
2007-08,"Calgary, Alberta",All-items,119.3
2007-08,British Columbia,All-items,110.4
2007-08,"Vancouver, British Columbia",All-items,110.6
2007-08,"Victoria, British Columbia",All-items,110.0
2007-08,"Whitehorse, Yukon",All-items,110.5
2007-08,"Yellowknife, Northwest Territories",All-items,111.1
2007-08,"Iqaluit, Nunavut",All-items,108.9
2007-09,Canada,All-items,111.9
2007-09,Newfoundland and Labrador,All-items,111.1
2007-09,"St. John's, Newfoundland and Labrador",All-items,110.7
2007-09,Prince Edward Island,All-items,114.0
2007-09,"Charlottetown and Summerside, Prince Edward Island",All-items,113.7
2007-09,Nova Scotia,All-items,112.9
2007-09,"Halifax, Nova Scotia",All-items,112.6
2007-09,New Brunswick,All-items,112.0
2007-09,"Saint John, New Brunswick",All-items,112.0
2007-09,Quebec,All-items,110.5
2007-09,"Québec, Quebec",All-items,110.2
2007-09,"Montréal, Quebec",All-items,110.4
2007-09,Ontario,All-items,111.0
2007-09,"Ottawa-Gatineau, Ontario part, Ontario/Quebec",All-items,110.9
2007-09,"Toronto, Ontario",All-items,110.8
2007-09,"Thunder Bay, Ontario",All-items,108.3
2007-09,Manitoba,All-items,111.8
2007-09,"Winnipeg, Manitoba",All-items,111.6
2007-09,Saskatchewan,All-items,113.4
2007-09,"Regina, Saskatchewan",All-items,112.7
2007-09,"Saskatoon, Saskatchewan",All-items,114.4
2007-09,Alberta,All-items,119.4
2007-09,"Edmonton, Alberta",All-items,119.1
2007-09,"Calgary, Alberta",All-items,119.3
2007-09,British Columbia,All-items,110.5
2007-09,"Vancouver, British Columbia",All-items,110.7
2007-09,"Victoria, British Columbia",All-items,110.1
2007-09,"Whitehorse, Yukon",All-items,110.8
2007-09,"Yellowknife, Northwest Territories",All-items,111.6
2007-09,"Iqaluit, Nunavut",All-items,109.1
2007-10,Canada,All-items,111.6
2007-10,Newfoundland and Labrador,All-items,111.2
2007-10,"St. John's, Newfoundland and Labrador",All-items,111.0
2007-10,Prince Edward Island,All-items,114.1
2007-10,"Charlottetown and Summerside, Prince Edward Island",All-items,113.8
2007-10,Nova Scotia,All-items,112.6
2007-10,"Halifax, Nova Scotia",All-items,112.3
2007-10,New Brunswick,All-items,111.4
2007-10,"Saint John, New Brunswick",All-items,111.4
2007-10,Quebec,All-items,110.5
2007-10,"Québec, Quebec",All-items,110.2
2007-10,"Montréal, Quebec",All-items,110.4
2007-10,Ontario,All-items,110.9
2007-10,"Ottawa-Gatineau, Ontario part, Ontario/Quebec",All-items,110.7
2007-10,"Toronto, Ontario",All-items,110.7
2007-10,"Thunder Bay, Ontario",All-items,107.9
2007-10,Manitoba,All-items,111.0
2007-10,"Winnipeg, Manitoba",All-items,110.9
2007-10,Saskatchewan,All-items,113.0
2007-10,"Regina, Saskatchewan",All-items,112.3
2007-10,"Saskatoon, Saskatchewan",All-items,114.1
2007-10,Alberta,All-items,118.6
2007-10,"Edmonton, Alberta",All-items,118.3
2007-10,"Calgary, Alberta",All-items,118.7
2007-10,British Columbia,All-items,110.0
2007-10,"Vancouver, British Columbia",All-items,110.4
2007-10,"Victoria, British Columbia",All-items,109.5
2007-10,"Whitehorse, Yukon",All-items,110.4
2007-10,"Yellowknife, Northwest Territories",All-items,111.1
2007-10,"Iqaluit, Nunavut",All-items,108.1
2007-11,Canada,All-items,111.9
2007-11,Newfoundland and Labrador,All-items,111.6
2007-11,"St. John's, Newfoundland and Labrador",All-items,111.3
2007-11,Prince Edward Island,All-items,114.3
2007-11,"Charlottetown and Summerside, Prince Edward Island",All-items,114.0
2007-11,Nova Scotia,All-items,113.5
2007-11,"Halifax, Nova Scotia",All-items,113.1
2007-11,New Brunswick,All-items,111.9
2007-11,"Saint John, New Brunswick",All-items,111.9
2007-11,Quebec,All-items,110.8
2007-11,"Québec, Quebec",All-items,110.5
2007-11,"Montréal, Quebec",All-items,110.7
2007-11,Ontario,All-items,111.2
2007-11,"Ottawa-Gatineau, Ontario part, Ontario/Quebec",All-items,110.9
2007-11,"Toronto, Ontario",All-items,111.0
2007-11,"Thunder Bay, Ontario",All-items,108.2
2007-11,Manitoba,All-items,110.8
2007-11,"Winnipeg, Manitoba",All-items,110.7
2007-11,Saskatchewan,All-items,113.1
2007-11,"Regina, Saskatchewan",All-items,112.4
2007-11,"Saskatoon, Saskatchewan",All-items,114.3
2007-11,Alberta,All-items,119.1
2007-11,"Edmonton, Alberta",All-items,118.8
2007-11,"Calgary, Alberta",All-items,119.1
2007-11,British Columbia,All-items,110.1
2007-11,"Vancouver, British Columbia",All-items,110.4
2007-11,"Victoria, British Columbia",All-items,109.6
2007-11,"Whitehorse, Yukon",All-items,110.7
2007-11,"Yellowknife, Northwest Territories",All-items,110.9
2007-11,"Iqaluit, Nunavut",All-items,108.2
2007-12,Canada,All-items,112.0
2007-12,Newfoundland and Labrador,All-items,111.8
2007-12,"St. John's, Newfoundland and Labrador",All-items,111.5
2007-12,Prince Edward Island,All-items,114.7
2007-12,"Charlottetown and Summerside, Prince Edward Island",All-items,114.3
2007-12,Nova Scotia,All-items,113.6
2007-12,"Halifax, Nova Scotia",All-items,113.1
2007-12,New Brunswick,All-items,111.9
2007-12,"Saint John, New Brunswick",All-items,111.9
2007-12,Quebec,All-items,111.1
2007-12,"Québec, Quebec",All-items,110.8
2007-12,"Montréal, Quebec",All-items,111.0
2007-12,Ontario,All-items,111.1
2007-12,"Ottawa-Gatineau, Ontario part, Ontario/Quebec",All-items,110.8
2007-12,"Toronto, Ontario",All-items,111.1
2007-12,"Thunder Bay, Ontario",All-items,108.1
2007-12,Manitoba,All-items,110.9
2007-12,"Winnipeg, Manitoba",All-items,110.7
2007-12,Saskatchewan,All-items,112.9
2007-12,"Regina, Saskatchewan",All-items,112.2
2007-12,"Saskatoon, Saskatchewan",All-items,114.0
2007-12,Alberta,All-items,118.9
2007-12,"Edmonton, Alberta",All-items,118.6
2007-12,"Calgary, Alberta",All-items,119.0
2007-12,British Columbia,All-items,110.1
2007-12,"Vancouver, British Columbia",All-items,110.5
2007-12,"Victoria, British Columbia",All-items,109.7
2007-12,"Whitehorse, Yukon",All-items,110.6
2007-12,"Yellowknife, Northwest Territories",All-items,111.9
2007-12,"Iqaluit, Nunavut",All-items,108.7
2008-01,Canada,All-items,111.8
2008-01,Newfoundland and Labrador,All-items,111.9
2008-01,"St. John's, Newfoundland and Labrador",All-items,111.6
2008-01,Prince Edward Island,All-items,114.2
2008-01,"Charlottetown and Summerside, Prince Edward Island",All-items,113.8
2008-01,Nova Scotia,All-items,113.5
2008-01,"Halifax, Nova Scotia",All-items,112.9
2008-01,New Brunswick,All-items,111.7
2008-01,"Saint John, New Brunswick",All-items,111.7
2008-01,Quebec,All-items,111.0
2008-01,"Québec, Quebec",All-items,110.6
2008-01,"Montréal, Quebec",All-items,110.8
2008-01,Ontario,All-items,110.9
2008-01,"Ottawa-Gatineau, Ontario part, Ontario/Quebec",All-items,110.4
2008-01,"Toronto, Ontario",All-items,110.7
2008-01,"Thunder Bay, Ontario",All-items,107.9
2008-01,Manitoba,All-items,110.8
2008-01,"Winnipeg, Manitoba",All-items,110.7
2008-01,Saskatchewan,All-items,113.0
2008-01,"Regina, Saskatchewan",All-items,112.3
2008-01,"Saskatoon, Saskatchewan",All-items,114.2
2008-01,Alberta,All-items,118.8
2008-01,"Edmonton, Alberta",All-items,118.5
2008-01,"Calgary, Alberta",All-items,118.9
2008-01,British Columbia,All-items,109.9
2008-01,"Vancouver, British Columbia",All-items,110.2
2008-01,"Victoria, British Columbia",All-items,109.4
2008-01,"Whitehorse, Yukon",All-items,110.4
2008-01,"Yellowknife, Northwest Territories",All-items,111.3
2008-01,"Iqaluit, Nunavut",All-items,108.2
2008-02,Canada,All-items,112.2
2008-02,Newfoundland and Labrador,All-items,112.4
2008-02,"St. John's, Newfoundland and Labrador",All-items,112.1
2008-02,Prince Edward Island,All-items,114.6
2008-02,"Charlottetown and Summerside, Prince Edward Island",All-items,114.2
2008-02,Nova Scotia,All-items,113.9
2008-02,"Halifax, Nova Scotia",All-items,113.4
2008-02,New Brunswick,All-items,111.7
2008-02,"Saint John, New Brunswick",All-items,111.6
2008-02,Quebec,All-items,111.4
2008-02,"Québec, Quebec",All-items,111.1
2008-02,"Montréal, Quebec",All-items,111.3
2008-02,Ontario,All-items,111.4
2008-02,"Ottawa-Gatineau, Ontario part, Ontario/Quebec",All-items,111.0
2008-02,"Toronto, Ontario",All-items,111.3
2008-02,"Thunder Bay, Ontario",All-items,108.4
2008-02,Manitoba,All-items,111.2
2008-02,"Winnipeg, Manitoba",All-items,111.1
2008-02,Saskatchewan,All-items,113.6
2008-02,"Regina, Saskatchewan",All-items,112.7
2008-02,"Saskatoon, Saskatchewan",All-items,115.0
2008-02,Alberta,All-items,119.0
2008-02,"Edmonton, Alberta",All-items,118.7
2008-02,"Calgary, Alberta",All-items,119.1
2008-02,British Columbia,All-items,110.3
2008-02,"Vancouver, British Columbia",All-items,110.7
2008-02,"Victoria, British Columbia",All-items,109.8
2008-02,"Whitehorse, Yukon",All-items,110.1
2008-02,"Yellowknife, Northwest Territories",All-items,112.3
2008-02,"Iqaluit, Nunavut",All-items,108.4
2008-03,Canada,All-items,112.6
2008-03,Newfoundland and Labrador,All-items,112.9
2008-03,"St. John's, Newfoundland and Labrador",All-items,112.5
2008-03,Prince Edward Island,All-items,115.8
2008-03,"Charlottetown and Summerside, Prince Edward Island",All-items,115.3
2008-03,Nova Scotia,All-items,114.5
2008-03,"Halifax, Nova Scotia",All-items,113.9
2008-03,New Brunswick,All-items,112.1
2008-03,"Saint John, New Brunswick",All-items,112.2
2008-03,Quebec,All-items,111.7
2008-03,"Québec, Quebec",All-items,111.3
2008-03,"Montréal, Quebec",All-items,111.5
2008-03,Ontario,All-items,111.7
2008-03,"Ottawa-Gatineau, Ontario part, Ontario/Quebec",All-items,111.3
2008-03,"Toronto, Ontario",All-items,111.5
2008-03,"Thunder Bay, Ontario",All-items,108.7
2008-03,Manitoba,All-items,111.8
2008-03,"Winnipeg, Manitoba",All-items,111.7
2008-03,Saskatchewan,All-items,114.5
2008-03,"Regina, Saskatchewan",All-items,113.6
2008-03,"Saskatoon, Saskatchewan",All-items,116.0
2008-03,Alberta,All-items,119.8
2008-03,"Edmonton, Alberta",All-items,119.5
2008-03,"Calgary, Alberta",All-items,120.0
2008-03,British Columbia,All-items,110.8
2008-03,"Vancouver, British Columbia",All-items,111.2
2008-03,"Victoria, British Columbia",All-items,110.4
2008-03,"Whitehorse, Yukon",All-items,111.0
2008-03,"Yellowknife, Northwest Territories",All-items,113.3
2008-03,"Iqaluit, Nunavut",All-items,108.2
2008-04,Canada,All-items,113.5
2008-04,Newfoundland and Labrador,All-items,113.6
2008-04,"St. John's, Newfoundland and Labrador",All-items,113.2
2008-04,Prince Edward Island,All-items,116.7
2008-04,"Charlottetown and Summerside, Prince Edward Island",All-items,116.2
2008-04,Nova Scotia,All-items,115.5
2008-04,"Halifax, Nova Scotia",All-items,114.8
2008-04,New Brunswick,All-items,112.8
2008-04,"Saint John, New Brunswick",All-items,112.7
2008-04,Quebec,All-items,112.4
2008-04,"Québec, Quebec",All-items,112.0
2008-04,"Montréal, Quebec",All-items,112.2
2008-04,Ontario,All-items,112.5
2008-04,"Ottawa-Gatineau, Ontario part, Ontario/Quebec",All-items,112.1
2008-04,"Toronto, Ontario",All-items,112.2
2008-04,"Thunder Bay, Ontario",All-items,109.7
2008-04,Manitoba,All-items,112.7
2008-04,"Winnipeg, Manitoba",All-items,112.6
2008-04,Saskatchewan,All-items,115.4
2008-04,"Regina, Saskatchewan",All-items,114.4
2008-04,"Saskatoon, Saskatchewan",All-items,116.9
2008-04,Alberta,All-items,121.3
2008-04,"Edmonton, Alberta",All-items,121.2
2008-04,"Calgary, Alberta",All-items,121.2
2008-04,British Columbia,All-items,111.8
2008-04,"Vancouver, British Columbia",All-items,112.1
2008-04,"Victoria, British Columbia",All-items,111.4
2008-04,"Whitehorse, Yukon",All-items,111.8
2008-04,"Yellowknife, Northwest Territories",All-items,114.9
2008-04,"Iqaluit, Nunavut",All-items,109.0
2008-05,Canada,All-items,114.6
2008-05,Newfoundland and Labrador,All-items,114.5
2008-05,"St. John's, Newfoundland and Labrador",All-items,114.0
2008-05,Prince Edward Island,All-items,118.9
2008-05,"Charlottetown and Summerside, Prince Edward Island",All-items,118.3
2008-05,Nova Scotia,All-items,117.1
2008-05,"Halifax, Nova Scotia",All-items,116.2
2008-05,New Brunswick,All-items,113.9
2008-05,"Saint John, New Brunswick",All-items,114.0
2008-05,Quebec,All-items,113.6
2008-05,"Québec, Quebec",All-items,113.2
2008-05,"Montréal, Quebec",All-items,113.4
2008-05,Ontario,All-items,113.6
2008-05,"Ottawa-Gatineau, Ontario part, Ontario/Quebec",All-items,113.4
2008-05,"Toronto, Ontario",All-items,113.3
2008-05,"Thunder Bay, Ontario",All-items,110.7
2008-05,Manitoba,All-items,113.5
2008-05,"Winnipeg, Manitoba",All-items,113.4
2008-05,Saskatchewan,All-items,116.2
2008-05,"Regina, Saskatchewan",All-items,115.4
2008-05,"Saskatoon, Saskatchewan",All-items,117.6
2008-05,Alberta,All-items,122.2
2008-05,"Edmonton, Alberta",All-items,121.9
2008-05,"Calgary, Alberta",All-items,122.3
2008-05,British Columbia,All-items,112.8
2008-05,"Vancouver, British Columbia",All-items,113.2
2008-05,"Victoria, British Columbia",All-items,112.3
2008-05,"Whitehorse, Yukon",All-items,113.6
2008-05,"Yellowknife, Northwest Territories",All-items,115.7
2008-05,"Iqaluit, Nunavut",All-items,109.8
2008-06,Canada,All-items,115.4
2008-06,Newfoundland and Labrador,All-items,115.4
2008-06,"St. John's, Newfoundland and Labrador",All-items,114.8
2008-06,Prince Edward Island,All-items,119.5
2008-06,"Charlottetown and Summerside, Prince Edward Island",All-items,118.8
2008-06,Nova Scotia,All-items,117.8
2008-06,"Halifax, Nova Scotia",All-items,116.9
2008-06,New Brunswick,All-items,114.5
2008-06,"Saint John, New Brunswick",All-items,114.5
2008-06,Quebec,All-items,114.1
2008-06,"Québec, Quebec",All-items,113.7
2008-06,"Montréal, Quebec",All-items,113.8
2008-06,Ontario,All-items,114.2
2008-06,"Ottawa-Gatineau, Ontario part, Ontario/Quebec",All-items,114.0
2008-06,"Toronto, Ontario",All-items,113.8
2008-06,"Thunder Bay, Ontario",All-items,111.2
2008-06,Manitoba,All-items,114.4
2008-06,"Winnipeg, Manitoba",All-items,114.2
2008-06,Saskatchewan,All-items,117.0
2008-06,"Regina, Saskatchewan",All-items,116.2
2008-06,"Saskatoon, Saskatchewan",All-items,118.3
2008-06,Alberta,All-items,124.0
2008-06,"Edmonton, Alberta",All-items,123.7
2008-06,"Calgary, Alberta",All-items,123.9
2008-06,British Columbia,All-items,113.6
2008-06,"Vancouver, British Columbia",All-items,113.9
2008-06,"Victoria, British Columbia",All-items,113.0
2008-06,"Whitehorse, Yukon",All-items,114.6
2008-06,"Yellowknife, Northwest Territories",All-items,116.6
2008-06,"Iqaluit, Nunavut",All-items,110.5
2008-07,Canada,All-items,115.8
2008-07,Newfoundland and Labrador,All-items,116.3
2008-07,"St. John's, Newfoundland and Labrador",All-items,115.8
2008-07,Prince Edward Island,All-items,120.0
2008-07,"Charlottetown and Summerside, Prince Edward Island",All-items,119.2
2008-07,Nova Scotia,All-items,117.8
2008-07,"Halifax, Nova Scotia",All-items,116.9
2008-07,New Brunswick,All-items,114.9
2008-07,"Saint John, New Brunswick",All-items,115.0
2008-07,Quebec,All-items,114.1
2008-07,"Québec, Quebec",All-items,113.7
2008-07,"Montréal, Quebec",All-items,113.9
2008-07,Ontario,All-items,115.1
2008-07,"Ottawa-Gatineau, Ontario part, Ontario/Quebec",All-items,115.0
2008-07,"Toronto, Ontario",All-items,114.9
2008-07,"Thunder Bay, Ontario",All-items,112.1
2008-07,Manitoba,All-items,115.0
2008-07,"Winnipeg, Manitoba",All-items,114.8
2008-07,Saskatchewan,All-items,116.9
2008-07,"Regina, Saskatchewan",All-items,116.3
2008-07,"Saskatoon, Saskatchewan",All-items,118.1
2008-07,Alberta,All-items,123.3
2008-07,"Edmonton, Alberta",All-items,123.6
2008-07,"Calgary, Alberta",All-items,123.0
2008-07,British Columbia,All-items,114.2
2008-07,"Vancouver, British Columbia",All-items,114.7
2008-07,"Victoria, British Columbia",All-items,113.3
2008-07,"Whitehorse, Yukon",All-items,115.3
2008-07,"Yellowknife, Northwest Territories",All-items,116.6
2008-07,"Iqaluit, Nunavut",All-items,111.6
2008-08,Canada,All-items,115.6
2008-08,Newfoundland and Labrador,All-items,115.8
2008-08,"St. John's, Newfoundland and Labrador",All-items,115.3
2008-08,Prince Edward Island,All-items,119.3
2008-08,"Charlottetown and Summerside, Prince Edward Island",All-items,118.6
2008-08,Nova Scotia,All-items,117.7
2008-08,"Halifax, Nova Scotia",All-items,116.9
2008-08,New Brunswick,All-items,114.3
2008-08,"Saint John, New Brunswick",All-items,114.4
2008-08,Quebec,All-items,113.5
2008-08,"Québec, Quebec",All-items,113.1
2008-08,"Montréal, Quebec",All-items,113.3
2008-08,Ontario,All-items,114.8
2008-08,"Ottawa-Gatineau, Ontario part, Ontario/Quebec",All-items,114.8
2008-08,"Toronto, Ontario",All-items,114.7
2008-08,"Thunder Bay, Ontario",All-items,111.9
2008-08,Manitoba,All-items,115.0
2008-08,"Winnipeg, Manitoba",All-items,114.9
2008-08,Saskatchewan,All-items,117.0
2008-08,"Regina, Saskatchewan",All-items,116.4
2008-08,"Saskatoon, Saskatchewan",All-items,118.1
2008-08,Alberta,All-items,124.1
2008-08,"Edmonton, Alberta",All-items,123.6
2008-08,"Calgary, Alberta",All-items,124.4
2008-08,British Columbia,All-items,114.0
2008-08,"Vancouver, British Columbia",All-items,114.5
2008-08,"Victoria, British Columbia",All-items,113.2
2008-08,"Whitehorse, Yukon",All-items,115.4
2008-08,"Yellowknife, Northwest Territories",All-items,116.9
2008-08,"Iqaluit, Nunavut",All-items,112.2
2008-09,Canada,All-items,115.7
2008-09,Newfoundland and Labrador,All-items,116.2
2008-09,"St. John's, Newfoundland and Labrador",All-items,115.8
2008-09,Prince Edward Island,All-items,120.3
2008-09,"Charlottetown and Summerside, Prince Edward Island",All-items,119.6
2008-09,Nova Scotia,All-items,117.6
2008-09,"Halifax, Nova Scotia",All-items,116.8
2008-09,New Brunswick,All-items,114.7
2008-09,"Saint John, New Brunswick",All-items,114.6
2008-09,Quebec,All-items,114.0
2008-09,"Québec, Quebec",All-items,113.6
2008-09,"Montréal, Quebec",All-items,113.8
2008-09,Ontario,All-items,115.1
2008-09,"Ottawa-Gatineau, Ontario part, Ontario/Quebec",All-items,115.0
2008-09,"Toronto, Ontario",All-items,114.9
2008-09,"Thunder Bay, Ontario",All-items,112.2
2008-09,Manitoba,All-items,115.2
2008-09,"Winnipeg, Manitoba",All-items,115.0
2008-09,Saskatchewan,All-items,117.3
2008-09,"Regina, Saskatchewan",All-items,116.9
2008-09,"Saskatoon, Saskatchewan",All-items,118.3
2008-09,Alberta,All-items,122.8
2008-09,"Edmonton, Alberta",All-items,122.3
2008-09,"Calgary, Alberta",All-items,123.1
2008-09,British Columbia,All-items,114.1
2008-09,"Vancouver, British Columbia",All-items,114.6
2008-09,"Victoria, British Columbia",All-items,113.3
2008-09,"Whitehorse, Yukon",All-items,114.8
2008-09,"Yellowknife, Northwest Territories",All-items,117.2
2008-09,"Iqaluit, Nunavut",All-items,111.9
2008-10,Canada,All-items,114.5
2008-10,Newfoundland and Labrador,All-items,115.1
2008-10,"St. John's, Newfoundland and Labrador",All-items,114.9
2008-10,Prince Edward Island,All-items,118.6
2008-10,"Charlottetown and Summerside, Prince Edward Island",All-items,118.2
2008-10,Nova Scotia,All-items,116.4
2008-10,"Halifax, Nova Scotia",All-items,115.8
2008-10,New Brunswick,All-items,113.4
2008-10,"Saint John, New Brunswick",All-items,113.5
2008-10,Quebec,All-items,113.0
2008-10,"Québec, Quebec",All-items,112.7
2008-10,"Montréal, Quebec",All-items,112.9
2008-10,Ontario,All-items,113.7
2008-10,"Ottawa-Gatineau, Ontario part, Ontario/Quebec",All-items,113.6
2008-10,"Toronto, Ontario",All-items,113.7
2008-10,"Thunder Bay, Ontario",All-items,110.9
2008-10,Manitoba,All-items,114.3
2008-10,"Winnipeg, Manitoba",All-items,114.2
2008-10,Saskatchewan,All-items,116.9
2008-10,"Regina, Saskatchewan",All-items,116.6
2008-10,"Saskatoon, Saskatchewan",All-items,118.0
2008-10,Alberta,All-items,121.5
2008-10,"Edmonton, Alberta",All-items,121.3
2008-10,"Calgary, Alberta",All-items,121.8
2008-10,British Columbia,All-items,112.8
2008-10,"Vancouver, British Columbia",All-items,113.4
2008-10,"Victoria, British Columbia",All-items,112.3
2008-10,"Whitehorse, Yukon",All-items,114.9
2008-10,"Yellowknife, Northwest Territories",All-items,116.3
2008-10,"Iqaluit, Nunavut",All-items,111.1
2008-11,Canada,All-items,114.1
2008-11,Newfoundland and Labrador,All-items,114.3
2008-11,"St. John's, Newfoundland and Labrador",All-items,114.2
2008-11,Prince Edward Island,All-items,116.9
2008-11,"Charlottetown and Summerside, Prince Edward Island",All-items,116.6
2008-11,Nova Scotia,All-items,115.0
2008-11,"Halifax, Nova Scotia",All-items,114.5
2008-11,New Brunswick,All-items,112.6
2008-11,"Saint John, New Brunswick",All-items,112.7
2008-11,Quebec,All-items,112.4
2008-11,"Québec, Quebec",All-items,112.1
2008-11,"Montréal, Quebec",All-items,112.4
2008-11,Ontario,All-items,113.5
2008-11,"Ottawa-Gatineau, Ontario part, Ontario/Quebec",All-items,113.3
2008-11,"Toronto, Ontario",All-items,113.5
2008-11,"Thunder Bay, Ontario",All-items,110.8
2008-11,Manitoba,All-items,113.8
2008-11,"Winnipeg, Manitoba",All-items,113.6
2008-11,Saskatchewan,All-items,116.7
2008-11,"Regina, Saskatchewan",All-items,116.4
2008-11,"Saskatoon, Saskatchewan",All-items,117.8
2008-11,Alberta,All-items,121.6
2008-11,"Edmonton, Alberta",All-items,121.4
2008-11,"Calgary, Alberta",All-items,122.0
2008-11,British Columbia,All-items,112.3
2008-11,"Vancouver, British Columbia",All-items,112.9
2008-11,"Victoria, British Columbia",All-items,111.9
2008-11,"Whitehorse, Yukon",All-items,114.6
2008-11,"Yellowknife, Northwest Territories",All-items,116.1
2008-11,"Iqaluit, Nunavut",All-items,111.9
2008-12,Canada,All-items,113.3
2008-12,Newfoundland and Labrador,All-items,113.1
2008-12,"St. John's, Newfoundland and Labrador",All-items,113.3
2008-12,Prince Edward Island,All-items,114.7
2008-12,"Charlottetown and Summerside, Prince Edward Island",All-items,114.5
2008-12,Nova Scotia,All-items,113.4
2008-12,"Halifax, Nova Scotia",All-items,113.0
2008-12,New Brunswick,All-items,111.2
2008-12,"Saint John, New Brunswick",All-items,111.2
2008-12,Quebec,All-items,111.7
2008-12,"Québec, Quebec",All-items,111.3
2008-12,"Montréal, Quebec",All-items,111.8
2008-12,Ontario,All-items,112.8
2008-12,"Ottawa-Gatineau, Ontario part, Ontario/Quebec",All-items,112.7
2008-12,"Toronto, Ontario",All-items,113.0
2008-12,"Thunder Bay, Ontario",All-items,110.1
2008-12,Manitoba,All-items,113.0
2008-12,"Winnipeg, Manitoba",All-items,112.9
2008-12,Saskatchewan,All-items,115.8
2008-12,"Regina, Saskatchewan",All-items,115.6
2008-12,"Saskatoon, Saskatchewan",All-items,116.9
2008-12,Alberta,All-items,121.2
2008-12,"Edmonton, Alberta",All-items,121.0
2008-12,"Calgary, Alberta",All-items,121.8
2008-12,British Columbia,All-items,111.4
2008-12,"Vancouver, British Columbia",All-items,111.9
2008-12,"Victoria, British Columbia",All-items,111.0
2008-12,"Whitehorse, Yukon",All-items,113.9
2008-12,"Yellowknife, Northwest Territories",All-items,115.4
2008-12,"Iqaluit, Nunavut",All-items,112.4
2009-01,Canada,All-items,113.0
2009-01,Newfoundland and Labrador,All-items,112.9
2009-01,"St. John's, Newfoundland and Labrador",All-items,113.0
2009-01,Prince Edward Island,All-items,114.1
2009-01,"Charlottetown and Summerside, Prince Edward Island",All-items,114.0
2009-01,Nova Scotia,All-items,113.4
2009-01,"Halifax, Nova Scotia",All-items,113.1
2009-01,New Brunswick,All-items,111.1
2009-01,"Saint John, New Brunswick",All-items,111.4
2009-01,Quebec,All-items,111.5
2009-01,"Québec, Quebec",All-items,111.2
2009-01,"Montréal, Quebec",All-items,111.7
2009-01,Ontario,All-items,112.4
2009-01,"Ottawa-Gatineau, Ontario part, Ontario/Quebec",All-items,112.3
2009-01,"Toronto, Ontario",All-items,112.5
2009-01,"Thunder Bay, Ontario",All-items,109.5
2009-01,Manitoba,All-items,112.4
2009-01,"Winnipeg, Manitoba",All-items,112.3
2009-01,Saskatchewan,All-items,115.7
2009-01,"Regina, Saskatchewan",All-items,115.6
2009-01,"Saskatoon, Saskatchewan",All-items,116.9
2009-01,Alberta,All-items,120.2
2009-01,"Edmonton, Alberta",All-items,120.2
2009-01,"Calgary, Alberta",All-items,120.7
2009-01,British Columbia,All-items,111.4
2009-01,"Vancouver, British Columbia",All-items,112.0
2009-01,"Victoria, British Columbia",All-items,111.0
2009-01,"Whitehorse, Yukon",All-items,113.0
2009-01,"Yellowknife, Northwest Territories",All-items,114.3
2009-01,"Iqaluit, Nunavut",All-items,111.8
2009-02,Canada,All-items,113.8
2009-02,Newfoundland and Labrador,All-items,113.4
2009-02,"St. John's, Newfoundland and Labrador",All-items,113.6
2009-02,Prince Edward Island,All-items,115.7
2009-02,"Charlottetown and Summerside, Prince Edward Island",All-items,115.6
2009-02,Nova Scotia,All-items,114.3
2009-02,"Halifax, Nova Scotia",All-items,113.9
2009-02,New Brunswick,All-items,112.0
2009-02,"Saint John, New Brunswick",All-items,112.1
2009-02,Quebec,All-items,112.3
2009-02,"Québec, Quebec",All-items,112.0
2009-02,"Montréal, Quebec",All-items,112.4
2009-02,Ontario,All-items,113.1
2009-02,"Ottawa-Gatineau, Ontario part, Ontario/Quebec",All-items,113.0
2009-02,"Toronto, Ontario",All-items,113.2
2009-02,"Thunder Bay, Ontario",All-items,110.3
2009-02,Manitoba,All-items,113.1
2009-02,"Winnipeg, Manitoba",All-items,113.0
2009-02,Saskatchewan,All-items,116.5
2009-02,"Regina, Saskatchewan",All-items,116.4
2009-02,"Saskatoon, Saskatchewan",All-items,117.8
2009-02,Alberta,All-items,121.5
2009-02,"Edmonton, Alberta",All-items,121.5
2009-02,"Calgary, Alberta",All-items,121.9
2009-02,British Columbia,All-items,111.9
2009-02,"Vancouver, British Columbia",All-items,112.5
2009-02,"Victoria, British Columbia",All-items,111.4
2009-02,"Whitehorse, Yukon",All-items,113.7
2009-02,"Yellowknife, Northwest Territories",All-items,114.5
2009-02,"Iqaluit, Nunavut",All-items,111.8
2009-03,Canada,All-items,114.0
2009-03,Newfoundland and Labrador,All-items,113.5
2009-03,"St. John's, Newfoundland and Labrador",All-items,113.7
2009-03,Prince Edward Island,All-items,115.6
2009-03,"Charlottetown and Summerside, Prince Edward Island",All-items,115.5
2009-03,Nova Scotia,All-items,114.5
2009-03,"Halifax, Nova Scotia",All-items,114.1
2009-03,New Brunswick,All-items,112.3
2009-03,"Saint John, New Brunswick",All-items,112.5
2009-03,Quebec,All-items,112.6
2009-03,"Québec, Quebec",All-items,112.4
2009-03,"Montréal, Quebec",All-items,112.7
2009-03,Ontario,All-items,113.7
2009-03,"Ottawa-Gatineau, Ontario part, Ontario/Quebec",All-items,113.6
2009-03,"Toronto, Ontario",All-items,113.8
2009-03,"Thunder Bay, Ontario",All-items,110.8
2009-03,Manitoba,All-items,113.0
2009-03,"Winnipeg, Manitoba",All-items,112.9
2009-03,Saskatchewan,All-items,116.6
2009-03,"Regina, Saskatchewan",All-items,116.6
2009-03,"Saskatoon, Saskatchewan",All-items,117.8
2009-03,Alberta,All-items,120.9
2009-03,"Edmonton, Alberta",All-items,120.9
2009-03,"Calgary, Alberta",All-items,121.3
2009-03,British Columbia,All-items,112.0
2009-03,"Vancouver, British Columbia",All-items,112.6
2009-03,"Victoria, British Columbia",All-items,111.6
2009-03,"Whitehorse, Yukon",All-items,113.6
2009-03,"Yellowknife, Northwest Territories",All-items,114.3
2009-03,"Iqaluit, Nunavut",All-items,112.4
2009-04,Canada,All-items,113.9
2009-04,Newfoundland and Labrador,All-items,114.1
2009-04,"St. John's, Newfoundland and Labrador",All-items,114.2
2009-04,Prince Edward Island,All-items,116.4
2009-04,"Charlottetown and Summerside, Prince Edward Island",All-items,116.3
2009-04,Nova Scotia,All-items,115.0
2009-04,"Halifax, Nova Scotia",All-items,114.7
2009-04,New Brunswick,All-items,112.5
2009-04,"Saint John, New Brunswick",All-items,112.7
2009-04,Quebec,All-items,112.7
2009-04,"Québec, Quebec",All-items,112.5
2009-04,"Montréal, Quebec",All-items,112.9
2009-04,Ontario,All-items,113.2
2009-04,"Ottawa-Gatineau, Ontario part, Ontario/Quebec",All-items,113.1
2009-04,"Toronto, Ontario",All-items,113.1
2009-04,"Thunder Bay, Ontario",All-items,110.4
2009-04,Manitoba,All-items,113.7
2009-04,"Winnipeg, Manitoba",All-items,113.5
2009-04,Saskatchewan,All-items,116.1
2009-04,"Regina, Saskatchewan",All-items,116.2
2009-04,"Saskatoon, Saskatchewan",All-items,117.4
2009-04,Alberta,All-items,120.4
2009-04,"Edmonton, Alberta",All-items,120.5
2009-04,"Calgary, Alberta",All-items,120.8
2009-04,British Columbia,All-items,112.1
2009-04,"Vancouver, British Columbia",All-items,112.6
2009-04,"Victoria, British Columbia",All-items,111.9
2009-04,"Whitehorse, Yukon",All-items,113.4
2009-04,"Yellowknife, Northwest Territories",All-items,115.3
2009-04,"Iqaluit, Nunavut",All-items,113.5
2009-05,Canada,All-items,114.7
2009-05,Newfoundland and Labrador,All-items,115.2
2009-05,"St. John's, Newfoundland and Labrador",All-items,115.3
2009-05,Prince Edward Island,All-items,117.6
2009-05,"Charlottetown and Summerside, Prince Edward Island",All-items,117.4
2009-05,Nova Scotia,All-items,115.8
2009-05,"Halifax, Nova Scotia",All-items,115.3
2009-05,New Brunswick,All-items,113.7
2009-05,"Saint John, New Brunswick",All-items,113.9
2009-05,Quebec,All-items,113.7
2009-05,"Québec, Quebec",All-items,113.6
2009-05,"Montréal, Quebec",All-items,113.9
2009-05,Ontario,All-items,114.0
2009-05,"Ottawa-Gatineau, Ontario part, Ontario/Quebec",All-items,114.0
2009-05,"Toronto, Ontario",All-items,113.9
2009-05,"Thunder Bay, Ontario",All-items,111.0
2009-05,Manitoba,All-items,114.4
2009-05,"Winnipeg, Manitoba",All-items,114.2
2009-05,Saskatchewan,All-items,117.0
2009-05,"Regina, Saskatchewan",All-items,117.1
2009-05,"Saskatoon, Saskatchewan",All-items,118.1
2009-05,Alberta,All-items,121.4
2009-05,"Edmonton, Alberta",All-items,121.6
2009-05,"Calgary, Alberta",All-items,121.5
2009-05,British Columbia,All-items,112.9
2009-05,"Vancouver, British Columbia",All-items,113.3
2009-05,"Victoria, British Columbia",All-items,112.6
2009-05,"Whitehorse, Yukon",All-items,114.0
2009-05,"Yellowknife, Northwest Territories",All-items,116.0
2009-05,"Iqaluit, Nunavut",All-items,113.6
2009-06,Canada,All-items,115.1
2009-06,Newfoundland and Labrador,All-items,115.8
2009-06,"St. John's, Newfoundland and Labrador",All-items,115.8
2009-06,Prince Edward Island,All-items,118.5
2009-06,"Charlottetown and Summerside, Prince Edward Island",All-items,118.2
2009-06,Nova Scotia,All-items,116.5
2009-06,"Halifax, Nova Scotia",All-items,116.0
2009-06,New Brunswick,All-items,114.5
2009-06,"Saint John, New Brunswick",All-items,114.6
2009-06,Quebec,All-items,114.3
2009-06,"Québec, Quebec",All-items,114.2
2009-06,"Montréal, Quebec",All-items,114.3
2009-06,Ontario,All-items,114.2
2009-06,"Ottawa-Gatineau, Ontario part, Ontario/Quebec",All-items,114.2
2009-06,"Toronto, Ontario",All-items,114.0
2009-06,"Thunder Bay, Ontario",All-items,111.2
2009-06,Manitoba,All-items,115.1
2009-06,"Winnipeg, Manitoba",All-items,114.9
2009-06,Saskatchewan,All-items,118.2
2009-06,"Regina, Saskatchewan",All-items,118.3
2009-06,"Saskatoon, Saskatchewan",All-items,119.1
2009-06,Alberta,All-items,122.0
2009-06,"Edmonton, Alberta",All-items,122.2
2009-06,"Calgary, Alberta",All-items,122.1
2009-06,British Columbia,All-items,112.8
2009-06,"Vancouver, British Columbia",All-items,113.3
2009-06,"Victoria, British Columbia",All-items,112.5
2009-06,"Whitehorse, Yukon",All-items,114.9
2009-06,"Yellowknife, Northwest Territories",All-items,116.9
2009-06,"Iqaluit, Nunavut",All-items,113.8
2009-07,Canada,All-items,114.7
2009-07,Newfoundland and Labrador,All-items,115.2
2009-07,"St. John's, Newfoundland and Labrador",All-items,115.3
2009-07,Prince Edward Island,All-items,118.4
2009-07,"Charlottetown and Summerside, Prince Edward Island",All-items,118.2
2009-07,Nova Scotia,All-items,116.6
2009-07,"Halifax, Nova Scotia",All-items,116.1
2009-07,New Brunswick,All-items,114.4
2009-07,"Saint John, New Brunswick",All-items,114.5
2009-07,Quebec,All-items,113.8
2009-07,"Québec, Quebec",All-items,113.7
2009-07,"Montréal, Quebec",All-items,113.8
2009-07,Ontario,All-items,113.7
2009-07,"Ottawa-Gatineau, Ontario part, Ontario/Quebec",All-items,113.8
2009-07,"Toronto, Ontario",All-items,113.6
2009-07,"Thunder Bay, Ontario",All-items,110.3
2009-07,Manitoba,All-items,115.0
2009-07,"Winnipeg, Manitoba",All-items,114.8
2009-07,Saskatchewan,All-items,118.0
2009-07,"Regina, Saskatchewan",All-items,118.0
2009-07,"Saskatoon, Saskatchewan",All-items,119.0
2009-07,Alberta,All-items,121.5
2009-07,"Edmonton, Alberta",All-items,121.8
2009-07,"Calgary, Alberta",All-items,121.6
2009-07,British Columbia,All-items,112.4
2009-07,"Vancouver, British Columbia",All-items,112.9
2009-07,"Victoria, British Columbia",All-items,112.1
2009-07,"Whitehorse, Yukon",All-items,114.4
2009-07,"Yellowknife, Northwest Territories",All-items,116.5
2009-07,"Iqaluit, Nunavut",All-items,113.3
2009-08,Canada,All-items,114.7
2009-08,Newfoundland and Labrador,All-items,115.0
2009-08,"St. John's, Newfoundland and Labrador",All-items,115.1
2009-08,Prince Edward Island,All-items,118.3
2009-08,"Charlottetown and Summerside, Prince Edward Island",All-items,118.0
2009-08,Nova Scotia,All-items,116.7
2009-08,"Halifax, Nova Scotia",All-items,116.2
2009-08,New Brunswick,All-items,114.1
2009-08,"Saint John, New Brunswick",All-items,114.2
2009-08,Quebec,All-items,113.9
2009-08,"Québec, Quebec",All-items,113.8
2009-08,"Montréal, Quebec",All-items,114.0
2009-08,Ontario,All-items,113.7
2009-08,"Ottawa-Gatineau, Ontario part, Ontario/Quebec",All-items,113.8
2009-08,"Toronto, Ontario",All-items,113.6
2009-08,"Thunder Bay, Ontario",All-items,110.2
2009-08,Manitoba,All-items,114.5
2009-08,"Winnipeg, Manitoba",All-items,114.3
2009-08,Saskatchewan,All-items,117.9
2009-08,"Regina, Saskatchewan",All-items,118.0
2009-08,"Saskatoon, Saskatchewan",All-items,118.9
2009-08,Alberta,All-items,122.0
2009-08,"Edmonton, Alberta",All-items,122.1
2009-08,"Calgary, Alberta",All-items,122.1
2009-08,British Columbia,All-items,112.8
2009-08,"Vancouver, British Columbia",All-items,113.6
2009-08,"Victoria, British Columbia",All-items,112.3
2009-08,"Whitehorse, Yukon",All-items,114.2
2009-08,"Yellowknife, Northwest Territories",All-items,116.3
2009-08,"Iqaluit, Nunavut",All-items,114.0
2009-09,Canada,All-items,114.7
2009-09,Newfoundland and Labrador,All-items,115.2
2009-09,"St. John's, Newfoundland and Labrador",All-items,115.3
2009-09,Prince Edward Island,All-items,118.6
2009-09,"Charlottetown and Summerside, Prince Edward Island",All-items,118.3
2009-09,Nova Scotia,All-items,116.7
2009-09,"Halifax, Nova Scotia",All-items,116.3
2009-09,New Brunswick,All-items,114.2
2009-09,"Saint John, New Brunswick",All-items,114.3
2009-09,Quebec,All-items,113.7
2009-09,"Québec, Quebec",All-items,113.6
2009-09,"Montréal, Quebec",All-items,113.8
2009-09,Ontario,All-items,113.8
2009-09,"Ottawa-Gatineau, Ontario part, Ontario/Quebec",All-items,113.9
2009-09,"Toronto, Ontario",All-items,113.7
2009-09,"Thunder Bay, Ontario",All-items,110.4
2009-09,Manitoba,All-items,114.5
2009-09,"Winnipeg, Manitoba",All-items,114.3
2009-09,Saskatchewan,All-items,117.5
2009-09,"Regina, Saskatchewan",All-items,117.6
2009-09,"Saskatoon, Saskatchewan",All-items,118.5
2009-09,Alberta,All-items,121.5
2009-09,"Edmonton, Alberta",All-items,121.7
2009-09,"Calgary, Alberta",All-items,121.6
2009-09,British Columbia,All-items,112.7
2009-09,"Vancouver, British Columbia",All-items,113.5
2009-09,"Victoria, British Columbia",All-items,112.2
2009-09,"Whitehorse, Yukon",All-items,113.7
2009-09,"Yellowknife, Northwest Territories",All-items,116.4
2009-09,"Iqaluit, Nunavut",All-items,113.2
2009-10,Canada,All-items,114.6
2009-10,Newfoundland and Labrador,All-items,114.6
2009-10,"St. John's, Newfoundland and Labrador",All-items,114.8
2009-10,Prince Edward Island,All-items,117.7
2009-10,"Charlottetown and Summerside, Prince Edward Island",All-items,117.4
2009-10,Nova Scotia,All-items,115.9
2009-10,"Halifax, Nova Scotia",All-items,115.4
2009-10,New Brunswick,All-items,114.0
2009-10,"Saint John, New Brunswick",All-items,114.4
2009-10,Quebec,All-items,113.6
2009-10,"Québec, Quebec",All-items,113.5
2009-10,"Montréal, Quebec",All-items,113.7
2009-10,Ontario,All-items,113.9
2009-10,"Ottawa-Gatineau, Ontario part, Ontario/Quebec",All-items,114.1
2009-10,"Toronto, Ontario",All-items,114.0
2009-10,"Thunder Bay, Ontario",All-items,110.2
2009-10,Manitoba,All-items,114.4
2009-10,"Winnipeg, Manitoba",All-items,114.2
2009-10,Saskatchewan,All-items,117.2
2009-10,"Regina, Saskatchewan",All-items,117.4
2009-10,"Saskatoon, Saskatchewan",All-items,118.3
2009-10,Alberta,All-items,121.6
2009-10,"Edmonton, Alberta",All-items,121.8
2009-10,"Calgary, Alberta",All-items,121.9
2009-10,British Columbia,All-items,112.1
2009-10,"Vancouver, British Columbia",All-items,112.7
2009-10,"Victoria, British Columbia",All-items,111.7
2009-10,"Whitehorse, Yukon",All-items,113.4
2009-10,"Yellowknife, Northwest Territories",All-items,116.3
2009-10,"Iqaluit, Nunavut",All-items,111.7
2009-11,Canada,All-items,115.2
2009-11,Newfoundland and Labrador,All-items,115.6
2009-11,"St. John's, Newfoundland and Labrador",All-items,115.6
2009-11,Prince Edward Island,All-items,119.1
2009-11,"Charlottetown and Summerside, Prince Edward Island",All-items,118.8
2009-11,Nova Scotia,All-items,117.0
2009-11,"Halifax, Nova Scotia",All-items,116.5
2009-11,New Brunswick,All-items,115.1
2009-11,"Saint John, New Brunswick",All-items,115.4
2009-11,Quebec,All-items,114.3
2009-11,"Québec, Quebec",All-items,114.3
2009-11,"Montréal, Quebec",All-items,114.4
2009-11,Ontario,All-items,114.6
2009-11,"Ottawa-Gatineau, Ontario part, Ontario/Quebec",All-items,114.6
2009-11,"Toronto, Ontario",All-items,114.4
2009-11,"Thunder Bay, Ontario",All-items,110.9
2009-11,Manitoba,All-items,114.7
2009-11,"Winnipeg, Manitoba",All-items,114.5
2009-11,Saskatchewan,All-items,117.6
2009-11,"Regina, Saskatchewan",All-items,117.8
2009-11,"Saskatoon, Saskatchewan",All-items,118.6
2009-11,Alberta,All-items,122.6
2009-11,"Edmonton, Alberta",All-items,122.7
2009-11,"Calgary, Alberta",All-items,122.7
2009-11,British Columbia,All-items,112.4
2009-11,"Vancouver, British Columbia",All-items,113.1
2009-11,"Victoria, British Columbia",All-items,111.9
2009-11,"Whitehorse, Yukon",All-items,113.9
2009-11,"Yellowknife, Northwest Territories",All-items,116.7
2009-11,"Iqaluit, Nunavut",All-items,111.2
2009-12,Canada,All-items,114.8
2009-12,Newfoundland and Labrador,All-items,115.2
2009-12,"St. John's, Newfoundland and Labrador",All-items,115.2
2009-12,Prince Edward Island,All-items,118.1
2009-12,"Charlottetown and Summerside, Prince Edward Island",All-items,117.8
2009-12,Nova Scotia,All-items,116.3
2009-12,"Halifax, Nova Scotia",All-items,115.8
2009-12,New Brunswick,All-items,114.5
2009-12,"Saint John, New Brunswick",All-items,114.8
2009-12,Quebec,All-items,114.0
2009-12,"Québec, Quebec",All-items,114.0
2009-12,"Montréal, Quebec",All-items,114.0
2009-12,Ontario,All-items,114.1
2009-12,"Ottawa-Gatineau, Ontario part, Ontario/Quebec",All-items,114.1
2009-12,"Toronto, Ontario",All-items,113.9
2009-12,"Thunder Bay, Ontario",All-items,110.4
2009-12,Manitoba,All-items,114.2
2009-12,"Winnipeg, Manitoba",All-items,114.0
2009-12,Saskatchewan,All-items,117.1
2009-12,"Regina, Saskatchewan",All-items,117.3
2009-12,"Saskatoon, Saskatchewan",All-items,118.1
2009-12,Alberta,All-items,121.9
2009-12,"Edmonton, Alberta",All-items,122.0
2009-12,"Calgary, Alberta",All-items,122.1
2009-12,British Columbia,All-items,111.9
2009-12,"Vancouver, British Columbia",All-items,112.7
2009-12,"Victoria, British Columbia",All-items,111.5
2009-12,"Whitehorse, Yukon",All-items,113.4
2009-12,"Yellowknife, Northwest Territories",All-items,116.8
2009-12,"Iqaluit, Nunavut",All-items,111.3
2010-01,Canada,All-items,115.1
2010-01,Newfoundland and Labrador,All-items,116.5
2010-01,"St. John's, Newfoundland and Labrador",All-items,116.4
2010-01,Prince Edward Island,All-items,118.7
2010-01,"Charlottetown and Summerside, Prince Edward Island",All-items,118.3
2010-01,Nova Scotia,All-items,116.9
2010-01,"Halifax, Nova Scotia",All-items,116.3
2010-01,New Brunswick,All-items,115.4
2010-01,"Saint John, New Brunswick",All-items,115.7
2010-01,Quebec,All-items,114.0
2010-01,"Québec, Quebec",All-items,114.0
2010-01,"Montréal, Quebec",All-items,114.0
2010-01,Ontario,All-items,114.5
2010-01,"Ottawa-Gatineau, Ontario part, Ontario/Quebec",All-items,114.4
2010-01,"Toronto, Ontario",All-items,114.5
2010-01,"Thunder Bay, Ontario",All-items,110.9
2010-01,Manitoba,All-items,114.3
2010-01,"Winnipeg, Manitoba",All-items,114.1
2010-01,Saskatchewan,All-items,117.5
2010-01,"Regina, Saskatchewan",All-items,117.8
2010-01,"Saskatoon, Saskatchewan",All-items,118.5
2010-01,Alberta,All-items,122.3
2010-01,"Edmonton, Alberta",All-items,122.4
2010-01,"Calgary, Alberta",All-items,122.4
2010-01,British Columbia,All-items,112.2
2010-01,"Vancouver, British Columbia",All-items,113.1
2010-01,"Victoria, British Columbia",All-items,111.6
2010-01,"Whitehorse, Yukon",All-items,113.9
2010-01,"Yellowknife, Northwest Territories",All-items,116.8
2010-01,"Iqaluit, Nunavut",All-items,111.3
2010-02,Canada,All-items,115.6
2010-02,Newfoundland and Labrador,All-items,116.3
2010-02,"St. John's, Newfoundland and Labrador",All-items,116.3
2010-02,Prince Edward Island,All-items,118.8
2010-02,"Charlottetown and Summerside, Prince Edward Island",All-items,118.4
2010-02,Nova Scotia,All-items,116.9
2010-02,"Halifax, Nova Scotia",All-items,116.3
2010-02,New Brunswick,All-items,115.6
2010-02,"Saint John, New Brunswick",All-items,115.9
2010-02,Quebec,All-items,114.2
2010-02,"Québec, Quebec",All-items,114.2
2010-02,"Montréal, Quebec",All-items,114.2
2010-02,Ontario,All-items,115.1
2010-02,"Ottawa-Gatineau, Ontario part, Ontario/Quebec",All-items,115.1
2010-02,"Toronto, Ontario",All-items,115.1
2010-02,"Thunder Bay, Ontario",All-items,111.5
2010-02,Manitoba,All-items,114.6
2010-02,"Winnipeg, Manitoba",All-items,114.4
2010-02,Saskatchewan,All-items,117.7
2010-02,"Regina, Saskatchewan",All-items,117.9
2010-02,"Saskatoon, Saskatchewan",All-items,118.7
2010-02,Alberta,All-items,122.7
2010-02,"Edmonton, Alberta",All-items,122.9
2010-02,"Calgary, Alberta",All-items,122.8
2010-02,British Columbia,All-items,113.2
2010-02,"Vancouver, British Columbia",All-items,113.9
2010-02,"Victoria, British Columbia",All-items,112.5
2010-02,"Whitehorse, Yukon",All-items,114.4
2010-02,"Yellowknife, Northwest Territories",All-items,117.4
2010-02,"Iqaluit, Nunavut",All-items,111.1
2010-03,Canada,All-items,115.6
2010-03,Newfoundland and Labrador,All-items,117.1
2010-03,"St. John's, Newfoundland and Labrador",All-items,117.1
2010-03,Prince Edward Island,All-items,119.3
2010-03,"Charlottetown and Summerside, Prince Edward Island",All-items,119.0
2010-03,Nova Scotia,All-items,117.7
2010-03,"Halifax, Nova Scotia",All-items,117.0
2010-03,New Brunswick,All-items,115.8
2010-03,"Saint John, New Brunswick",All-items,116.1
2010-03,Quebec,All-items,114.5
2010-03,"Québec, Quebec",All-items,114.5
2010-03,"Montréal, Quebec",All-items,114.5
2010-03,Ontario,All-items,115.3
2010-03,"Ottawa-Gatineau, Ontario part, Ontario/Quebec",All-items,115.3
2010-03,"Toronto, Ontario",All-items,115.3
2010-03,"Thunder Bay, Ontario",All-items,111.7
2010-03,Manitoba,All-items,114.7
2010-03,"Winnipeg, Manitoba",All-items,114.5
2010-03,Saskatchewan,All-items,117.9
2010-03,"Regina, Saskatchewan",All-items,118.1
2010-03,"Saskatoon, Saskatchewan",All-items,118.9
2010-03,Alberta,All-items,122.1
2010-03,"Edmonton, Alberta",All-items,122.3
2010-03,"Calgary, Alberta",All-items,122.3
2010-03,British Columbia,All-items,112.6
2010-03,"Vancouver, British Columbia",All-items,113.6
2010-03,"Victoria, British Columbia",All-items,112.0
2010-03,"Whitehorse, Yukon",All-items,113.4
2010-03,"Yellowknife, Northwest Territories",All-items,116.9
2010-03,"Iqaluit, Nunavut",All-items,110.7
2010-04,Canada,All-items,116.0
2010-04,Newfoundland and Labrador,All-items,117.0
2010-04,"St. John's, Newfoundland and Labrador",All-items,117.0
2010-04,Prince Edward Island,All-items,119.1
2010-04,"Charlottetown and Summerside, Prince Edward Island",All-items,118.8
2010-04,Nova Scotia,All-items,117.9
2010-04,"Halifax, Nova Scotia",All-items,117.3
2010-04,New Brunswick,All-items,115.8
2010-04,"Saint John, New Brunswick",All-items,116.1
2010-04,Quebec,All-items,114.8
2010-04,"Québec, Quebec",All-items,114.7
2010-04,"Montréal, Quebec",All-items,114.8
2010-04,Ontario,All-items,115.7
2010-04,"Ottawa-Gatineau, Ontario part, Ontario/Quebec",All-items,115.8
2010-04,"Toronto, Ontario",All-items,115.8
2010-04,"Thunder Bay, Ontario",All-items,112.2
2010-04,Manitoba,All-items,114.8
2010-04,"Winnipeg, Manitoba",All-items,114.6
2010-04,Saskatchewan,All-items,118.5
2010-04,"Regina, Saskatchewan",All-items,118.7
2010-04,"Saskatoon, Saskatchewan",All-items,119.5
2010-04,Alberta,All-items,122.3
2010-04,"Edmonton, Alberta",All-items,122.6
2010-04,"Calgary, Alberta",All-items,122.4
2010-04,British Columbia,All-items,113.2
2010-04,"Vancouver, British Columbia",All-items,114.2
2010-04,"Victoria, British Columbia",All-items,112.4
2010-04,"Whitehorse, Yukon",All-items,113.6
2010-04,"Yellowknife, Northwest Territories",All-items,117.2
2010-04,"Iqaluit, Nunavut",All-items,111.8
2010-05,Canada,All-items,116.3
2010-05,Newfoundland and Labrador,All-items,117.2
2010-05,"St. John's, Newfoundland and Labrador",All-items,117.3
2010-05,Prince Edward Island,All-items,119.2
2010-05,"Charlottetown and Summerside, Prince Edward Island",All-items,118.9
2010-05,Nova Scotia,All-items,117.8
2010-05,"Halifax, Nova Scotia",All-items,117.1
2010-05,New Brunswick,All-items,115.7
2010-05,"Saint John, New Brunswick",All-items,116.0
2010-05,Quebec,All-items,114.9
2010-05,"Québec, Quebec",All-items,114.8
2010-05,"Montréal, Quebec",All-items,114.9
2010-05,Ontario,All-items,116.2
2010-05,"Ottawa-Gatineau, Ontario part, Ontario/Quebec",All-items,116.4
2010-05,"Toronto, Ontario",All-items,116.3
2010-05,"Thunder Bay, Ontario",All-items,112.5
2010-05,Manitoba,All-items,115.0
2010-05,"Winnipeg, Manitoba",All-items,114.8
2010-05,Saskatchewan,All-items,118.6
2010-05,"Regina, Saskatchewan",All-items,118.9
2010-05,"Saskatoon, Saskatchewan",All-items,119.6
2010-05,Alberta,All-items,122.7
2010-05,"Edmonton, Alberta",All-items,122.8
2010-05,"Calgary, Alberta",All-items,122.8
2010-05,British Columbia,All-items,113.6
2010-05,"Vancouver, British Columbia",All-items,114.6
2010-05,"Victoria, British Columbia",All-items,112.8
2010-05,"Whitehorse, Yukon",All-items,114.3
2010-05,"Yellowknife, Northwest Territories",All-items,117.8
2010-05,"Iqaluit, Nunavut",All-items,112.2
2010-06,Canada,All-items,116.2
2010-06,Newfoundland and Labrador,All-items,117.2
2010-06,"St. John's, Newfoundland and Labrador",All-items,117.2
2010-06,Prince Edward Island,All-items,119.2
2010-06,"Charlottetown and Summerside, Prince Edward Island",All-items,118.9
2010-06,Nova Scotia,All-items,117.3
2010-06,"Halifax, Nova Scotia",All-items,116.7
2010-06,New Brunswick,All-items,115.7
2010-06,"Saint John, New Brunswick",All-items,116.0
2010-06,Quebec,All-items,114.8
2010-06,"Québec, Quebec",All-items,114.8
2010-06,"Montréal, Quebec",All-items,114.8
2010-06,Ontario,All-items,116.0
2010-06,"Ottawa-Gatineau, Ontario part, Ontario/Quebec",All-items,116.1
2010-06,"Toronto, Ontario",All-items,116.1
2010-06,"Thunder Bay, Ontario",All-items,112.3
2010-06,Manitoba,All-items,114.9
2010-06,"Winnipeg, Manitoba",All-items,114.6
2010-06,Saskatchewan,All-items,118.6
2010-06,"Regina, Saskatchewan",All-items,118.9
2010-06,"Saskatoon, Saskatchewan",All-items,119.5
2010-06,Alberta,All-items,122.7
2010-06,"Edmonton, Alberta",All-items,122.7
2010-06,"Calgary, Alberta",All-items,122.9
2010-06,British Columbia,All-items,113.4
2010-06,"Vancouver, British Columbia",All-items,114.5
2010-06,"Victoria, British Columbia",All-items,112.6
2010-06,"Whitehorse, Yukon",All-items,115.1
2010-06,"Yellowknife, Northwest Territories",All-items,118.4
2010-06,"Iqaluit, Nunavut",All-items,112.9
2010-07,Canada,All-items,116.8
2010-07,Newfoundland and Labrador,All-items,117.6
2010-07,"St. John's, Newfoundland and Labrador",All-items,117.7
2010-07,Prince Edward Island,All-items,119.5
2010-07,"Charlottetown and Summerside, Prince Edward Island",All-items,119.3
2010-07,Nova Scotia,All-items,118.6
2010-07,"Halifax, Nova Scotia",All-items,118.0
2010-07,New Brunswick,All-items,115.9
2010-07,"Saint John, New Brunswick",All-items,116.2
2010-07,Quebec,All-items,114.5
2010-07,"Québec, Quebec",All-items,114.5
2010-07,"Montréal, Quebec",All-items,114.5
2010-07,Ontario,All-items,117.0
2010-07,"Ottawa-Gatineau, Ontario part, Ontario/Quebec",All-items,117.2
2010-07,"Toronto, Ontario",All-items,117.1
2010-07,"Thunder Bay, Ontario",All-items,113.4
2010-07,Manitoba,All-items,114.7
2010-07,"Winnipeg, Manitoba",All-items,114.5
2010-07,Saskatchewan,All-items,118.5
2010-07,"Regina, Saskatchewan",All-items,118.8
2010-07,"Saskatoon, Saskatchewan",All-items,119.6
2010-07,Alberta,All-items,123.3
2010-07,"Edmonton, Alberta",All-items,123.5
2010-07,"Calgary, Alberta",All-items,123.3
2010-07,British Columbia,All-items,114.6
2010-07,"Vancouver, British Columbia",All-items,115.7
2010-07,"Victoria, British Columbia",All-items,113.7
2010-07,"Whitehorse, Yukon",All-items,115.1
2010-07,"Yellowknife, Northwest Territories",All-items,118.0
2010-07,"Iqaluit, Nunavut",All-items,112.1
2010-08,Canada,All-items,116.7
2010-08,Newfoundland and Labrador,All-items,117.8
2010-08,"St. John's, Newfoundland and Labrador",All-items,117.9
2010-08,Prince Edward Island,All-items,119.7
2010-08,"Charlottetown and Summerside, Prince Edward Island",All-items,119.4
2010-08,Nova Scotia,All-items,118.7
2010-08,"Halifax, Nova Scotia",All-items,118.1
2010-08,New Brunswick,All-items,116.0
2010-08,"Saint John, New Brunswick",All-items,116.3
2010-08,Quebec,All-items,114.6
2010-08,"Québec, Quebec",All-items,114.6
2010-08,"Montréal, Quebec",All-items,114.5
2010-08,Ontario,All-items,117.0
2010-08,"Ottawa-Gatineau, Ontario part, Ontario/Quebec",All-items,117.1
2010-08,"Toronto, Ontario",All-items,117.1
2010-08,"Thunder Bay, Ontario",All-items,113.3
2010-08,Manitoba,All-items,114.8
2010-08,"Winnipeg, Manitoba",All-items,114.6
2010-08,Saskatchewan,All-items,118.8
2010-08,"Regina, Saskatchewan",All-items,119.1
2010-08,"Saskatoon, Saskatchewan",All-items,119.8
2010-08,Alberta,All-items,122.7
2010-08,"Edmonton, Alberta",All-items,122.9
2010-08,"Calgary, Alberta",All-items,122.7
2010-08,British Columbia,All-items,114.5
2010-08,"Vancouver, British Columbia",All-items,115.7
2010-08,"Victoria, British Columbia",All-items,113.6
2010-08,"Whitehorse, Yukon",All-items,115.1
2010-08,"Yellowknife, Northwest Territories",All-items,118.0
2010-08,"Iqaluit, Nunavut",All-items,112.1
2010-09,Canada,All-items,116.9
2010-09,Newfoundland and Labrador,All-items,117.8
2010-09,"St. John's, Newfoundland and Labrador",All-items,117.9
2010-09,Prince Edward Island,All-items,119.6
2010-09,"Charlottetown and Summerside, Prince Edward Island",All-items,119.4
2010-09,Nova Scotia,All-items,118.8
2010-09,"Halifax, Nova Scotia",All-items,118.3
2010-09,New Brunswick,All-items,116.0
2010-09,"Saint John, New Brunswick",All-items,116.3
2010-09,Quebec,All-items,114.8
2010-09,"Québec, Quebec",All-items,114.8
2010-09,"Montréal, Quebec",All-items,114.8
2010-09,Ontario,All-items,117.1
2010-09,"Ottawa-Gatineau, Ontario part, Ontario/Quebec",All-items,117.3
2010-09,"Toronto, Ontario",All-items,117.3
2010-09,"Thunder Bay, Ontario",All-items,113.4
2010-09,Manitoba,All-items,115.1
2010-09,"Winnipeg, Manitoba",All-items,114.9
2010-09,Saskatchewan,All-items,118.9
2010-09,"Regina, Saskatchewan",All-items,119.2
2010-09,"Saskatoon, Saskatchewan",All-items,119.8
2010-09,Alberta,All-items,122.6
2010-09,"Edmonton, Alberta",All-items,122.8
2010-09,"Calgary, Alberta",All-items,122.6
2010-09,British Columbia,All-items,114.5
2010-09,"Vancouver, British Columbia",All-items,115.6
2010-09,"Victoria, British Columbia",All-items,113.6
2010-09,"Whitehorse, Yukon",All-items,115.1
2010-09,"Yellowknife, Northwest Territories",All-items,118.1
2010-09,"Iqaluit, Nunavut",All-items,112.2
2010-10,Canada,All-items,117.4
2010-10,Newfoundland and Labrador,All-items,118.0
2010-10,"St. John's, Newfoundland and Labrador",All-items,118.1
2010-10,Prince Edward Island,All-items,120.4
2010-10,"Charlottetown and Summerside, Prince Edward Island",All-items,120.1
2010-10,Nova Scotia,All-items,119.3
2010-10,"Halifax, Nova Scotia",All-items,118.6
2010-10,New Brunswick,All-items,116.1
2010-10,"Saint John, New Brunswick",All-items,116.5
2010-10,Quebec,All-items,115.2
2010-10,"Québec, Quebec",All-items,115.2
2010-10,"Montréal, Quebec",All-items,115.3
2010-10,Ontario,All-items,117.8
2010-10,"Ottawa-Gatineau, Ontario part, Ontario/Quebec",All-items,117.9
2010-10,"Toronto, Ontario",All-items,117.7
2010-10,"Thunder Bay, Ontario",All-items,114.0
2010-10,Manitoba,All-items,115.8
2010-10,"Winnipeg, Manitoba",All-items,115.6
2010-10,Saskatchewan,All-items,119.7
2010-10,"Regina, Saskatchewan",All-items,120.0
2010-10,"Saskatoon, Saskatchewan",All-items,120.6
2010-10,Alberta,All-items,123.0
2010-10,"Edmonton, Alberta",All-items,123.3
2010-10,"Calgary, Alberta",All-items,122.9
2010-10,British Columbia,All-items,114.8
2010-10,"Vancouver, British Columbia",All-items,116.1
2010-10,"Victoria, British Columbia",All-items,114.0
2010-10,"Whitehorse, Yukon",All-items,115.5
2010-10,"Yellowknife, Northwest Territories",All-items,118.4
2010-10,"Iqaluit, Nunavut",All-items,111.3
2010-11,Canada,All-items,117.5
2010-11,Newfoundland and Labrador,All-items,118.1
2010-11,"St. John's, Newfoundland and Labrador",All-items,118.1
2010-11,Prince Edward Island,All-items,120.5
2010-11,"Charlottetown and Summerside, Prince Edward Island",All-items,120.2
2010-11,Nova Scotia,All-items,119.6
2010-11,"Halifax, Nova Scotia",All-items,118.9
2010-11,New Brunswick,All-items,116.7
2010-11,"Saint John, New Brunswick",All-items,117.1
2010-11,Quebec,All-items,115.6
2010-11,"Québec, Quebec",All-items,115.5
2010-11,"Montréal, Quebec",All-items,115.6
2010-11,Ontario,All-items,118.0
2010-11,"Ottawa-Gatineau, Ontario part, Ontario/Quebec",All-items,118.1
2010-11,"Toronto, Ontario",All-items,117.8
2010-11,"Thunder Bay, Ontario",All-items,114.2
2010-11,Manitoba,All-items,116.0
2010-11,"Winnipeg, Manitoba",All-items,115.8
2010-11,Saskatchewan,All-items,119.9
2010-11,"Regina, Saskatchewan",All-items,120.2
2010-11,"Saskatoon, Saskatchewan",All-items,120.8
2010-11,Alberta,All-items,122.7
2010-11,"Edmonton, Alberta",All-items,123.0
2010-11,"Calgary, Alberta",All-items,122.7
2010-11,British Columbia,All-items,114.9
2010-11,"Vancouver, British Columbia",All-items,116.0
2010-11,"Victoria, British Columbia",All-items,114.1
2010-11,"Whitehorse, Yukon",All-items,115.7
2010-11,"Yellowknife, Northwest Territories",All-items,119.1
2010-11,"Iqaluit, Nunavut",All-items,112.0
2010-12,Canada,All-items,117.5
2010-12,Newfoundland and Labrador,All-items,118.1
2010-12,"St. John's, Newfoundland and Labrador",All-items,118.1
2010-12,Prince Edward Island,All-items,119.9
2010-12,"Charlottetown and Summerside, Prince Edward Island",All-items,119.5
2010-12,Nova Scotia,All-items,119.4
2010-12,"Halifax, Nova Scotia",All-items,118.6
2010-12,New Brunswick,All-items,116.6
2010-12,"Saint John, New Brunswick",All-items,116.9
2010-12,Quebec,All-items,115.8
2010-12,"Québec, Quebec",All-items,115.8
2010-12,"Montréal, Quebec",All-items,115.8
2010-12,Ontario,All-items,117.9
2010-12,"Ottawa-Gatineau, Ontario part, Ontario/Quebec",All-items,118.1
2010-12,"Toronto, Ontario",All-items,117.6
2010-12,"Thunder Bay, Ontario",All-items,114.1
2010-12,Manitoba,All-items,115.6
2010-12,"Winnipeg, Manitoba",All-items,115.3
2010-12,Saskatchewan,All-items,119.4
2010-12,"Regina, Saskatchewan",All-items,119.7
2010-12,"Saskatoon, Saskatchewan",All-items,120.2
2010-12,Alberta,All-items,122.9
2010-12,"Edmonton, Alberta",All-items,123.1
2010-12,"Calgary, Alberta",All-items,122.8
2010-12,British Columbia,All-items,114.6
2010-12,"Vancouver, British Columbia",All-items,115.5
2010-12,"Victoria, British Columbia",All-items,113.7
2010-12,"Whitehorse, Yukon",All-items,115.6
2010-12,"Yellowknife, Northwest Territories",All-items,119.2
2010-12,"Iqaluit, Nunavut",All-items,112.1
2011-01,Canada,All-items,117.8
2011-01,Newfoundland and Labrador,All-items,119.0
2011-01,"St. John's, Newfoundland and Labrador",All-items,119.1
2011-01,Prince Edward Island,All-items,120.1
2011-01,"Charlottetown and Summerside, Prince Edward Island",All-items,119.7
2011-01,Nova Scotia,All-items,120.4
2011-01,"Halifax, Nova Scotia",All-items,119.5
2011-01,New Brunswick,All-items,117.2
2011-01,"Saint John, New Brunswick",All-items,117.5
2011-01,Quebec,All-items,116.4
2011-01,"Québec, Quebec",All-items,116.3
2011-01,"Montréal, Quebec",All-items,116.3
2011-01,Ontario,All-items,117.8
2011-01,"Ottawa-Gatineau, Ontario part, Ontario/Quebec",All-items,117.9
2011-01,"Toronto, Ontario",All-items,117.5
2011-01,"Thunder Bay, Ontario",All-items,114.2
2011-01,Manitoba,All-items,116.6
2011-01,"Winnipeg, Manitoba",All-items,116.3
2011-01,Saskatchewan,All-items,120.1
2011-01,"Regina, Saskatchewan",All-items,120.5
2011-01,"Saskatoon, Saskatchewan",All-items,120.9
2011-01,Alberta,All-items,123.5
2011-01,"Edmonton, Alberta",All-items,123.9
2011-01,"Calgary, Alberta",All-items,123.3
2011-01,British Columbia,All-items,114.8
2011-01,"Vancouver, British Columbia",All-items,115.8
2011-01,"Victoria, British Columbia",All-items,114.0
2011-01,"Whitehorse, Yukon",All-items,115.9
2011-01,"Yellowknife, Northwest Territories",All-items,119.3
2011-01,"Iqaluit, Nunavut",All-items,112.5
2011-02,Canada,All-items,118.1
2011-02,Newfoundland and Labrador,All-items,119.7
2011-02,"St. John's, Newfoundland and Labrador",All-items,119.7
2011-02,Prince Edward Island,All-items,121.1
2011-02,"Charlottetown and Summerside, Prince Edward Island",All-items,120.6
2011-02,Nova Scotia,All-items,120.9
2011-02,"Halifax, Nova Scotia",All-items,120.0
2011-02,New Brunswick,All-items,118.2
2011-02,"Saint John, New Brunswick",All-items,118.5
2011-02,Quebec,All-items,116.7
2011-02,"Québec, Quebec",All-items,116.6
2011-02,"Montréal, Quebec",All-items,116.5
2011-02,Ontario,All-items,118.0
2011-02,"Ottawa-Gatineau, Ontario part, Ontario/Quebec",All-items,118.2
2011-02,"Toronto, Ontario",All-items,117.9
2011-02,"Thunder Bay, Ontario",All-items,114.2
2011-02,Manitoba,All-items,117.0
2011-02,"Winnipeg, Manitoba",All-items,116.7
2011-02,Saskatchewan,All-items,120.3
2011-02,"Regina, Saskatchewan",All-items,120.7
2011-02,"Saskatoon, Saskatchewan",All-items,121.1
2011-02,Alberta,All-items,124.2
2011-02,"Edmonton, Alberta",All-items,124.3
2011-02,"Calgary, Alberta",All-items,124.2
2011-02,British Columbia,All-items,115.2
2011-02,"Vancouver, British Columbia",All-items,116.0
2011-02,"Victoria, British Columbia",All-items,114.3
2011-02,"Whitehorse, Yukon",All-items,115.9
2011-02,"Yellowknife, Northwest Territories",All-items,119.2
2011-02,"Iqaluit, Nunavut",All-items,112.3
2011-03,Canada,All-items,119.4
2011-03,Newfoundland and Labrador,All-items,120.9
2011-03,"St. John's, Newfoundland and Labrador",All-items,120.7
2011-03,Prince Edward Island,All-items,122.2
2011-03,"Charlottetown and Summerside, Prince Edward Island",All-items,121.7
2011-03,Nova Scotia,All-items,122.3
2011-03,"Halifax, Nova Scotia",All-items,121.3
2011-03,New Brunswick,All-items,119.4
2011-03,"Saint John, New Brunswick",All-items,119.8
2011-03,Quebec,All-items,118.3
2011-03,"Québec, Quebec",All-items,118.2
2011-03,"Montréal, Quebec",All-items,118.1
2011-03,Ontario,All-items,119.4
2011-03,"Ottawa-Gatineau, Ontario part, Ontario/Quebec",All-items,119.5
2011-03,"Toronto, Ontario",All-items,119.4
2011-03,"Thunder Bay, Ontario",All-items,115.5
2011-03,Manitoba,All-items,117.9
2011-03,"Winnipeg, Manitoba",All-items,117.6
2011-03,Saskatchewan,All-items,121.4
2011-03,"Regina, Saskatchewan",All-items,121.8
2011-03,"Saskatoon, Saskatchewan",All-items,122.1
2011-03,Alberta,All-items,124.5
2011-03,"Edmonton, Alberta",All-items,124.8
2011-03,"Calgary, Alberta",All-items,124.3
2011-03,British Columbia,All-items,116.1
2011-03,"Vancouver, British Columbia",All-items,117.0
2011-03,"Victoria, British Columbia",All-items,115.2
2011-03,"Whitehorse, Yukon",All-items,117.0
2011-03,"Yellowknife, Northwest Territories",All-items,120.5
2011-03,"Iqaluit, Nunavut",All-items,112.6
2011-04,Canada,All-items,119.8
2011-04,Newfoundland and Labrador,All-items,121.5
2011-04,"St. John's, Newfoundland and Labrador",All-items,121.3
2011-04,Prince Edward Island,All-items,123.3
2011-04,"Charlottetown and Summerside, Prince Edward Island",All-items,122.7
2011-04,Nova Scotia,All-items,122.9
2011-04,"Halifax, Nova Scotia",All-items,121.9
2011-04,New Brunswick,All-items,120.0
2011-04,"Saint John, New Brunswick",All-items,120.2
2011-04,Quebec,All-items,118.5
2011-04,"Québec, Quebec",All-items,118.4
2011-04,"Montréal, Quebec",All-items,118.3
2011-04,Ontario,All-items,119.9
2011-04,"Ottawa-Gatineau, Ontario part, Ontario/Quebec",All-items,120.0
2011-04,"Toronto, Ontario",All-items,119.8
2011-04,"Thunder Bay, Ontario",All-items,116.3
2011-04,Manitoba,All-items,118.3
2011-04,"Winnipeg, Manitoba",All-items,117.9
2011-04,Saskatchewan,All-items,121.6
2011-04,"Regina, Saskatchewan",All-items,121.9
2011-04,"Saskatoon, Saskatchewan",All-items,122.2
2011-04,Alberta,All-items,126.0
2011-04,"Edmonton, Alberta",All-items,126.2
2011-04,"Calgary, Alberta",All-items,125.6
2011-04,British Columbia,All-items,116.3
2011-04,"Vancouver, British Columbia",All-items,117.2
2011-04,"Victoria, British Columbia",All-items,115.4
2011-04,"Whitehorse, Yukon",All-items,117.3
2011-04,"Yellowknife, Northwest Territories",All-items,120.9
2011-04,"Iqaluit, Nunavut",All-items,113.2
2011-05,Canada,All-items,120.6
2011-05,Newfoundland and Labrador,All-items,121.5
2011-05,"St. John's, Newfoundland and Labrador",All-items,121.5
2011-05,Prince Edward Island,All-items,123.9
2011-05,"Charlottetown and Summerside, Prince Edward Island",All-items,123.3
2011-05,Nova Scotia,All-items,123.2
2011-05,"Halifax, Nova Scotia",All-items,122.1
2011-05,New Brunswick,All-items,120.5
2011-05,"Saint John, New Brunswick",All-items,120.7
2011-05,Quebec,All-items,118.9
2011-05,"Québec, Quebec",All-items,118.8
2011-05,"Montréal, Quebec",All-items,118.6
2011-05,Ontario,All-items,120.9
2011-05,"Ottawa-Gatineau, Ontario part, Ontario/Quebec",All-items,121.0
2011-05,"Toronto, Ontario",All-items,120.8
2011-05,"Thunder Bay, Ontario",All-items,117.3
2011-05,Manitoba,All-items,119.5
2011-05,"Winnipeg, Manitoba",All-items,119.1
2011-05,Saskatchewan,All-items,122.6
2011-05,"Regina, Saskatchewan",All-items,123.0
2011-05,"Saskatoon, Saskatchewan",All-items,123.3
2011-05,Alberta,All-items,126.1
2011-05,"Edmonton, Alberta",All-items,126.5
2011-05,"Calgary, Alberta",All-items,125.8
2011-05,British Columbia,All-items,117.1
2011-05,"Vancouver, British Columbia",All-items,118.0
2011-05,"Victoria, British Columbia",All-items,116.2
2011-05,"Whitehorse, Yukon",All-items,118.4
2011-05,"Yellowknife, Northwest Territories",All-items,121.6
2011-05,"Iqaluit, Nunavut",All-items,113.5
2011-06,Canada,All-items,119.8
2011-06,Newfoundland and Labrador,All-items,120.9
2011-06,"St. John's, Newfoundland and Labrador",All-items,120.8
2011-06,Prince Edward Island,All-items,123.3
2011-06,"Charlottetown and Summerside, Prince Edward Island",All-items,122.7
2011-06,Nova Scotia,All-items,122.5
2011-06,"Halifax, Nova Scotia",All-items,121.5
2011-06,New Brunswick,All-items,119.9
2011-06,"Saint John, New Brunswick",All-items,120.1
2011-06,Quebec,All-items,118.2
2011-06,"Québec, Quebec",All-items,118.1
2011-06,"Montréal, Quebec",All-items,117.9
2011-06,Ontario,All-items,120.2
2011-06,"Ottawa-Gatineau, Ontario part, Ontario/Quebec",All-items,120.2
2011-06,"Toronto, Ontario",All-items,120.2
2011-06,"Thunder Bay, Ontario",All-items,116.5
2011-06,Manitoba,All-items,118.6
2011-06,"Winnipeg, Manitoba",All-items,118.3
2011-06,Saskatchewan,All-items,121.7
2011-06,"Regina, Saskatchewan",All-items,122.1
2011-06,"Saskatoon, Saskatchewan",All-items,122.3
2011-06,Alberta,All-items,125.3
2011-06,"Edmonton, Alberta",All-items,125.6
2011-06,"Calgary, Alberta",All-items,124.9
2011-06,British Columbia,All-items,116.5
2011-06,"Vancouver, British Columbia",All-items,117.5
2011-06,"Victoria, British Columbia",All-items,115.5
2011-06,"Whitehorse, Yukon",All-items,118.6
2011-06,"Yellowknife, Northwest Territories",All-items,121.6
2011-06,"Iqaluit, Nunavut",All-items,113.3
2011-07,Canada,All-items,120.0
2011-07,Newfoundland and Labrador,All-items,121.6
2011-07,"St. John's, Newfoundland and Labrador",All-items,121.5
2011-07,Prince Edward Island,All-items,123.3
2011-07,"Charlottetown and Summerside, Prince Edward Island",All-items,122.7
2011-07,Nova Scotia,All-items,122.8
2011-07,"Halifax, Nova Scotia",All-items,121.8
2011-07,New Brunswick,All-items,120.3
2011-07,"Saint John, New Brunswick",All-items,120.6
2011-07,Quebec,All-items,118.3
2011-07,"Québec, Quebec",All-items,118.2
2011-07,"Montréal, Quebec",All-items,118.0
2011-07,Ontario,All-items,120.5
2011-07,"Ottawa-Gatineau, Ontario part, Ontario/Quebec",All-items,120.4
2011-07,"Toronto, Ontario",All-items,120.4
2011-07,"Thunder Bay, Ontario",All-items,116.7
2011-07,Manitoba,All-items,118.2
2011-07,"Winnipeg, Manitoba",All-items,117.9
2011-07,Saskatchewan,All-items,121.8
2011-07,"Regina, Saskatchewan",All-items,122.3
2011-07,"Saskatoon, Saskatchewan",All-items,122.5
2011-07,Alberta,All-items,125.7
2011-07,"Edmonton, Alberta",All-items,125.9
2011-07,"Calgary, Alberta",All-items,125.5
2011-07,British Columbia,All-items,116.6
2011-07,"Vancouver, British Columbia",All-items,117.5
2011-07,"Victoria, British Columbia",All-items,115.5
2011-07,"Whitehorse, Yukon",All-items,118.7
2011-07,"Yellowknife, Northwest Territories",All-items,122.0
2011-07,"Iqaluit, Nunavut",All-items,113.3
2011-08,Canada,All-items,120.3
2011-08,Newfoundland and Labrador,All-items,122.0
2011-08,"St. John's, Newfoundland and Labrador",All-items,121.9
2011-08,Prince Edward Island,All-items,123.9
2011-08,"Charlottetown and Summerside, Prince Edward Island",All-items,123.2
2011-08,Nova Scotia,All-items,123.2
2011-08,"Halifax, Nova Scotia",All-items,122.2
2011-08,New Brunswick,All-items,120.7
2011-08,"Saint John, New Brunswick",All-items,120.9
2011-08,Quebec,All-items,118.5
2011-08,"Québec, Quebec",All-items,118.5
2011-08,"Montréal, Quebec",All-items,118.2
2011-08,Ontario,All-items,120.6
2011-08,"Ottawa-Gatineau, Ontario part, Ontario/Quebec",All-items,120.5
2011-08,"Toronto, Ontario",All-items,120.5
2011-08,"Thunder Bay, Ontario",All-items,116.8
2011-08,Manitoba,All-items,118.3
2011-08,"Winnipeg, Manitoba",All-items,118.0
2011-08,Saskatchewan,All-items,122.1
2011-08,"Regina, Saskatchewan",All-items,122.5
2011-08,"Saskatoon, Saskatchewan",All-items,122.7
2011-08,Alberta,All-items,126.3
2011-08,"Edmonton, Alberta",All-items,126.6
2011-08,"Calgary, Alberta",All-items,125.9
2011-08,British Columbia,All-items,116.9
2011-08,"Vancouver, British Columbia",All-items,117.7
2011-08,"Victoria, British Columbia",All-items,115.8
2011-08,"Whitehorse, Yukon",All-items,118.6
2011-08,"Yellowknife, Northwest Territories",All-items,122.0
2011-08,"Iqaluit, Nunavut",All-items,113.4
2011-09,Canada,All-items,120.6
2011-09,Newfoundland and Labrador,All-items,122.3
2011-09,"St. John's, Newfoundland and Labrador",All-items,122.1
2011-09,Prince Edward Island,All-items,123.7
2011-09,"Charlottetown and Summerside, Prince Edward Island",All-items,123.1
2011-09,Nova Scotia,All-items,123.8
2011-09,"Halifax, Nova Scotia",All-items,122.8
2011-09,New Brunswick,All-items,120.9
2011-09,"Saint John, New Brunswick",All-items,121.1
2011-09,Quebec,All-items,118.7
2011-09,"Québec, Quebec",All-items,118.7
2011-09,"Montréal, Quebec",All-items,118.4
2011-09,Ontario,All-items,121.1
2011-09,"Ottawa-Gatineau, Ontario part, Ontario/Quebec",All-items,121.1
2011-09,"Toronto, Ontario",All-items,121.2
2011-09,"Thunder Bay, Ontario",All-items,117.5
2011-09,Manitoba,All-items,119.1
2011-09,"Winnipeg, Manitoba",All-items,118.8
2011-09,Saskatchewan,All-items,123.0
2011-09,"Regina, Saskatchewan",All-items,123.6
2011-09,"Saskatoon, Saskatchewan",All-items,123.5
2011-09,Alberta,All-items,126.0
2011-09,"Edmonton, Alberta",All-items,126.4
2011-09,"Calgary, Alberta",All-items,125.7
2011-09,British Columbia,All-items,117.3
2011-09,"Vancouver, British Columbia",All-items,118.3
2011-09,"Victoria, British Columbia",All-items,116.2
2011-09,"Whitehorse, Yukon",All-items,119.0
2011-09,"Yellowknife, Northwest Territories",All-items,122.3
2011-09,"Iqaluit, Nunavut",All-items,113.6
2011-10,Canada,All-items,120.8
2011-10,Newfoundland and Labrador,All-items,122.1
2011-10,"St. John's, Newfoundland and Labrador",All-items,122.1
2011-10,Prince Edward Island,All-items,123.9
2011-10,"Charlottetown and Summerside, Prince Edward Island",All-items,123.3
2011-10,Nova Scotia,All-items,123.9
2011-10,"Halifax, Nova Scotia",All-items,122.9
2011-10,New Brunswick,All-items,120.8
2011-10,"Saint John, New Brunswick",All-items,121.0
2011-10,Quebec,All-items,119.0
2011-10,"Québec, Quebec",All-items,119.0
2011-10,"Montréal, Quebec",All-items,118.8
2011-10,Ontario,All-items,121.0
2011-10,"Ottawa-Gatineau, Ontario part, Ontario/Quebec",All-items,121.1
2011-10,"Toronto, Ontario",All-items,121.1
2011-10,"Thunder Bay, Ontario",All-items,117.4
2011-10,Manitoba,All-items,119.3
2011-10,"Winnipeg, Manitoba",All-items,119.0
2011-10,Saskatchewan,All-items,123.0
2011-10,"Regina, Saskatchewan",All-items,123.6
2011-10,"Saskatoon, Saskatchewan",All-items,123.6
2011-10,Alberta,All-items,127.2
2011-10,"Edmonton, Alberta",All-items,127.6
2011-10,"Calgary, Alberta",All-items,126.9
2011-10,British Columbia,All-items,117.4
2011-10,"Vancouver, British Columbia",All-items,118.5
2011-10,"Victoria, British Columbia",All-items,116.4
2011-10,"Whitehorse, Yukon",All-items,119.1
2011-10,"Yellowknife, Northwest Territories",All-items,122.6
2011-10,"Iqaluit, Nunavut",All-items,114.3
2011-11,Canada,All-items,120.9
2011-11,Newfoundland and Labrador,All-items,122.9
2011-11,"St. John's, Newfoundland and Labrador",All-items,122.7
2011-11,Prince Edward Island,All-items,124.0
2011-11,"Charlottetown and Summerside, Prince Edward Island",All-items,123.4
2011-11,Nova Scotia,All-items,124.0
2011-11,"Halifax, Nova Scotia",All-items,122.9
2011-11,New Brunswick,All-items,121.3
2011-11,"Saint John, New Brunswick",All-items,121.5
2011-11,Quebec,All-items,119.3
2011-11,"Québec, Quebec",All-items,119.3
2011-11,"Montréal, Quebec",All-items,119.0
2011-11,Ontario,All-items,121.0
2011-11,"Ottawa-Gatineau, Ontario part, Ontario/Quebec",All-items,121.0
2011-11,"Toronto, Ontario",All-items,120.9
2011-11,"Thunder Bay, Ontario",All-items,117.2
2011-11,Manitoba,All-items,119.6
2011-11,"Winnipeg, Manitoba",All-items,119.3
2011-11,Saskatchewan,All-items,123.4
2011-11,"Regina, Saskatchewan",All-items,123.9
2011-11,"Saskatoon, Saskatchewan",All-items,123.9
2011-11,Alberta,All-items,126.6
2011-11,"Edmonton, Alberta",All-items,126.9
2011-11,"Calgary, Alberta",All-items,126.3
2011-11,British Columbia,All-items,117.5
2011-11,"Vancouver, British Columbia",All-items,118.7
2011-11,"Victoria, British Columbia",All-items,116.5
2011-11,"Whitehorse, Yukon",All-items,119.4
2011-11,"Yellowknife, Northwest Territories",All-items,123.4
2011-11,"Iqaluit, Nunavut",All-items,114.5
2011-12,Canada,All-items,120.2
2011-12,Newfoundland and Labrador,All-items,121.9
2011-12,"St. John's, Newfoundland and Labrador",All-items,121.9
2011-12,Prince Edward Island,All-items,123.4
2011-12,"Charlottetown and Summerside, Prince Edward Island",All-items,122.7
2011-12,Nova Scotia,All-items,122.7
2011-12,"Halifax, Nova Scotia",All-items,121.6
2011-12,New Brunswick,All-items,120.4
2011-12,"Saint John, New Brunswick",All-items,120.6
2011-12,Quebec,All-items,118.7
2011-12,"Québec, Quebec",All-items,118.7
2011-12,"Montréal, Quebec",All-items,118.4
2011-12,Ontario,All-items,120.3
2011-12,"Ottawa-Gatineau, Ontario part, Ontario/Quebec",All-items,120.3
2011-12,"Toronto, Ontario",All-items,120.2
2011-12,"Thunder Bay, Ontario",All-items,116.4
2011-12,Manitoba,All-items,118.6
2011-12,"Winnipeg, Manitoba",All-items,118.3
2011-12,Saskatchewan,All-items,122.4
2011-12,"Regina, Saskatchewan",All-items,123.0
2011-12,"Saskatoon, Saskatchewan",All-items,122.9
2011-12,Alberta,All-items,126.5
2011-12,"Edmonton, Alberta",All-items,126.7
2011-12,"Calgary, Alberta",All-items,126.2
2011-12,British Columbia,All-items,116.5
2011-12,"Vancouver, British Columbia",All-items,117.7
2011-12,"Victoria, British Columbia",All-items,115.4
2011-12,"Whitehorse, Yukon",All-items,118.8
2011-12,"Yellowknife, Northwest Territories",All-items,123.4
2011-12,"Iqaluit, Nunavut",All-items,114.2
2012-01,Canada,All-items,120.7
2012-01,Newfoundland and Labrador,All-items,122.5
2012-01,"St. John's, Newfoundland and Labrador",All-items,122.4
2012-01,Prince Edward Island,All-items,123.6
2012-01,"Charlottetown and Summerside, Prince Edward Island",All-items,122.9
2012-01,Nova Scotia,All-items,123.7
2012-01,"Halifax, Nova Scotia",All-items,122.4
2012-01,New Brunswick,All-items,121.0
2012-01,"Saint John, New Brunswick",All-items,121.0
2012-01,Quebec,All-items,119.7
2012-01,"Québec, Quebec",All-items,119.8
2012-01,"Montréal, Quebec",All-items,119.4
2012-01,Ontario,All-items,120.6
2012-01,"Ottawa-Gatineau, Ontario part, Ontario/Quebec",All-items,120.6
2012-01,"Toronto, Ontario",All-items,120.7
2012-01,"Thunder Bay, Ontario",All-items,116.5
2012-01,Manitoba,All-items,118.9
2012-01,"Winnipeg, Manitoba",All-items,118.6
2012-01,Saskatchewan,All-items,122.9
2012-01,"Regina, Saskatchewan",All-items,123.5
2012-01,"Saskatoon, Saskatchewan",All-items,123.4
2012-01,Alberta,All-items,127.1
2012-01,"Edmonton, Alberta",All-items,127.3
2012-01,"Calgary, Alberta",All-items,126.7
2012-01,British Columbia,All-items,116.8
2012-01,"Vancouver, British Columbia",All-items,117.9
2012-01,"Victoria, British Columbia",All-items,115.7
2012-01,"Whitehorse, Yukon",All-items,118.8
2012-01,"Yellowknife, Northwest Territories",All-items,124.1
2012-01,"Iqaluit, Nunavut",All-items,114.2
2012-02,Canada,All-items,121.2
2012-02,Newfoundland and Labrador,All-items,123.0
2012-02,"St. John's, Newfoundland and Labrador",All-items,122.9
2012-02,Prince Edward Island,All-items,124.8
2012-02,"Charlottetown and Summerside, Prince Edward Island",All-items,124.1
2012-02,Nova Scotia,All-items,124.3
2012-02,"Halifax, Nova Scotia",All-items,123.0
2012-02,New Brunswick,All-items,121.3
2012-02,"Saint John, New Brunswick",All-items,121.4
2012-02,Quebec,All-items,120.4
2012-02,"Québec, Quebec",All-items,120.4
2012-02,"Montréal, Quebec",All-items,120.0
2012-02,Ontario,All-items,121.4
2012-02,"Ottawa-Gatineau, Ontario part, Ontario/Quebec",All-items,121.4
2012-02,"Toronto, Ontario",All-items,121.5
2012-02,"Thunder Bay, Ontario",All-items,117.3
2012-02,Manitoba,All-items,119.0
2012-02,"Winnipeg, Manitoba",All-items,118.7
2012-02,Saskatchewan,All-items,122.7
2012-02,"Regina, Saskatchewan",All-items,123.3
2012-02,"Saskatoon, Saskatchewan",All-items,123.2
2012-02,Alberta,All-items,126.6
2012-02,"Edmonton, Alberta",All-items,126.9
2012-02,"Calgary, Alberta",All-items,126.3
2012-02,British Columbia,All-items,117.2
2012-02,"Vancouver, British Columbia",All-items,118.4
2012-02,"Victoria, British Columbia",All-items,116.1
2012-02,"Whitehorse, Yukon",All-items,119.0
2012-02,"Yellowknife, Northwest Territories",All-items,123.1
2012-02,"Iqaluit, Nunavut",All-items,114.4
2012-03,Canada,All-items,121.7
2012-03,Newfoundland and Labrador,All-items,123.9
2012-03,"St. John's, Newfoundland and Labrador",All-items,123.7
2012-03,Prince Edward Island,All-items,125.6
2012-03,"Charlottetown and Summerside, Prince Edward Island",All-items,124.8
2012-03,Nova Scotia,All-items,125.3
2012-03,"Halifax, Nova Scotia",All-items,124.0
2012-03,New Brunswick,All-items,122.3
2012-03,"Saint John, New Brunswick",All-items,122.4
2012-03,Quebec,All-items,120.8
2012-03,"Québec, Quebec",All-items,120.8
2012-03,"Montréal, Quebec",All-items,120.4
2012-03,Ontario,All-items,122.0
2012-03,"Ottawa-Gatineau, Ontario part, Ontario/Quebec",All-items,122.0
2012-03,"Toronto, Ontario",All-items,122.0
2012-03,"Thunder Bay, Ontario",All-items,117.9
2012-03,Manitoba,All-items,119.5
2012-03,"Winnipeg, Manitoba",All-items,119.2
2012-03,Saskatchewan,All-items,123.6
2012-03,"Regina, Saskatchewan",All-items,124.2
2012-03,"Saskatoon, Saskatchewan",All-items,124.0
2012-03,Alberta,All-items,126.6
2012-03,"Edmonton, Alberta",All-items,127.0
2012-03,"Calgary, Alberta",All-items,126.3
2012-03,British Columbia,All-items,117.9
2012-03,"Vancouver, British Columbia",All-items,119.1
2012-03,"Victoria, British Columbia",All-items,116.9
2012-03,"Whitehorse, Yukon",All-items,120.1
2012-03,"Yellowknife, Northwest Territories",All-items,123.6
2012-03,"Iqaluit, Nunavut",All-items,114.4
2012-04,Canada,All-items,122.2
2012-04,Newfoundland and Labrador,All-items,125.2
2012-04,"St. John's, Newfoundland and Labrador",All-items,125.0
2012-04,Prince Edward Island,All-items,126.3
2012-04,"Charlottetown and Summerside, Prince Edward Island",All-items,125.5
2012-04,Nova Scotia,All-items,126.1
2012-04,"Halifax, Nova Scotia",All-items,124.8
2012-04,New Brunswick,All-items,123.1
2012-04,"Saint John, New Brunswick",All-items,123.2
2012-04,Quebec,All-items,121.3
2012-04,"Québec, Quebec",All-items,121.3
2012-04,"Montréal, Quebec",All-items,120.9
2012-04,Ontario,All-items,122.4
2012-04,"Ottawa-Gatineau, Ontario part, Ontario/Quebec",All-items,122.4
2012-04,"Toronto, Ontario",All-items,122.4
2012-04,"Thunder Bay, Ontario",All-items,118.1
2012-04,Manitoba,All-items,120.4
2012-04,"Winnipeg, Manitoba",All-items,120.0
2012-04,Saskatchewan,All-items,124.2
2012-04,"Regina, Saskatchewan",All-items,124.8
2012-04,"Saskatoon, Saskatchewan",All-items,124.6
2012-04,Alberta,All-items,127.0
2012-04,"Edmonton, Alberta",All-items,127.4
2012-04,"Calgary, Alberta",All-items,126.7
2012-04,British Columbia,All-items,118.2
2012-04,"Vancouver, British Columbia",All-items,119.4
2012-04,"Victoria, British Columbia",All-items,117.3
2012-04,"Whitehorse, Yukon",All-items,120.7
2012-04,"Yellowknife, Northwest Territories",All-items,125.1
2012-04,"Iqaluit, Nunavut",All-items,114.9
2012-05,Canada,All-items,122.1
2012-05,Newfoundland and Labrador,All-items,124.5
2012-05,"St. John's, Newfoundland and Labrador",All-items,124.4
2012-05,Prince Edward Island,All-items,125.9
2012-05,"Charlottetown and Summerside, Prince Edward Island",All-items,125.1
2012-05,Nova Scotia,All-items,125.6
2012-05,"Halifax, Nova Scotia",All-items,124.2
2012-05,New Brunswick,All-items,122.7
2012-05,"Saint John, New Brunswick",All-items,122.8
2012-05,Quebec,All-items,121.1
2012-05,"Québec, Quebec",All-items,121.2
2012-05,"Montréal, Quebec",All-items,120.7
2012-05,Ontario,All-items,122.4
2012-05,"Ottawa-Gatineau, Ontario part, Ontario/Quebec",All-items,122.3
2012-05,"Toronto, Ontario",All-items,122.4
2012-05,"Thunder Bay, Ontario",All-items,118.0
2012-05,Manitoba,All-items,120.8
2012-05,"Winnipeg, Manitoba",All-items,120.4
2012-05,Saskatchewan,All-items,124.5
2012-05,"Regina, Saskatchewan",All-items,125.1
2012-05,"Saskatoon, Saskatchewan",All-items,125.0
2012-05,Alberta,All-items,126.6
2012-05,"Edmonton, Alberta",All-items,127.0
2012-05,"Calgary, Alberta",All-items,126.2
2012-05,British Columbia,All-items,118.6
2012-05,"Vancouver, British Columbia",All-items,119.8
2012-05,"Victoria, British Columbia",All-items,117.6
2012-05,"Whitehorse, Yukon",All-items,121.5
2012-05,"Yellowknife, Northwest Territories",All-items,124.9
2012-05,"Iqaluit, Nunavut",All-items,115.9
2012-06,Canada,All-items,121.6
2012-06,Newfoundland and Labrador,All-items,123.5
2012-06,"St. John's, Newfoundland and Labrador",All-items,123.3
2012-06,Prince Edward Island,All-items,125.2
2012-06,"Charlottetown and Summerside, Prince Edward Island",All-items,124.5
2012-06,Nova Scotia,All-items,124.8
2012-06,"Halifax, Nova Scotia",All-items,123.5
2012-06,New Brunswick,All-items,121.6
2012-06,"Saint John, New Brunswick",All-items,121.8
2012-06,Quebec,All-items,120.6
2012-06,"Québec, Quebec",All-items,120.6
2012-06,"Montréal, Quebec",All-items,120.2
2012-06,Ontario,All-items,121.6
2012-06,"Ottawa-Gatineau, Ontario part, Ontario/Quebec",All-items,121.4
2012-06,"Toronto, Ontario",All-items,121.7
2012-06,"Thunder Bay, Ontario",All-items,117.1
2012-06,Manitoba,All-items,120.3
2012-06,"Winnipeg, Manitoba",All-items,120.0
2012-06,Saskatchewan,All-items,124.1
2012-06,"Regina, Saskatchewan",All-items,124.7
2012-06,"Saskatoon, Saskatchewan",All-items,124.6
2012-06,Alberta,All-items,126.9
2012-06,"Edmonton, Alberta",All-items,127.2
2012-06,"Calgary, Alberta",All-items,126.5
2012-06,British Columbia,All-items,118.2
2012-06,"Vancouver, British Columbia",All-items,119.5
2012-06,"Victoria, British Columbia",All-items,117.1
2012-06,"Whitehorse, Yukon",All-items,121.3
2012-06,"Yellowknife, Northwest Territories",All-items,124.5
2012-06,"Iqaluit, Nunavut",All-items,116.1
2012-07,Canada,All-items,121.5
2012-07,Newfoundland and Labrador,All-items,123.6
2012-07,"St. John's, Newfoundland and Labrador",All-items,123.4
2012-07,Prince Edward Island,All-items,125.2
2012-07,"Charlottetown and Summerside, Prince Edward Island",All-items,124.5
2012-07,Nova Scotia,All-items,124.5
2012-07,"Halifax, Nova Scotia",All-items,123.3
2012-07,New Brunswick,All-items,121.4
2012-07,"Saint John, New Brunswick",All-items,121.6
2012-07,Quebec,All-items,120.5
2012-07,"Québec, Quebec",All-items,120.6
2012-07,"Montréal, Quebec",All-items,120.2
2012-07,Ontario,All-items,121.4
2012-07,"Ottawa-Gatineau, Ontario part, Ontario/Quebec",All-items,121.3
2012-07,"Toronto, Ontario",All-items,121.6
2012-07,"Thunder Bay, Ontario",All-items,116.8
2012-07,Manitoba,All-items,120.3
2012-07,"Winnipeg, Manitoba",All-items,119.9
2012-07,Saskatchewan,All-items,123.9
2012-07,"Regina, Saskatchewan",All-items,124.6
2012-07,"Saskatoon, Saskatchewan",All-items,124.4
2012-07,Alberta,All-items,126.8
2012-07,"Edmonton, Alberta",All-items,127.1
2012-07,"Calgary, Alberta",All-items,126.4
2012-07,British Columbia,All-items,117.9
2012-07,"Vancouver, British Columbia",All-items,119.2
2012-07,"Victoria, British Columbia",All-items,116.7
2012-07,"Whitehorse, Yukon",All-items,121.4
2012-07,"Yellowknife, Northwest Territories",All-items,124.3
2012-07,"Iqaluit, Nunavut",All-items,116.1
2012-08,Canada,All-items,121.8
2012-08,Newfoundland and Labrador,All-items,124.0
2012-08,"St. John's, Newfoundland and Labrador",All-items,123.8
2012-08,Prince Edward Island,All-items,125.6
2012-08,"Charlottetown and Summerside, Prince Edward Island",All-items,124.9
2012-08,Nova Scotia,All-items,125.0
2012-08,"Halifax, Nova Scotia",All-items,123.8
2012-08,New Brunswick,All-items,121.9
2012-08,"Saint John, New Brunswick",All-items,122.0
2012-08,Quebec,All-items,120.9
2012-08,"Québec, Quebec",All-items,121.0
2012-08,"Montréal, Quebec",All-items,120.5
2012-08,Ontario,All-items,121.8
2012-08,"Ottawa-Gatineau, Ontario part, Ontario/Quebec",All-items,121.7
2012-08,"Toronto, Ontario",All-items,121.8
2012-08,"Thunder Bay, Ontario",All-items,117.2
2012-08,Manitoba,All-items,120.5
2012-08,"Winnipeg, Manitoba",All-items,120.2
2012-08,Saskatchewan,All-items,124.2
2012-08,"Regina, Saskatchewan",All-items,124.9
2012-08,"Saskatoon, Saskatchewan",All-items,124.6
2012-08,Alberta,All-items,127.6
2012-08,"Edmonton, Alberta",All-items,127.9
2012-08,"Calgary, Alberta",All-items,127.2
2012-08,British Columbia,All-items,118.1
2012-08,"Vancouver, British Columbia",All-items,119.4
2012-08,"Victoria, British Columbia",All-items,116.9
2012-08,"Whitehorse, Yukon",All-items,121.5
2012-08,"Yellowknife, Northwest Territories",All-items,124.3
2012-08,"Iqaluit, Nunavut",All-items,115.9
2012-09,Canada,All-items,122.0
2012-09,Newfoundland and Labrador,All-items,124.5
2012-09,"St. John's, Newfoundland and Labrador",All-items,124.3
2012-09,Prince Edward Island,All-items,126.2
2012-09,"Charlottetown and Summerside, Prince Edward Island",All-items,125.5
2012-09,Nova Scotia,All-items,125.7
2012-09,"Halifax, Nova Scotia",All-items,124.5
2012-09,New Brunswick,All-items,122.7
2012-09,"Saint John, New Brunswick",All-items,122.8
2012-09,Quebec,All-items,120.9
2012-09,"Québec, Quebec",All-items,121.1
2012-09,"Montréal, Quebec",All-items,120.5
2012-09,Ontario,All-items,122.0
2012-09,"Ottawa-Gatineau, Ontario part, Ontario/Quebec",All-items,121.9
2012-09,"Toronto, Ontario",All-items,122.1
2012-09,"Thunder Bay, Ontario",All-items,117.4
2012-09,Manitoba,All-items,121.0
2012-09,"Winnipeg, Manitoba",All-items,120.6
2012-09,Saskatchewan,All-items,124.5
2012-09,"Regina, Saskatchewan",All-items,125.2
2012-09,"Saskatoon, Saskatchewan",All-items,124.9
2012-09,Alberta,All-items,127.8
2012-09,"Edmonton, Alberta",All-items,128.1
2012-09,"Calgary, Alberta",All-items,127.5
2012-09,British Columbia,All-items,118.1
2012-09,"Vancouver, British Columbia",All-items,119.3
2012-09,"Victoria, British Columbia",All-items,116.8
2012-09,"Whitehorse, Yukon",All-items,121.4
2012-09,"Yellowknife, Northwest Territories",All-items,123.9
2012-09,"Iqaluit, Nunavut",All-items,115.9
2012-10,Canada,All-items,122.2
2012-10,Newfoundland and Labrador,All-items,124.8
2012-10,"St. John's, Newfoundland and Labrador",All-items,124.6
2012-10,Prince Edward Island,All-items,126.5
2012-10,"Charlottetown and Summerside, Prince Edward Island",All-items,125.7
2012-10,Nova Scotia,All-items,125.6
2012-10,"Halifax, Nova Scotia",All-items,124.4
2012-10,New Brunswick,All-items,122.5
2012-10,"Saint John, New Brunswick",All-items,122.6
2012-10,Quebec,All-items,121.3
2012-10,"Québec, Quebec",All-items,121.4
2012-10,"Montréal, Quebec",All-items,120.9
2012-10,Ontario,All-items,122.2
2012-10,"Ottawa-Gatineau, Ontario part, Ontario/Quebec",All-items,122.1
2012-10,"Toronto, Ontario",All-items,122.3
2012-10,"Thunder Bay, Ontario",All-items,117.9
2012-10,Manitoba,All-items,121.3
2012-10,"Winnipeg, Manitoba",All-items,120.9
2012-10,Saskatchewan,All-items,124.8
2012-10,"Regina, Saskatchewan",All-items,125.6
2012-10,"Saskatoon, Saskatchewan",All-items,125.2
2012-10,Alberta,All-items,128.0
2012-10,"Edmonton, Alberta",All-items,128.5
2012-10,"Calgary, Alberta",All-items,127.5
2012-10,British Columbia,All-items,118.0
2012-10,"Vancouver, British Columbia",All-items,119.3
2012-10,"Victoria, British Columbia",All-items,116.8
2012-10,"Whitehorse, Yukon",All-items,121.6
2012-10,"Yellowknife, Northwest Territories",All-items,124.4
2012-10,"Iqaluit, Nunavut",All-items,115.2
2012-11,Canada,All-items,121.9
2012-11,Newfoundland and Labrador,All-items,124.3
2012-11,"St. John's, Newfoundland and Labrador",All-items,124.1
2012-11,Prince Edward Island,All-items,125.9
2012-11,"Charlottetown and Summerside, Prince Edward Island",All-items,125.2
2012-11,Nova Scotia,All-items,125.5
2012-11,"Halifax, Nova Scotia",All-items,124.3
2012-11,New Brunswick,All-items,122.0
2012-11,"Saint John, New Brunswick",All-items,122.1
2012-11,Quebec,All-items,121.1
2012-11,"Québec, Quebec",All-items,121.3
2012-11,"Montréal, Quebec",All-items,120.8
2012-11,Ontario,All-items,121.9
2012-11,"Ottawa-Gatineau, Ontario part, Ontario/Quebec",All-items,121.9
2012-11,"Toronto, Ontario",All-items,122.0
2012-11,"Thunder Bay, Ontario",All-items,117.6
2012-11,Manitoba,All-items,121.1
2012-11,"Winnipeg, Manitoba",All-items,120.8
2012-11,Saskatchewan,All-items,124.5
2012-11,"Regina, Saskatchewan",All-items,125.3
2012-11,"Saskatoon, Saskatchewan",All-items,125.0
2012-11,Alberta,All-items,127.3
2012-11,"Edmonton, Alberta",All-items,127.7
2012-11,"Calgary, Alberta",All-items,126.9
2012-11,British Columbia,All-items,117.6
2012-11,"Vancouver, British Columbia",All-items,118.9
2012-11,"Victoria, British Columbia",All-items,116.3
2012-11,"Whitehorse, Yukon",All-items,121.6
2012-11,"Yellowknife, Northwest Territories",All-items,124.9
2012-11,"Iqaluit, Nunavut",All-items,115.3
2012-12,Canada,All-items,121.2
2012-12,Newfoundland and Labrador,All-items,123.5
2012-12,"St. John's, Newfoundland and Labrador",All-items,123.4
2012-12,Prince Edward Island,All-items,124.9
2012-12,"Charlottetown and Summerside, Prince Edward Island",All-items,124.2
2012-12,Nova Scotia,All-items,124.9
2012-12,"Halifax, Nova Scotia",All-items,123.7
2012-12,New Brunswick,All-items,121.2
2012-12,"Saint John, New Brunswick",All-items,121.4
2012-12,Quebec,All-items,120.5
2012-12,"Québec, Quebec",All-items,120.6
2012-12,"Montréal, Quebec",All-items,120.1
2012-12,Ontario,All-items,121.3
2012-12,"Ottawa-Gatineau, Ontario part, Ontario/Quebec",All-items,121.2
2012-12,"Toronto, Ontario",All-items,121.4
2012-12,"Thunder Bay, Ontario",All-items,116.8
2012-12,Manitoba,All-items,120.2
2012-12,"Winnipeg, Manitoba",All-items,119.9
2012-12,Saskatchewan,All-items,123.3
2012-12,"Regina, Saskatchewan",All-items,124.1
2012-12,"Saskatoon, Saskatchewan",All-items,123.7
2012-12,Alberta,All-items,126.5
2012-12,"Edmonton, Alberta",All-items,127.0
2012-12,"Calgary, Alberta",All-items,126.0
2012-12,British Columbia,All-items,117.0
2012-12,"Vancouver, British Columbia",All-items,118.3
2012-12,"Victoria, British Columbia",All-items,115.6
2012-12,"Whitehorse, Yukon",All-items,121.1
2012-12,"Yellowknife, Northwest Territories",All-items,124.8
2012-12,"Iqaluit, Nunavut",All-items,115.1
2013-01,Canada,All-items,121.3
2013-01,Newfoundland and Labrador,All-items,123.6
2013-01,"St. John's, Newfoundland and Labrador",All-items,123.4
2013-01,Prince Edward Island,All-items,125.2
2013-01,"Charlottetown and Summerside, Prince Edward Island",All-items,124.4
2013-01,Nova Scotia,All-items,125.4
2013-01,"Halifax, Nova Scotia",All-items,124.1
2013-01,New Brunswick,All-items,121.5
2013-01,"Saint John, New Brunswick",All-items,121.5
2013-01,Quebec,All-items,120.4
2013-01,"Québec, Quebec",All-items,120.6
2013-01,"Montréal, Quebec",All-items,120.1
2013-01,Ontario,All-items,121.3
2013-01,"Ottawa-Gatineau, Ontario part, Ontario/Quebec",All-items,121.3
2013-01,"Toronto, Ontario",All-items,121.5
2013-01,"Thunder Bay, Ontario",All-items,116.8
2013-01,Manitoba,All-items,120.3
2013-01,"Winnipeg, Manitoba",All-items,120.0
2013-01,Saskatchewan,All-items,123.5
2013-01,"Regina, Saskatchewan",All-items,124.4
2013-01,"Saskatoon, Saskatchewan",All-items,123.8
2013-01,Alberta,All-items,126.5
2013-01,"Edmonton, Alberta",All-items,126.8
2013-01,"Calgary, Alberta",All-items,126.3
2013-01,British Columbia,All-items,117.1
2013-01,"Vancouver, British Columbia",All-items,118.5
2013-01,"Victoria, British Columbia",All-items,115.8
2013-01,"Whitehorse, Yukon",All-items,120.8
2013-01,"Yellowknife, Northwest Territories",All-items,125.1
2013-01,"Iqaluit, Nunavut",All-items,115.5
2013-02,Canada,All-items,122.7
2013-02,Newfoundland and Labrador,All-items,125.8
2013-02,"St. John's, Newfoundland and Labrador",All-items,125.5
2013-02,Prince Edward Island,All-items,126.7
2013-02,"Charlottetown and Summerside, Prince Edward Island",All-items,125.9
2013-02,Nova Scotia,All-items,126.7
2013-02,"Halifax, Nova Scotia",All-items,125.2
2013-02,New Brunswick,All-items,123.1
2013-02,"Saint John, New Brunswick",All-items,123.1
2013-02,Quebec,All-items,122.1
2013-02,"Québec, Quebec",All-items,122.3
2013-02,"Montréal, Quebec",All-items,121.7
2013-02,Ontario,All-items,122.8
2013-02,"Ottawa-Gatineau, Ontario part, Ontario/Quebec",All-items,122.7
2013-02,"Toronto, Ontario",All-items,122.9
2013-02,"Thunder Bay, Ontario",All-items,118.4
2013-02,Manitoba,All-items,121.6
2013-02,"Winnipeg, Manitoba",All-items,121.3
2013-02,Saskatchewan,All-items,124.9
2013-02,"Regina, Saskatchewan",All-items,125.8
2013-02,"Saskatoon, Saskatchewan",All-items,125.0
2013-02,Alberta,All-items,127.7
2013-02,"Edmonton, Alberta",All-items,128.0
2013-02,"Calgary, Alberta",All-items,127.5
2013-02,British Columbia,All-items,118.3
2013-02,"Vancouver, British Columbia",All-items,119.8
2013-02,"Victoria, British Columbia",All-items,116.9
2013-02,"Whitehorse, Yukon",All-items,121.2
2013-02,"Yellowknife, Northwest Territories",All-items,125.4
2013-02,"Iqaluit, Nunavut",All-items,115.8
2013-03,Canada,All-items,122.9
2013-03,Newfoundland and Labrador,All-items,125.9
2013-03,"St. John's, Newfoundland and Labrador",All-items,125.6
2013-03,Prince Edward Island,All-items,127.1
2013-03,"Charlottetown and Summerside, Prince Edward Island",All-items,126.3
2013-03,Nova Scotia,All-items,126.7
2013-03,"Halifax, Nova Scotia",All-items,125.3
2013-03,New Brunswick,All-items,123.3
2013-03,"Saint John, New Brunswick",All-items,123.4
2013-03,Quebec,All-items,121.8
2013-03,"Québec, Quebec",All-items,122.1
2013-03,"Montréal, Quebec",All-items,121.4
2013-03,Ontario,All-items,123.2
2013-03,"Ottawa-Gatineau, Ontario part, Ontario/Quebec",All-items,123.1
2013-03,"Toronto, Ontario",All-items,123.3
2013-03,"Thunder Bay, Ontario",All-items,118.6
2013-03,Manitoba,All-items,122.3
2013-03,"Winnipeg, Manitoba",All-items,121.9
2013-03,Saskatchewan,All-items,125.2
2013-03,"Regina, Saskatchewan",All-items,126.3
2013-03,"Saskatoon, Saskatchewan",All-items,125.3
2013-03,Alberta,All-items,128.1
2013-03,"Edmonton, Alberta",All-items,128.3
2013-03,"Calgary, Alberta",All-items,127.9
2013-03,British Columbia,All-items,118.5
2013-03,"Vancouver, British Columbia",All-items,120.0
2013-03,"Victoria, British Columbia",All-items,117.1
2013-03,"Whitehorse, Yukon",All-items,121.5
2013-03,"Yellowknife, Northwest Territories",All-items,125.6
2013-03,"Iqaluit, Nunavut",All-items,115.8
2013-04,Canada,All-items,122.7
2013-04,Newfoundland and Labrador,All-items,125.9
2013-04,"St. John's, Newfoundland and Labrador",All-items,125.6
2013-04,Prince Edward Island,All-items,128.6
2013-04,"Charlottetown and Summerside, Prince Edward Island",All-items,127.8
2013-04,Nova Scotia,All-items,126.8
2013-04,"Halifax, Nova Scotia",All-items,125.4
2013-04,New Brunswick,All-items,122.8
2013-04,"Saint John, New Brunswick",All-items,122.8
2013-04,Quebec,All-items,121.8
2013-04,"Québec, Quebec",All-items,122.0
2013-04,"Montréal, Quebec",All-items,121.4
2013-04,Ontario,All-items,122.9
2013-04,"Ottawa-Gatineau, Ontario part, Ontario/Quebec",All-items,122.8
2013-04,"Toronto, Ontario",All-items,123.1
2013-04,"Thunder Bay, Ontario",All-items,118.1
2013-04,Manitoba,All-items,122.6
2013-04,"Winnipeg, Manitoba",All-items,122.2
2013-04,Saskatchewan,All-items,125.4
2013-04,"Regina, Saskatchewan",All-items,126.5
2013-04,"Saskatoon, Saskatchewan",All-items,125.4
2013-04,Alberta,All-items,128.7
2013-04,"Edmonton, Alberta",All-items,129.0
2013-04,"Calgary, Alberta",All-items,128.5
2013-04,British Columbia,All-items,117.2
2013-04,"Vancouver, British Columbia",All-items,118.5
2013-04,"Victoria, British Columbia",All-items,115.8
2013-04,"Whitehorse, Yukon",All-items,121.6
2013-04,"Yellowknife, Northwest Territories",All-items,126.0
2013-04,"Iqaluit, Nunavut",All-items,116.5
2013-05,Canada,All-items,123.0
2013-05,Newfoundland and Labrador,All-items,125.9
2013-05,"St. John's, Newfoundland and Labrador",All-items,125.6
2013-05,Prince Edward Island,All-items,127.9
2013-05,"Charlottetown and Summerside, Prince Edward Island",All-items,127.1
2013-05,Nova Scotia,All-items,126.4
2013-05,"Halifax, Nova Scotia",All-items,125.1
2013-05,New Brunswick,All-items,122.6
2013-05,"Saint John, New Brunswick",All-items,122.6
2013-05,Quebec,All-items,121.9
2013-05,"Québec, Quebec",All-items,122.1
2013-05,"Montréal, Quebec",All-items,121.6
2013-05,Ontario,All-items,123.0
2013-05,"Ottawa-Gatineau, Ontario part, Ontario/Quebec",All-items,122.9
2013-05,"Toronto, Ontario",All-items,123.2
2013-05,"Thunder Bay, Ontario",All-items,118.3
2013-05,Manitoba,All-items,123.0
2013-05,"Winnipeg, Manitoba",All-items,122.6
2013-05,Saskatchewan,All-items,126.0
2013-05,"Regina, Saskatchewan",All-items,127.0
2013-05,"Saskatoon, Saskatchewan",All-items,126.0
2013-05,Alberta,All-items,129.5
2013-05,"Edmonton, Alberta",All-items,129.7
2013-05,"Calgary, Alberta",All-items,129.3
2013-05,British Columbia,All-items,117.9
2013-05,"Vancouver, British Columbia",All-items,119.3
2013-05,"Victoria, British Columbia",All-items,116.5
2013-05,"Whitehorse, Yukon",All-items,122.6
2013-05,"Yellowknife, Northwest Territories",All-items,126.1
2013-05,"Iqaluit, Nunavut",All-items,117.2
2013-06,Canada,All-items,123.0
2013-06,Newfoundland and Labrador,All-items,126.0
2013-06,"St. John's, Newfoundland and Labrador",All-items,125.8
2013-06,Prince Edward Island,All-items,127.9
2013-06,"Charlottetown and Summerside, Prince Edward Island",All-items,127.1
2013-06,Nova Scotia,All-items,126.4
2013-06,"Halifax, Nova Scotia",All-items,125.0
2013-06,New Brunswick,All-items,122.5
2013-06,"Saint John, New Brunswick",All-items,122.5
2013-06,Quebec,All-items,121.8
2013-06,"Québec, Quebec",All-items,122.0
2013-06,"Montréal, Quebec",All-items,121.4
2013-06,Ontario,All-items,123.2
2013-06,"Ottawa-Gatineau, Ontario part, Ontario/Quebec",All-items,123.0
2013-06,"Toronto, Ontario",All-items,123.4
2013-06,"Thunder Bay, Ontario",All-items,118.5
2013-06,Manitoba,All-items,123.6
2013-06,"Winnipeg, Manitoba",All-items,123.1
2013-06,Saskatchewan,All-items,126.2
2013-06,"Regina, Saskatchewan",All-items,127.2
2013-06,"Saskatoon, Saskatchewan",All-items,126.1
2013-06,Alberta,All-items,129.8
2013-06,"Edmonton, Alberta",All-items,130.0
2013-06,"Calgary, Alberta",All-items,129.7
2013-06,British Columbia,All-items,117.6
2013-06,"Vancouver, British Columbia",All-items,119.0
2013-06,"Victoria, British Columbia",All-items,116.2
2013-06,"Whitehorse, Yukon",All-items,124.1
2013-06,"Yellowknife, Northwest Territories",All-items,126.5
2013-06,"Iqaluit, Nunavut",All-items,117.5
2013-07,Canada,All-items,123.1
2013-07,Newfoundland and Labrador,All-items,126.1
2013-07,"St. John's, Newfoundland and Labrador",All-items,125.8
2013-07,Prince Edward Island,All-items,128.1
2013-07,"Charlottetown and Summerside, Prince Edward Island",All-items,127.4
2013-07,Nova Scotia,All-items,126.4
2013-07,"Halifax, Nova Scotia",All-items,125.1
2013-07,New Brunswick,All-items,122.6
2013-07,"Saint John, New Brunswick",All-items,122.6
2013-07,Quebec,All-items,121.8
2013-07,"Québec, Quebec",All-items,122.0
2013-07,"Montréal, Quebec",All-items,121.5
2013-07,Ontario,All-items,123.4
2013-07,"Ottawa-Gatineau, Ontario part, Ontario/Quebec",All-items,123.3
2013-07,"Toronto, Ontario",All-items,123.6
2013-07,"Thunder Bay, Ontario",All-items,118.7
2013-07,Manitoba,All-items,123.9
2013-07,"Winnipeg, Manitoba",All-items,123.4
2013-07,Saskatchewan,All-items,125.9
2013-07,"Regina, Saskatchewan",All-items,126.9
2013-07,"Saskatoon, Saskatchewan",All-items,125.9
2013-07,Alberta,All-items,129.6
2013-07,"Edmonton, Alberta",All-items,129.5
2013-07,"Calgary, Alberta",All-items,129.6
2013-07,British Columbia,All-items,117.9
2013-07,"Vancouver, British Columbia",All-items,119.3
2013-07,"Victoria, British Columbia",All-items,116.4
2013-07,"Whitehorse, Yukon",All-items,124.0
2013-07,"Yellowknife, Northwest Territories",All-items,126.5
2013-07,"Iqaluit, Nunavut",All-items,117.5
2013-08,Canada,All-items,123.1
2013-08,Newfoundland and Labrador,All-items,126.0
2013-08,"St. John's, Newfoundland and Labrador",All-items,125.8
2013-08,Prince Edward Island,All-items,128.6
2013-08,"Charlottetown and Summerside, Prince Edward Island",All-items,127.8
2013-08,Nova Scotia,All-items,126.6
2013-08,"Halifax, Nova Scotia",All-items,125.2
2013-08,New Brunswick,All-items,123.0
2013-08,"Saint John, New Brunswick",All-items,122.9
2013-08,Quebec,All-items,121.9
2013-08,"Québec, Quebec",All-items,122.0
2013-08,"Montréal, Quebec",All-items,121.5
2013-08,Ontario,All-items,123.4
2013-08,"Ottawa-Gatineau, Ontario part, Ontario/Quebec",All-items,123.2
2013-08,"Toronto, Ontario",All-items,123.7
2013-08,"Thunder Bay, Ontario",All-items,118.7
2013-08,Manitoba,All-items,123.8
2013-08,"Winnipeg, Manitoba",All-items,123.4
2013-08,Saskatchewan,All-items,125.7
2013-08,"Regina, Saskatchewan",All-items,126.7
2013-08,"Saskatoon, Saskatchewan",All-items,125.7
2013-08,Alberta,All-items,129.4
2013-08,"Edmonton, Alberta",All-items,129.4
2013-08,"Calgary, Alberta",All-items,129.3
2013-08,British Columbia,All-items,118.0
2013-08,"Vancouver, British Columbia",All-items,119.5
2013-08,"Victoria, British Columbia",All-items,116.5
2013-08,"Whitehorse, Yukon",All-items,124.1
2013-08,"Yellowknife, Northwest Territories",All-items,126.6
2013-08,"Iqaluit, Nunavut",All-items,117.5
2013-09,Canada,All-items,123.3
2013-09,Newfoundland and Labrador,All-items,126.6
2013-09,"St. John's, Newfoundland and Labrador",All-items,126.4
2013-09,Prince Edward Island,All-items,129.0
2013-09,"Charlottetown and Summerside, Prince Edward Island",All-items,128.3
2013-09,Nova Scotia,All-items,127.3
2013-09,"Halifax, Nova Scotia",All-items,126.0
2013-09,New Brunswick,All-items,123.5
2013-09,"Saint John, New Brunswick",All-items,123.5
2013-09,Quebec,All-items,122.0
2013-09,"Québec, Quebec",All-items,122.2
2013-09,"Montréal, Quebec",All-items,121.5
2013-09,Ontario,All-items,123.5
2013-09,"Ottawa-Gatineau, Ontario part, Ontario/Quebec",All-items,123.3
2013-09,"Toronto, Ontario",All-items,123.8
2013-09,"Thunder Bay, Ontario",All-items,118.6
2013-09,Manitoba,All-items,124.0
2013-09,"Winnipeg, Manitoba",All-items,123.6
2013-09,Saskatchewan,All-items,126.4
2013-09,"Regina, Saskatchewan",All-items,127.4
2013-09,"Saskatoon, Saskatchewan",All-items,126.4
2013-09,Alberta,All-items,129.5
2013-09,"Edmonton, Alberta",All-items,129.5
2013-09,"Calgary, Alberta",All-items,129.5
2013-09,British Columbia,All-items,118.1
2013-09,"Vancouver, British Columbia",All-items,119.6
2013-09,"Victoria, British Columbia",All-items,116.5
2013-09,"Whitehorse, Yukon",All-items,124.0
2013-09,"Yellowknife, Northwest Territories",All-items,126.4
2013-09,"Iqaluit, Nunavut",All-items,117.5
2013-10,Canada,All-items,123.0
2013-10,Newfoundland and Labrador,All-items,126.7
2013-10,"St. John's, Newfoundland and Labrador",All-items,126.5
2013-10,Prince Edward Island,All-items,129.0
2013-10,"Charlottetown and Summerside, Prince Edward Island",All-items,128.3
2013-10,Nova Scotia,All-items,126.7
2013-10,"Halifax, Nova Scotia",All-items,125.4
2013-10,New Brunswick,All-items,123.5
2013-10,"Saint John, New Brunswick",All-items,123.5
2013-10,Quebec,All-items,121.6
2013-10,"Québec, Quebec",All-items,121.8
2013-10,"Montréal, Quebec",All-items,121.4
2013-10,Ontario,All-items,123.3
2013-10,"Ottawa-Gatineau, Ontario part, Ontario/Quebec",All-items,123.1
2013-10,"Toronto, Ontario",All-items,123.7
2013-10,"Thunder Bay, Ontario",All-items,118.8
2013-10,Manitoba,All-items,124.0
2013-10,"Winnipeg, Manitoba",All-items,123.6
2013-10,Saskatchewan,All-items,126.7
2013-10,"Regina, Saskatchewan",All-items,127.7
2013-10,"Saskatoon, Saskatchewan",All-items,126.6
2013-10,Alberta,All-items,129.3
2013-10,"Edmonton, Alberta",All-items,129.2
2013-10,"Calgary, Alberta",All-items,129.4
2013-10,British Columbia,All-items,117.7
2013-10,"Vancouver, British Columbia",All-items,119.3
2013-10,"Victoria, British Columbia",All-items,116.2
2013-10,"Whitehorse, Yukon",All-items,123.6
2013-10,"Yellowknife, Northwest Territories",All-items,126.4
2013-10,"Iqaluit, Nunavut",All-items,116.6
2013-11,Canada,All-items,123.0
2013-11,Newfoundland and Labrador,All-items,127.0
2013-11,"St. John's, Newfoundland and Labrador",All-items,126.8
2013-11,Prince Edward Island,All-items,129.2
2013-11,"Charlottetown and Summerside, Prince Edward Island",All-items,128.5
2013-11,Nova Scotia,All-items,126.7
2013-11,"Halifax, Nova Scotia",All-items,125.5
2013-11,New Brunswick,All-items,123.5
2013-11,"Saint John, New Brunswick",All-items,123.5
2013-11,Quebec,All-items,121.8
2013-11,"Québec, Quebec",All-items,121.9
2013-11,"Montréal, Quebec",All-items,121.6
2013-11,Ontario,All-items,123.3
2013-11,"Ottawa-Gatineau, Ontario part, Ontario/Quebec",All-items,123.0
2013-11,"Toronto, Ontario",All-items,123.6
2013-11,"Thunder Bay, Ontario",All-items,118.9
2013-11,Manitoba,All-items,124.0
2013-11,"Winnipeg, Manitoba",All-items,123.7
2013-11,Saskatchewan,All-items,126.3
2013-11,"Regina, Saskatchewan",All-items,127.4
2013-11,"Saskatoon, Saskatchewan",All-items,126.2
2013-11,Alberta,All-items,129.5
2013-11,"Edmonton, Alberta",All-items,129.3
2013-11,"Calgary, Alberta",All-items,129.6
2013-11,British Columbia,All-items,117.4
2013-11,"Vancouver, British Columbia",All-items,119.0
2013-11,"Victoria, British Columbia",All-items,116.0
2013-11,"Whitehorse, Yukon",All-items,123.0
2013-11,"Yellowknife, Northwest Territories",All-items,126.6
2013-11,"Iqaluit, Nunavut",All-items,116.1
2013-12,Canada,All-items,122.7
2013-12,Newfoundland and Labrador,All-items,126.6
2013-12,"St. John's, Newfoundland and Labrador",All-items,126.4
2013-12,Prince Edward Island,All-items,128.6
2013-12,"Charlottetown and Summerside, Prince Edward Island",All-items,127.8
2013-12,Nova Scotia,All-items,126.7
2013-12,"Halifax, Nova Scotia",All-items,125.4
2013-12,New Brunswick,All-items,123.5
2013-12,"Saint John, New Brunswick",All-items,123.4
2013-12,Quebec,All-items,121.5
2013-12,"Québec, Quebec",All-items,121.6
2013-12,"Montréal, Quebec",All-items,121.2
2013-12,Ontario,All-items,123.1
2013-12,"Ottawa-Gatineau, Ontario part, Ontario/Quebec",All-items,122.8
2013-12,"Toronto, Ontario",All-items,123.4
2013-12,"Thunder Bay, Ontario",All-items,118.8
2013-12,Manitoba,All-items,122.7
2013-12,"Winnipeg, Manitoba",All-items,122.4
2013-12,Saskatchewan,All-items,126.1
2013-12,"Regina, Saskatchewan",All-items,127.2
2013-12,"Saskatoon, Saskatchewan",All-items,126.0
2013-12,Alberta,All-items,129.1
2013-12,"Edmonton, Alberta",All-items,128.9
2013-12,"Calgary, Alberta",All-items,129.3
2013-12,British Columbia,All-items,117.0
2013-12,"Vancouver, British Columbia",All-items,118.5
2013-12,"Victoria, British Columbia",All-items,115.6
2013-12,"Whitehorse, Yukon",All-items,123.2
2013-12,"Yellowknife, Northwest Territories",All-items,126.6
2013-12,"Iqaluit, Nunavut",All-items,116.2
2014-01,Canada,All-items,123.1
2014-01,Newfoundland and Labrador,All-items,126.7
2014-01,"St. John's, Newfoundland and Labrador",All-items,126.5
2014-01,Prince Edward Island,All-items,129.2
2014-01,"Charlottetown and Summerside, Prince Edward Island",All-items,128.4
2014-01,Nova Scotia,All-items,127.4
2014-01,"Halifax, Nova Scotia",All-items,126.0
2014-01,New Brunswick,All-items,123.4
2014-01,"Saint John, New Brunswick",All-items,123.4
2014-01,Quebec,All-items,121.7
2014-01,"Québec, Quebec",All-items,121.9
2014-01,"Montréal, Quebec",All-items,121.5
2014-01,Ontario,All-items,123.3
2014-01,"Ottawa-Gatineau, Ontario part, Ontario/Quebec",All-items,123.0
2014-01,"Toronto, Ontario",All-items,123.7
2014-01,"Thunder Bay, Ontario",All-items,118.9
2014-01,Manitoba,All-items,123.4
2014-01,"Winnipeg, Manitoba",All-items,123.1
2014-01,Saskatchewan,All-items,126.4
2014-01,"Regina, Saskatchewan",All-items,127.4
2014-01,"Saskatoon, Saskatchewan",All-items,126.4
2014-01,Alberta,All-items,129.9
2014-01,"Edmonton, Alberta",All-items,129.6
2014-01,"Calgary, Alberta",All-items,130.2
2014-01,British Columbia,All-items,117.1
2014-01,"Vancouver, British Columbia",All-items,118.7
2014-01,"Victoria, British Columbia",All-items,115.7
2014-01,"Whitehorse, Yukon",All-items,123.4
2014-01,"Yellowknife, Northwest Territories",All-items,127.0
2014-01,"Iqaluit, Nunavut",All-items,116.7
2014-02,Canada,All-items,124.1
2014-02,Newfoundland and Labrador,All-items,127.6
2014-02,"St. John's, Newfoundland and Labrador",All-items,127.4
2014-02,Prince Edward Island,All-items,130.1
2014-02,"Charlottetown and Summerside, Prince Edward Island",All-items,129.2
2014-02,Nova Scotia,All-items,128.4
2014-02,"Halifax, Nova Scotia",All-items,127.0
2014-02,New Brunswick,All-items,124.4
2014-02,"Saint John, New Brunswick",All-items,124.4
2014-02,Quebec,All-items,122.6
2014-02,"Québec, Quebec",All-items,122.7
2014-02,"Montréal, Quebec",All-items,122.3
2014-02,Ontario,All-items,124.6
2014-02,"Ottawa-Gatineau, Ontario part, Ontario/Quebec",All-items,124.2
2014-02,"Toronto, Ontario",All-items,125.0
2014-02,"Thunder Bay, Ontario",All-items,120.0
2014-02,Manitoba,All-items,124.3
2014-02,"Winnipeg, Manitoba",All-items,123.9
2014-02,Saskatchewan,All-items,127.8
2014-02,"Regina, Saskatchewan",All-items,128.7
2014-02,"Saskatoon, Saskatchewan",All-items,127.7
2014-02,Alberta,All-items,130.8
2014-02,"Edmonton, Alberta",All-items,130.4
2014-02,"Calgary, Alberta",All-items,131.2
2014-02,British Columbia,All-items,118.0
2014-02,"Vancouver, British Columbia",All-items,119.5
2014-02,"Victoria, British Columbia",All-items,116.5
2014-02,"Whitehorse, Yukon",All-items,124.0
2014-02,"Yellowknife, Northwest Territories",All-items,127.9
2014-02,"Iqaluit, Nunavut",All-items,117.2
2014-03,Canada,All-items,124.8
2014-03,Newfoundland and Labrador,All-items,128.4
2014-03,"St. John's, Newfoundland and Labrador",All-items,128.2
2014-03,Prince Edward Island,All-items,130.9
2014-03,"Charlottetown and Summerside, Prince Edward Island",All-items,130.0
2014-03,Nova Scotia,All-items,128.9
2014-03,"Halifax, Nova Scotia",All-items,127.6
2014-03,New Brunswick,All-items,125.1
2014-03,"Saint John, New Brunswick",All-items,125.2
2014-03,Quebec,All-items,122.9
2014-03,"Québec, Quebec",All-items,123.0
2014-03,"Montréal, Quebec",All-items,122.6
2014-03,Ontario,All-items,125.1
2014-03,"Ottawa-Gatineau, Ontario part, Ontario/Quebec",All-items,124.7
2014-03,"Toronto, Ontario",All-items,125.5
2014-03,"Thunder Bay, Ontario",All-items,120.4
2014-03,Manitoba,All-items,125.1
2014-03,"Winnipeg, Manitoba",All-items,124.7
2014-03,Saskatchewan,All-items,128.7
2014-03,"Regina, Saskatchewan",All-items,129.7
2014-03,"Saskatoon, Saskatchewan",All-items,128.6
2014-03,Alberta,All-items,133.1
2014-03,"Edmonton, Alberta",All-items,132.5
2014-03,"Calgary, Alberta",All-items,133.8
2014-03,British Columbia,All-items,118.6
2014-03,"Vancouver, British Columbia",All-items,120.3
2014-03,"Victoria, British Columbia",All-items,117.0
2014-03,"Whitehorse, Yukon",All-items,124.3
2014-03,"Yellowknife, Northwest Territories",All-items,128.0
2014-03,"Iqaluit, Nunavut",All-items,117.3
2014-04,Canada,All-items,125.2
2014-04,Newfoundland and Labrador,All-items,128.8
2014-04,"St. John's, Newfoundland and Labrador",All-items,128.6
2014-04,Prince Edward Island,All-items,130.5
2014-04,"Charlottetown and Summerside, Prince Edward Island",All-items,129.6
2014-04,Nova Scotia,All-items,129.1
2014-04,"Halifax, Nova Scotia",All-items,127.7
2014-04,New Brunswick,All-items,125.0
2014-04,"Saint John, New Brunswick",All-items,125.0
2014-04,Quebec,All-items,123.4
2014-04,"Québec, Quebec",All-items,123.6
2014-04,"Montréal, Quebec",All-items,123.2
2014-04,Ontario,All-items,125.9
2014-04,"Ottawa-Gatineau, Ontario part, Ontario/Quebec",All-items,125.3
2014-04,"Toronto, Ontario",All-items,126.4
2014-04,"Thunder Bay, Ontario",All-items,121.1
2014-04,Manitoba,All-items,125.4
2014-04,"Winnipeg, Manitoba",All-items,124.9
2014-04,Saskatchewan,All-items,128.9
2014-04,"Regina, Saskatchewan",All-items,129.9
2014-04,"Saskatoon, Saskatchewan",All-items,128.6
2014-04,Alberta,All-items,132.2
2014-04,"Edmonton, Alberta",All-items,131.9
2014-04,"Calgary, Alberta",All-items,132.6
2014-04,British Columbia,All-items,119.0
2014-04,"Vancouver, British Columbia",All-items,120.7
2014-04,"Victoria, British Columbia",All-items,117.3
2014-04,"Whitehorse, Yukon",All-items,124.4
2014-04,"Yellowknife, Northwest Territories",All-items,127.7
2014-04,"Iqaluit, Nunavut",All-items,117.7
2014-05,Canada,All-items,125.8
2014-05,Newfoundland and Labrador,All-items,129.2
2014-05,"St. John's, Newfoundland and Labrador",All-items,129.0
2014-05,Prince Edward Island,All-items,130.6
2014-05,"Charlottetown and Summerside, Prince Edward Island",All-items,129.7
2014-05,Nova Scotia,All-items,129.5
2014-05,"Halifax, Nova Scotia",All-items,128.2
2014-05,New Brunswick,All-items,125.3
2014-05,"Saint John, New Brunswick",All-items,125.3
2014-05,Quebec,All-items,123.8
2014-05,"Québec, Quebec",All-items,123.9
2014-05,"Montréal, Quebec",All-items,123.5
2014-05,Ontario,All-items,126.5
2014-05,"Ottawa-Gatineau, Ontario part, Ontario/Quebec",All-items,125.9
2014-05,"Toronto, Ontario",All-items,127.0
2014-05,"Thunder Bay, Ontario",All-items,121.7
2014-05,Manitoba,All-items,126.2
2014-05,"Winnipeg, Manitoba",All-items,125.8
2014-05,Saskatchewan,All-items,129.2
2014-05,"Regina, Saskatchewan",All-items,130.2
2014-05,"Saskatoon, Saskatchewan",All-items,129.0
2014-05,Alberta,All-items,132.8
2014-05,"Edmonton, Alberta",All-items,132.1
2014-05,"Calgary, Alberta",All-items,133.5
2014-05,British Columbia,All-items,119.7
2014-05,"Vancouver, British Columbia",All-items,121.2
2014-05,"Victoria, British Columbia",All-items,118.0
2014-05,"Whitehorse, Yukon",All-items,125.1
2014-05,"Yellowknife, Northwest Territories",All-items,128.7
2014-05,"Iqaluit, Nunavut",All-items,118.1
2014-06,Canada,All-items,125.9
2014-06,Newfoundland and Labrador,All-items,129.1
2014-06,"St. John's, Newfoundland and Labrador",All-items,128.8
2014-06,Prince Edward Island,All-items,130.5
2014-06,"Charlottetown and Summerside, Prince Edward Island",All-items,129.6
2014-06,Nova Scotia,All-items,129.2
2014-06,"Halifax, Nova Scotia",All-items,127.7
2014-06,New Brunswick,All-items,124.9
2014-06,"Saint John, New Brunswick",All-items,124.8
2014-06,Quebec,All-items,123.9
2014-06,"Québec, Quebec",All-items,124.0
2014-06,"Montréal, Quebec",All-items,123.6
2014-06,Ontario,All-items,126.9
2014-06,"Ottawa-Gatineau, Ontario part, Ontario/Quebec",All-items,126.3
2014-06,"Toronto, Ontario",All-items,127.4
2014-06,"Thunder Bay, Ontario",All-items,122.1
2014-06,Manitoba,All-items,126.0
2014-06,"Winnipeg, Manitoba",All-items,125.6
2014-06,Saskatchewan,All-items,129.0
2014-06,"Regina, Saskatchewan",All-items,129.9
2014-06,"Saskatoon, Saskatchewan",All-items,128.8
2014-06,Alberta,All-items,132.3
2014-06,"Edmonton, Alberta",All-items,132.1
2014-06,"Calgary, Alberta",All-items,132.8
2014-06,British Columbia,All-items,119.8
2014-06,"Vancouver, British Columbia",All-items,121.4
2014-06,"Victoria, British Columbia",All-items,118.1
2014-06,"Whitehorse, Yukon",All-items,125.3
2014-06,"Yellowknife, Northwest Territories",All-items,128.8
2014-06,"Iqaluit, Nunavut",All-items,118.7
2014-07,Canada,All-items,125.7
2014-07,Newfoundland and Labrador,All-items,128.9
2014-07,"St. John's, Newfoundland and Labrador",All-items,128.7
2014-07,Prince Edward Island,All-items,130.4
2014-07,"Charlottetown and Summerside, Prince Edward Island",All-items,129.6
2014-07,Nova Scotia,All-items,128.9
2014-07,"Halifax, Nova Scotia",All-items,127.5
2014-07,New Brunswick,All-items,124.8
2014-07,"Saint John, New Brunswick",All-items,124.7
2014-07,Quebec,All-items,123.7
2014-07,"Québec, Quebec",All-items,123.8
2014-07,"Montréal, Quebec",All-items,123.5
2014-07,Ontario,All-items,126.5
2014-07,"Ottawa-Gatineau, Ontario part, Ontario/Quebec",All-items,125.9
2014-07,"Toronto, Ontario",All-items,126.9
2014-07,"Thunder Bay, Ontario",All-items,121.7
2014-07,Manitoba,All-items,125.8
2014-07,"Winnipeg, Manitoba",All-items,125.4
2014-07,Saskatchewan,All-items,129.0
2014-07,"Regina, Saskatchewan",All-items,129.9
2014-07,"Saskatoon, Saskatchewan",All-items,128.8
2014-07,Alberta,All-items,132.9
2014-07,"Edmonton, Alberta",All-items,132.4
2014-07,"Calgary, Alberta",All-items,133.4
2014-07,British Columbia,All-items,119.6
2014-07,"Vancouver, British Columbia",All-items,121.2
2014-07,"Victoria, British Columbia",All-items,118.0
2014-07,"Whitehorse, Yukon",All-items,125.2
2014-07,"Yellowknife, Northwest Territories",All-items,128.7
2014-07,"Iqaluit, Nunavut",All-items,118.9
2014-08,Canada,All-items,125.7
2014-08,Newfoundland and Labrador,All-items,129.1
2014-08,"St. John's, Newfoundland and Labrador",All-items,128.9
2014-08,Prince Edward Island,All-items,130.2
2014-08,"Charlottetown and Summerside, Prince Edward Island",All-items,129.4
2014-08,Nova Scotia,All-items,129.0
2014-08,"Halifax, Nova Scotia",All-items,127.7
2014-08,New Brunswick,All-items,124.9
2014-08,"Saint John, New Brunswick",All-items,124.7
2014-08,Quebec,All-items,123.8
2014-08,"Québec, Quebec",All-items,124.0
2014-08,"Montréal, Quebec",All-items,123.7
2014-08,Ontario,All-items,126.5
2014-08,"Ottawa-Gatineau, Ontario part, Ontario/Quebec",All-items,125.9
2014-08,"Toronto, Ontario",All-items,126.9
2014-08,"Thunder Bay, Ontario",All-items,121.6
2014-08,Manitoba,All-items,125.6
2014-08,"Winnipeg, Manitoba",All-items,125.2
2014-08,Saskatchewan,All-items,129.1
2014-08,"Regina, Saskatchewan",All-items,130.1
2014-08,"Saskatoon, Saskatchewan",All-items,129.0
2014-08,Alberta,All-items,132.7
2014-08,"Edmonton, Alberta",All-items,132.2
2014-08,"Calgary, Alberta",All-items,133.4
2014-08,British Columbia,All-items,119.6
2014-08,"Vancouver, British Columbia",All-items,121.2
2014-08,"Victoria, British Columbia",All-items,118.0
2014-08,"Whitehorse, Yukon",All-items,125.1
2014-08,"Yellowknife, Northwest Territories",All-items,129.0
2014-08,"Iqaluit, Nunavut",All-items,119.0
2014-09,Canada,All-items,125.8
2014-09,Newfoundland and Labrador,All-items,129.1
2014-09,"St. John's, Newfoundland and Labrador",All-items,128.8
2014-09,Prince Edward Island,All-items,130.5
2014-09,"Charlottetown and Summerside, Prince Edward Island",All-items,129.7
2014-09,Nova Scotia,All-items,129.5
2014-09,"Halifax, Nova Scotia",All-items,128.2
2014-09,New Brunswick,All-items,125.2
2014-09,"Saint John, New Brunswick",All-items,125.1
2014-09,Quebec,All-items,123.9
2014-09,"Québec, Quebec",All-items,124.1
2014-09,"Montréal, Quebec",All-items,123.8
2014-09,Ontario,All-items,126.7
2014-09,"Ottawa-Gatineau, Ontario part, Ontario/Quebec",All-items,126.1
2014-09,"Toronto, Ontario",All-items,127.2
2014-09,"Thunder Bay, Ontario",All-items,121.6
2014-09,Manitoba,All-items,125.8
2014-09,"Winnipeg, Manitoba",All-items,125.4
2014-09,Saskatchewan,All-items,129.2
2014-09,"Regina, Saskatchewan",All-items,130.2
2014-09,"Saskatoon, Saskatchewan",All-items,129.1
2014-09,Alberta,All-items,132.9
2014-09,"Edmonton, Alberta",All-items,132.3
2014-09,"Calgary, Alberta",All-items,133.6
2014-09,British Columbia,All-items,119.5
2014-09,"Vancouver, British Columbia",All-items,121.2
2014-09,"Victoria, British Columbia",All-items,117.9
2014-09,"Whitehorse, Yukon",All-items,124.9
2014-09,"Yellowknife, Northwest Territories",All-items,128.7
2014-09,"Iqaluit, Nunavut",All-items,118.8
2014-10,Canada,All-items,125.9
2014-10,Newfoundland and Labrador,All-items,129.0
2014-10,"St. John's, Newfoundland and Labrador",All-items,128.8
2014-10,Prince Edward Island,All-items,130.5
2014-10,"Charlottetown and Summerside, Prince Edward Island",All-items,129.8
2014-10,Nova Scotia,All-items,129.4
2014-10,"Halifax, Nova Scotia",All-items,128.2
2014-10,New Brunswick,All-items,125.5
2014-10,"Saint John, New Brunswick",All-items,125.4
2014-10,Quebec,All-items,124.3
2014-10,"Québec, Quebec",All-items,124.5
2014-10,"Montréal, Quebec",All-items,124.1
2014-10,Ontario,All-items,126.8
2014-10,"Ottawa-Gatineau, Ontario part, Ontario/Quebec",All-items,126.1
2014-10,"Toronto, Ontario",All-items,127.4
2014-10,"Thunder Bay, Ontario",All-items,121.6
2014-10,Manitoba,All-items,125.6
2014-10,"Winnipeg, Manitoba",All-items,125.3
2014-10,Saskatchewan,All-items,129.9
2014-10,"Regina, Saskatchewan",All-items,130.9
2014-10,"Saskatoon, Saskatchewan",All-items,129.9
2014-10,Alberta,All-items,133.2
2014-10,"Edmonton, Alberta",All-items,132.8
2014-10,"Calgary, Alberta",All-items,133.7
2014-10,British Columbia,All-items,119.0
2014-10,"Vancouver, British Columbia",All-items,120.6
2014-10,"Victoria, British Columbia",All-items,117.5
2014-10,"Whitehorse, Yukon",All-items,124.3
2014-10,"Yellowknife, Northwest Territories",All-items,129.0
2014-10,"Iqaluit, Nunavut",All-items,118.4
2014-11,Canada,All-items,125.4
2014-11,Newfoundland and Labrador,All-items,127.9
2014-11,"St. John's, Newfoundland and Labrador",All-items,127.6
2014-11,Prince Edward Island,All-items,129.3
2014-11,"Charlottetown and Summerside, Prince Edward Island",All-items,128.6
2014-11,Nova Scotia,All-items,128.6
2014-11,"Halifax, Nova Scotia",All-items,127.4
2014-11,New Brunswick,All-items,124.9
2014-11,"Saint John, New Brunswick",All-items,124.7
2014-11,Quebec,All-items,123.8
2014-11,"Québec, Quebec",All-items,123.9
2014-11,"Montréal, Quebec",All-items,123.8
2014-11,Ontario,All-items,126.3
2014-11,"Ottawa-Gatineau, Ontario part, Ontario/Quebec",All-items,125.5
2014-11,"Toronto, Ontario",All-items,126.9
2014-11,"Thunder Bay, Ontario",All-items,121.2
2014-11,Manitoba,All-items,125.4
2014-11,"Winnipeg, Manitoba",All-items,125.1
2014-11,Saskatchewan,All-items,129.0
2014-11,"Regina, Saskatchewan",All-items,129.9
2014-11,"Saskatoon, Saskatchewan",All-items,129.1
2014-11,Alberta,All-items,132.1
2014-11,"Edmonton, Alberta",All-items,131.9
2014-11,"Calgary, Alberta",All-items,132.6
2014-11,British Columbia,All-items,118.8
2014-11,"Vancouver, British Columbia",All-items,120.5
2014-11,"Victoria, British Columbia",All-items,117.4
2014-11,"Whitehorse, Yukon",All-items,123.9
2014-11,"Yellowknife, Northwest Territories",All-items,129.0
2014-11,"Iqaluit, Nunavut",All-items,118.1
2014-12,Canada,All-items,124.5
2014-12,Newfoundland and Labrador,All-items,126.8
2014-12,"St. John's, Newfoundland and Labrador",All-items,126.6
2014-12,Prince Edward Island,All-items,128.1
2014-12,"Charlottetown and Summerside, Prince Edward Island",All-items,127.5
2014-12,Nova Scotia,All-items,127.4
2014-12,"Halifax, Nova Scotia",All-items,126.2
2014-12,New Brunswick,All-items,124.1
2014-12,"Saint John, New Brunswick",All-items,123.9
2014-12,Quebec,All-items,122.8
2014-12,"Québec, Quebec",All-items,122.9
2014-12,"Montréal, Quebec",All-items,122.9
2014-12,Ontario,All-items,125.4
2014-12,"Ottawa-Gatineau, Ontario part, Ontario/Quebec",All-items,124.7
2014-12,"Toronto, Ontario",All-items,126.2
2014-12,"Thunder Bay, Ontario",All-items,120.3
2014-12,Manitoba,All-items,124.5
2014-12,"Winnipeg, Manitoba",All-items,124.3
2014-12,Saskatchewan,All-items,128.3
2014-12,"Regina, Saskatchewan",All-items,129.2
2014-12,"Saskatoon, Saskatchewan",All-items,128.5
2014-12,Alberta,All-items,131.5
2014-12,"Edmonton, Alberta",All-items,131.1
2014-12,"Calgary, Alberta",All-items,132.1
2014-12,British Columbia,All-items,118.1
2014-12,"Vancouver, British Columbia",All-items,119.6
2014-12,"Victoria, British Columbia",All-items,116.7
2014-12,"Whitehorse, Yukon",All-items,123.1
2014-12,"Yellowknife, Northwest Territories",All-items,128.7
2014-12,"Iqaluit, Nunavut",All-items,117.9
2015-01,Canada,All-items,124.3
2015-01,Newfoundland and Labrador,All-items,126.2
2015-01,"St. John's, Newfoundland and Labrador",All-items,126.1
2015-01,Prince Edward Island,All-items,126.7
2015-01,"Charlottetown and Summerside, Prince Edward Island",All-items,126.3
2015-01,Nova Scotia,All-items,126.9
2015-01,"Halifax, Nova Scotia",All-items,125.8
2015-01,New Brunswick,All-items,123.1
2015-01,"Saint John, New Brunswick",All-items,123.0
2015-01,Quebec,All-items,122.6
2015-01,"Québec, Quebec",All-items,122.7
2015-01,"Montréal, Quebec",All-items,122.9
2015-01,Ontario,All-items,125.3
2015-01,"Ottawa-Gatineau, Ontario part, Ontario/Quebec",All-items,124.5
2015-01,"Toronto, Ontario",All-items,126.3
2015-01,"Thunder Bay, Ontario",All-items,120.2
2015-01,Manitoba,All-items,124.3
2015-01,"Winnipeg, Manitoba",All-items,124.2
2015-01,Saskatchewan,All-items,128.2
2015-01,"Regina, Saskatchewan",All-items,128.9
2015-01,"Saskatoon, Saskatchewan",All-items,128.5
2015-01,Alberta,All-items,131.0
2015-01,"Edmonton, Alberta",All-items,130.5
2015-01,"Calgary, Alberta",All-items,131.7
2015-01,British Columbia,All-items,118.0
2015-01,"Vancouver, British Columbia",All-items,119.7
2015-01,"Victoria, British Columbia",All-items,116.7
2015-01,"Whitehorse, Yukon",All-items,121.8
2015-01,"Yellowknife, Northwest Territories",All-items,128.1
2015-01,"Iqaluit, Nunavut",All-items,118.2
2015-02,Canada,All-items,125.4
2015-02,Newfoundland and Labrador,All-items,127.5
2015-02,"St. John's, Newfoundland and Labrador",All-items,127.2
2015-02,Prince Edward Island,All-items,128.2
2015-02,"Charlottetown and Summerside, Prince Edward Island",All-items,127.7
2015-02,Nova Scotia,All-items,128.0
2015-02,"Halifax, Nova Scotia",All-items,126.9
2015-02,New Brunswick,All-items,124.2
2015-02,"Saint John, New Brunswick",All-items,124.1
2015-02,Quebec,All-items,123.9
2015-02,"Québec, Quebec",All-items,123.9
2015-02,"Montréal, Quebec",All-items,124.1
2015-02,Ontario,All-items,126.2
2015-02,"Ottawa-Gatineau, Ontario part, Ontario/Quebec",All-items,125.4
2015-02,"Toronto, Ontario",All-items,127.2
2015-02,"Thunder Bay, Ontario",All-items,121.1
2015-02,Manitoba,All-items,125.2
2015-02,"Winnipeg, Manitoba",All-items,125.0
2015-02,Saskatchewan,All-items,129.3
2015-02,"Regina, Saskatchewan",All-items,130.1
2015-02,"Saskatoon, Saskatchewan",All-items,129.6
2015-02,Alberta,All-items,132.0
2015-02,"Edmonton, Alberta",All-items,131.6
2015-02,"Calgary, Alberta",All-items,132.6
2015-02,British Columbia,All-items,118.9
2015-02,"Vancouver, British Columbia",All-items,120.6
2015-02,"Victoria, British Columbia",All-items,117.4
2015-02,"Whitehorse, Yukon",All-items,122.1
2015-02,"Yellowknife, Northwest Territories",All-items,128.4
2015-02,"Iqaluit, Nunavut",All-items,118.9
2015-03,Canada,All-items,126.3
2015-03,Newfoundland and Labrador,All-items,128.9
2015-03,"St. John's, Newfoundland and Labrador",All-items,128.7
2015-03,Prince Edward Island,All-items,129.8
2015-03,"Charlottetown and Summerside, Prince Edward Island",All-items,129.2
2015-03,Nova Scotia,All-items,129.6
2015-03,"Halifax, Nova Scotia",All-items,128.4
2015-03,New Brunswick,All-items,125.5
2015-03,"Saint John, New Brunswick",All-items,125.3
2015-03,Quebec,All-items,124.7
2015-03,"Québec, Quebec",All-items,124.8
2015-03,"Montréal, Quebec",All-items,124.8
2015-03,Ontario,All-items,127.1
2015-03,"Ottawa-Gatineau, Ontario part, Ontario/Quebec",All-items,126.2
2015-03,"Toronto, Ontario",All-items,127.9
2015-03,"Thunder Bay, Ontario",All-items,122.0
2015-03,Manitoba,All-items,126.6
2015-03,"Winnipeg, Manitoba",All-items,126.5
2015-03,Saskatchewan,All-items,130.5
2015-03,"Regina, Saskatchewan",All-items,131.4
2015-03,"Saskatoon, Saskatchewan",All-items,130.7
2015-03,Alberta,All-items,133.0
2015-03,"Edmonton, Alberta",All-items,132.6
2015-03,"Calgary, Alberta",All-items,133.6
2015-03,British Columbia,All-items,119.8
2015-03,"Vancouver, British Columbia",All-items,121.5
2015-03,"Victoria, British Columbia",All-items,118.2
2015-03,"Whitehorse, Yukon",All-items,123.0
2015-03,"Yellowknife, Northwest Territories",All-items,129.4
2015-03,"Iqaluit, Nunavut",All-items,119.1
2015-04,Canada,All-items,126.2
2015-04,Newfoundland and Labrador,All-items,128.3
2015-04,"St. John's, Newfoundland and Labrador",All-items,128.1
2015-04,Prince Edward Island,All-items,128.9
2015-04,"Charlottetown and Summerside, Prince Edward Island",All-items,128.4
2015-04,Nova Scotia,All-items,129.5
2015-04,"Halifax, Nova Scotia",All-items,128.3
2015-04,New Brunswick,All-items,124.9
2015-04,"Saint John, New Brunswick",All-items,124.8
2015-04,Quebec,All-items,124.7
2015-04,"Québec, Quebec",All-items,124.8
2015-04,"Montréal, Quebec",All-items,124.9
2015-04,Ontario,All-items,126.9
2015-04,"Ottawa-Gatineau, Ontario part, Ontario/Quebec",All-items,126.0
2015-04,"Toronto, Ontario",All-items,127.7
2015-04,"Thunder Bay, Ontario",All-items,121.6
2015-04,Manitoba,All-items,126.5
2015-04,"Winnipeg, Manitoba",All-items,126.3
2015-04,Saskatchewan,All-items,130.5
2015-04,"Regina, Saskatchewan",All-items,131.4
2015-04,"Saskatoon, Saskatchewan",All-items,130.7
2015-04,Alberta,All-items,133.1
2015-04,"Edmonton, Alberta",All-items,132.8
2015-04,"Calgary, Alberta",All-items,133.6
2015-04,British Columbia,All-items,119.6
2015-04,"Vancouver, British Columbia",All-items,121.3
2015-04,"Victoria, British Columbia",All-items,118.1
2015-04,"Whitehorse, Yukon",All-items,123.5
2015-04,"Yellowknife, Northwest Territories",All-items,129.8
2015-04,"Iqaluit, Nunavut",All-items,120.0
2015-05,Canada,All-items,126.9
2015-05,Newfoundland and Labrador,All-items,129.6
2015-05,"St. John's, Newfoundland and Labrador",All-items,129.4
2015-05,Prince Edward Island,All-items,129.7
2015-05,"Charlottetown and Summerside, Prince Edward Island",All-items,129.1
2015-05,Nova Scotia,All-items,130.2
2015-05,"Halifax, Nova Scotia",All-items,128.9
2015-05,New Brunswick,All-items,126.1
2015-05,"Saint John, New Brunswick",All-items,125.9
2015-05,Quebec,All-items,125.3
2015-05,"Québec, Quebec",All-items,125.3
2015-05,"Montréal, Quebec",All-items,125.4
2015-05,Ontario,All-items,127.7
2015-05,"Ottawa-Gatineau, Ontario part, Ontario/Quebec",All-items,126.9
2015-05,"Toronto, Ontario",All-items,128.5
2015-05,"Thunder Bay, Ontario",All-items,122.6
2015-05,Manitoba,All-items,126.8
2015-05,"Winnipeg, Manitoba",All-items,126.6
2015-05,Saskatchewan,All-items,131.1
2015-05,"Regina, Saskatchewan",All-items,131.9
2015-05,"Saskatoon, Saskatchewan",All-items,131.3
2015-05,Alberta,All-items,133.6
2015-05,"Edmonton, Alberta",All-items,133.3
2015-05,"Calgary, Alberta",All-items,134.1
2015-05,British Columbia,All-items,120.6
2015-05,"Vancouver, British Columbia",All-items,122.4
2015-05,"Victoria, British Columbia",All-items,119.0
2015-05,"Whitehorse, Yukon",All-items,124.4
2015-05,"Yellowknife, Northwest Territories",All-items,130.6
2015-05,"Iqaluit, Nunavut",All-items,120.4
2015-06,Canada,All-items,127.2
2015-06,Newfoundland and Labrador,All-items,129.9
2015-06,"St. John's, Newfoundland and Labrador",All-items,129.7
2015-06,Prince Edward Island,All-items,130.4
2015-06,"Charlottetown and Summerside, Prince Edward Island",All-items,129.7
2015-06,Nova Scotia,All-items,130.2
2015-06,"Halifax, Nova Scotia",All-items,128.9
2015-06,New Brunswick,All-items,126.2
2015-06,"Saint John, New Brunswick",All-items,126.0
2015-06,Quebec,All-items,125.2
2015-06,"Québec, Quebec",All-items,125.2
2015-06,"Montréal, Quebec",All-items,125.3
2015-06,Ontario,All-items,128.2
2015-06,"Ottawa-Gatineau, Ontario part, Ontario/Quebec",All-items,127.4
2015-06,"Toronto, Ontario",All-items,128.8
2015-06,"Thunder Bay, Ontario",All-items,123.2
2015-06,Manitoba,All-items,127.3
2015-06,"Winnipeg, Manitoba",All-items,127.0
2015-06,Saskatchewan,All-items,131.5
2015-06,"Regina, Saskatchewan",All-items,132.4
2015-06,"Saskatoon, Saskatchewan",All-items,131.7
2015-06,Alberta,All-items,134.5
2015-06,"Edmonton, Alberta",All-items,134.1
2015-06,"Calgary, Alberta",All-items,135.0
2015-06,British Columbia,All-items,120.7
2015-06,"Vancouver, British Columbia",All-items,122.4
2015-06,"Victoria, British Columbia",All-items,119.2
2015-06,"Whitehorse, Yukon",All-items,125.1
2015-06,"Yellowknife, Northwest Territories",All-items,131.4
2015-06,"Iqaluit, Nunavut",All-items,121.0
2015-07,Canada,All-items,127.3
2015-07,Newfoundland and Labrador,All-items,129.8
2015-07,"St. John's, Newfoundland and Labrador",All-items,129.5
2015-07,Prince Edward Island,All-items,130.3
2015-07,"Charlottetown and Summerside, Prince Edward Island",All-items,129.7
2015-07,Nova Scotia,All-items,130.1
2015-07,"Halifax, Nova Scotia",All-items,128.9
2015-07,New Brunswick,All-items,126.3
2015-07,"Saint John, New Brunswick",All-items,126.1
2015-07,Quebec,All-items,125.3
2015-07,"Québec, Quebec",All-items,125.3
2015-07,"Montréal, Quebec",All-items,125.3
2015-07,Ontario,All-items,128.4
2015-07,"Ottawa-Gatineau, Ontario part, Ontario/Quebec",All-items,127.6
2015-07,"Toronto, Ontario",All-items,129.2
2015-07,"Thunder Bay, Ontario",All-items,123.3
2015-07,Manitoba,All-items,127.1
2015-07,"Winnipeg, Manitoba",All-items,126.8
2015-07,Saskatchewan,All-items,131.4
2015-07,"Regina, Saskatchewan",All-items,132.2
2015-07,"Saskatoon, Saskatchewan",All-items,131.6
2015-07,Alberta,All-items,134.6
2015-07,"Edmonton, Alberta",All-items,134.1
2015-07,"Calgary, Alberta",All-items,135.1
2015-07,British Columbia,All-items,120.8
2015-07,"Vancouver, British Columbia",All-items,122.5
2015-07,"Victoria, British Columbia",All-items,119.3
2015-07,"Whitehorse, Yukon",All-items,125.4
2015-07,"Yellowknife, Northwest Territories",All-items,131.3
2015-07,"Iqaluit, Nunavut",All-items,121.2
2015-08,Canada,All-items,127.3
2015-08,Newfoundland and Labrador,All-items,130.0
2015-08,"St. John's, Newfoundland and Labrador",All-items,129.7
2015-08,Prince Edward Island,All-items,130.1
2015-08,"Charlottetown and Summerside, Prince Edward Island",All-items,129.6
2015-08,Nova Scotia,All-items,130.0
2015-08,"Halifax, Nova Scotia",All-items,128.8
2015-08,New Brunswick,All-items,126.2
2015-08,"Saint John, New Brunswick",All-items,125.9
2015-08,Quebec,All-items,125.2
2015-08,"Québec, Quebec",All-items,125.2
2015-08,"Montréal, Quebec",All-items,125.3
2015-08,Ontario,All-items,128.0
2015-08,"Ottawa-Gatineau, Ontario part, Ontario/Quebec",All-items,127.1
2015-08,"Toronto, Ontario",All-items,128.7
2015-08,"Thunder Bay, Ontario",All-items,122.8
2015-08,Manitoba,All-items,127.8
2015-08,"Winnipeg, Manitoba",All-items,127.6
2015-08,Saskatchewan,All-items,131.6
2015-08,"Regina, Saskatchewan",All-items,132.4
2015-08,"Saskatoon, Saskatchewan",All-items,131.8
2015-08,Alberta,All-items,135.0
2015-08,"Edmonton, Alberta",All-items,134.7
2015-08,"Calgary, Alberta",All-items,135.5
2015-08,British Columbia,All-items,121.0
2015-08,"Vancouver, British Columbia",All-items,122.7
2015-08,"Victoria, British Columbia",All-items,119.4
2015-08,"Whitehorse, Yukon",All-items,126.0
2015-08,"Yellowknife, Northwest Territories",All-items,131.6
2015-08,"Iqaluit, Nunavut",All-items,121.3
2015-09,Canada,All-items,127.1
2015-09,Newfoundland and Labrador,All-items,129.6
2015-09,"St. John's, Newfoundland and Labrador",All-items,129.2
2015-09,Prince Edward Island,All-items,129.4
2015-09,"Charlottetown and Summerside, Prince Edward Island",All-items,128.9
2015-09,Nova Scotia,All-items,129.5
2015-09,"Halifax, Nova Scotia",All-items,128.4
2015-09,New Brunswick,All-items,125.6
2015-09,"Saint John, New Brunswick",All-items,125.4
2015-09,Quebec,All-items,125.1
2015-09,"Québec, Quebec",All-items,125.1
2015-09,"Montréal, Quebec",All-items,125.3
2015-09,Ontario,All-items,127.8
2015-09,"Ottawa-Gatineau, Ontario part, Ontario/Quebec",All-items,126.8
2015-09,"Toronto, Ontario",All-items,129.0
2015-09,"Thunder Bay, Ontario",All-items,122.5
2015-09,Manitoba,All-items,127.4
2015-09,"Winnipeg, Manitoba",All-items,127.2
2015-09,Saskatchewan,All-items,131.0
2015-09,"Regina, Saskatchewan",All-items,131.7
2015-09,"Saskatoon, Saskatchewan",All-items,131.4
2015-09,Alberta,All-items,134.6
2015-09,"Edmonton, Alberta",All-items,134.4
2015-09,"Calgary, Alberta",All-items,135.1
2015-09,British Columbia,All-items,121.0
2015-09,"Vancouver, British Columbia",All-items,122.7
2015-09,"Victoria, British Columbia",All-items,119.5
2015-09,"Whitehorse, Yukon",All-items,125.6
2015-09,"Yellowknife, Northwest Territories",All-items,131.2
2015-09,"Iqaluit, Nunavut",All-items,121.7
2015-10,Canada,All-items,127.2
2015-10,Newfoundland and Labrador,All-items,129.7
2015-10,"St. John's, Newfoundland and Labrador",All-items,129.3
2015-10,Prince Edward Island,All-items,129.4
2015-10,"Charlottetown and Summerside, Prince Edward Island",All-items,128.9
2015-10,Nova Scotia,All-items,129.8
2015-10,"Halifax, Nova Scotia",All-items,128.8
2015-10,New Brunswick,All-items,125.9
2015-10,"Saint John, New Brunswick",All-items,125.7
2015-10,Quebec,All-items,125.2
2015-10,"Québec, Quebec",All-items,125.2
2015-10,"Montréal, Quebec",All-items,125.6
2015-10,Ontario,All-items,127.9
2015-10,"Ottawa-Gatineau, Ontario part, Ontario/Quebec",All-items,126.8
2015-10,"Toronto, Ontario",All-items,129.0
2015-10,"Thunder Bay, Ontario",All-items,122.8
2015-10,Manitoba,All-items,128.0
2015-10,"Winnipeg, Manitoba",All-items,127.8
2015-10,Saskatchewan,All-items,131.7
2015-10,"Regina, Saskatchewan",All-items,132.4
2015-10,"Saskatoon, Saskatchewan",All-items,132.0
2015-10,Alberta,All-items,135.1
2015-10,"Edmonton, Alberta",All-items,134.8
2015-10,"Calgary, Alberta",All-items,135.7
2015-10,British Columbia,All-items,120.6
2015-10,"Vancouver, British Columbia",All-items,122.4
2015-10,"Victoria, British Columbia",All-items,119.0
2015-10,"Whitehorse, Yukon",All-items,124.5
2015-10,"Yellowknife, Northwest Territories",All-items,131.6
2015-10,"Iqaluit, Nunavut",All-items,121.1
2015-11,Canada,All-items,127.1
2015-11,Newfoundland and Labrador,All-items,129.3
2015-11,"St. John's, Newfoundland and Labrador",All-items,128.9
2015-11,Prince Edward Island,All-items,129.6
2015-11,"Charlottetown and Summerside, Prince Edward Island",All-items,129.1
2015-11,Nova Scotia,All-items,129.2
2015-11,"Halifax, Nova Scotia",All-items,128.1
2015-11,New Brunswick,All-items,125.8
2015-11,"Saint John, New Brunswick",All-items,125.6
2015-11,Quebec,All-items,124.9
2015-11,"Québec, Quebec",All-items,124.9
2015-11,"Montréal, Quebec",All-items,125.1
2015-11,Ontario,All-items,127.9
2015-11,"Ottawa-Gatineau, Ontario part, Ontario/Quebec",All-items,126.8
2015-11,"Toronto, Ontario",All-items,129.1
2015-11,"Thunder Bay, Ontario",All-items,122.9
2015-11,Manitoba,All-items,127.7
2015-11,"Winnipeg, Manitoba",All-items,127.4
2015-11,Saskatchewan,All-items,131.7
2015-11,"Regina, Saskatchewan",All-items,132.4
2015-11,"Saskatoon, Saskatchewan",All-items,132.0
2015-11,Alberta,All-items,134.7
2015-11,"Edmonton, Alberta",All-items,134.5
2015-11,"Calgary, Alberta",All-items,135.3
2015-11,British Columbia,All-items,120.8
2015-11,"Vancouver, British Columbia",All-items,122.7
2015-11,"Victoria, British Columbia",All-items,119.0
2015-11,"Whitehorse, Yukon",All-items,124.0
2015-11,"Yellowknife, Northwest Territories",All-items,131.0
2015-11,"Iqaluit, Nunavut",All-items,121.0
2015-12,Canada,All-items,126.5
2015-12,Newfoundland and Labrador,All-items,128.6
2015-12,"St. John's, Newfoundland and Labrador",All-items,128.4
2015-12,Prince Edward Island,All-items,129.2
2015-12,"Charlottetown and Summerside, Prince Edward Island",All-items,128.7
2015-12,Nova Scotia,All-items,128.9
2015-12,"Halifax, Nova Scotia",All-items,127.7
2015-12,New Brunswick,All-items,125.5
2015-12,"Saint John, New Brunswick",All-items,125.4
2015-12,Quebec,All-items,124.4
2015-12,"Québec, Quebec",All-items,124.4
2015-12,"Montréal, Quebec",All-items,124.7
2015-12,Ontario,All-items,127.5
2015-12,"Ottawa-Gatineau, Ontario part, Ontario/Quebec",All-items,126.3
2015-12,"Toronto, Ontario",All-items,128.7
2015-12,"Thunder Bay, Ontario",All-items,122.5
2015-12,Manitoba,All-items,126.4
2015-12,"Winnipeg, Manitoba",All-items,126.2
2015-12,Saskatchewan,All-items,130.6
2015-12,"Regina, Saskatchewan",All-items,131.3
2015-12,"Saskatoon, Saskatchewan",All-items,131.0
2015-12,Alberta,All-items,133.5
2015-12,"Edmonton, Alberta",All-items,133.2
2015-12,"Calgary, Alberta",All-items,134.1
2015-12,British Columbia,All-items,120.4
2015-12,"Vancouver, British Columbia",All-items,122.4
2015-12,"Victoria, British Columbia",All-items,118.7
2015-12,"Whitehorse, Yukon",All-items,124.1
2015-12,"Yellowknife, Northwest Territories",All-items,130.6
2015-12,"Iqaluit, Nunavut",All-items,120.8
2016-01,Canada,All-items,126.8
2016-01,Newfoundland and Labrador,All-items,129.2
2016-01,"St. John's, Newfoundland and Labrador",All-items,128.9
2016-01,Prince Edward Island,All-items,129.1
2016-01,"Charlottetown and Summerside, Prince Edward Island",All-items,128.6
2016-01,Nova Scotia,All-items,129.4
2016-01,"Halifax, Nova Scotia",All-items,128.2
2016-01,New Brunswick,All-items,126.0
2016-01,"Saint John, New Brunswick",All-items,125.9
2016-01,Quebec,All-items,124.6
2016-01,"Québec, Quebec",All-items,124.5
2016-01,"Montréal, Quebec",All-items,124.8
2016-01,Ontario,All-items,127.8
2016-01,"Ottawa-Gatineau, Ontario part, Ontario/Quebec",All-items,126.5
2016-01,"Toronto, Ontario",All-items,129.0
2016-01,"Thunder Bay, Ontario",All-items,122.8
2016-01,Manitoba,All-items,126.9
2016-01,"Winnipeg, Manitoba",All-items,126.7
2016-01,Saskatchewan,All-items,131.0
2016-01,"Regina, Saskatchewan",All-items,131.5
2016-01,"Saskatoon, Saskatchewan",All-items,131.5
2016-01,Alberta,All-items,133.7
2016-01,"Edmonton, Alberta",All-items,133.4
2016-01,"Calgary, Alberta",All-items,134.3
2016-01,British Columbia,All-items,120.7
2016-01,"Vancouver, British Columbia",All-items,122.7
2016-01,"Victoria, British Columbia",All-items,118.9
2016-01,"Whitehorse, Yukon",All-items,124.1
2016-01,"Yellowknife, Northwest Territories",All-items,130.7
2016-01,"Iqaluit, Nunavut",All-items,121.0
2016-02,Canada,All-items,127.1
2016-02,Newfoundland and Labrador,All-items,129.6
2016-02,"St. John's, Newfoundland and Labrador",All-items,129.3
2016-02,Prince Edward Island,All-items,129.6
2016-02,"Charlottetown and Summerside, Prince Edward Island",All-items,129.2
2016-02,Nova Scotia,All-items,129.6
2016-02,"Halifax, Nova Scotia",All-items,128.4
2016-02,New Brunswick,All-items,126.4
2016-02,"Saint John, New Brunswick",All-items,126.3
2016-02,Quebec,All-items,125.1
2016-02,"Québec, Quebec",All-items,125.0
2016-02,"Montréal, Quebec",All-items,125.4
2016-02,Ontario,All-items,128.2
2016-02,"Ottawa-Gatineau, Ontario part, Ontario/Quebec",All-items,126.8
2016-02,"Toronto, Ontario",All-items,129.4
2016-02,"Thunder Bay, Ontario",All-items,123.1
2016-02,Manitoba,All-items,126.6
2016-02,"Winnipeg, Manitoba",All-items,126.4
2016-02,Saskatchewan,All-items,131.1
2016-02,"Regina, Saskatchewan",All-items,131.6
2016-02,"Saskatoon, Saskatchewan",All-items,131.6
2016-02,Alberta,All-items,133.8
2016-02,"Edmonton, Alberta",All-items,133.3
2016-02,"Calgary, Alberta",All-items,134.4
2016-02,British Columbia,All-items,120.8
2016-02,"Vancouver, British Columbia",All-items,122.8
2016-02,"Victoria, British Columbia",All-items,119.1
2016-02,"Whitehorse, Yukon",All-items,123.7
2016-02,"Yellowknife, Northwest Territories",All-items,131.0
2016-02,"Iqaluit, Nunavut",All-items,121.7
2016-03,Canada,All-items,127.9
2016-03,Newfoundland and Labrador,All-items,130.3
2016-03,"St. John's, Newfoundland and Labrador",All-items,129.9
2016-03,Prince Edward Island,All-items,130.2
2016-03,"Charlottetown and Summerside, Prince Edward Island",All-items,129.8
2016-03,Nova Scotia,All-items,130.1
2016-03,"Halifax, Nova Scotia",All-items,129.0
2016-03,New Brunswick,All-items,126.9
2016-03,"Saint John, New Brunswick",All-items,126.8
2016-03,Quebec,All-items,125.6
2016-03,"Québec, Quebec",All-items,125.5
2016-03,"Montréal, Quebec",All-items,125.8
2016-03,Ontario,All-items,129.0
2016-03,"Ottawa-Gatineau, Ontario part, Ontario/Quebec",All-items,127.5
2016-03,"Toronto, Ontario",All-items,130.3
2016-03,"Thunder Bay, Ontario",All-items,123.8
2016-03,Manitoba,All-items,127.8
2016-03,"Winnipeg, Manitoba",All-items,127.6
2016-03,Saskatchewan,All-items,132.2
2016-03,"Regina, Saskatchewan",All-items,132.9
2016-03,"Saskatoon, Saskatchewan",All-items,132.7
2016-03,Alberta,All-items,135.0
2016-03,"Edmonton, Alberta",All-items,134.7
2016-03,"Calgary, Alberta",All-items,135.5
2016-03,British Columbia,All-items,121.8
2016-03,"Vancouver, British Columbia",All-items,124.0
2016-03,"Victoria, British Columbia",All-items,120.0
2016-03,"Whitehorse, Yukon",All-items,124.2
2016-03,"Yellowknife, Northwest Territories",All-items,131.6
2016-03,"Iqaluit, Nunavut",All-items,122.1
2016-04,Canada,All-items,128.3
2016-04,Newfoundland and Labrador,All-items,130.9
2016-04,"St. John's, Newfoundland and Labrador",All-items,130.6
2016-04,Prince Edward Island,All-items,131.1
2016-04,"Charlottetown and Summerside, Prince Edward Island",All-items,130.6
2016-04,Nova Scotia,All-items,131.0
2016-04,"Halifax, Nova Scotia",All-items,129.9
2016-04,New Brunswick,All-items,127.7
2016-04,"Saint John, New Brunswick",All-items,127.6
2016-04,Quebec,All-items,126.0
2016-04,"Québec, Quebec",All-items,125.9
2016-04,"Montréal, Quebec",All-items,126.2
2016-04,Ontario,All-items,129.6
2016-04,"Ottawa-Gatineau, Ontario part, Ontario/Quebec",All-items,128.1
2016-04,"Toronto, Ontario",All-items,130.7
2016-04,"Thunder Bay, Ontario",All-items,124.3
2016-04,Manitoba,All-items,128.1
2016-04,"Winnipeg, Manitoba",All-items,127.8
2016-04,Saskatchewan,All-items,132.3
2016-04,"Regina, Saskatchewan",All-items,133.1
2016-04,"Saskatoon, Saskatchewan",All-items,132.7
2016-04,Alberta,All-items,135.1
2016-04,"Edmonton, Alberta",All-items,135.0
2016-04,"Calgary, Alberta",All-items,135.5
2016-04,British Columbia,All-items,121.8
2016-04,"Vancouver, British Columbia",All-items,124.0
2016-04,"Victoria, British Columbia",All-items,120.0
2016-04,"Whitehorse, Yukon",All-items,124.4
2016-04,"Yellowknife, Northwest Territories",All-items,131.9
2016-04,"Iqaluit, Nunavut",All-items,122.8
2016-05,Canada,All-items,128.8
2016-05,Newfoundland and Labrador,All-items,131.5
2016-05,"St. John's, Newfoundland and Labrador",All-items,131.2
2016-05,Prince Edward Island,All-items,131.4
2016-05,"Charlottetown and Summerside, Prince Edward Island",All-items,130.8
2016-05,Nova Scotia,All-items,131.6
2016-05,"Halifax, Nova Scotia",All-items,130.5
2016-05,New Brunswick,All-items,128.1
2016-05,"Saint John, New Brunswick",All-items,127.9
2016-05,Quebec,All-items,126.2
2016-05,"Québec, Quebec",All-items,126.2
2016-05,"Montréal, Quebec",All-items,126.6
2016-05,Ontario,All-items,130.1
2016-05,"Ottawa-Gatineau, Ontario part, Ontario/Quebec",All-items,128.7
2016-05,"Toronto, Ontario",All-items,131.2
2016-05,"Thunder Bay, Ontario",All-items,124.9
2016-05,Manitoba,All-items,128.9
2016-05,"Winnipeg, Manitoba",All-items,128.6
2016-05,Saskatchewan,All-items,132.7
2016-05,"Regina, Saskatchewan",All-items,133.5
2016-05,"Saskatoon, Saskatchewan",All-items,133.1
2016-05,Alberta,All-items,135.6
2016-05,"Edmonton, Alberta",All-items,135.4
2016-05,"Calgary, Alberta",All-items,135.9
2016-05,British Columbia,All-items,122.7
2016-05,"Vancouver, British Columbia",All-items,124.9
2016-05,"Victoria, British Columbia",All-items,121.0
2016-05,"Whitehorse, Yukon",All-items,125.2
2016-05,"Yellowknife, Northwest Territories",All-items,131.9
2016-05,"Iqaluit, Nunavut",All-items,123.1
2016-06,Canada,All-items,129.1
2016-06,Newfoundland and Labrador,All-items,133.0
2016-06,"St. John's, Newfoundland and Labrador",All-items,132.7
2016-06,Prince Edward Island,All-items,131.8
2016-06,"Charlottetown and Summerside, Prince Edward Island",All-items,131.2
2016-06,Nova Scotia,All-items,131.8
2016-06,"Halifax, Nova Scotia",All-items,130.6
2016-06,New Brunswick,All-items,128.5
2016-06,"Saint John, New Brunswick",All-items,128.3
2016-06,Quebec,All-items,126.0
2016-06,"Québec, Quebec",All-items,125.9
2016-06,"Montréal, Quebec",All-items,126.2
2016-06,Ontario,All-items,130.4
2016-06,"Ottawa-Gatineau, Ontario part, Ontario/Quebec",All-items,128.8
2016-06,"Toronto, Ontario",All-items,131.5
2016-06,"Thunder Bay, Ontario",All-items,125.0
2016-06,Manitoba,All-items,130.0
2016-06,"Winnipeg, Manitoba",All-items,129.6
2016-06,Saskatchewan,All-items,133.3
2016-06,"Regina, Saskatchewan",All-items,134.2
2016-06,"Saskatoon, Saskatchewan",All-items,133.6
2016-06,Alberta,All-items,136.3
2016-06,"Edmonton, Alberta",All-items,136.2
2016-06,"Calgary, Alberta",All-items,136.6
2016-06,British Columbia,All-items,123.1
2016-06,"Vancouver, British Columbia",All-items,125.3
2016-06,"Victoria, British Columbia",All-items,121.3
2016-06,"Whitehorse, Yukon",All-items,126.6
2016-06,"Yellowknife, Northwest Territories",All-items,132.6
2016-06,"Iqaluit, Nunavut",All-items,123.7
2016-07,Canada,All-items,128.9
2016-07,Newfoundland and Labrador,All-items,134.2
2016-07,"St. John's, Newfoundland and Labrador",All-items,133.8
2016-07,Prince Edward Island,All-items,131.1
2016-07,"Charlottetown and Summerside, Prince Edward Island",All-items,130.6
2016-07,Nova Scotia,All-items,131.2
2016-07,"Halifax, Nova Scotia",All-items,130.1
2016-07,New Brunswick,All-items,129.4
2016-07,"Saint John, New Brunswick",All-items,129.2
2016-07,Quebec,All-items,125.6
2016-07,"Québec, Quebec",All-items,125.5
2016-07,"Montréal, Quebec",All-items,125.9
2016-07,Ontario,All-items,130.3
2016-07,"Ottawa-Gatineau, Ontario part, Ontario/Quebec",All-items,128.7
2016-07,"Toronto, Ontario",All-items,131.4
2016-07,"Thunder Bay, Ontario",All-items,124.8
2016-07,Manitoba,All-items,129.0
2016-07,"Winnipeg, Manitoba",All-items,128.8
2016-07,Saskatchewan,All-items,132.8
2016-07,"Regina, Saskatchewan",All-items,133.5
2016-07,"Saskatoon, Saskatchewan",All-items,133.1
2016-07,Alberta,All-items,135.6
2016-07,"Edmonton, Alberta",All-items,135.3
2016-07,"Calgary, Alberta",All-items,135.9
2016-07,British Columbia,All-items,123.3
2016-07,"Vancouver, British Columbia",All-items,125.7
2016-07,"Victoria, British Columbia",All-items,121.7
2016-07,"Whitehorse, Yukon",All-items,126.4
2016-07,"Yellowknife, Northwest Territories",All-items,132.4
2016-07,"Iqaluit, Nunavut",All-items,125.0
2016-08,Canada,All-items,128.7
2016-08,Newfoundland and Labrador,All-items,133.9
2016-08,"St. John's, Newfoundland and Labrador",All-items,133.5
2016-08,Prince Edward Island,All-items,130.6
2016-08,"Charlottetown and Summerside, Prince Edward Island",All-items,130.1
2016-08,Nova Scotia,All-items,131.2
2016-08,"Halifax, Nova Scotia",All-items,130.1
2016-08,New Brunswick,All-items,129.0
2016-08,"Saint John, New Brunswick",All-items,128.9
2016-08,Quebec,All-items,125.3
2016-08,"Québec, Quebec",All-items,125.3
2016-08,"Montréal, Quebec",All-items,125.8
2016-08,Ontario,All-items,129.9
2016-08,"Ottawa-Gatineau, Ontario part, Ontario/Quebec",All-items,128.2
2016-08,"Toronto, Ontario",All-items,131.1
2016-08,"Thunder Bay, Ontario",All-items,124.3
2016-08,Manitoba,All-items,129.2
2016-08,"Winnipeg, Manitoba",All-items,128.9
2016-08,Saskatchewan,All-items,132.5
2016-08,"Regina, Saskatchewan",All-items,133.2
2016-08,"Saskatoon, Saskatchewan",All-items,132.9
2016-08,Alberta,All-items,135.9
2016-08,"Edmonton, Alberta",All-items,135.6
2016-08,"Calgary, Alberta",All-items,136.3
2016-08,British Columbia,All-items,123.4
2016-08,"Vancouver, British Columbia",All-items,125.6
2016-08,"Victoria, British Columbia",All-items,121.8
2016-08,"Whitehorse, Yukon",All-items,126.4
2016-08,"Yellowknife, Northwest Territories",All-items,132.1
2016-08,"Iqaluit, Nunavut",All-items,124.9
2016-09,Canada,All-items,128.8
2016-09,Newfoundland and Labrador,All-items,134.5
2016-09,"St. John's, Newfoundland and Labrador",All-items,134.1
2016-09,Prince Edward Island,All-items,130.6
2016-09,"Charlottetown and Summerside, Prince Edward Island",All-items,130.1
2016-09,Nova Scotia,All-items,131.6
2016-09,"Halifax, Nova Scotia",All-items,130.6
2016-09,New Brunswick,All-items,129.4
2016-09,"Saint John, New Brunswick",All-items,129.3
2016-09,Quebec,All-items,125.8
2016-09,"Québec, Quebec",All-items,125.7
2016-09,"Montréal, Quebec",All-items,126.4
2016-09,Ontario,All-items,130.1
2016-09,"Ottawa-Gatineau, Ontario part, Ontario/Quebec",All-items,128.4
2016-09,"Toronto, Ontario",All-items,131.7
2016-09,"Thunder Bay, Ontario",All-items,124.4
2016-09,Manitoba,All-items,129.0
2016-09,"Winnipeg, Manitoba",All-items,128.8
2016-09,Saskatchewan,All-items,132.4
2016-09,"Regina, Saskatchewan",All-items,133.1
2016-09,"Saskatoon, Saskatchewan",All-items,132.8
2016-09,Alberta,All-items,135.3
2016-09,"Edmonton, Alberta",All-items,135.2
2016-09,"Calgary, Alberta",All-items,135.7
2016-09,British Columbia,All-items,123.2
2016-09,"Vancouver, British Columbia",All-items,125.4
2016-09,"Victoria, British Columbia",All-items,121.5
2016-09,"Whitehorse, Yukon",All-items,125.9
2016-09,"Yellowknife, Northwest Territories",All-items,131.8
2016-09,"Iqaluit, Nunavut",All-items,124.5
2016-10,Canada,All-items,129.1
2016-10,Newfoundland and Labrador,All-items,134.9
2016-10,"St. John's, Newfoundland and Labrador",All-items,134.6
2016-10,Prince Edward Island,All-items,131.9
2016-10,"Charlottetown and Summerside, Prince Edward Island",All-items,131.3
2016-10,Nova Scotia,All-items,131.6
2016-10,"Halifax, Nova Scotia",All-items,130.5
2016-10,New Brunswick,All-items,129.4
2016-10,"Saint John, New Brunswick",All-items,129.2
2016-10,Quebec,All-items,125.9
2016-10,"Québec, Quebec",All-items,125.9
2016-10,"Montréal, Quebec",All-items,126.3
2016-10,Ontario,All-items,130.6
2016-10,"Ottawa-Gatineau, Ontario part, Ontario/Quebec",All-items,128.8
2016-10,"Toronto, Ontario",All-items,132.0
2016-10,"Thunder Bay, Ontario",All-items,125.1
2016-10,Manitoba,All-items,129.4
2016-10,"Winnipeg, Manitoba",All-items,129.2
2016-10,Saskatchewan,All-items,132.7
2016-10,"Regina, Saskatchewan",All-items,133.4
2016-10,"Saskatoon, Saskatchewan",All-items,133.1
2016-10,Alberta,All-items,135.8
2016-10,"Edmonton, Alberta",All-items,135.7
2016-10,"Calgary, Alberta",All-items,136.3
2016-10,British Columbia,All-items,123.1
2016-10,"Vancouver, British Columbia",All-items,125.4
2016-10,"Victoria, British Columbia",All-items,121.3
2016-10,"Whitehorse, Yukon",All-items,126.1
2016-10,"Yellowknife, Northwest Territories",All-items,132.7
2016-10,"Iqaluit, Nunavut",All-items,123.8
2016-11,Canada,All-items,128.6
2016-11,Newfoundland and Labrador,All-items,134.0
2016-11,"St. John's, Newfoundland and Labrador",All-items,133.8
2016-11,Prince Edward Island,All-items,131.8
2016-11,"Charlottetown and Summerside, Prince Edward Island",All-items,131.2
2016-11,Nova Scotia,All-items,130.9
2016-11,"Halifax, Nova Scotia",All-items,129.8
2016-11,New Brunswick,All-items,128.9
2016-11,"Saint John, New Brunswick",All-items,128.8
2016-11,Quebec,All-items,125.6
2016-11,"Québec, Quebec",All-items,125.6
2016-11,"Montréal, Quebec",All-items,125.9
2016-11,Ontario,All-items,130.2
2016-11,"Ottawa-Gatineau, Ontario part, Ontario/Quebec",All-items,128.3
2016-11,"Toronto, Ontario",All-items,131.7
2016-11,"Thunder Bay, Ontario",All-items,124.5
2016-11,Manitoba,All-items,127.9
2016-11,"Winnipeg, Manitoba",All-items,127.7
2016-11,Saskatchewan,All-items,131.7
2016-11,"Regina, Saskatchewan",All-items,132.4
2016-11,"Saskatoon, Saskatchewan",All-items,132.2
2016-11,Alberta,All-items,135.0
2016-11,"Edmonton, Alberta",All-items,134.8
2016-11,"Calgary, Alberta",All-items,135.4
2016-11,British Columbia,All-items,122.7
2016-11,"Vancouver, British Columbia",All-items,124.6
2016-11,"Victoria, British Columbia",All-items,120.9
2016-11,"Whitehorse, Yukon",All-items,126.1
2016-11,"Yellowknife, Northwest Territories",All-items,132.5
2016-11,"Iqaluit, Nunavut",All-items,124.0
2016-12,Canada,All-items,128.4
2016-12,Newfoundland and Labrador,All-items,133.9
2016-12,"St. John's, Newfoundland and Labrador",All-items,133.7
2016-12,Prince Edward Island,All-items,130.9
2016-12,"Charlottetown and Summerside, Prince Edward Island",All-items,130.2
2016-12,Nova Scotia,All-items,130.6
2016-12,"Halifax, Nova Scotia",All-items,129.5
2016-12,New Brunswick,All-items,128.4
2016-12,"Saint John, New Brunswick",All-items,128.2
2016-12,Quebec,All-items,125.2
2016-12,"Québec, Quebec",All-items,125.2
2016-12,"Montréal, Quebec",All-items,125.5
2016-12,Ontario,All-items,130.0
2016-12,"Ottawa-Gatineau, Ontario part, Ontario/Quebec",All-items,128.1
2016-12,"Toronto, Ontario",All-items,131.5
2016-12,"Thunder Bay, Ontario",All-items,124.2
2016-12,Manitoba,All-items,127.8
2016-12,"Winnipeg, Manitoba",All-items,127.6
2016-12,Saskatchewan,All-items,131.4
2016-12,"Regina, Saskatchewan",All-items,132.2
2016-12,"Saskatoon, Saskatchewan",All-items,131.8
2016-12,Alberta,All-items,134.9
2016-12,"Edmonton, Alberta",All-items,134.7
2016-12,"Calgary, Alberta",All-items,135.3
2016-12,British Columbia,All-items,122.7
2016-12,"Vancouver, British Columbia",All-items,124.7
2016-12,"Victoria, British Columbia",All-items,121.0
2016-12,"Whitehorse, Yukon",All-items,126.1
2016-12,"Yellowknife, Northwest Territories",All-items,131.9
2016-12,"Iqaluit, Nunavut",All-items,123.8
2017-01,Canada,All-items,129.5
2017-01,Newfoundland and Labrador,All-items,135.3
2017-01,"St. John's, Newfoundland and Labrador",All-items,134.9
2017-01,Prince Edward Island,All-items,132.3
2017-01,"Charlottetown and Summerside, Prince Edward Island",All-items,131.6
2017-01,Nova Scotia,All-items,131.7
2017-01,"Halifax, Nova Scotia",All-items,130.5
2017-01,New Brunswick,All-items,130.1
2017-01,"Saint John, New Brunswick",All-items,130.0
2017-01,Quebec,All-items,126.2
2017-01,"Québec, Quebec",All-items,126.1
2017-01,"Montréal, Quebec",All-items,126.2
2017-01,Ontario,All-items,130.8
2017-01,"Ottawa-Gatineau, Ontario part, Ontario/Quebec",All-items,128.9
2017-01,"Toronto, Ontario",All-items,132.1
2017-01,"Thunder Bay, Ontario",All-items,124.9
2017-01,Manitoba,All-items,129.6
2017-01,"Winnipeg, Manitoba",All-items,129.4
2017-01,Saskatchewan,All-items,133.1
2017-01,"Regina, Saskatchewan",All-items,133.9
2017-01,"Saskatoon, Saskatchewan",All-items,133.6
2017-01,Alberta,All-items,137.0
2017-01,"Edmonton, Alberta",All-items,136.9
2017-01,"Calgary, Alberta",All-items,137.4
2017-01,British Columbia,All-items,123.5
2017-01,"Vancouver, British Columbia",All-items,125.3
2017-01,"Victoria, British Columbia",All-items,121.6
2017-01,"Whitehorse, Yukon",All-items,126.9
2017-01,"Yellowknife, Northwest Territories",All-items,133.6
2017-01,"Iqaluit, Nunavut",All-items,124.4
2017-02,Canada,All-items,129.7
2017-02,Newfoundland and Labrador,All-items,135.0
2017-02,"St. John's, Newfoundland and Labrador",All-items,134.7
2017-02,Prince Edward Island,All-items,131.5
2017-02,"Charlottetown and Summerside, Prince Edward Island",All-items,130.9
2017-02,Nova Scotia,All-items,131.4
2017-02,"Halifax, Nova Scotia",All-items,130.3
2017-02,New Brunswick,All-items,130.0
2017-02,"Saint John, New Brunswick",All-items,129.9
2017-02,Quebec,All-items,126.6
2017-02,"Québec, Quebec",All-items,126.5
2017-02,"Montréal, Quebec",All-items,126.7
2017-02,Ontario,All-items,131.2
2017-02,"Ottawa-Gatineau, Ontario part, Ontario/Quebec",All-items,129.3
2017-02,"Toronto, Ontario",All-items,132.5
2017-02,"Thunder Bay, Ontario",All-items,125.3
2017-02,Manitoba,All-items,129.5
2017-02,"Winnipeg, Manitoba",All-items,129.3
2017-02,Saskatchewan,All-items,132.9
2017-02,"Regina, Saskatchewan",All-items,133.7
2017-02,"Saskatoon, Saskatchewan",All-items,133.5
2017-02,Alberta,All-items,136.7
2017-02,"Edmonton, Alberta",All-items,136.6
2017-02,"Calgary, Alberta",All-items,137.2
2017-02,British Columbia,All-items,123.6
2017-02,"Vancouver, British Columbia",All-items,125.5
2017-02,"Victoria, British Columbia",All-items,121.9
2017-02,"Whitehorse, Yukon",All-items,127.0
2017-02,"Yellowknife, Northwest Territories",All-items,133.7
2017-02,"Iqaluit, Nunavut",All-items,124.4
2017-03,Canada,All-items,129.9
2017-03,Newfoundland and Labrador,All-items,135.3
2017-03,"St. John's, Newfoundland and Labrador",All-items,135.1
2017-03,Prince Edward Island,All-items,132.4
2017-03,"Charlottetown and Summerside, Prince Edward Island",All-items,131.7
2017-03,Nova Scotia,All-items,131.8
2017-03,"Halifax, Nova Scotia",All-items,130.7
2017-03,New Brunswick,All-items,130.5
2017-03,"Saint John, New Brunswick",All-items,130.4
2017-03,Quebec,All-items,126.7
2017-03,"Québec, Quebec",All-items,126.7
2017-03,"Montréal, Quebec",All-items,127.0
2017-03,Ontario,All-items,131.4
2017-03,"Ottawa-Gatineau, Ontario part, Ontario/Quebec",All-items,129.5
2017-03,"Toronto, Ontario",All-items,133.0
2017-03,"Thunder Bay, Ontario",All-items,125.7
2017-03,Manitoba,All-items,129.9
2017-03,"Winnipeg, Manitoba",All-items,129.7
2017-03,Saskatchewan,All-items,133.0
2017-03,"Regina, Saskatchewan",All-items,133.7
2017-03,"Saskatoon, Saskatchewan",All-items,133.5
2017-03,Alberta,All-items,136.8
2017-03,"Edmonton, Alberta",All-items,136.7
2017-03,"Calgary, Alberta",All-items,137.3
2017-03,British Columbia,All-items,124.2
2017-03,"Vancouver, British Columbia",All-items,126.1
2017-03,"Victoria, British Columbia",All-items,122.6
2017-03,"Whitehorse, Yukon",All-items,127.5
2017-03,"Yellowknife, Northwest Territories",All-items,133.6
2017-03,"Iqaluit, Nunavut",All-items,124.1
2017-04,Canada,All-items,130.4
2017-04,Newfoundland and Labrador,All-items,135.6
2017-04,"St. John's, Newfoundland and Labrador",All-items,135.2
2017-04,Prince Edward Island,All-items,133.2
2017-04,"Charlottetown and Summerside, Prince Edward Island",All-items,132.5
2017-04,Nova Scotia,All-items,132.0
2017-04,"Halifax, Nova Scotia",All-items,130.9
2017-04,New Brunswick,All-items,131.2
2017-04,"Saint John, New Brunswick",All-items,131.1
2017-04,Quebec,All-items,127.0
2017-04,"Québec, Quebec",All-items,126.9
2017-04,"Montréal, Quebec",All-items,127.4
2017-04,Ontario,All-items,132.0
2017-04,"Ottawa-Gatineau, Ontario part, Ontario/Quebec",All-items,130.2
2017-04,"Toronto, Ontario",All-items,133.6
2017-04,"Thunder Bay, Ontario",All-items,126.2
2017-04,Manitoba,All-items,130.2
2017-04,"Winnipeg, Manitoba",All-items,130.1
2017-04,Saskatchewan,All-items,134.2
2017-04,"Regina, Saskatchewan",All-items,135.0
2017-04,"Saskatoon, Saskatchewan",All-items,134.8
2017-04,Alberta,All-items,137.4
2017-04,"Edmonton, Alberta",All-items,137.3
2017-04,"Calgary, Alberta",All-items,137.9
2017-04,British Columbia,All-items,124.4
2017-04,"Vancouver, British Columbia",All-items,126.3
2017-04,"Victoria, British Columbia",All-items,122.7
2017-04,"Whitehorse, Yukon",All-items,127.6
2017-04,"Yellowknife, Northwest Territories",All-items,133.5
2017-04,"Iqaluit, Nunavut",All-items,124.6
2017-05,Canada,All-items,130.5
2017-05,Newfoundland and Labrador,All-items,135.4
2017-05,"St. John's, Newfoundland and Labrador",All-items,135.1
2017-05,Prince Edward Island,All-items,133.3
2017-05,"Charlottetown and Summerside, Prince Edward Island",All-items,132.6
2017-05,Nova Scotia,All-items,132.2
2017-05,"Halifax, Nova Scotia",All-items,131.1
2017-05,New Brunswick,All-items,131.2
2017-05,"Saint John, New Brunswick",All-items,131.0
2017-05,Quebec,All-items,127.1
2017-05,"Québec, Quebec",All-items,127.0
2017-05,"Montréal, Quebec",All-items,127.6
2017-05,Ontario,All-items,131.9
2017-05,"Ottawa-Gatineau, Ontario part, Ontario/Quebec",All-items,130.0
2017-05,"Toronto, Ontario",All-items,133.7
2017-05,"Thunder Bay, Ontario",All-items,126.0
2017-05,Manitoba,All-items,130.2
2017-05,"Winnipeg, Manitoba",All-items,130.0
2017-05,Saskatchewan,All-items,133.9
2017-05,"Regina, Saskatchewan",All-items,134.7
2017-05,"Saskatoon, Saskatchewan",All-items,134.4
2017-05,Alberta,All-items,137.2
2017-05,"Edmonton, Alberta",All-items,137.1
2017-05,"Calgary, Alberta",All-items,137.8
2017-05,British Columbia,All-items,125.0
2017-05,"Vancouver, British Columbia",All-items,127.1
2017-05,"Victoria, British Columbia",All-items,123.4
2017-05,"Whitehorse, Yukon",All-items,127.8
2017-05,"Yellowknife, Northwest Territories",All-items,133.5
2017-05,"Iqaluit, Nunavut",All-items,125.5
2017-06,Canada,All-items,130.4
2017-06,Newfoundland and Labrador,All-items,135.0
2017-06,"St. John's, Newfoundland and Labrador",All-items,134.8
2017-06,Prince Edward Island,All-items,133.4
2017-06,"Charlottetown and Summerside, Prince Edward Island",All-items,132.7
2017-06,Nova Scotia,All-items,132.4
2017-06,"Halifax, Nova Scotia",All-items,131.2
2017-06,New Brunswick,All-items,131.1
2017-06,"Saint John, New Brunswick",All-items,131.0
2017-06,Quebec,All-items,126.7
2017-06,"Québec, Quebec",All-items,126.7
2017-06,"Montréal, Quebec",All-items,127.2
2017-06,Ontario,All-items,132.1
2017-06,"Ottawa-Gatineau, Ontario part, Ontario/Quebec",All-items,130.1
2017-06,"Toronto, Ontario",All-items,134.2
2017-06,"Thunder Bay, Ontario",All-items,126.1
2017-06,Manitoba,All-items,130.2
2017-06,"Winnipeg, Manitoba",All-items,129.9
2017-06,Saskatchewan,All-items,133.9
2017-06,"Regina, Saskatchewan",All-items,134.7
2017-06,"Saskatoon, Saskatchewan",All-items,134.5
2017-06,Alberta,All-items,136.9
2017-06,"Edmonton, Alberta",All-items,136.7
2017-06,"Calgary, Alberta",All-items,137.5
2017-06,British Columbia,All-items,125.2
2017-06,"Vancouver, British Columbia",All-items,127.5
2017-06,"Victoria, British Columbia",All-items,123.5
2017-06,"Whitehorse, Yukon",All-items,127.3
2017-06,"Yellowknife, Northwest Territories",All-items,133.6
2017-06,"Iqaluit, Nunavut",All-items,126.2
2017-07,Canada,All-items,130.4
2017-07,Newfoundland and Labrador,All-items,135.5
2017-07,"St. John's, Newfoundland and Labrador",All-items,135.2
2017-07,Prince Edward Island,All-items,133.4
2017-07,"Charlottetown and Summerside, Prince Edward Island",All-items,132.7
2017-07,Nova Scotia,All-items,132.4
2017-07,"Halifax, Nova Scotia",All-items,131.3
2017-07,New Brunswick,All-items,131.2
2017-07,"Saint John, New Brunswick",All-items,131.1
2017-07,Quebec,All-items,126.7
2017-07,"Québec, Quebec",All-items,126.8
2017-07,"Montréal, Quebec",All-items,127.3
2017-07,Ontario,All-items,131.9
2017-07,"Ottawa-Gatineau, Ontario part, Ontario/Quebec",All-items,130.0
2017-07,"Toronto, Ontario",All-items,134.0
2017-07,"Thunder Bay, Ontario",All-items,125.9
2017-07,Manitoba,All-items,130.1
2017-07,"Winnipeg, Manitoba",All-items,129.8
2017-07,Saskatchewan,All-items,133.9
2017-07,"Regina, Saskatchewan",All-items,134.6
2017-07,"Saskatoon, Saskatchewan",All-items,134.4
2017-07,Alberta,All-items,137.0
2017-07,"Edmonton, Alberta",All-items,136.8
2017-07,"Calgary, Alberta",All-items,137.7
2017-07,British Columbia,All-items,125.6
2017-07,"Vancouver, British Columbia",All-items,128.1
2017-07,"Victoria, British Columbia",All-items,123.9
2017-07,"Whitehorse, Yukon",All-items,127.2
2017-07,"Yellowknife, Northwest Territories",All-items,132.9
2017-07,"Iqaluit, Nunavut",All-items,126.0
2017-08,Canada,All-items,130.5
2017-08,Newfoundland and Labrador,All-items,135.5
2017-08,"St. John's, Newfoundland and Labrador",All-items,135.1
2017-08,Prince Edward Island,All-items,133.6
2017-08,"Charlottetown and Summerside, Prince Edward Island",All-items,133.0
2017-08,Nova Scotia,All-items,132.6
2017-08,"Halifax, Nova Scotia",All-items,131.4
2017-08,New Brunswick,All-items,131.3
2017-08,"Saint John, New Brunswick",All-items,131.2
2017-08,Quebec,All-items,126.7
2017-08,"Québec, Quebec",All-items,126.7
2017-08,"Montréal, Quebec",All-items,127.4
2017-08,Ontario,All-items,131.8
2017-08,"Ottawa-Gatineau, Ontario part, Ontario/Quebec",All-items,129.9
2017-08,"Toronto, Ontario",All-items,133.8
2017-08,"Thunder Bay, Ontario",All-items,125.7
2017-08,Manitoba,All-items,130.4
2017-08,"Winnipeg, Manitoba",All-items,130.1
2017-08,Saskatchewan,All-items,134.7
2017-08,"Regina, Saskatchewan",All-items,135.6
2017-08,"Saskatoon, Saskatchewan",All-items,135.4
2017-08,Alberta,All-items,137.4
2017-08,"Edmonton, Alberta",All-items,137.1
2017-08,"Calgary, Alberta",All-items,138.0
2017-08,British Columbia,All-items,125.9
2017-08,"Vancouver, British Columbia",All-items,128.6
2017-08,"Victoria, British Columbia",All-items,124.0
2017-08,"Whitehorse, Yukon",All-items,126.6
2017-08,"Yellowknife, Northwest Territories",All-items,132.5
2017-08,"Iqaluit, Nunavut",All-items,125.7
2017-09,Canada,All-items,130.8
2017-09,Newfoundland and Labrador,All-items,136.4
2017-09,"St. John's, Newfoundland and Labrador",All-items,136.1
2017-09,Prince Edward Island,All-items,133.7
2017-09,"Charlottetown and Summerside, Prince Edward Island",All-items,133.1
2017-09,Nova Scotia,All-items,133.3
2017-09,"Halifax, Nova Scotia",All-items,132.2
2017-09,New Brunswick,All-items,131.6
2017-09,"Saint John, New Brunswick",All-items,131.5
2017-09,Quebec,All-items,127.1
2017-09,"Québec, Quebec",All-items,127.0
2017-09,"Montréal, Quebec",All-items,127.6
2017-09,Ontario,All-items,132.3
2017-09,"Ottawa-Gatineau, Ontario part, Ontario/Quebec",All-items,130.3
2017-09,"Toronto, Ontario",All-items,134.4
2017-09,"Thunder Bay, Ontario",All-items,126.1
2017-09,Manitoba,All-items,130.9
2017-09,"Winnipeg, Manitoba",All-items,130.6
2017-09,Saskatchewan,All-items,134.9
2017-09,"Regina, Saskatchewan",All-items,135.7
2017-09,"Saskatoon, Saskatchewan",All-items,135.4
2017-09,Alberta,All-items,137.0
2017-09,"Edmonton, Alberta",All-items,136.7
2017-09,"Calgary, Alberta",All-items,137.6
2017-09,British Columbia,All-items,125.7
2017-09,"Vancouver, British Columbia",All-items,128.3
2017-09,"Victoria, British Columbia",All-items,123.6
2017-09,"Whitehorse, Yukon",All-items,127.3
2017-09,"Yellowknife, Northwest Territories",All-items,132.5
2017-09,"Iqaluit, Nunavut",All-items,125.9
2017-10,Canada,All-items,130.9
2017-10,Newfoundland and Labrador,All-items,136.1
2017-10,"St. John's, Newfoundland and Labrador",All-items,135.7
2017-10,Prince Edward Island,All-items,133.5
2017-10,"Charlottetown and Summerside, Prince Edward Island",All-items,132.8
2017-10,Nova Scotia,All-items,132.8
2017-10,"Halifax, Nova Scotia",All-items,131.6
2017-10,New Brunswick,All-items,131.4
2017-10,"Saint John, New Brunswick",All-items,131.3
2017-10,Quebec,All-items,127.2
2017-10,"Québec, Quebec",All-items,127.1
2017-10,"Montréal, Quebec",All-items,127.7
2017-10,Ontario,All-items,132.3
2017-10,"Ottawa-Gatineau, Ontario part, Ontario/Quebec",All-items,130.3
2017-10,"Toronto, Ontario",All-items,134.3
2017-10,"Thunder Bay, Ontario",All-items,126.1
2017-10,Manitoba,All-items,131.4
2017-10,"Winnipeg, Manitoba",All-items,131.1
2017-10,Saskatchewan,All-items,135.4
2017-10,"Regina, Saskatchewan",All-items,136.3
2017-10,"Saskatoon, Saskatchewan",All-items,136.1
2017-10,Alberta,All-items,137.6
2017-10,"Edmonton, Alberta",All-items,137.5
2017-10,"Calgary, Alberta",All-items,138.2
2017-10,British Columbia,All-items,125.6
2017-10,"Vancouver, British Columbia",All-items,128.4
2017-10,"Victoria, British Columbia",All-items,123.3
2017-10,"Whitehorse, Yukon",All-items,127.3
2017-10,"Yellowknife, Northwest Territories",All-items,133.4
2017-10,"Iqaluit, Nunavut",All-items,126.5
2017-11,Canada,All-items,131.3
2017-11,Newfoundland and Labrador,All-items,136.7
2017-11,"St. John's, Newfoundland and Labrador",All-items,136.2
2017-11,Prince Edward Island,All-items,134.7
2017-11,"Charlottetown and Summerside, Prince Edward Island",All-items,134.1
2017-11,Nova Scotia,All-items,133.2
2017-11,"Halifax, Nova Scotia",All-items,132.0
2017-11,New Brunswick,All-items,132.4
2017-11,"Saint John, New Brunswick",All-items,132.3
2017-11,Quebec,All-items,127.7
2017-11,"Québec, Quebec",All-items,127.4
2017-11,"Montréal, Quebec",All-items,128.1
2017-11,Ontario,All-items,132.7
2017-11,"Ottawa-Gatineau, Ontario part, Ontario/Quebec",All-items,130.7
2017-11,"Toronto, Ontario",All-items,134.6
2017-11,"Thunder Bay, Ontario",All-items,126.2
2017-11,Manitoba,All-items,132.0
2017-11,"Winnipeg, Manitoba",All-items,131.7
2017-11,Saskatchewan,All-items,136.6
2017-11,"Regina, Saskatchewan",All-items,137.6
2017-11,"Saskatoon, Saskatchewan",All-items,137.3
2017-11,Alberta,All-items,138.4
2017-11,"Edmonton, Alberta",All-items,138.5
2017-11,"Calgary, Alberta",All-items,138.9
2017-11,British Columbia,All-items,125.9
2017-11,"Vancouver, British Columbia",All-items,128.4
2017-11,"Victoria, British Columbia",All-items,123.4
2017-11,"Whitehorse, Yukon",All-items,129.0
2017-11,"Yellowknife, Northwest Territories",All-items,134.4
2017-11,"Iqaluit, Nunavut",All-items,126.0
2017-12,Canada,All-items,130.8
2017-12,Newfoundland and Labrador,All-items,136.2
2017-12,"St. John's, Newfoundland and Labrador",All-items,135.7
2017-12,Prince Edward Island,All-items,133.5
2017-12,"Charlottetown and Summerside, Prince Edward Island",All-items,132.8
2017-12,Nova Scotia,All-items,132.8
2017-12,"Halifax, Nova Scotia",All-items,131.5
2017-12,New Brunswick,All-items,132.1
2017-12,"Saint John, New Brunswick",All-items,132.0
2017-12,Quebec,All-items,127.5
2017-12,"Québec, Quebec",All-items,127.2
2017-12,"Montréal, Quebec",All-items,127.9
2017-12,Ontario,All-items,132.0
2017-12,"Ottawa-Gatineau, Ontario part, Ontario/Quebec",All-items,130.1
2017-12,"Toronto, Ontario",All-items,134.0
2017-12,"Thunder Bay, Ontario",All-items,125.5
2017-12,Manitoba,All-items,131.5
2017-12,"Winnipeg, Manitoba",All-items,131.1
2017-12,Saskatchewan,All-items,135.9
2017-12,"Regina, Saskatchewan",All-items,136.9
2017-12,"Saskatoon, Saskatchewan",All-items,136.5
2017-12,Alberta,All-items,137.6
2017-12,"Edmonton, Alberta",All-items,137.6
2017-12,"Calgary, Alberta",All-items,138.0
2017-12,British Columbia,All-items,125.2
2017-12,"Vancouver, British Columbia",All-items,127.8
2017-12,"Victoria, British Columbia",All-items,122.6
2017-12,"Whitehorse, Yukon",All-items,128.8
2017-12,"Yellowknife, Northwest Territories",All-items,135.1
2017-12,"Iqaluit, Nunavut",All-items,126.0
2018-01,Canada,All-items,131.7
2018-01,Newfoundland and Labrador,All-items,136.8
2018-01,"St. John's, Newfoundland and Labrador",All-items,136.2
2018-01,Prince Edward Island,All-items,134.4
2018-01,"Charlottetown and Summerside, Prince Edward Island",All-items,133.8
2018-01,Nova Scotia,All-items,133.5
2018-01,"Halifax, Nova Scotia",All-items,132.2
2018-01,New Brunswick,All-items,132.5
2018-01,"Saint John, New Brunswick",All-items,132.4
2018-01,Quebec,All-items,127.8
2018-01,"Québec, Quebec",All-items,127.5
2018-01,"Montréal, Quebec",All-items,128.2
2018-01,Ontario,All-items,133.2
2018-01,"Ottawa-Gatineau, Ontario part, Ontario/Quebec",All-items,131.3
2018-01,"Toronto, Ontario",All-items,135.3
2018-01,"Thunder Bay, Ontario",All-items,126.4
2018-01,Manitoba,All-items,132.3
2018-01,"Winnipeg, Manitoba",All-items,131.9
2018-01,Saskatchewan,All-items,136.4
2018-01,"Regina, Saskatchewan",All-items,137.4
2018-01,"Saskatoon, Saskatchewan",All-items,137.1
2018-01,Alberta,All-items,138.9
2018-01,"Edmonton, Alberta",All-items,139.0
2018-01,"Calgary, Alberta",All-items,139.3
2018-01,British Columbia,All-items,126.1
2018-01,"Vancouver, British Columbia",All-items,128.7
2018-01,"Victoria, British Columbia",All-items,123.4
2018-01,"Whitehorse, Yukon",All-items,128.9
2018-01,"Yellowknife, Northwest Territories",All-items,135.4
2018-01,"Iqaluit, Nunavut",All-items,127.1
2018-02,Canada,All-items,132.5
2018-02,Newfoundland and Labrador,All-items,137.3
2018-02,"St. John's, Newfoundland and Labrador",All-items,136.8
2018-02,Prince Edward Island,All-items,135.4
2018-02,"Charlottetown and Summerside, Prince Edward Island",All-items,134.7
2018-02,Nova Scotia,All-items,134.4
2018-02,"Halifax, Nova Scotia",All-items,133.1
2018-02,New Brunswick,All-items,133.5
2018-02,"Saint John, New Brunswick",All-items,133.4
2018-02,Quebec,All-items,128.5
2018-02,"Québec, Quebec",All-items,128.1
2018-02,"Montréal, Quebec",All-items,128.9
2018-02,Ontario,All-items,134.0
2018-02,"Ottawa-Gatineau, Ontario part, Ontario/Quebec",All-items,132.1
2018-02,"Toronto, Ontario",All-items,136.0
2018-02,"Thunder Bay, Ontario",All-items,127.3
2018-02,Manitoba,All-items,132.6
2018-02,"Winnipeg, Manitoba",All-items,132.2
2018-02,Saskatchewan,All-items,136.7
2018-02,"Regina, Saskatchewan",All-items,137.7
2018-02,"Saskatoon, Saskatchewan",All-items,137.4
2018-02,Alberta,All-items,139.7
2018-02,"Edmonton, Alberta",All-items,139.8
2018-02,"Calgary, Alberta",All-items,140.2
2018-02,British Columbia,All-items,127.0
2018-02,"Vancouver, British Columbia",All-items,129.6
2018-02,"Victoria, British Columbia",All-items,124.5
2018-02,"Whitehorse, Yukon",All-items,129.5
2018-02,"Yellowknife, Northwest Territories",All-items,136.1
2018-02,"Iqaluit, Nunavut",All-items,126.9
2018-03,Canada,All-items,132.9
2018-03,Newfoundland and Labrador,All-items,137.5
2018-03,"St. John's, Newfoundland and Labrador",All-items,137.0
2018-03,Prince Edward Island,All-items,135.6
2018-03,"Charlottetown and Summerside, Prince Edward Island",All-items,134.9
2018-03,Nova Scotia,All-items,135.0
2018-03,"Halifax, Nova Scotia",All-items,133.8
2018-03,New Brunswick,All-items,133.8
2018-03,"Saint John, New Brunswick",All-items,133.7
2018-03,Quebec,All-items,128.7
2018-03,"Québec, Quebec",All-items,128.4
2018-03,"Montréal, Quebec",All-items,129.1
2018-03,Ontario,All-items,134.6
2018-03,"Ottawa-Gatineau, Ontario part, Ontario/Quebec",All-items,132.7
2018-03,"Toronto, Ontario",All-items,136.7
2018-03,"Thunder Bay, Ontario",All-items,128.1
2018-03,Manitoba,All-items,133.0
2018-03,"Winnipeg, Manitoba",All-items,132.6
2018-03,Saskatchewan,All-items,136.8
2018-03,"Regina, Saskatchewan",All-items,137.8
2018-03,"Saskatoon, Saskatchewan",All-items,137.5
2018-03,Alberta,All-items,139.9
2018-03,"Edmonton, Alberta",All-items,140.0
2018-03,"Calgary, Alberta",All-items,140.4
2018-03,British Columbia,All-items,127.4
2018-03,"Vancouver, British Columbia",All-items,130.1
2018-03,"Victoria, British Columbia",All-items,124.9
2018-03,"Whitehorse, Yukon",All-items,130.0
2018-03,"Yellowknife, Northwest Territories",All-items,136.0
2018-03,"Iqaluit, Nunavut",All-items,127.7
2018-04,Canada,All-items,133.3
2018-04,Newfoundland and Labrador,All-items,137.7
2018-04,"St. John's, Newfoundland and Labrador",All-items,137.2
2018-04,Prince Edward Island,All-items,136.1
2018-04,"Charlottetown and Summerside, Prince Edward Island",All-items,135.5
2018-04,Nova Scotia,All-items,135.7
2018-04,"Halifax, Nova Scotia",All-items,134.4
2018-04,New Brunswick,All-items,134.1
2018-04,"Saint John, New Brunswick",All-items,134.0
2018-04,Quebec,All-items,129.2
2018-04,"Québec, Quebec",All-items,128.8
2018-04,"Montréal, Quebec",All-items,129.4
2018-04,Ontario,All-items,134.8
2018-04,"Ottawa-Gatineau, Ontario part, Ontario/Quebec",All-items,133.0
2018-04,"Toronto, Ontario",All-items,136.8
2018-04,"Thunder Bay, Ontario",All-items,128.0
2018-04,Manitoba,All-items,134.0
2018-04,"Winnipeg, Manitoba",All-items,133.6
2018-04,Saskatchewan,All-items,137.5
2018-04,"Regina, Saskatchewan",All-items,138.5
2018-04,"Saskatoon, Saskatchewan",All-items,138.1
2018-04,Alberta,All-items,140.6
2018-04,"Edmonton, Alberta",All-items,140.7
2018-04,"Calgary, Alberta",All-items,141.2
2018-04,British Columbia,All-items,127.7
2018-04,"Vancouver, British Columbia",All-items,130.3
2018-04,"Victoria, British Columbia",All-items,125.2
2018-04,"Whitehorse, Yukon",All-items,130.4
2018-04,"Yellowknife, Northwest Territories",All-items,135.9
2018-04,"Iqaluit, Nunavut",All-items,128.8
2018-05,Canada,All-items,133.4
2018-05,Newfoundland and Labrador,All-items,137.8
2018-05,"St. John's, Newfoundland and Labrador",All-items,137.2
2018-05,Prince Edward Island,All-items,136.5
2018-05,"Charlottetown and Summerside, Prince Edward Island",All-items,135.9
2018-05,Nova Scotia,All-items,135.2
2018-05,"Halifax, Nova Scotia",All-items,133.9
2018-05,New Brunswick,All-items,133.9
2018-05,"Saint John, New Brunswick",All-items,133.8
2018-05,Quebec,All-items,129.3
2018-05,"Québec, Quebec",All-items,128.9
2018-05,"Montréal, Quebec",All-items,129.6
2018-05,Ontario,All-items,134.9
2018-05,"Ottawa-Gatineau, Ontario part, Ontario/Quebec",All-items,133.0
2018-05,"Toronto, Ontario",All-items,136.7
2018-05,"Thunder Bay, Ontario",All-items,128.2
2018-05,Manitoba,All-items,133.7
2018-05,"Winnipeg, Manitoba",All-items,133.3
2018-05,Saskatchewan,All-items,137.9
2018-05,"Regina, Saskatchewan",All-items,138.9
2018-05,"Saskatoon, Saskatchewan",All-items,138.5
2018-05,Alberta,All-items,140.7
2018-05,"Edmonton, Alberta",All-items,140.8
2018-05,"Calgary, Alberta",All-items,141.4
2018-05,British Columbia,All-items,128.4
2018-05,"Vancouver, British Columbia",All-items,130.9
2018-05,"Victoria, British Columbia",All-items,126.0
2018-05,"Whitehorse, Yukon",All-items,130.6
2018-05,"Yellowknife, Northwest Territories",All-items,136.0
2018-05,"Iqaluit, Nunavut",All-items,128.8
2018-06,Canada,All-items,133.6
2018-06,Newfoundland and Labrador,All-items,138.1
2018-06,"St. John's, Newfoundland and Labrador",All-items,137.5
2018-06,Prince Edward Island,All-items,137.3
2018-06,"Charlottetown and Summerside, Prince Edward Island",All-items,136.7
2018-06,Nova Scotia,All-items,135.3
2018-06,"Halifax, Nova Scotia",All-items,133.9
2018-06,New Brunswick,All-items,134.0
2018-06,"Saint John, New Brunswick",All-items,133.9
2018-06,Quebec,All-items,129.2
2018-06,"Québec, Quebec",All-items,128.7
2018-06,"Montréal, Quebec",All-items,129.5
2018-06,Ontario,All-items,135.3
2018-06,"Ottawa-Gatineau, Ontario part, Ontario/Quebec",All-items,133.4
2018-06,"Toronto, Ontario",All-items,137.5
2018-06,"Thunder Bay, Ontario",All-items,128.6
2018-06,Manitoba,All-items,133.7
2018-06,"Winnipeg, Manitoba",All-items,133.2
2018-06,Saskatchewan,All-items,137.5
2018-06,"Regina, Saskatchewan",All-items,138.4
2018-06,"Saskatoon, Saskatchewan",All-items,138.0
2018-06,Alberta,All-items,140.7
2018-06,"Edmonton, Alberta",All-items,140.9
2018-06,"Calgary, Alberta",All-items,141.1
2018-06,British Columbia,All-items,128.6
2018-06,"Vancouver, British Columbia",All-items,131.3
2018-06,"Victoria, British Columbia",All-items,126.1
2018-06,"Whitehorse, Yukon",All-items,131.0
2018-06,"Yellowknife, Northwest Territories",All-items,136.2
2018-06,"Iqaluit, Nunavut",All-items,129.6
2018-07,Canada,All-items,134.3
2018-07,Newfoundland and Labrador,All-items,139.1
2018-07,"St. John's, Newfoundland and Labrador",All-items,138.5
2018-07,Prince Edward Island,All-items,138.0
2018-07,"Charlottetown and Summerside, Prince Edward Island",All-items,137.5
2018-07,Nova Scotia,All-items,136.0
2018-07,"Halifax, Nova Scotia",All-items,134.6
2018-07,New Brunswick,All-items,134.8
2018-07,"Saint John, New Brunswick",All-items,134.6
2018-07,Quebec,All-items,129.7
2018-07,"Québec, Quebec",All-items,129.1
2018-07,"Montréal, Quebec",All-items,130.1
2018-07,Ontario,All-items,136.0
2018-07,"Ottawa-Gatineau, Ontario part, Ontario/Quebec",All-items,134.2
2018-07,"Toronto, Ontario",All-items,138.0
2018-07,"Thunder Bay, Ontario",All-items,129.1
2018-07,Manitoba,All-items,134.4
2018-07,"Winnipeg, Manitoba",All-items,133.9
2018-07,Saskatchewan,All-items,138.0
2018-07,"Regina, Saskatchewan",All-items,139.0
2018-07,"Saskatoon, Saskatchewan",All-items,138.5
2018-07,Alberta,All-items,141.8
2018-07,"Edmonton, Alberta",All-items,142.0
2018-07,"Calgary, Alberta",All-items,142.3
2018-07,British Columbia,All-items,129.7
2018-07,"Vancouver, British Columbia",All-items,132.3
2018-07,"Victoria, British Columbia",All-items,127.1
2018-07,"Whitehorse, Yukon",All-items,131.9
2018-07,"Yellowknife, Northwest Territories",All-items,137.3
2018-07,"Iqaluit, Nunavut",All-items,131.7
2018-08,Canada,All-items,134.2
2018-08,Newfoundland and Labrador,All-items,138.9
2018-08,"St. John's, Newfoundland and Labrador",All-items,138.3
2018-08,Prince Edward Island,All-items,137.6
2018-08,"Charlottetown and Summerside, Prince Edward Island",All-items,137.1
2018-08,Nova Scotia,All-items,136.2
2018-08,"Halifax, Nova Scotia",All-items,134.9
2018-08,New Brunswick,All-items,134.7
2018-08,"Saint John, New Brunswick",All-items,134.6
2018-08,Quebec,All-items,129.5
2018-08,"Québec, Quebec",All-items,129.0
2018-08,"Montréal, Quebec",All-items,130.0
2018-08,Ontario,All-items,135.9
2018-08,"Ottawa-Gatineau, Ontario part, Ontario/Quebec",All-items,134.1
2018-08,"Toronto, Ontario",All-items,137.9
2018-08,"Thunder Bay, Ontario",All-items,129.1
2018-08,Manitoba,All-items,134.2
2018-08,"Winnipeg, Manitoba",All-items,133.7
2018-08,Saskatchewan,All-items,137.6
2018-08,"Regina, Saskatchewan",All-items,138.5
2018-08,"Saskatoon, Saskatchewan",All-items,138.1
2018-08,Alberta,All-items,141.6
2018-08,"Edmonton, Alberta",All-items,141.8
2018-08,"Calgary, Alberta",All-items,142.1
2018-08,British Columbia,All-items,129.6
2018-08,"Vancouver, British Columbia",All-items,132.2
2018-08,"Victoria, British Columbia",All-items,127.1
2018-08,"Whitehorse, Yukon",All-items,131.6
2018-08,"Yellowknife, Northwest Territories",All-items,136.9
2018-08,"Iqaluit, Nunavut",All-items,131.2
2018-09,Canada,All-items,133.7
2018-09,Newfoundland and Labrador,All-items,138.3
2018-09,"St. John's, Newfoundland and Labrador",All-items,137.7
2018-09,Prince Edward Island,All-items,136.0
2018-09,"Charlottetown and Summerside, Prince Edward Island",All-items,135.5
2018-09,Nova Scotia,All-items,135.5
2018-09,"Halifax, Nova Scotia",All-items,134.2
2018-09,New Brunswick,All-items,134.2
2018-09,"Saint John, New Brunswick",All-items,134.0
2018-09,Quebec,All-items,129.3
2018-09,"Québec, Quebec",All-items,128.9
2018-09,"Montréal, Quebec",All-items,129.9
2018-09,Ontario,All-items,135.2
2018-09,"Ottawa-Gatineau, Ontario part, Ontario/Quebec",All-items,133.4
2018-09,"Toronto, Ontario",All-items,137.4
2018-09,"Thunder Bay, Ontario",All-items,128.6
2018-09,Manitoba,All-items,134.0
2018-09,"Winnipeg, Manitoba",All-items,133.5
2018-09,Saskatchewan,All-items,137.3
2018-09,"Regina, Saskatchewan",All-items,138.1
2018-09,"Saskatoon, Saskatchewan",All-items,137.8
2018-09,Alberta,All-items,141.1
2018-09,"Edmonton, Alberta",All-items,141.2
2018-09,"Calgary, Alberta",All-items,141.4
2018-09,British Columbia,All-items,128.9
2018-09,"Vancouver, British Columbia",All-items,131.7
2018-09,"Victoria, British Columbia",All-items,126.6
2018-09,"Whitehorse, Yukon",All-items,130.5
2018-09,"Yellowknife, Northwest Territories",All-items,136.4
2018-09,"Iqaluit, Nunavut",All-items,129.5
2018-10,Canada,All-items,134.1
2018-10,Newfoundland and Labrador,All-items,139.0
2018-10,"St. John's, Newfoundland and Labrador",All-items,138.3
2018-10,Prince Edward Island,All-items,136.9
2018-10,"Charlottetown and Summerside, Prince Edward Island",All-items,136.3
2018-10,Nova Scotia,All-items,136.6
2018-10,"Halifax, Nova Scotia",All-items,135.2
2018-10,New Brunswick,All-items,135.1
2018-10,"Saint John, New Brunswick",All-items,135.0
2018-10,Quebec,All-items,129.4
2018-10,"Québec, Quebec",All-items,128.8
2018-10,"Montréal, Quebec",All-items,130.0
2018-10,Ontario,All-items,135.6
2018-10,"Ottawa-Gatineau, Ontario part, Ontario/Quebec",All-items,133.8
2018-10,"Toronto, Ontario",All-items,137.9
2018-10,"Thunder Bay, Ontario",All-items,128.8
2018-10,Manitoba,All-items,135.0
2018-10,"Winnipeg, Manitoba",All-items,134.6
2018-10,Saskatchewan,All-items,138.7
2018-10,"Regina, Saskatchewan",All-items,139.6
2018-10,"Saskatoon, Saskatchewan",All-items,139.3
2018-10,Alberta,All-items,141.4
2018-10,"Edmonton, Alberta",All-items,141.6
2018-10,"Calgary, Alberta",All-items,141.7
2018-10,British Columbia,All-items,129.4
2018-10,"Vancouver, British Columbia",All-items,131.9
2018-10,"Victoria, British Columbia",All-items,127.0
2018-10,"Whitehorse, Yukon",All-items,131.0
2018-10,"Yellowknife, Northwest Territories",All-items,137.5
2018-10,"Iqaluit, Nunavut",All-items,129.2
2018-11,Canada,All-items,133.5
2018-11,Newfoundland and Labrador,All-items,137.8
2018-11,"St. John's, Newfoundland and Labrador",All-items,137.2
2018-11,Prince Edward Island,All-items,136.1
2018-11,"Charlottetown and Summerside, Prince Edward Island",All-items,135.4
2018-11,Nova Scotia,All-items,135.6
2018-11,"Halifax, Nova Scotia",All-items,134.3
2018-11,New Brunswick,All-items,134.1
2018-11,"Saint John, New Brunswick",All-items,134.0
2018-11,Quebec,All-items,128.9
2018-11,"Québec, Quebec",All-items,128.3
2018-11,"Montréal, Quebec",All-items,129.5
2018-11,Ontario,All-items,135.1
2018-11,"Ottawa-Gatineau, Ontario part, Ontario/Quebec",All-items,133.4
2018-11,"Toronto, Ontario",All-items,137.4
2018-11,"Thunder Bay, Ontario",All-items,128.3
2018-11,Manitoba,All-items,134.3
2018-11,"Winnipeg, Manitoba",All-items,133.8
2018-11,Saskatchewan,All-items,137.9
2018-11,"Regina, Saskatchewan",All-items,138.7
2018-11,"Saskatoon, Saskatchewan",All-items,138.5
2018-11,Alberta,All-items,140.7
2018-11,"Edmonton, Alberta",All-items,140.7
2018-11,"Calgary, Alberta",All-items,140.9
2018-11,British Columbia,All-items,128.9
2018-11,"Vancouver, British Columbia",All-items,131.4
2018-11,"Victoria, British Columbia",All-items,126.5
2018-11,"Whitehorse, Yukon",All-items,130.9
2018-11,"Yellowknife, Northwest Territories",All-items,137.7
2018-11,"Iqaluit, Nunavut",All-items,129.0
2018-12,Canada,All-items,133.4
2018-12,Newfoundland and Labrador,All-items,136.9
2018-12,"St. John's, Newfoundland and Labrador",All-items,136.4
2018-12,Prince Edward Island,All-items,135.3
2018-12,"Charlottetown and Summerside, Prince Edward Island",All-items,134.7
2018-12,Nova Scotia,All-items,134.9
2018-12,"Halifax, Nova Scotia",All-items,133.5
2018-12,New Brunswick,All-items,133.3
2018-12,"Saint John, New Brunswick",All-items,133.2
2018-12,Quebec,All-items,128.9
2018-12,"Québec, Quebec",All-items,128.3
2018-12,"Montréal, Quebec",All-items,129.7
2018-12,Ontario,All-items,135.0
2018-12,"Ottawa-Gatineau, Ontario part, Ontario/Quebec",All-items,133.4
2018-12,"Toronto, Ontario",All-items,137.5
2018-12,"Thunder Bay, Ontario",All-items,128.1
2018-12,Manitoba,All-items,134.3
2018-12,"Winnipeg, Manitoba",All-items,133.7
2018-12,Saskatchewan,All-items,137.4
2018-12,"Regina, Saskatchewan",All-items,138.1
2018-12,"Saskatoon, Saskatchewan",All-items,138.0
2018-12,Alberta,All-items,140.5
2018-12,"Edmonton, Alberta",All-items,140.5
2018-12,"Calgary, Alberta",All-items,140.7
2018-12,British Columbia,All-items,129.0
2018-12,"Vancouver, British Columbia",All-items,131.7
2018-12,"Victoria, British Columbia",All-items,126.5
2018-12,"Whitehorse, Yukon",All-items,131.4
2018-12,"Yellowknife, Northwest Territories",All-items,137.8
2018-12,"Iqaluit, Nunavut",All-items,130.4
2019-01,Canada,All-items,133.6
2019-01,Newfoundland and Labrador,All-items,137.0
2019-01,"St. John's, Newfoundland and Labrador",All-items,136.4
2019-01,Prince Edward Island,All-items,135.0
2019-01,"Charlottetown and Summerside, Prince Edward Island",All-items,134.3
2019-01,Nova Scotia,All-items,135.0
2019-01,"Halifax, Nova Scotia",All-items,133.5
2019-01,New Brunswick,All-items,134.0
2019-01,"Saint John, New Brunswick",All-items,134.4
2019-01,Quebec,All-items,129.1
2019-01,"Québec, Quebec",All-items,128.4
2019-01,"Montréal, Quebec",All-items,129.8
2019-01,Ontario,All-items,135.2
2019-01,"Ottawa-Gatineau, Ontario part, Ontario/Quebec",All-items,133.5
2019-01,"Toronto, Ontario",All-items,137.7
2019-01,"Thunder Bay, Ontario",All-items,127.9
2019-01,Manitoba,All-items,134.1
2019-01,"Winnipeg, Manitoba",All-items,133.6
2019-01,Saskatchewan,All-items,137.4
2019-01,"Regina, Saskatchewan",All-items,138.0
2019-01,"Saskatoon, Saskatchewan",All-items,138.2
2019-01,Alberta,All-items,140.5
2019-01,"Edmonton, Alberta",All-items,140.7
2019-01,"Calgary, Alberta",All-items,140.7
2019-01,British Columbia,All-items,129.1
2019-01,"Vancouver, British Columbia",All-items,131.7
2019-01,"Victoria, British Columbia",All-items,126.7
2019-01,"Whitehorse, Yukon",All-items,130.9
2019-01,"Yellowknife, Northwest Territories",All-items,136.8
2019-01,"Iqaluit, Nunavut",All-items,129.3
2019-02,Canada,All-items,134.5
2019-02,Newfoundland and Labrador,All-items,138.0
2019-02,"St. John's, Newfoundland and Labrador",All-items,137.5
2019-02,Prince Edward Island,All-items,135.9
2019-02,"Charlottetown and Summerside, Prince Edward Island",All-items,135.3
2019-02,Nova Scotia,All-items,135.7
2019-02,"Halifax, Nova Scotia",All-items,134.5
2019-02,New Brunswick,All-items,134.7
2019-02,"Saint John, New Brunswick",All-items,134.7
2019-02,Quebec,All-items,130.2
2019-02,"Québec, Quebec",All-items,129.3
2019-02,"Montréal, Quebec",All-items,130.9
2019-02,Ontario,All-items,136.0
2019-02,"Ottawa-Gatineau, Ontario part, Ontario/Quebec",All-items,134.3
2019-02,"Toronto, Ontario",All-items,138.6
2019-02,"Thunder Bay, Ontario",All-items,128.6
2019-02,Manitoba,All-items,135.2
2019-02,"Winnipeg, Manitoba",All-items,134.6
2019-02,Saskatchewan,All-items,138.5
2019-02,"Regina, Saskatchewan",All-items,139.3
2019-02,"Saskatoon, Saskatchewan",All-items,139.0
2019-02,Alberta,All-items,142.0
2019-02,"Edmonton, Alberta",All-items,142.0
2019-02,"Calgary, Alberta",All-items,142.2
2019-02,British Columbia,All-items,129.8
2019-02,"Vancouver, British Columbia",All-items,132.4
2019-02,"Victoria, British Columbia",All-items,127.4
2019-02,"Whitehorse, Yukon",All-items,131.1
2019-02,"Yellowknife, Northwest Territories",All-items,138.0
2019-02,"Iqaluit, Nunavut",All-items,129.9
2019-03,Canada,All-items,135.4
2019-03,Newfoundland and Labrador,All-items,139.1
2019-03,"St. John's, Newfoundland and Labrador",All-items,138.4
2019-03,Prince Edward Island,All-items,137.0
2019-03,"Charlottetown and Summerside, Prince Edward Island",All-items,136.4
2019-03,Nova Scotia,All-items,136.8
2019-03,"Halifax, Nova Scotia",All-items,135.5
2019-03,New Brunswick,All-items,135.9
2019-03,"Saint John, New Brunswick",All-items,136.0
2019-03,Quebec,All-items,131.0
2019-03,"Québec, Quebec",All-items,129.9
2019-03,"Montréal, Quebec",All-items,131.6
2019-03,Ontario,All-items,137.0
2019-03,"Ottawa-Gatineau, Ontario part, Ontario/Quebec",All-items,135.0
2019-03,"Toronto, Ontario",All-items,139.5
2019-03,"Thunder Bay, Ontario",All-items,129.7
2019-03,Manitoba,All-items,136.1
2019-03,"Winnipeg, Manitoba",All-items,135.5
2019-03,Saskatchewan,All-items,139.2
2019-03,"Regina, Saskatchewan",All-items,140.0
2019-03,"Saskatoon, Saskatchewan",All-items,139.7
2019-03,Alberta,All-items,143.1
2019-03,"Edmonton, Alberta",All-items,143.0
2019-03,"Calgary, Alberta",All-items,143.3
2019-03,British Columbia,All-items,130.7
2019-03,"Vancouver, British Columbia",All-items,133.3
2019-03,"Victoria, British Columbia",All-items,128.3
2019-03,"Whitehorse, Yukon",All-items,131.6
2019-03,"Yellowknife, Northwest Territories",All-items,138.5
2019-03,"Iqaluit, Nunavut",All-items,130.5
2019-04,Canada,All-items,136.0
2019-04,Newfoundland and Labrador,All-items,139.7
2019-04,"St. John's, Newfoundland and Labrador",All-items,138.9
2019-04,Prince Edward Island,All-items,137.8
2019-04,"Charlottetown and Summerside, Prince Edward Island",All-items,137.2
2019-04,Nova Scotia,All-items,137.4
2019-04,"Halifax, Nova Scotia",All-items,135.9
2019-04,New Brunswick,All-items,136.4
2019-04,"Saint John, New Brunswick",All-items,136.3
2019-04,Quebec,All-items,131.5
2019-04,"Québec, Quebec",All-items,130.5
2019-04,"Montréal, Quebec",All-items,131.9
2019-04,Ontario,All-items,137.4
2019-04,"Ottawa-Gatineau, Ontario part, Ontario/Quebec",All-items,135.2
2019-04,"Toronto, Ontario",All-items,139.8
2019-04,"Thunder Bay, Ontario",All-items,130.1
2019-04,Manitoba,All-items,137.1
2019-04,"Winnipeg, Manitoba",All-items,136.5
2019-04,Saskatchewan,All-items,140.6
2019-04,"Regina, Saskatchewan",All-items,141.3
2019-04,"Saskatoon, Saskatchewan",All-items,141.0
2019-04,Alberta,All-items,143.7
2019-04,"Edmonton, Alberta",All-items,143.7
2019-04,"Calgary, Alberta",All-items,143.8
2019-04,British Columbia,All-items,131.2
2019-04,"Vancouver, British Columbia",All-items,133.6
2019-04,"Victoria, British Columbia",All-items,128.6
2019-04,"Whitehorse, Yukon",All-items,132.2
2019-04,"Yellowknife, Northwest Territories",All-items,138.4
2019-04,"Iqaluit, Nunavut",All-items,131.3
2019-05,Canada,All-items,136.6
2019-05,Newfoundland and Labrador,All-items,140.0
2019-05,"St. John's, Newfoundland and Labrador",All-items,139.3
2019-05,Prince Edward Island,All-items,138.2
2019-05,"Charlottetown and Summerside, Prince Edward Island",All-items,137.6
2019-05,Nova Scotia,All-items,137.8
2019-05,"Halifax, Nova Scotia",All-items,136.3
2019-05,New Brunswick,All-items,136.7
2019-05,"Saint John, New Brunswick",All-items,136.6
2019-05,Quebec,All-items,132.4
2019-05,"Québec, Quebec",All-items,131.3
2019-05,"Montréal, Quebec",All-items,132.8
2019-05,Ontario,All-items,138.1
2019-05,"Ottawa-Gatineau, Ontario part, Ontario/Quebec",All-items,136.1
2019-05,"Toronto, Ontario",All-items,140.3
2019-05,"Thunder Bay, Ontario",All-items,131.1
2019-05,Manitoba,All-items,137.5
2019-05,"Winnipeg, Manitoba",All-items,137.0
2019-05,Saskatchewan,All-items,140.8
2019-05,"Regina, Saskatchewan",All-items,141.3
2019-05,"Saskatoon, Saskatchewan",All-items,141.0
2019-05,Alberta,All-items,144.0
2019-05,"Edmonton, Alberta",All-items,144.1
2019-05,"Calgary, Alberta",All-items,144.0
2019-05,British Columbia,All-items,131.8
2019-05,"Vancouver, British Columbia",All-items,134.4
2019-05,"Victoria, British Columbia",All-items,129.3
2019-05,"Whitehorse, Yukon",All-items,132.9
2019-05,"Yellowknife, Northwest Territories",All-items,139.1
2019-05,"Iqaluit, Nunavut",All-items,131.9
2019-06,Canada,All-items,136.3
2019-06,Newfoundland and Labrador,All-items,139.4
2019-06,"St. John's, Newfoundland and Labrador",All-items,138.8
2019-06,Prince Edward Island,All-items,138.0
2019-06,"Charlottetown and Summerside, Prince Edward Island",All-items,137.5
2019-06,Nova Scotia,All-items,137.4
2019-06,"Halifax, Nova Scotia",All-items,136.0
2019-06,New Brunswick,All-items,136.3
2019-06,"Saint John, New Brunswick",All-items,136.0
2019-06,Quebec,All-items,132.0
2019-06,"Québec, Quebec",All-items,130.8
2019-06,"Montréal, Quebec",All-items,132.4
2019-06,Ontario,All-items,138.0
2019-06,"Ottawa-Gatineau, Ontario part, Ontario/Quebec",All-items,136.0
2019-06,"Toronto, Ontario",All-items,140.3
2019-06,"Thunder Bay, Ontario",All-items,130.8
2019-06,Manitoba,All-items,137.3
2019-06,"Winnipeg, Manitoba",All-items,136.8
2019-06,Saskatchewan,All-items,140.2
2019-06,"Regina, Saskatchewan",All-items,140.9
2019-06,"Saskatoon, Saskatchewan",All-items,140.6
2019-06,Alberta,All-items,142.7
2019-06,"Edmonton, Alberta",All-items,143.0
2019-06,"Calgary, Alberta",All-items,142.7
2019-06,British Columbia,All-items,131.9
2019-06,"Vancouver, British Columbia",All-items,134.8
2019-06,"Victoria, British Columbia",All-items,129.6
2019-06,"Whitehorse, Yukon",All-items,134.1
2019-06,"Yellowknife, Northwest Territories",All-items,139.1
2019-06,"Iqaluit, Nunavut",All-items,132.1
2019-07,Canada,All-items,137.0
2019-07,Newfoundland and Labrador,All-items,140.1
2019-07,"St. John's, Newfoundland and Labrador",All-items,139.4
2019-07,Prince Edward Island,All-items,139.5
2019-07,"Charlottetown and Summerside, Prince Edward Island",All-items,138.9
2019-07,Nova Scotia,All-items,138.5
2019-07,"Halifax, Nova Scotia",All-items,137.0
2019-07,New Brunswick,All-items,137.1
2019-07,"Saint John, New Brunswick",All-items,136.8
2019-07,Quebec,All-items,132.6
2019-07,"Québec, Quebec",All-items,131.3
2019-07,"Montréal, Quebec",All-items,133.2
2019-07,Ontario,All-items,138.8
2019-07,"Ottawa-Gatineau, Ontario part, Ontario/Quebec",All-items,137.0
2019-07,"Toronto, Ontario",All-items,141.2
2019-07,"Thunder Bay, Ontario",All-items,131.7
2019-07,Manitoba,All-items,137.4
2019-07,"Winnipeg, Manitoba",All-items,136.9
2019-07,Saskatchewan,All-items,140.7
2019-07,"Regina, Saskatchewan",All-items,141.2
2019-07,"Saskatoon, Saskatchewan",All-items,141.1
2019-07,Alberta,All-items,143.6
2019-07,"Edmonton, Alberta",All-items,143.8
2019-07,"Calgary, Alberta",All-items,143.5
2019-07,British Columbia,All-items,132.4
2019-07,"Vancouver, British Columbia",All-items,135.2
2019-07,"Victoria, British Columbia",All-items,130.1
2019-07,"Whitehorse, Yukon",All-items,135.1
2019-07,"Yellowknife, Northwest Territories",All-items,139.2
2019-07,"Iqaluit, Nunavut",All-items,132.8
2019-08,Canada,All-items,136.8
2019-08,Newfoundland and Labrador,All-items,139.9
2019-08,"St. John's, Newfoundland and Labrador",All-items,139.2
2019-08,Prince Edward Island,All-items,138.8
2019-08,"Charlottetown and Summerside, Prince Edward Island",All-items,138.2
2019-08,Nova Scotia,All-items,138.4
2019-08,"Halifax, Nova Scotia",All-items,136.9
2019-08,New Brunswick,All-items,137.4
2019-08,"Saint John, New Brunswick",All-items,137.1
2019-08,Quebec,All-items,132.4
2019-08,"Québec, Quebec",All-items,130.9
2019-08,"Montréal, Quebec",All-items,133.2
2019-08,Ontario,All-items,138.5
2019-08,"Ottawa-Gatineau, Ontario part, Ontario/Quebec",All-items,136.9
2019-08,"Toronto, Ontario",All-items,140.9
2019-08,"Thunder Bay, Ontario",All-items,131.0
2019-08,Manitoba,All-items,137.3
2019-08,"Winnipeg, Manitoba",All-items,136.9
2019-08,Saskatchewan,All-items,140.2
2019-08,"Regina, Saskatchewan",All-items,140.8
2019-08,"Saskatoon, Saskatchewan",All-items,140.5
2019-08,Alberta,All-items,143.4
2019-08,"Edmonton, Alberta",All-items,143.6
2019-08,"Calgary, Alberta",All-items,143.4
2019-08,British Columbia,All-items,132.2
2019-08,"Vancouver, British Columbia",All-items,135.0
2019-08,"Victoria, British Columbia",All-items,130.0
2019-08,"Whitehorse, Yukon",All-items,134.8
2019-08,"Yellowknife, Northwest Territories",All-items,139.3
2019-08,"Iqaluit, Nunavut",All-items,133.6
2019-09,Canada,All-items,136.2
2019-09,Newfoundland and Labrador,All-items,139.0
2019-09,"St. John's, Newfoundland and Labrador",All-items,138.3
2019-09,Prince Edward Island,All-items,138.2
2019-09,"Charlottetown and Summerside, Prince Edward Island",All-items,137.5
2019-09,Nova Scotia,All-items,138.4
2019-09,"Halifax, Nova Scotia",All-items,137.1
2019-09,New Brunswick,All-items,136.6
2019-09,"Saint John, New Brunswick",All-items,136.4
2019-09,Quebec,All-items,132.1
2019-09,"Québec, Quebec",All-items,131.0
2019-09,"Montréal, Quebec",All-items,133.2
2019-09,Ontario,All-items,137.5
2019-09,"Ottawa-Gatineau, Ontario part, Ontario/Quebec",All-items,136.2
2019-09,"Toronto, Ontario",All-items,139.7
2019-09,"Thunder Bay, Ontario",All-items,129.7
2019-09,Manitoba,All-items,136.9
2019-09,"Winnipeg, Manitoba",All-items,136.6
2019-09,Saskatchewan,All-items,139.7
2019-09,"Regina, Saskatchewan",All-items,140.4
2019-09,"Saskatoon, Saskatchewan",All-items,140.1
2019-09,Alberta,All-items,142.9
2019-09,"Edmonton, Alberta",All-items,143.2
2019-09,"Calgary, Alberta",All-items,143.0
2019-09,British Columbia,All-items,132.0
2019-09,"Vancouver, British Columbia",All-items,134.7
2019-09,"Victoria, British Columbia",All-items,129.7
2019-09,"Whitehorse, Yukon",All-items,133.5
2019-09,"Yellowknife, Northwest Territories",All-items,138.2
2019-09,"Iqaluit, Nunavut",All-items,131.2
2019-10,Canada,All-items,136.6
2019-10,Newfoundland and Labrador,All-items,139.7
2019-10,"St. John's, Newfoundland and Labrador",All-items,138.9
2019-10,Prince Edward Island,All-items,138.4
2019-10,"Charlottetown and Summerside, Prince Edward Island",All-items,137.8
2019-10,Nova Scotia,All-items,138.0
2019-10,"Halifax, Nova Scotia",All-items,136.5
2019-10,New Brunswick,All-items,136.8
2019-10,"Saint John, New Brunswick",All-items,136.5
2019-10,Quebec,All-items,132.4
2019-10,"Québec, Quebec",All-items,131.1
2019-10,"Montréal, Quebec",All-items,133.5
2019-10,Ontario,All-items,137.9
2019-10,"Ottawa-Gatineau, Ontario part, Ontario/Quebec",All-items,136.5
2019-10,"Toronto, Ontario",All-items,140.3
2019-10,"Thunder Bay, Ontario",All-items,130.2
2019-10,Manitoba,All-items,138.0
2019-10,"Winnipeg, Manitoba",All-items,137.7
2019-10,Saskatchewan,All-items,140.9
2019-10,"Regina, Saskatchewan",All-items,141.7
2019-10,"Saskatoon, Saskatchewan",All-items,141.1
2019-10,Alberta,All-items,143.6
2019-10,"Edmonton, Alberta",All-items,143.9
2019-10,"Calgary, Alberta",All-items,143.7
2019-10,British Columbia,All-items,132.2
2019-10,"Vancouver, British Columbia",All-items,134.9
2019-10,"Victoria, British Columbia",All-items,129.6
2019-10,"Whitehorse, Yukon",All-items,133.9
2019-10,"Yellowknife, Northwest Territories",All-items,139.4
2019-10,"Iqaluit, Nunavut",All-items,131.1
2019-11,Canada,All-items,136.4
2019-11,Newfoundland and Labrador,All-items,139.9
2019-11,"St. John's, Newfoundland and Labrador",All-items,139.2
2019-11,Prince Edward Island,All-items,139.0
2019-11,"Charlottetown and Summerside, Prince Edward Island",All-items,138.2
2019-11,Nova Scotia,All-items,138.4
2019-11,"Halifax, Nova Scotia",All-items,136.9
2019-11,New Brunswick,All-items,137.3
2019-11,"Saint John, New Brunswick",All-items,136.9
2019-11,Quebec,All-items,132.4
2019-11,"Québec, Quebec",All-items,130.9
2019-11,"Montréal, Quebec",All-items,133.3
2019-11,Ontario,All-items,137.7
2019-11,"Ottawa-Gatineau, Ontario part, Ontario/Quebec",All-items,136.7
2019-11,"Toronto, Ontario",All-items,139.9
2019-11,"Thunder Bay, Ontario",All-items,129.7
2019-11,Manitoba,All-items,137.6
2019-11,"Winnipeg, Manitoba",All-items,137.1
2019-11,Saskatchewan,All-items,140.5
2019-11,"Regina, Saskatchewan",All-items,141.2
2019-11,"Saskatoon, Saskatchewan",All-items,141.0
2019-11,Alberta,All-items,143.6
2019-11,"Edmonton, Alberta",All-items,143.7
2019-11,"Calgary, Alberta",All-items,143.7
2019-11,British Columbia,All-items,131.8
2019-11,"Vancouver, British Columbia",All-items,134.4
2019-11,"Victoria, British Columbia",All-items,129.1
2019-11,"Whitehorse, Yukon",All-items,133.9
2019-11,"Yellowknife, Northwest Territories",All-items,139.5
2019-11,"Iqaluit, Nunavut",All-items,130.9
2019-12,Canada,All-items,136.4
2019-12,Newfoundland and Labrador,All-items,139.6
2019-12,"St. John's, Newfoundland and Labrador",All-items,138.9
2019-12,Prince Edward Island,All-items,138.4
2019-12,"Charlottetown and Summerside, Prince Edward Island",All-items,137.7
2019-12,Nova Scotia,All-items,137.9
2019-12,"Halifax, Nova Scotia",All-items,136.4
2019-12,New Brunswick,All-items,136.4
2019-12,"Saint John, New Brunswick",All-items,136.1
2019-12,Quebec,All-items,132.4
2019-12,"Québec, Quebec",All-items,130.8
2019-12,"Montréal, Quebec",All-items,133.3
2019-12,Ontario,All-items,137.8
2019-12,"Ottawa-Gatineau, Ontario part, Ontario/Quebec",All-items,137.0
2019-12,"Toronto, Ontario",All-items,140.1
2019-12,"Thunder Bay, Ontario",All-items,129.4
2019-12,Manitoba,All-items,137.4
2019-12,"Winnipeg, Manitoba",All-items,137.0
2019-12,Saskatchewan,All-items,139.6
2019-12,"Regina, Saskatchewan",All-items,140.4
2019-12,"Saskatoon, Saskatchewan",All-items,140.1
2019-12,Alberta,All-items,143.7
2019-12,"Edmonton, Alberta",All-items,143.7
2019-12,"Calgary, Alberta",All-items,143.7
2019-12,British Columbia,All-items,131.7
2019-12,"Vancouver, British Columbia",All-items,134.2
2019-12,"Victoria, British Columbia",All-items,129.2
2019-12,"Whitehorse, Yukon",All-items,134.8
2019-12,"Yellowknife, Northwest Territories",All-items,140.0
2019-12,"Iqaluit, Nunavut",All-items,132.2
2020-01,Canada,All-items,136.8
2020-01,Newfoundland and Labrador,All-items,140.0
2020-01,"St. John's, Newfoundland and Labrador",All-items,139.2
2020-01,Prince Edward Island,All-items,139.0
2020-01,"Charlottetown and Summerside, Prince Edward Island",All-items,138.4
2020-01,Nova Scotia,All-items,138.5
2020-01,"Halifax, Nova Scotia",All-items,137.1
2020-01,New Brunswick,All-items,137.3
2020-01,"Saint John, New Brunswick",All-items,137.1
2020-01,Quebec,All-items,132.6
2020-01,"Québec, Quebec",All-items,131.2
2020-01,"Montréal, Quebec",All-items,133.3
2020-01,Ontario,All-items,138.0
2020-01,"Ottawa-Gatineau, Ontario part, Ontario/Quebec",All-items,137.0
2020-01,"Toronto, Ontario",All-items,139.9
2020-01,"Thunder Bay, Ontario",All-items,129.6
2020-01,Manitoba,All-items,137.5
2020-01,"Winnipeg, Manitoba",All-items,137.0
2020-01,Saskatchewan,All-items,140.6
2020-01,"Regina, Saskatchewan",All-items,141.3
2020-01,"Saskatoon, Saskatchewan",All-items,141.1
2020-01,Alberta,All-items,144.7
2020-01,"Edmonton, Alberta",All-items,144.5
2020-01,"Calgary, Alberta",All-items,144.6
2020-01,British Columbia,All-items,132.1
2020-01,"Vancouver, British Columbia",All-items,134.6
2020-01,"Victoria, British Columbia",All-items,129.4
2020-01,"Whitehorse, Yukon",All-items,135.8
2020-01,"Yellowknife, Northwest Territories",All-items,141.0
2020-01,"Iqaluit, Nunavut",All-items,131.8
2020-02,Canada,All-items,137.4
2020-02,Newfoundland and Labrador,All-items,140.3
2020-02,"St. John's, Newfoundland and Labrador",All-items,139.6
2020-02,Prince Edward Island,All-items,138.9
2020-02,"Charlottetown and Summerside, Prince Edward Island",All-items,138.3
2020-02,Nova Scotia,All-items,139.1
2020-02,"Halifax, Nova Scotia",All-items,137.7
2020-02,New Brunswick,All-items,137.6
2020-02,"Saint John, New Brunswick",All-items,137.7
2020-02,Quebec,All-items,133.2
2020-02,"Québec, Quebec",All-items,132.0
2020-02,"Montréal, Quebec",All-items,133.9
2020-02,Ontario,All-items,138.7
2020-02,"Ottawa-Gatineau, Ontario part, Ontario/Quebec",All-items,137.7
2020-02,"Toronto, Ontario",All-items,140.5
2020-02,"Thunder Bay, Ontario",All-items,130.6
2020-02,Manitoba,All-items,138.3
2020-02,"Winnipeg, Manitoba",All-items,137.8
2020-02,Saskatchewan,All-items,141.2
2020-02,"Regina, Saskatchewan",All-items,141.8
2020-02,"Saskatoon, Saskatchewan",All-items,141.7
2020-02,Alberta,All-items,145.5
2020-02,"Edmonton, Alberta",All-items,145.5
2020-02,"Calgary, Alberta",All-items,145.4
2020-02,British Columbia,All-items,132.9
2020-02,"Vancouver, British Columbia",All-items,135.3
2020-02,"Victoria, British Columbia",All-items,130.5
2020-02,"Whitehorse, Yukon",All-items,135.9
2020-02,"Yellowknife, Northwest Territories",All-items,141.2
2020-02,"Iqaluit, Nunavut",All-items,132.4
2020-03,Canada,All-items,136.6
2020-03,Newfoundland and Labrador,All-items,139.2
2020-03,"St. John's, Newfoundland and Labrador",All-items,138.8
2020-03,Prince Edward Island,All-items,137.5
2020-03,"Charlottetown and Summerside, Prince Edward Island",All-items,136.9
2020-03,Nova Scotia,All-items,138.0
2020-03,"Halifax, Nova Scotia",All-items,136.8
2020-03,New Brunswick,All-items,136.6
2020-03,"Saint John, New Brunswick",All-items,136.7
2020-03,Quebec,All-items,132.5
2020-03,"Québec, Quebec",All-items,131.4
2020-03,"Montréal, Quebec",All-items,133.5
2020-03,Ontario,All-items,137.9
2020-03,"Ottawa-Gatineau, Ontario part, Ontario/Quebec",All-items,136.9
2020-03,"Toronto, Ontario",All-items,140.1
2020-03,"Thunder Bay, Ontario",All-items,130.3
2020-03,Manitoba,All-items,137.4
2020-03,"Winnipeg, Manitoba",All-items,137.0
2020-03,Saskatchewan,All-items,140.0
2020-03,"Regina, Saskatchewan",All-items,140.5
2020-03,"Saskatoon, Saskatchewan",All-items,140.8
2020-03,Alberta,All-items,144.1
2020-03,"Edmonton, Alberta",All-items,144.3
2020-03,"Calgary, Alberta",All-items,144.2
2020-03,British Columbia,All-items,132.3
2020-03,"Vancouver, British Columbia",All-items,134.7
2020-03,"Victoria, British Columbia",All-items,130.4
2020-03,"Whitehorse, Yukon",All-items,135.1
2020-03,"Yellowknife, Northwest Territories",All-items,140.0
2020-03,"Iqaluit, Nunavut",All-items,132.7
2020-04,Canada,All-items,135.7
2020-04,Newfoundland and Labrador,All-items,137.6
2020-04,"St. John's, Newfoundland and Labrador",All-items,137.4
2020-04,Prince Edward Island,All-items,136.0
2020-04,"Charlottetown and Summerside, Prince Edward Island",All-items,135.4
2020-04,Nova Scotia,All-items,136.6
2020-04,"Halifax, Nova Scotia",All-items,135.5
2020-04,New Brunswick,All-items,134.6
2020-04,"Saint John, New Brunswick",All-items,135.1
2020-04,Quebec,All-items,131.7
2020-04,"Québec, Quebec",All-items,130.8
2020-04,"Montréal, Quebec",All-items,132.9
2020-04,Ontario,All-items,137.3
2020-04,"Ottawa-Gatineau, Ontario part, Ontario/Quebec",All-items,136.3
2020-04,"Toronto, Ontario",All-items,139.8
2020-04,"Thunder Bay, Ontario",All-items,129.4
2020-04,Manitoba,All-items,136.3
2020-04,"Winnipeg, Manitoba",All-items,136.1
2020-04,Saskatchewan,All-items,138.7
2020-04,"Regina, Saskatchewan",All-items,139.2
2020-04,"Saskatoon, Saskatchewan",All-items,139.8
2020-04,Alberta,All-items,143.0
2020-04,"Edmonton, Alberta",All-items,143.2
2020-04,"Calgary, Alberta",All-items,143.0
2020-04,British Columbia,All-items,131.2
2020-04,"Vancouver, British Columbia",All-items,133.8
2020-04,"Victoria, British Columbia",All-items,128.5
2020-04,"Whitehorse, Yukon",All-items,133.6
2020-04,"Yellowknife, Northwest Territories",All-items,137.8
2020-04,"Iqaluit, Nunavut",All-items,132.4
2020-05,Canada,All-items,136.1
2020-05,Newfoundland and Labrador,All-items,138.2
2020-05,"St. John's, Newfoundland and Labrador",All-items,137.8
2020-05,Prince Edward Island,All-items,136.1
2020-05,"Charlottetown and Summerside, Prince Edward Island",All-items,135.6
2020-05,Nova Scotia,All-items,136.5
2020-05,"Halifax, Nova Scotia",All-items,135.4
2020-05,New Brunswick,All-items,135.6
2020-05,"Saint John, New Brunswick",All-items,135.9
2020-05,Quebec,All-items,131.9
2020-05,"Québec, Quebec",All-items,131.0
2020-05,"Montréal, Quebec",All-items,132.8
2020-05,Ontario,All-items,137.5
2020-05,"Ottawa-Gatineau, Ontario part, Ontario/Quebec",All-items,136.5
2020-05,"Toronto, Ontario",All-items,139.7
2020-05,"Thunder Bay, Ontario",All-items,129.4
2020-05,Manitoba,All-items,136.8
2020-05,"Winnipeg, Manitoba",All-items,136.5
2020-05,Saskatchewan,All-items,139.9
2020-05,"Regina, Saskatchewan",All-items,140.5
2020-05,"Saskatoon, Saskatchewan",All-items,140.6
2020-05,Alberta,All-items,144.1
2020-05,"Edmonton, Alberta",All-items,144.0
2020-05,"Calgary, Alberta",All-items,144.2
2020-05,British Columbia,All-items,131.5
2020-05,"Vancouver, British Columbia",All-items,134.1
2020-05,"Victoria, British Columbia",All-items,129.1
2020-05,"Whitehorse, Yukon",All-items,133.1
2020-05,"Yellowknife, Northwest Territories",All-items,137.7
2020-05,"Iqaluit, Nunavut",All-items,131.4
2020-06,Canada,All-items,137.2
2020-06,Newfoundland and Labrador,All-items,139.5
2020-06,"St. John's, Newfoundland and Labrador",All-items,138.9
2020-06,Prince Edward Island,All-items,137.5
2020-06,"Charlottetown and Summerside, Prince Edward Island",All-items,136.9
2020-06,Nova Scotia,All-items,137.6
2020-06,"Halifax, Nova Scotia",All-items,136.5
2020-06,New Brunswick,All-items,136.6
2020-06,"Saint John, New Brunswick",All-items,136.6
2020-06,Quebec,All-items,132.8
2020-06,"Québec, Quebec",All-items,131.7
2020-06,"Montréal, Quebec",All-items,133.6
2020-06,Ontario,All-items,138.6
2020-06,"Ottawa-Gatineau, Ontario part, Ontario/Quebec",All-items,137.6
2020-06,"Toronto, Ontario",All-items,140.7
2020-06,"Thunder Bay, Ontario",All-items,130.5
2020-06,Manitoba,All-items,137.9
2020-06,"Winnipeg, Manitoba",All-items,137.5
2020-06,Saskatchewan,All-items,141.2
2020-06,"Regina, Saskatchewan",All-items,142.0
2020-06,"Saskatoon, Saskatchewan",All-items,141.6
2020-06,Alberta,All-items,145.0
2020-06,"Edmonton, Alberta",All-items,145.0
2020-06,"Calgary, Alberta",All-items,144.9
2020-06,British Columbia,All-items,132.6
2020-06,"Vancouver, British Columbia",All-items,135.1
2020-06,"Victoria, British Columbia",All-items,130.5
2020-06,"Whitehorse, Yukon",All-items,134.3
2020-06,"Yellowknife, Northwest Territories",All-items,139.3
2020-06,"Iqaluit, Nunavut",All-items,131.3
2020-07,Canada,All-items,137.2
2020-07,Newfoundland and Labrador,All-items,139.6
2020-07,"St. John's, Newfoundland and Labrador",All-items,139.2
2020-07,Prince Edward Island,All-items,138.2
2020-07,"Charlottetown and Summerside, Prince Edward Island",All-items,137.7
2020-07,Nova Scotia,All-items,137.8
2020-07,"Halifax, Nova Scotia",All-items,136.5
2020-07,New Brunswick,All-items,137.1
2020-07,"Saint John, New Brunswick",All-items,137.3
2020-07,Quebec,All-items,133.0
2020-07,"Québec, Quebec",All-items,131.8
2020-07,"Montréal, Quebec",All-items,133.6
2020-07,Ontario,All-items,138.8
2020-07,"Ottawa-Gatineau, Ontario part, Ontario/Quebec",All-items,138.2
2020-07,"Toronto, Ontario",All-items,140.6
2020-07,"Thunder Bay, Ontario",All-items,130.5
2020-07,Manitoba,All-items,137.9
2020-07,"Winnipeg, Manitoba",All-items,137.5
2020-07,Saskatchewan,All-items,141.4
2020-07,"Regina, Saskatchewan",All-items,142.2
2020-07,"Saskatoon, Saskatchewan",All-items,141.8
2020-07,Alberta,All-items,144.9
2020-07,"Edmonton, Alberta",All-items,145.2
2020-07,"Calgary, Alberta",All-items,144.7
2020-07,British Columbia,All-items,132.6
2020-07,"Vancouver, British Columbia",All-items,134.8
2020-07,"Victoria, British Columbia",All-items,130.5
2020-07,"Whitehorse, Yukon",All-items,134.2
2020-07,"Yellowknife, Northwest Territories",All-items,139.1
2020-07,"Iqaluit, Nunavut",All-items,131.3
2020-08,Canada,All-items,137.0
2020-08,Newfoundland and Labrador,All-items,139.1
2020-08,"St. John's, Newfoundland and Labrador",All-items,138.7
2020-08,Prince Edward Island,All-items,138.3
2020-08,"Charlottetown and Summerside, Prince Edward Island",All-items,137.8
2020-08,Nova Scotia,All-items,137.5
2020-08,"Halifax, Nova Scotia",All-items,136.3
2020-08,New Brunswick,All-items,136.6
2020-08,"Saint John, New Brunswick",All-items,136.7
2020-08,Quebec,All-items,132.9
2020-08,"Québec, Quebec",All-items,131.7
2020-08,"Montréal, Quebec",All-items,133.7
2020-08,Ontario,All-items,138.6
2020-08,"Ottawa-Gatineau, Ontario part, Ontario/Quebec",All-items,138.1
2020-08,"Toronto, Ontario",All-items,140.4
2020-08,"Thunder Bay, Ontario",All-items,130.4
2020-08,Manitoba,All-items,137.2
2020-08,"Winnipeg, Manitoba",All-items,136.9
2020-08,Saskatchewan,All-items,140.8
2020-08,"Regina, Saskatchewan",All-items,141.5
2020-08,"Saskatoon, Saskatchewan",All-items,141.3
2020-08,Alberta,All-items,144.2
2020-08,"Edmonton, Alberta",All-items,144.4
2020-08,"Calgary, Alberta",All-items,144.2
2020-08,British Columbia,All-items,132.4
2020-08,"Vancouver, British Columbia",All-items,134.7
2020-08,"Victoria, British Columbia",All-items,130.1
2020-08,"Whitehorse, Yukon",All-items,133.6
2020-08,"Yellowknife, Northwest Territories",All-items,137.5
2020-08,"Iqaluit, Nunavut",All-items,130.5
2020-09,Canada,All-items,136.9
2020-09,Newfoundland and Labrador,All-items,139.4
2020-09,"St. John's, Newfoundland and Labrador",All-items,139.2
2020-09,Prince Edward Island,All-items,138.2
2020-09,"Charlottetown and Summerside, Prince Edward Island",All-items,137.7
2020-09,Nova Scotia,All-items,137.5
2020-09,"Halifax, Nova Scotia",All-items,136.4
2020-09,New Brunswick,All-items,136.3
2020-09,"Saint John, New Brunswick",All-items,136.5
2020-09,Quebec,All-items,132.5
2020-09,"Québec, Quebec",All-items,131.6
2020-09,"Montréal, Quebec",All-items,133.4
2020-09,Ontario,All-items,138.3
2020-09,"Ottawa-Gatineau, Ontario part, Ontario/Quebec",All-items,137.9
2020-09,"Toronto, Ontario",All-items,140.0
2020-09,"Thunder Bay, Ontario",All-items,130.4
2020-09,Manitoba,All-items,137.2
2020-09,"Winnipeg, Manitoba",All-items,137.0
2020-09,Saskatchewan,All-items,140.8
2020-09,"Regina, Saskatchewan",All-items,141.7
2020-09,"Saskatoon, Saskatchewan",All-items,141.5
2020-09,Alberta,All-items,145.0
2020-09,"Edmonton, Alberta",All-items,144.9
2020-09,"Calgary, Alberta",All-items,145.0
2020-09,British Columbia,All-items,132.5
2020-09,"Vancouver, British Columbia",All-items,134.8
2020-09,"Victoria, British Columbia",All-items,131.1
2020-09,"Whitehorse, Yukon",All-items,133.9
2020-09,"Yellowknife, Northwest Territories",All-items,137.1
2020-09,"Iqaluit, Nunavut",All-items,130.3
2020-10,Canada,All-items,137.5
2020-10,Newfoundland and Labrador,All-items,140.5
2020-10,"St. John's, Newfoundland and Labrador",All-items,140.4
2020-10,Prince Edward Island,All-items,138.6
2020-10,"Charlottetown and Summerside, Prince Edward Island",All-items,138.0
2020-10,Nova Scotia,All-items,138.4
2020-10,"Halifax, Nova Scotia",All-items,137.3
2020-10,New Brunswick,All-items,137.0
2020-10,"Saint John, New Brunswick",All-items,136.9
2020-10,Quebec,All-items,133.1
2020-10,"Québec, Quebec",All-items,132.1
2020-10,"Montréal, Quebec",All-items,134.3
2020-10,Ontario,All-items,138.9
2020-10,"Ottawa-Gatineau, Ontario part, Ontario/Quebec",All-items,138.8
2020-10,"Toronto, Ontario",All-items,140.8
2020-10,"Thunder Bay, Ontario",All-items,131.6
2020-10,Manitoba,All-items,138.1
2020-10,"Winnipeg, Manitoba",All-items,137.8
2020-10,Saskatchewan,All-items,141.6
2020-10,"Regina, Saskatchewan",All-items,142.2
2020-10,"Saskatoon, Saskatchewan",All-items,142.4
2020-10,Alberta,All-items,145.2
2020-10,"Edmonton, Alberta",All-items,145.1
2020-10,"Calgary, Alberta",All-items,145.4
2020-10,British Columbia,All-items,132.9
2020-10,"Vancouver, British Columbia",All-items,135.3
2020-10,"Victoria, British Columbia",All-items,131.7
2020-10,"Whitehorse, Yukon",All-items,134.5
2020-10,"Yellowknife, Northwest Territories",All-items,138.6
2020-10,"Iqaluit, Nunavut",All-items,130.8
2020-11,Canada,All-items,137.7
2020-11,Newfoundland and Labrador,All-items,141.0
2020-11,"St. John's, Newfoundland and Labrador",All-items,141.0
2020-11,Prince Edward Island,All-items,138.3
2020-11,"Charlottetown and Summerside, Prince Edward Island",All-items,137.9
2020-11,Nova Scotia,All-items,138.7
2020-11,"Halifax, Nova Scotia",All-items,137.7
2020-11,New Brunswick,All-items,136.8
2020-11,"Saint John, New Brunswick",All-items,136.8
2020-11,Quebec,All-items,133.5
2020-11,"Québec, Quebec",All-items,132.3
2020-11,"Montréal, Quebec",All-items,134.7
2020-11,Ontario,All-items,139.0
2020-11,"Ottawa-Gatineau, Ontario part, Ontario/Quebec",All-items,139.1
2020-11,"Toronto, Ontario",All-items,140.7
2020-11,"Thunder Bay, Ontario",All-items,131.8
2020-11,Manitoba,All-items,138.4
2020-11,"Winnipeg, Manitoba",All-items,138.1
2020-11,Saskatchewan,All-items,141.6
2020-11,"Regina, Saskatchewan",All-items,142.2
2020-11,"Saskatoon, Saskatchewan",All-items,142.4
2020-11,Alberta,All-items,145.4
2020-11,"Edmonton, Alberta",All-items,145.4
2020-11,"Calgary, Alberta",All-items,145.6
2020-11,British Columbia,All-items,133.3
2020-11,"Vancouver, British Columbia",All-items,136.0
2020-11,"Victoria, British Columbia",All-items,131.7
2020-11,"Whitehorse, Yukon",All-items,134.8
2020-11,"Yellowknife, Northwest Territories",All-items,138.8
2020-11,"Iqaluit, Nunavut",All-items,130.9
2020-12,Canada,All-items,137.4
2020-12,Newfoundland and Labrador,All-items,140.4
2020-12,"St. John's, Newfoundland and Labrador",All-items,140.1
2020-12,Prince Edward Island,All-items,138.2
2020-12,"Charlottetown and Summerside, Prince Edward Island",All-items,137.7
2020-12,Nova Scotia,All-items,138.7
2020-12,"Halifax, Nova Scotia",All-items,137.6
2020-12,New Brunswick,All-items,136.9
2020-12,"Saint John, New Brunswick",All-items,137.4
2020-12,Quebec,All-items,133.4
2020-12,"Québec, Quebec",All-items,131.8
2020-12,"Montréal, Quebec",All-items,134.6
2020-12,Ontario,All-items,138.8
2020-12,"Ottawa-Gatineau, Ontario part, Ontario/Quebec",All-items,138.9
2020-12,"Toronto, Ontario",All-items,140.5
2020-12,"Thunder Bay, Ontario",All-items,130.8
2020-12,Manitoba,All-items,137.5
2020-12,"Winnipeg, Manitoba",All-items,137.3
2020-12,Saskatchewan,All-items,140.9
2020-12,"Regina, Saskatchewan",All-items,141.0
2020-12,"Saskatoon, Saskatchewan",All-items,141.6
2020-12,Alberta,All-items,144.8
2020-12,"Edmonton, Alberta",All-items,144.7
2020-12,"Calgary, Alberta",All-items,144.9
2020-12,British Columbia,All-items,132.8
2020-12,"Vancouver, British Columbia",All-items,135.3
2020-12,"Victoria, British Columbia",All-items,131.3
2020-12,"Whitehorse, Yukon",All-items,134.9
2020-12,"Yellowknife, Northwest Territories",All-items,138.1
2020-12,"Iqaluit, Nunavut",All-items,131.2
2021-01,Canada,All-items,138.2
2021-01,Newfoundland and Labrador,All-items,142.1
2021-01,"St. John's, Newfoundland and Labrador",All-items,141.6
2021-01,Prince Edward Island,All-items,139.7
2021-01,"Charlottetown and Summerside, Prince Edward Island",All-items,139.1
2021-01,Nova Scotia,All-items,140.3
2021-01,"Halifax, Nova Scotia",All-items,139.0
2021-01,New Brunswick,All-items,138.2
2021-01,"Saint John, New Brunswick",All-items,138.3
2021-01,Quebec,All-items,134.3
2021-01,"Québec, Quebec",All-items,133.0
2021-01,"Montréal, Quebec",All-items,135.3
2021-01,Ontario,All-items,139.5
2021-01,"Ottawa-Gatineau, Ontario part, Ontario/Quebec",All-items,139.5
2021-01,"Toronto, Ontario",All-items,141.0
2021-01,"Thunder Bay, Ontario",All-items,131.0
2021-01,Manitoba,All-items,138.5
2021-01,"Winnipeg, Manitoba",All-items,138.3
2021-01,Saskatchewan,All-items,141.9
2021-01,"Regina, Saskatchewan",All-items,142.3
2021-01,"Saskatoon, Saskatchewan",All-items,142.7
2021-01,Alberta,All-items,145.8
2021-01,"Edmonton, Alberta",All-items,145.8
2021-01,"Calgary, Alberta",All-items,145.7
2021-01,British Columbia,All-items,133.6
2021-01,"Vancouver, British Columbia",All-items,136.0
2021-01,"Victoria, British Columbia",All-items,131.2
2021-01,"Whitehorse, Yukon",All-items,136.1
2021-01,"Yellowknife, Northwest Territories",All-items,139.7
2021-01,"Iqaluit, Nunavut",All-items,132.0
2021-02,Canada,All-items,138.9
2021-02,Newfoundland and Labrador,All-items,142.0
2021-02,"St. John's, Newfoundland and Labrador",All-items,141.2
2021-02,Prince Edward Island,All-items,140.8
2021-02,"Charlottetown and Summerside, Prince Edward Island",All-items,140.2
2021-02,Nova Scotia,All-items,140.8
2021-02,"Halifax, Nova Scotia",All-items,139.6
2021-02,New Brunswick,All-items,138.7
2021-02,"Saint John, New Brunswick",All-items,139.0
2021-02,Quebec,All-items,135.3
2021-02,"Québec, Quebec",All-items,134.0
2021-02,"Montréal, Quebec",All-items,136.1
2021-02,Ontario,All-items,140.2
2021-02,"Ottawa-Gatineau, Ontario part, Ontario/Quebec",All-items,140.2
2021-02,"Toronto, Ontario",All-items,141.7
2021-02,"Thunder Bay, Ontario",All-items,132.5
2021-02,Manitoba,All-items,138.9
2021-02,"Winnipeg, Manitoba",All-items,138.7
2021-02,Saskatchewan,All-items,142.4
2021-02,"Regina, Saskatchewan",All-items,142.9
2021-02,"Saskatoon, Saskatchewan",All-items,143.1
2021-02,Alberta,All-items,146.4
2021-02,"Edmonton, Alberta",All-items,146.2
2021-02,"Calgary, Alberta",All-items,146.1
2021-02,British Columbia,All-items,134.1
2021-02,"Vancouver, British Columbia",All-items,136.3
2021-02,"Victoria, British Columbia",All-items,131.9
2021-02,"Whitehorse, Yukon",All-items,136.4
2021-02,"Yellowknife, Northwest Territories",All-items,139.6
2021-02,"Iqaluit, Nunavut",All-items,132.0
2021-03,Canada,All-items,139.6
2021-03,Newfoundland and Labrador,All-items,142.9
2021-03,"St. John's, Newfoundland and Labrador",All-items,142.2
2021-03,Prince Edward Island,All-items,142.1
2021-03,"Charlottetown and Summerside, Prince Edward Island",All-items,141.5
2021-03,Nova Scotia,All-items,141.8
2021-03,"Halifax, Nova Scotia",All-items,140.4
2021-03,New Brunswick,All-items,139.2
2021-03,"Saint John, New Brunswick",All-items,139.1
2021-03,Quebec,All-items,135.4
2021-03,"Québec, Quebec",All-items,134.3
2021-03,"Montréal, Quebec",All-items,136.1
2021-03,Ontario,All-items,141.0
2021-03,"Ottawa-Gatineau, Ontario part, Ontario/Quebec",All-items,140.6
2021-03,"Toronto, Ontario",All-items,142.5
2021-03,"Thunder Bay, Ontario",All-items,133.1
2021-03,Manitoba,All-items,139.6
2021-03,"Winnipeg, Manitoba",All-items,139.2
2021-03,Saskatchewan,All-items,143.3
2021-03,"Regina, Saskatchewan",All-items,143.9
2021-03,"Saskatoon, Saskatchewan",All-items,143.5
2021-03,Alberta,All-items,146.9
2021-03,"Edmonton, Alberta",All-items,146.8
2021-03,"Calgary, Alberta",All-items,146.6
2021-03,British Columbia,All-items,134.9
2021-03,"Vancouver, British Columbia",All-items,137.4
2021-03,"Victoria, British Columbia",All-items,132.3
2021-03,"Whitehorse, Yukon",All-items,136.6
2021-03,"Yellowknife, Northwest Territories",All-items,139.9
2021-03,"Iqaluit, Nunavut",All-items,132.0
2021-04,Canada,All-items,140.3
2021-04,Newfoundland and Labrador,All-items,143.5
2021-04,"St. John's, Newfoundland and Labrador",All-items,142.8
2021-04,Prince Edward Island,All-items,143.2
2021-04,"Charlottetown and Summerside, Prince Edward Island",All-items,142.6
2021-04,Nova Scotia,All-items,142.3
2021-04,"Halifax, Nova Scotia",All-items,141.0
2021-04,New Brunswick,All-items,140.3
2021-04,"Saint John, New Brunswick",All-items,140.2
2021-04,Quebec,All-items,136.2
2021-04,"Québec, Quebec",All-items,135.3
2021-04,"Montréal, Quebec",All-items,136.8
2021-04,Ontario,All-items,141.8
2021-04,"Ottawa-Gatineau, Ontario part, Ontario/Quebec",All-items,141.9
2021-04,"Toronto, Ontario",All-items,143.1
2021-04,"Thunder Bay, Ontario",All-items,133.8
2021-04,Manitoba,All-items,140.6
2021-04,"Winnipeg, Manitoba",All-items,140.2
2021-04,Saskatchewan,All-items,143.9
2021-04,"Regina, Saskatchewan",All-items,144.6
2021-04,"Saskatoon, Saskatchewan",All-items,144.1
2021-04,Alberta,All-items,147.7
2021-04,"Edmonton, Alberta",All-items,147.5
2021-04,"Calgary, Alberta",All-items,147.4
2021-04,British Columbia,All-items,135.2
2021-04,"Vancouver, British Columbia",All-items,137.6
2021-04,"Victoria, British Columbia",All-items,132.6
2021-04,"Whitehorse, Yukon",All-items,137.8
2021-04,"Yellowknife, Northwest Territories",All-items,140.5
2021-04,"Iqaluit, Nunavut",All-items,133.2
2021-05,Canada,All-items,141.0
2021-05,Newfoundland and Labrador,All-items,144.3
2021-05,"St. John's, Newfoundland and Labrador",All-items,143.6
2021-05,Prince Edward Island,All-items,144.2
2021-05,"Charlottetown and Summerside, Prince Edward Island",All-items,143.7
2021-05,Nova Scotia,All-items,143.1
2021-05,"Halifax, Nova Scotia",All-items,141.6
2021-05,New Brunswick,All-items,141.4
2021-05,"Saint John, New Brunswick",All-items,140.9
2021-05,Quebec,All-items,137.3
2021-05,"Québec, Quebec",All-items,136.0
2021-05,"Montréal, Quebec",All-items,138.3
2021-05,Ontario,All-items,142.6
2021-05,"Ottawa-Gatineau, Ontario part, Ontario/Quebec",All-items,142.9
2021-05,"Toronto, Ontario",All-items,143.7
2021-05,"Thunder Bay, Ontario",All-items,135.5
2021-05,Manitoba,All-items,141.5
2021-05,"Winnipeg, Manitoba",All-items,141.1
2021-05,Saskatchewan,All-items,143.7
2021-05,"Regina, Saskatchewan",All-items,144.0
2021-05,"Saskatoon, Saskatchewan",All-items,144.0
2021-05,Alberta,All-items,148.6
2021-05,"Edmonton, Alberta",All-items,148.2
2021-05,"Calgary, Alberta",All-items,148.4
2021-05,British Columbia,All-items,135.1
2021-05,"Vancouver, British Columbia",All-items,137.3
2021-05,"Victoria, British Columbia",All-items,132.9
2021-05,"Whitehorse, Yukon",All-items,138.0
2021-05,"Yellowknife, Northwest Territories",All-items,141.2
2021-05,"Iqaluit, Nunavut",All-items,133.3
2021-06,Canada,All-items,141.4
2021-06,Newfoundland and Labrador,All-items,144.4
2021-06,"St. John's, Newfoundland and Labrador",All-items,143.5
2021-06,Prince Edward Island,All-items,144.8
2021-06,"Charlottetown and Summerside, Prince Edward Island",All-items,144.1
2021-06,Nova Scotia,All-items,143.2
2021-06,"Halifax, Nova Scotia",All-items,141.5
2021-06,New Brunswick,All-items,141.5
2021-06,"Saint John, New Brunswick",All-items,141.1
2021-06,Quebec,All-items,137.7
2021-06,"Québec, Quebec",All-items,136.2
2021-06,"Montréal, Quebec",All-items,138.7
2021-06,Ontario,All-items,143.1
2021-06,"Ottawa-Gatineau, Ontario part, Ontario/Quebec",All-items,143.3
2021-06,"Toronto, Ontario",All-items,144.2
2021-06,"Thunder Bay, Ontario",All-items,134.4
2021-06,Manitoba,All-items,141.9
2021-06,"Winnipeg, Manitoba",All-items,141.4
2021-06,Saskatchewan,All-items,143.8
2021-06,"Regina, Saskatchewan",All-items,144.0
2021-06,"Saskatoon, Saskatchewan",All-items,144.3
2021-06,Alberta,All-items,148.9
2021-06,"Edmonton, Alberta",All-items,148.6
2021-06,"Calgary, Alberta",All-items,148.6
2021-06,British Columbia,All-items,135.8
2021-06,"Vancouver, British Columbia",All-items,138.1
2021-06,"Victoria, British Columbia",All-items,133.1
2021-06,"Whitehorse, Yukon",All-items,138.5
2021-06,"Yellowknife, Northwest Territories",All-items,141.1
2021-06,"Iqaluit, Nunavut",All-items,133.3
2021-07,Canada,All-items,142.3
2021-07,Newfoundland and Labrador,All-items,145.8
2021-07,"St. John's, Newfoundland and Labrador",All-items,144.8
2021-07,Prince Edward Island,All-items,146.6
2021-07,"Charlottetown and Summerside, Prince Edward Island",All-items,146.0
2021-07,Nova Scotia,All-items,144.2
2021-07,"Halifax, Nova Scotia",All-items,142.6
2021-07,New Brunswick,All-items,142.5
2021-07,"Saint John, New Brunswick",All-items,142.3
2021-07,Quebec,All-items,138.5
2021-07,"Québec, Quebec",All-items,137.0
2021-07,"Montréal, Quebec",All-items,139.2
2021-07,Ontario,All-items,143.7
2021-07,"Ottawa-Gatineau, Ontario part, Ontario/Quebec",All-items,144.6
2021-07,"Toronto, Ontario",All-items,144.6
2021-07,"Thunder Bay, Ontario",All-items,135.9
2021-07,Manitoba,All-items,142.8
2021-07,"Winnipeg, Manitoba",All-items,142.3
2021-07,Saskatchewan,All-items,144.7
2021-07,"Regina, Saskatchewan",All-items,144.8
2021-07,"Saskatoon, Saskatchewan",All-items,145.5
2021-07,Alberta,All-items,150.3
2021-07,"Edmonton, Alberta",All-items,149.9
2021-07,"Calgary, Alberta",All-items,150.5
2021-07,British Columbia,All-items,136.7
2021-07,"Vancouver, British Columbia",All-items,139.0
2021-07,"Victoria, British Columbia",All-items,134.0
2021-07,"Whitehorse, Yukon",All-items,139.8
2021-07,"Yellowknife, Northwest Territories",All-items,141.9
2021-07,"Iqaluit, Nunavut",All-items,133.0
2021-08,Canada,All-items,142.6
2021-08,Newfoundland and Labrador,All-items,145.8
2021-08,"St. John's, Newfoundland and Labrador",All-items,144.7
2021-08,Prince Edward Island,All-items,147.0
2021-08,"Charlottetown and Summerside, Prince Edward Island",All-items,146.3
2021-08,Nova Scotia,All-items,144.5
2021-08,"Halifax, Nova Scotia",All-items,142.9
2021-08,New Brunswick,All-items,143.0
2021-08,"Saint John, New Brunswick",All-items,142.7
2021-08,Quebec,All-items,138.7
2021-08,"Québec, Quebec",All-items,136.6
2021-08,"Montréal, Quebec",All-items,139.6
2021-08,Ontario,All-items,144.1
2021-08,"Ottawa-Gatineau, Ontario part, Ontario/Quebec",All-items,144.7
2021-08,"Toronto, Ontario",All-items,145.0
2021-08,"Thunder Bay, Ontario",All-items,136.1
2021-08,Manitoba,All-items,143.2
2021-08,"Winnipeg, Manitoba",All-items,142.6
2021-08,Saskatchewan,All-items,144.9
2021-08,"Regina, Saskatchewan",All-items,144.6
2021-08,"Saskatoon, Saskatchewan",All-items,145.8
2021-08,Alberta,All-items,151.0
2021-08,"Edmonton, Alberta",All-items,150.7
2021-08,"Calgary, Alberta",All-items,151.3
2021-08,British Columbia,All-items,137.0
2021-08,"Vancouver, British Columbia",All-items,139.2
2021-08,"Victoria, British Columbia",All-items,134.3
2021-08,"Whitehorse, Yukon",All-items,140.3
2021-08,"Yellowknife, Northwest Territories",All-items,143.1
2021-08,"Iqaluit, Nunavut",All-items,133.9
2021-09,Canada,All-items,142.9
2021-09,Newfoundland and Labrador,All-items,145.6
2021-09,"St. John's, Newfoundland and Labrador",All-items,144.5
2021-09,Prince Edward Island,All-items,146.9
2021-09,"Charlottetown and Summerside, Prince Edward Island",All-items,146.3
2021-09,Nova Scotia,All-items,144.6
2021-09,"Halifax, Nova Scotia",All-items,143.0
2021-09,New Brunswick,All-items,143.3
2021-09,"Saint John, New Brunswick",All-items,143.2
2021-09,Quebec,All-items,139.2
2021-09,"Québec, Quebec",All-items,137.1
2021-09,"Montréal, Quebec",All-items,140.2
2021-09,Ontario,All-items,144.4
2021-09,"Ottawa-Gatineau, Ontario part, Ontario/Quebec",All-items,145.2
2021-09,"Toronto, Ontario",All-items,145.3
2021-09,"Thunder Bay, Ontario",All-items,135.7
2021-09,Manitoba,All-items,143.6
2021-09,"Winnipeg, Manitoba",All-items,143.1
2021-09,Saskatchewan,All-items,145.4
2021-09,"Regina, Saskatchewan",All-items,145.6
2021-09,"Saskatoon, Saskatchewan",All-items,146.0
2021-09,Alberta,All-items,150.8
2021-09,"Edmonton, Alberta",All-items,150.3
2021-09,"Calgary, Alberta",All-items,151.1
2021-09,British Columbia,All-items,137.2
2021-09,"Vancouver, British Columbia",All-items,139.6
2021-09,"Victoria, British Columbia",All-items,134.3
2021-09,"Whitehorse, Yukon",All-items,140.5
2021-09,"Yellowknife, Northwest Territories",All-items,143.7
2021-09,"Iqaluit, Nunavut",All-items,133.7
2021-10,Canada,All-items,143.9
2021-10,Newfoundland and Labrador,All-items,146.8
2021-10,"St. John's, Newfoundland and Labrador",All-items,145.5
2021-10,Prince Edward Island,All-items,147.8
2021-10,"Charlottetown and Summerside, Prince Edward Island",All-items,147.3
2021-10,Nova Scotia,All-items,145.9
2021-10,"Halifax, Nova Scotia",All-items,144.1
2021-10,New Brunswick,All-items,144.5
2021-10,"Saint John, New Brunswick",All-items,144.0
2021-10,Quebec,All-items,140.2
2021-10,"Québec, Quebec",All-items,138.0
2021-10,"Montréal, Quebec",All-items,141.1
2021-10,Ontario,All-items,145.7
2021-10,"Ottawa-Gatineau, Ontario part, Ontario/Quebec",All-items,146.5
2021-10,"Toronto, Ontario",All-items,146.5
2021-10,"Thunder Bay, Ontario",All-items,136.3
2021-10,Manitoba,All-items,144.6
2021-10,"Winnipeg, Manitoba",All-items,144.0
2021-10,Saskatchewan,All-items,146.1
2021-10,"Regina, Saskatchewan",All-items,146.3
2021-10,"Saskatoon, Saskatchewan",All-items,146.6
2021-10,Alberta,All-items,151.5
2021-10,"Edmonton, Alberta",All-items,151.0
2021-10,"Calgary, Alberta",All-items,151.7
2021-10,British Columbia,All-items,137.9
2021-10,"Vancouver, British Columbia",All-items,140.4
2021-10,"Victoria, British Columbia",All-items,135.1
2021-10,"Whitehorse, Yukon",All-items,141.1
2021-10,"Yellowknife, Northwest Territories",All-items,144.4
2021-10,"Iqaluit, Nunavut",All-items,133.6
2021-11,Canada,All-items,144.2
2021-11,Newfoundland and Labrador,All-items,146.9
2021-11,"St. John's, Newfoundland and Labrador",All-items,145.6
2021-11,Prince Edward Island,All-items,148.0
2021-11,"Charlottetown and Summerside, Prince Edward Island",All-items,147.5
2021-11,Nova Scotia,All-items,146.0
2021-11,"Halifax, Nova Scotia",All-items,144.3
2021-11,New Brunswick,All-items,144.6
2021-11,"Saint John, New Brunswick",All-items,144.0
2021-11,Quebec,All-items,140.5
2021-11,"Québec, Quebec",All-items,138.8
2021-11,"Montréal, Quebec",All-items,141.4
2021-11,Ontario,All-items,146.0
2021-11,"Ottawa-Gatineau, Ontario part, Ontario/Quebec",All-items,146.8
2021-11,"Toronto, Ontario",All-items,146.8
2021-11,"Thunder Bay, Ontario",All-items,136.8
2021-11,Manitoba,All-items,144.7
2021-11,"Winnipeg, Manitoba",All-items,144.1
2021-11,Saskatchewan,All-items,146.8
2021-11,"Regina, Saskatchewan",All-items,147.1
2021-11,"Saskatoon, Saskatchewan",All-items,147.3
2021-11,Alberta,All-items,151.6
2021-11,"Edmonton, Alberta",All-items,151.1
2021-11,"Calgary, Alberta",All-items,152.0
2021-11,British Columbia,All-items,138.1
2021-11,"Vancouver, British Columbia",All-items,140.4
2021-11,"Victoria, British Columbia",All-items,135.9
2021-11,"Whitehorse, Yukon",All-items,140.3
2021-11,"Yellowknife, Northwest Territories",All-items,144.3
2021-11,"Iqaluit, Nunavut",All-items,133.9
2021-12,Canada,All-items,144.0
2021-12,Newfoundland and Labrador,All-items,146.3
2021-12,"St. John's, Newfoundland and Labrador",All-items,145.1
2021-12,Prince Edward Island,All-items,147.4
2021-12,"Charlottetown and Summerside, Prince Edward Island",All-items,147.0
2021-12,Nova Scotia,All-items,145.4
2021-12,"Halifax, Nova Scotia",All-items,143.7
2021-12,New Brunswick,All-items,144.3
2021-12,"Saint John, New Brunswick",All-items,143.9
2021-12,Quebec,All-items,140.2
2021-12,"Québec, Quebec",All-items,138.3
2021-12,"Montréal, Quebec",All-items,141.3
2021-12,Ontario,All-items,146.0
2021-12,"Ottawa-Gatineau, Ontario part, Ontario/Quebec",All-items,146.4
2021-12,"Toronto, Ontario",All-items,147.1
2021-12,"Thunder Bay, Ontario",All-items,137.0
2021-12,Manitoba,All-items,144.0
2021-12,"Winnipeg, Manitoba",All-items,143.4
2021-12,Saskatchewan,All-items,145.9
2021-12,"Regina, Saskatchewan",All-items,146.6
2021-12,"Saskatoon, Saskatchewan",All-items,146.1
2021-12,Alberta,All-items,151.7
2021-12,"Edmonton, Alberta",All-items,151.4
2021-12,"Calgary, Alberta",All-items,152.2
2021-12,British Columbia,All-items,138.0
2021-12,"Vancouver, British Columbia",All-items,140.5
2021-12,"Victoria, British Columbia",All-items,135.7
2021-12,"Whitehorse, Yukon",All-items,140.8
2021-12,"Yellowknife, Northwest Territories",All-items,144.8
2021-12,"Iqaluit, Nunavut",All-items,134.7
2022-01,Canada,All-items,145.3
2022-01,Newfoundland and Labrador,All-items,147.8
2022-01,"St. John's, Newfoundland and Labrador",All-items,146.5
2022-01,Prince Edward Island,All-items,149.6
2022-01,"Charlottetown and Summerside, Prince Edward Island",All-items,149.2
2022-01,Nova Scotia,All-items,147.2
2022-01,"Halifax, Nova Scotia",All-items,145.6
2022-01,New Brunswick,All-items,145.5
2022-01,"Saint John, New Brunswick",All-items,145.3
2022-01,Quebec,All-items,141.1
2022-01,"Québec, Quebec",All-items,138.9
2022-01,"Montréal, Quebec",All-items,142.1
2022-01,Ontario,All-items,147.4
2022-01,"Ottawa-Gatineau, Ontario part, Ontario/Quebec",All-items,147.8
2022-01,"Toronto, Ontario",All-items,148.3
2022-01,"Thunder Bay, Ontario",All-items,138.5
2022-01,Manitoba,All-items,146.1
2022-01,"Winnipeg, Manitoba",All-items,145.4
2022-01,Saskatchewan,All-items,147.8
2022-01,"Regina, Saskatchewan",All-items,148.2
2022-01,"Saskatoon, Saskatchewan",All-items,148.1
2022-01,Alberta,All-items,152.8
2022-01,"Edmonton, Alberta",All-items,152.5
2022-01,"Calgary, Alberta",All-items,153.5
2022-01,British Columbia,All-items,139.4
2022-01,"Vancouver, British Columbia",All-items,141.9
2022-01,"Victoria, British Columbia",All-items,136.8
2022-01,"Whitehorse, Yukon",All-items,141.1
2022-01,"Yellowknife, Northwest Territories",All-items,145.3
2022-01,"Iqaluit, Nunavut",All-items,134.8
2022-02,Canada,All-items,146.8
2022-02,Newfoundland and Labrador,All-items,149.3
2022-02,"St. John's, Newfoundland and Labrador",All-items,147.9
2022-02,Prince Edward Island,All-items,151.2
2022-02,"Charlottetown and Summerside, Prince Edward Island",All-items,151.0
2022-02,Nova Scotia,All-items,148.8
2022-02,"Halifax, Nova Scotia",All-items,147.1
2022-02,New Brunswick,All-items,147.0
2022-02,"Saint John, New Brunswick",All-items,146.7
2022-02,Quebec,All-items,142.6
2022-02,"Québec, Quebec",All-items,140.5
2022-02,"Montréal, Quebec",All-items,143.4
2022-02,Ontario,All-items,148.8
2022-02,"Ottawa-Gatineau, Ontario part, Ontario/Quebec",All-items,149.0
2022-02,"Toronto, Ontario",All-items,149.8
2022-02,"Thunder Bay, Ontario",All-items,139.6
2022-02,Manitoba,All-items,147.4
2022-02,"Winnipeg, Manitoba",All-items,146.7
2022-02,Saskatchewan,All-items,149.1
2022-02,"Regina, Saskatchewan",All-items,149.7
2022-02,"Saskatoon, Saskatchewan",All-items,149.2
2022-02,Alberta,All-items,154.5
2022-02,"Edmonton, Alberta",All-items,154.2
2022-02,"Calgary, Alberta",All-items,155.4
2022-02,British Columbia,All-items,140.4
2022-02,"Vancouver, British Columbia",All-items,142.9
2022-02,"Victoria, British Columbia",All-items,138.5
2022-02,"Whitehorse, Yukon",All-items,142.5
2022-02,"Yellowknife, Northwest Territories",All-items,147.2
2022-02,"Iqaluit, Nunavut",All-items,135.8
2022-03,Canada,All-items,148.9
2022-03,Newfoundland and Labrador,All-items,151.9
2022-03,"St. John's, Newfoundland and Labrador",All-items,150.2
2022-03,Prince Edward Island,All-items,154.7
2022-03,"Charlottetown and Summerside, Prince Edward Island",All-items,154.8
2022-03,Nova Scotia,All-items,151.4
2022-03,"Halifax, Nova Scotia",All-items,149.7
2022-03,New Brunswick,All-items,149.5
2022-03,"Saint John, New Brunswick",All-items,148.8
2022-03,Quebec,All-items,144.5
2022-03,"Québec, Quebec",All-items,142.3
2022-03,"Montréal, Quebec",All-items,145.0
2022-03,Ontario,All-items,150.8
2022-03,"Ottawa-Gatineau, Ontario part, Ontario/Quebec",All-items,151.1
2022-03,"Toronto, Ontario",All-items,151.7
2022-03,"Thunder Bay, Ontario",All-items,140.5
2022-03,Manitoba,All-items,149.9
2022-03,"Winnipeg, Manitoba",All-items,149.3
2022-03,Saskatchewan,All-items,151.4
2022-03,"Regina, Saskatchewan",All-items,151.8
2022-03,"Saskatoon, Saskatchewan",All-items,151.5
2022-03,Alberta,All-items,156.5
2022-03,"Edmonton, Alberta",All-items,156.3
2022-03,"Calgary, Alberta",All-items,157.3
2022-03,British Columbia,All-items,143.0
2022-03,"Vancouver, British Columbia",All-items,145.3
2022-03,"Victoria, British Columbia",All-items,140.4
2022-03,"Whitehorse, Yukon",All-items,144.9
2022-03,"Yellowknife, Northwest Territories",All-items,149.6
2022-03,"Iqaluit, Nunavut",All-items,136.9
2022-04,Canada,All-items,149.8
2022-04,Newfoundland and Labrador,All-items,153.0
2022-04,"St. John's, Newfoundland and Labrador",All-items,151.3
2022-04,Prince Edward Island,All-items,156.0
2022-04,"Charlottetown and Summerside, Prince Edward Island",All-items,156.1
2022-04,Nova Scotia,All-items,152.4
2022-04,"Halifax, Nova Scotia",All-items,150.3
2022-04,New Brunswick,All-items,150.9
2022-04,"Saint John, New Brunswick",All-items,150.4
2022-04,Quebec,All-items,145.5
2022-04,"Québec, Quebec",All-items,143.1
2022-04,"Montréal, Quebec",All-items,146.0
2022-04,Ontario,All-items,151.6
2022-04,"Ottawa-Gatineau, Ontario part, Ontario/Quebec",All-items,151.6
2022-04,"Toronto, Ontario",All-items,152.6
2022-04,"Thunder Bay, Ontario",All-items,140.6
2022-04,Manitoba,All-items,151.1
2022-04,"Winnipeg, Manitoba",All-items,150.4
2022-04,Saskatchewan,All-items,152.4
2022-04,"Regina, Saskatchewan",All-items,152.8
2022-04,"Saskatoon, Saskatchewan",All-items,152.3
2022-04,Alberta,All-items,157.0
2022-04,"Edmonton, Alberta",All-items,156.5
2022-04,"Calgary, Alberta",All-items,157.9
2022-04,British Columbia,All-items,144.2
2022-04,"Vancouver, British Columbia",All-items,146.7
2022-04,"Victoria, British Columbia",All-items,141.7
2022-04,"Whitehorse, Yukon",All-items,145.8
2022-04,"Yellowknife, Northwest Territories",All-items,150.3
2022-04,"Iqaluit, Nunavut",All-items,137.8
2022-05,Canada,All-items,151.9
2022-05,Newfoundland and Labrador,All-items,155.8
2022-05,"St. John's, Newfoundland and Labrador",All-items,153.8
2022-05,Prince Edward Island,All-items,160.2
2022-05,"Charlottetown and Summerside, Prince Edward Island",All-items,160.5
2022-05,Nova Scotia,All-items,155.7
2022-05,"Halifax, Nova Scotia",All-items,153.5
2022-05,New Brunswick,All-items,153.8
2022-05,"Saint John, New Brunswick",All-items,153.0
2022-05,Quebec,All-items,147.6
2022-05,"Québec, Quebec",All-items,145.1
2022-05,"Montréal, Quebec",All-items,147.9
2022-05,Ontario,All-items,153.7
2022-05,"Ottawa-Gatineau, Ontario part, Ontario/Quebec",All-items,153.8
2022-05,"Toronto, Ontario",All-items,154.4
2022-05,"Thunder Bay, Ontario",All-items,142.2
2022-05,Manitoba,All-items,153.8
2022-05,"Winnipeg, Manitoba",All-items,153.1
2022-05,Saskatchewan,All-items,153.8
2022-05,"Regina, Saskatchewan",All-items,154.3
2022-05,"Saskatoon, Saskatchewan",All-items,153.5
2022-05,Alberta,All-items,159.2
2022-05,"Edmonton, Alberta",All-items,158.7
2022-05,"Calgary, Alberta",All-items,160.3
2022-05,British Columbia,All-items,146.1
2022-05,"Vancouver, British Columbia",All-items,148.5
2022-05,"Victoria, British Columbia",All-items,143.8
2022-05,"Whitehorse, Yukon",All-items,147.9
2022-05,"Yellowknife, Northwest Territories",All-items,151.8
2022-05,"Iqaluit, Nunavut",All-items,138.0
2022-06,Canada,All-items,152.9
2022-06,Newfoundland and Labrador,All-items,156.2
2022-06,"St. John's, Newfoundland and Labrador",All-items,154.2
2022-06,Prince Edward Island,All-items,160.6
2022-06,"Charlottetown and Summerside, Prince Edward Island",All-items,160.7
2022-06,Nova Scotia,All-items,156.5
2022-06,"Halifax, Nova Scotia",All-items,154.4
2022-06,New Brunswick,All-items,154.4
2022-06,"Saint John, New Brunswick",All-items,153.8
2022-06,Quebec,All-items,148.7
2022-06,"Québec, Quebec",All-items,146.3
2022-06,"Montréal, Quebec",All-items,149.3
2022-06,Ontario,All-items,154.4
2022-06,"Ottawa-Gatineau, Ontario part, Ontario/Quebec",All-items,154.3
2022-06,"Toronto, Ontario",All-items,154.9
2022-06,"Thunder Bay, Ontario",All-items,143.3
2022-06,Manitoba,All-items,155.3
2022-06,"Winnipeg, Manitoba",All-items,154.7
2022-06,Saskatchewan,All-items,155.4
2022-06,"Regina, Saskatchewan",All-items,155.7
2022-06,"Saskatoon, Saskatchewan",All-items,155.2
2022-06,Alberta,All-items,161.4
2022-06,"Edmonton, Alberta",All-items,161.2
2022-06,"Calgary, Alberta",All-items,162.8
2022-06,British Columbia,All-items,146.5
2022-06,"Vancouver, British Columbia",All-items,148.8
2022-06,"Victoria, British Columbia",All-items,144.3
2022-06,"Whitehorse, Yukon",All-items,149.2
2022-06,"Yellowknife, Northwest Territories",All-items,152.8
2022-06,"Iqaluit, Nunavut",All-items,139.0
2022-07,Canada,All-items,153.1
2022-07,Newfoundland and Labrador,All-items,155.9
2022-07,"St. John's, Newfoundland and Labrador",All-items,154.2
2022-07,Prince Edward Island,All-items,160.5
2022-07,"Charlottetown and Summerside, Prince Edward Island",All-items,160.4
2022-07,Nova Scotia,All-items,156.7
2022-07,"Halifax, Nova Scotia",All-items,154.8
2022-07,New Brunswick,All-items,153.9
2022-07,"Saint John, New Brunswick",All-items,153.5
2022-07,Quebec,All-items,148.6
2022-07,"Québec, Quebec",All-items,146.2
2022-07,"Montréal, Quebec",All-items,149.3
2022-07,Ontario,All-items,154.6
2022-07,"Ottawa-Gatineau, Ontario part, Ontario/Quebec",All-items,155.3
2022-07,"Toronto, Ontario",All-items,155.4
2022-07,"Thunder Bay, Ontario",All-items,144.1
2022-07,Manitoba,All-items,155.3
2022-07,"Winnipeg, Manitoba",All-items,154.6
2022-07,Saskatchewan,All-items,156.4
2022-07,"Regina, Saskatchewan",All-items,156.7
2022-07,"Saskatoon, Saskatchewan",All-items,156.3
2022-07,Alberta,All-items,161.4
2022-07,"Edmonton, Alberta",All-items,161.3
2022-07,"Calgary, Alberta",All-items,162.8
2022-07,British Columbia,All-items,147.6
2022-07,"Vancouver, British Columbia",All-items,149.7
2022-07,"Victoria, British Columbia",All-items,145.0
2022-07,"Whitehorse, Yukon",All-items,150.6
2022-07,"Yellowknife, Northwest Territories",All-items,153.2
2022-07,"Iqaluit, Nunavut",All-items,139.9
2022-08,Canada,All-items,152.6
2022-08,Newfoundland and Labrador,All-items,155.1
2022-08,"St. John's, Newfoundland and Labrador",All-items,153.4
2022-08,Prince Edward Island,All-items,159.2
2022-08,"Charlottetown and Summerside, Prince Edward Island",All-items,159.1
2022-08,Nova Scotia,All-items,155.7
2022-08,"Halifax, Nova Scotia",All-items,154.0
2022-08,New Brunswick,All-items,153.6
2022-08,"Saint John, New Brunswick",All-items,153.3
2022-08,Quebec,All-items,148.6
2022-08,"Québec, Quebec",All-items,146.4
2022-08,"Montréal, Quebec",All-items,149.6
2022-08,Ontario,All-items,154.1
2022-08,"Ottawa-Gatineau, Ontario part, Ontario/Quebec",All-items,155.2
2022-08,"Toronto, Ontario",All-items,154.8
2022-08,"Thunder Bay, Ontario",All-items,143.9
2022-08,Manitoba,All-items,154.6
2022-08,"Winnipeg, Manitoba",All-items,154.0
2022-08,Saskatchewan,All-items,154.8
2022-08,"Regina, Saskatchewan",All-items,155.2
2022-08,"Saskatoon, Saskatchewan",All-items,154.8
2022-08,Alberta,All-items,160.0
2022-08,"Edmonton, Alberta",All-items,159.2
2022-08,"Calgary, Alberta",All-items,161.4
2022-08,British Columbia,All-items,147.0
2022-08,"Vancouver, British Columbia",All-items,149.5
2022-08,"Victoria, British Columbia",All-items,144.3
2022-08,"Whitehorse, Yukon",All-items,151.0
2022-08,"Yellowknife, Northwest Territories",All-items,152.7
2022-08,"Iqaluit, Nunavut",All-items,140.3
2022-09,Canada,All-items,152.7
2022-09,Newfoundland and Labrador,All-items,154.5
2022-09,"St. John's, Newfoundland and Labrador",All-items,152.9
2022-09,Prince Edward Island,All-items,159.2
2022-09,"Charlottetown and Summerside, Prince Edward Island",All-items,159.5
2022-09,Nova Scotia,All-items,155.2
2022-09,"Halifax, Nova Scotia",All-items,153.5
2022-09,New Brunswick,All-items,153.1
2022-09,"Saint John, New Brunswick",All-items,153.0
2022-09,Quebec,All-items,148.3
2022-09,"Québec, Quebec",All-items,146.3
2022-09,"Montréal, Quebec",All-items,149.7
2022-09,Ontario,All-items,154.1
2022-09,"Ottawa-Gatineau, Ontario part, Ontario/Quebec",All-items,155.1
2022-09,"Toronto, Ontario",All-items,154.9
2022-09,"Thunder Bay, Ontario",All-items,144.0
2022-09,Manitoba,All-items,155.2
2022-09,"Winnipeg, Manitoba",All-items,154.6
2022-09,Saskatchewan,All-items,155.7
2022-09,"Regina, Saskatchewan",All-items,155.8
2022-09,"Saskatoon, Saskatchewan",All-items,156.0
2022-09,Alberta,All-items,160.1
2022-09,"Edmonton, Alberta",All-items,159.2
2022-09,"Calgary, Alberta",All-items,161.4
2022-09,British Columbia,All-items,147.8
2022-09,"Vancouver, British Columbia",All-items,150.3
2022-09,"Victoria, British Columbia",All-items,145.1
2022-09,"Whitehorse, Yukon",All-items,151.0
2022-09,"Yellowknife, Northwest Territories",All-items,154.7
2022-09,"Iqaluit, Nunavut",All-items,140.4
2022-10,Canada,All-items,153.8
2022-10,Newfoundland and Labrador,All-items,156.4
2022-10,"St. John's, Newfoundland and Labrador",All-items,154.8
2022-10,Prince Edward Island,All-items,160.7
2022-10,"Charlottetown and Summerside, Prince Edward Island",All-items,161.1
2022-10,Nova Scotia,All-items,157.1
2022-10,"Halifax, Nova Scotia",All-items,155.2
2022-10,New Brunswick,All-items,154.4
2022-10,"Saint John, New Brunswick",All-items,154.5
2022-10,Quebec,All-items,149.2
2022-10,"Québec, Quebec",All-items,147.3
2022-10,"Montréal, Quebec",All-items,150.6
2022-10,Ontario,All-items,155.2
2022-10,"Ottawa-Gatineau, Ontario part, Ontario/Quebec",All-items,156.3
2022-10,"Toronto, Ontario",All-items,155.9
2022-10,"Thunder Bay, Ontario",All-items,145.5
2022-10,Manitoba,All-items,156.7
2022-10,"Winnipeg, Manitoba",All-items,156.0
2022-10,Saskatchewan,All-items,157.8
2022-10,"Regina, Saskatchewan",All-items,157.7
2022-10,"Saskatoon, Saskatchewan",All-items,158.4
2022-10,Alberta,All-items,161.8
2022-10,"Edmonton, Alberta",All-items,161.3
2022-10,"Calgary, Alberta",All-items,163.0
2022-10,British Columbia,All-items,148.6
2022-10,"Vancouver, British Columbia",All-items,150.7
2022-10,"Victoria, British Columbia",All-items,145.8
2022-10,"Whitehorse, Yukon",All-items,151.8
2022-10,"Yellowknife, Northwest Territories",All-items,154.7
2022-10,"Iqaluit, Nunavut",All-items,139.4
2022-11,Canada,All-items,154.0
2022-11,Newfoundland and Labrador,All-items,156.8
2022-11,"St. John's, Newfoundland and Labrador",All-items,155.2
2022-11,Prince Edward Island,All-items,162.3
2022-11,"Charlottetown and Summerside, Prince Edward Island",All-items,163.1
2022-11,Nova Scotia,All-items,158.5
2022-11,"Halifax, Nova Scotia",All-items,156.2
2022-11,New Brunswick,All-items,155.9
2022-11,"Saint John, New Brunswick",All-items,155.8
2022-11,Quebec,All-items,150.1
2022-11,"Québec, Quebec",All-items,148.0
2022-11,"Montréal, Quebec",All-items,151.4
2022-11,Ontario,All-items,155.4
2022-11,"Ottawa-Gatineau, Ontario part, Ontario/Quebec",All-items,156.4
2022-11,"Toronto, Ontario",All-items,156.3
2022-11,"Thunder Bay, Ontario",All-items,145.9
2022-11,Manitoba,All-items,157.0
2022-11,"Winnipeg, Manitoba",All-items,156.4
2022-11,Saskatchewan,All-items,157.0
2022-11,"Regina, Saskatchewan",All-items,156.7
2022-11,"Saskatoon, Saskatchewan",All-items,157.4
2022-11,Alberta,All-items,161.6
2022-11,"Edmonton, Alberta",All-items,160.6
2022-11,"Calgary, Alberta",All-items,163.1
2022-11,British Columbia,All-items,148.1
2022-11,"Vancouver, British Columbia",All-items,150.3
2022-11,"Victoria, British Columbia",All-items,145.0
2022-11,"Whitehorse, Yukon",All-items,152.0
2022-11,"Yellowknife, Northwest Territories",All-items,155.6
2022-11,"Iqaluit, Nunavut",All-items,139.6
2022-12,Canada,All-items,153.1
2022-12,Newfoundland and Labrador,All-items,154.6
2022-12,"St. John's, Newfoundland and Labrador",All-items,153.2
2022-12,Prince Edward Island,All-items,158.8
2022-12,"Charlottetown and Summerside, Prince Edward Island",All-items,159.6
2022-12,Nova Scotia,All-items,156.4
2022-12,"Halifax, Nova Scotia",All-items,154.4
2022-12,New Brunswick,All-items,153.4
2022-12,"Saint John, New Brunswick",All-items,153.4
2022-12,Quebec,All-items,149.0
2022-12,"Québec, Quebec",All-items,147.2
2022-12,"Montréal, Quebec",All-items,150.8
2022-12,Ontario,All-items,154.8
2022-12,"Ottawa-Gatineau, Ontario part, Ontario/Quebec",All-items,155.7
2022-12,"Toronto, Ontario",All-items,155.9
2022-12,"Thunder Bay, Ontario",All-items,145.0
2022-12,Manitoba,All-items,155.5
2022-12,"Winnipeg, Manitoba",All-items,155.0
2022-12,Saskatchewan,All-items,155.7
2022-12,"Regina, Saskatchewan",All-items,156.0
2022-12,"Saskatoon, Saskatchewan",All-items,156.1
2022-12,Alberta,All-items,160.8
2022-12,"Edmonton, Alberta",All-items,159.8
2022-12,"Calgary, Alberta",All-items,162.3
2022-12,British Columbia,All-items,147.1
2022-12,"Vancouver, British Columbia",All-items,149.5
2022-12,"Victoria, British Columbia",All-items,144.4
2022-12,"Whitehorse, Yukon",All-items,152.2
2022-12,"Yellowknife, Northwest Territories",All-items,155.0
2022-12,"Iqaluit, Nunavut",All-items,138.7
2023-01,Canada,All-items,153.9
2023-01,Newfoundland and Labrador,All-items,155.9
2023-01,"St. John's, Newfoundland and Labrador",All-items,154.6
2023-01,Prince Edward Island,All-items,160.1
2023-01,"Charlottetown and Summerside, Prince Edward Island",All-items,160.7
2023-01,Nova Scotia,All-items,157.3
2023-01,"Halifax, Nova Scotia",All-items,155.3
2023-01,New Brunswick,All-items,154.9
2023-01,"Saint John, New Brunswick",All-items,154.8
2023-01,Quebec,All-items,149.9
2023-01,"Québec, Quebec",All-items,147.8
2023-01,"Montréal, Quebec",All-items,151.5
2023-01,Ontario,All-items,155.7
2023-01,"Ottawa-Gatineau, Ontario part, Ontario/Quebec",All-items,156.7
2023-01,"Toronto, Ontario",All-items,156.8
2023-01,"Thunder Bay, Ontario",All-items,145.4
2023-01,Manitoba,All-items,156.2
2023-01,"Winnipeg, Manitoba",All-items,155.7
2023-01,Saskatchewan,All-items,156.7
2023-01,"Regina, Saskatchewan",All-items,157.1
2023-01,"Saskatoon, Saskatchewan",All-items,157.2
2023-01,Alberta,All-items,160.5
2023-01,"Edmonton, Alberta",All-items,159.0
2023-01,"Calgary, Alberta",All-items,162.0
2023-01,British Columbia,All-items,148.1
2023-01,"Vancouver, British Columbia",All-items,150.3
2023-01,"Victoria, British Columbia",All-items,145.7
2023-01,"Whitehorse, Yukon",All-items,152.3
2023-01,"Yellowknife, Northwest Territories",All-items,154.4
2023-01,"Iqaluit, Nunavut",All-items,139.4
2023-02,Canada,All-items,154.5
2023-02,Newfoundland and Labrador,All-items,157.4
2023-02,"St. John's, Newfoundland and Labrador",All-items,156.1
2023-02,Prince Edward Island,All-items,161.4
2023-02,"Charlottetown and Summerside, Prince Edward Island",All-items,162.2
2023-02,Nova Scotia,All-items,158.4
2023-02,"Halifax, Nova Scotia",All-items,156.4
2023-02,New Brunswick,All-items,155.6
2023-02,"Saint John, New Brunswick",All-items,155.5
2023-02,Quebec,All-items,150.6
2023-02,"Québec, Quebec",All-items,148.8
2023-02,"Montréal, Quebec",All-items,152.4
2023-02,Ontario,All-items,156.4
2023-02,"Ottawa-Gatineau, Ontario part, Ontario/Quebec",All-items,157.1
2023-02,"Toronto, Ontario",All-items,157.4
2023-02,"Thunder Bay, Ontario",All-items,145.8
2023-02,Manitoba,All-items,156.9
2023-02,"Winnipeg, Manitoba",All-items,156.5
2023-02,Saskatchewan,All-items,157.6
2023-02,"Regina, Saskatchewan",All-items,158.0
2023-02,"Saskatoon, Saskatchewan",All-items,158.4
2023-02,Alberta,All-items,160.1
2023-02,"Edmonton, Alberta",All-items,158.4
2023-02,"Calgary, Alberta",All-items,161.5
2023-02,British Columbia,All-items,149.1
2023-02,"Vancouver, British Columbia",All-items,151.3
2023-02,"Victoria, British Columbia",All-items,146.8
2023-02,"Whitehorse, Yukon",All-items,152.5
2023-02,"Yellowknife, Northwest Territories",All-items,155.8
2023-02,"Iqaluit, Nunavut",All-items,140.0
2023-03,Canada,All-items,155.3
2023-03,Newfoundland and Labrador,All-items,157.0
2023-03,"St. John's, Newfoundland and Labrador",All-items,155.6
2023-03,Prince Edward Island,All-items,160.7
2023-03,"Charlottetown and Summerside, Prince Edward Island",All-items,161.3
2023-03,Nova Scotia,All-items,158.4
2023-03,"Halifax, Nova Scotia",All-items,156.8
2023-03,New Brunswick,All-items,155.8
2023-03,"Saint John, New Brunswick",All-items,155.6
2023-03,Quebec,All-items,151.3
2023-03,"Québec, Quebec",All-items,149.6
2023-03,"Montréal, Quebec",All-items,152.9
2023-03,Ontario,All-items,157.3
2023-03,"Ottawa-Gatineau, Ontario part, Ontario/Quebec",All-items,158.3
2023-03,"Toronto, Ontario",All-items,158.5
2023-03,"Thunder Bay, Ontario",All-items,146.6
2023-03,Manitoba,All-items,157.7
2023-03,"Winnipeg, Manitoba",All-items,157.3
2023-03,Saskatchewan,All-items,158.8
2023-03,"Regina, Saskatchewan",All-items,159.2
2023-03,"Saskatoon, Saskatchewan",All-items,159.6
2023-03,Alberta,All-items,161.7
2023-03,"Edmonton, Alberta",All-items,160.3
2023-03,"Calgary, Alberta",All-items,163.1
2023-03,British Columbia,All-items,149.7
2023-03,"Vancouver, British Columbia",All-items,152.3
2023-03,"Victoria, British Columbia",All-items,147.5
2023-03,"Whitehorse, Yukon",All-items,152.9
2023-03,"Yellowknife, Northwest Territories",All-items,156.5
2023-03,"Iqaluit, Nunavut",All-items,140.8
2023-04,Canada,All-items,156.4
2023-04,Newfoundland and Labrador,All-items,158.3
2023-04,"St. John's, Newfoundland and Labrador",All-items,157.1
2023-04,Prince Edward Island,All-items,161.7
2023-04,"Charlottetown and Summerside, Prince Edward Island",All-items,162.1
2023-04,Nova Scotia,All-items,159.3
2023-04,"Halifax, Nova Scotia",All-items,157.6
2023-04,New Brunswick,All-items,157.4
2023-04,"Saint John, New Brunswick",All-items,157.1
2023-04,Quebec,All-items,152.5
2023-04,"Québec, Quebec",All-items,150.6
2023-04,"Montréal, Quebec",All-items,154.4
2023-04,Ontario,All-items,157.9
2023-04,"Ottawa-Gatineau, Ontario part, Ontario/Quebec",All-items,158.7
2023-04,"Toronto, Ontario",All-items,158.9
2023-04,"Thunder Bay, Ontario",All-items,147.5
2023-04,Manitoba,All-items,159.4
2023-04,"Winnipeg, Manitoba",All-items,159.0
2023-04,Saskatchewan,All-items,160.4
2023-04,"Regina, Saskatchewan",All-items,160.8
2023-04,"Saskatoon, Saskatchewan",All-items,161.2
2023-04,Alberta,All-items,163.7
2023-04,"Edmonton, Alberta",All-items,162.5
2023-04,"Calgary, Alberta",All-items,165.6
2023-04,British Columbia,All-items,150.4
2023-04,"Vancouver, British Columbia",All-items,153.3
2023-04,"Victoria, British Columbia",All-items,147.8
2023-04,"Whitehorse, Yukon",All-items,154.2
2023-04,"Yellowknife, Northwest Territories",All-items,157.6
2023-04,"Iqaluit, Nunavut",All-items,142.1
2023-05,Canada,All-items,157.0
2023-05,Newfoundland and Labrador,All-items,158.5
2023-05,"St. John's, Newfoundland and Labrador",All-items,157.2
2023-05,Prince Edward Island,All-items,161.3
2023-05,"Charlottetown and Summerside, Prince Edward Island",All-items,161.7
2023-05,Nova Scotia,All-items,158.8
2023-05,"Halifax, Nova Scotia",All-items,157.2
2023-05,New Brunswick,All-items,157.3
2023-05,"Saint John, New Brunswick",All-items,157.1
2023-05,Quebec,All-items,153.5
2023-05,"Québec, Quebec",All-items,151.8
2023-05,"Montréal, Quebec",All-items,155.5
2023-05,Ontario,All-items,158.5
2023-05,"Ottawa-Gatineau, Ontario part, Ontario/Quebec",All-items,159.2
2023-05,"Toronto, Ontario",All-items,159.8
2023-05,"Thunder Bay, Ontario",All-items,148.8
2023-05,Manitoba,All-items,159.1
2023-05,"Winnipeg, Manitoba",All-items,158.8
2023-05,Saskatchewan,All-items,160.4
2023-05,"Regina, Saskatchewan",All-items,161.1
2023-05,"Saskatoon, Saskatchewan",All-items,161.5
2023-05,Alberta,All-items,164.1
2023-05,"Edmonton, Alberta",All-items,163.1
2023-05,"Calgary, Alberta",All-items,165.9
2023-05,British Columbia,All-items,151.0
2023-05,"Vancouver, British Columbia",All-items,153.8
2023-05,"Victoria, British Columbia",All-items,148.0
2023-05,"Whitehorse, Yukon",All-items,154.9
2023-05,"Yellowknife, Northwest Territories",All-items,156.4
2023-05,"Iqaluit, Nunavut",All-items,143.0
2023-06,Canada,All-items,157.2
2023-06,Newfoundland and Labrador,All-items,158.9
2023-06,"St. John's, Newfoundland and Labrador",All-items,157.6
2023-06,Prince Edward Island,All-items,161.0
2023-06,"Charlottetown and Summerside, Prince Edward Island",All-items,161.1
2023-06,Nova Scotia,All-items,159.4
2023-06,"Halifax, Nova Scotia",All-items,158.0
2023-06,New Brunswick,All-items,157.6
2023-06,"Saint John, New Brunswick",All-items,157.5
2023-06,Quebec,All-items,154.1
2023-06,"Québec, Quebec",All-items,152.4
2023-06,"Montréal, Quebec",All-items,156.2
2023-06,Ontario,All-items,158.4
2023-06,"Ottawa-Gatineau, Ontario part, Ontario/Quebec",All-items,159.2
2023-06,"Toronto, Ontario",All-items,159.7
2023-06,"Thunder Bay, Ontario",All-items,148.2
2023-06,Manitoba,All-items,158.5
2023-06,"Winnipeg, Manitoba",All-items,158.2
2023-06,Saskatchewan,All-items,160.5
2023-06,"Regina, Saskatchewan",All-items,161.2
2023-06,"Saskatoon, Saskatchewan",All-items,161.3
2023-06,Alberta,All-items,164.4
2023-06,"Edmonton, Alberta",All-items,163.4
2023-06,"Calgary, Alberta",All-items,166.1
2023-06,British Columbia,All-items,151.6
2023-06,"Vancouver, British Columbia",All-items,154.7
2023-06,"Victoria, British Columbia",All-items,148.5
2023-06,"Whitehorse, Yukon",All-items,156.4
2023-06,"Yellowknife, Northwest Territories",All-items,156.6
2023-06,"Iqaluit, Nunavut",All-items,142.6
2023-07,Canada,All-items,158.1
2023-07,Newfoundland and Labrador,All-items,159.8
2023-07,"St. John's, Newfoundland and Labrador",All-items,158.7
2023-07,Prince Edward Island,All-items,163.8
2023-07,"Charlottetown and Summerside, Prince Edward Island",All-items,164.0
2023-07,Nova Scotia,All-items,162.1
2023-07,"Halifax, Nova Scotia",All-items,160.4
2023-07,New Brunswick,All-items,158.3
2023-07,"Saint John, New Brunswick",All-items,158.5
2023-07,Quebec,All-items,154.4
2023-07,"Québec, Quebec",All-items,152.7
2023-07,"Montréal, Quebec",All-items,156.4
2023-07,Ontario,All-items,159.6
2023-07,"Ottawa-Gatineau, Ontario part, Ontario/Quebec",All-items,160.4
2023-07,"Toronto, Ontario",All-items,161.1
2023-07,"Thunder Bay, Ontario",All-items,149.1
2023-07,Manitoba,All-items,159.3
2023-07,"Winnipeg, Manitoba",All-items,158.9
2023-07,Saskatchewan,All-items,161.1
2023-07,"Regina, Saskatchewan",All-items,161.6
2023-07,"Saskatoon, Saskatchewan",All-items,162.2
2023-07,Alberta,All-items,166.0
2023-07,"Edmonton, Alberta",All-items,165.0
2023-07,"Calgary, Alberta",All-items,168.3
2023-07,British Columbia,All-items,152.1
2023-07,"Vancouver, British Columbia",All-items,155.2
2023-07,"Victoria, British Columbia",All-items,148.9
2023-07,"Whitehorse, Yukon",All-items,158.4
2023-07,"Yellowknife, Northwest Territories",All-items,157.1
2023-07,"Iqaluit, Nunavut",All-items,143.5
2023-08,Canada,All-items,158.7
2023-08,Newfoundland and Labrador,All-items,161.0
2023-08,"St. John's, Newfoundland and Labrador",All-items,159.9
2023-08,Prince Edward Island,All-items,164.8
2023-08,"Charlottetown and Summerside, Prince Edward Island",All-items,164.9
2023-08,Nova Scotia,All-items,163.0
2023-08,"Halifax, Nova Scotia",All-items,161.3
2023-08,New Brunswick,All-items,158.9
2023-08,"Saint John, New Brunswick",All-items,158.4
2023-08,Quebec,All-items,155.4
2023-08,"Québec, Quebec",All-items,153.5
2023-08,"Montréal, Quebec",All-items,157.4
2023-08,Ontario,All-items,159.9
2023-08,"Ottawa-Gatineau, Ontario part, Ontario/Quebec",All-items,160.2
2023-08,"Toronto, Ontario",All-items,161.4
2023-08,"Thunder Bay, Ontario",All-items,149.7
2023-08,Manitoba,All-items,159.5
2023-08,"Winnipeg, Manitoba",All-items,159.3
2023-08,Saskatchewan,All-items,161.6
2023-08,"Regina, Saskatchewan",All-items,162.4
2023-08,"Saskatoon, Saskatchewan",All-items,162.7
2023-08,Alberta,All-items,166.8
2023-08,"Edmonton, Alberta",All-items,165.9
2023-08,"Calgary, Alberta",All-items,169.2
2023-08,British Columbia,All-items,152.6
2023-08,"Vancouver, British Columbia",All-items,155.6
2023-08,"Victoria, British Columbia",All-items,149.2
2023-08,"Whitehorse, Yukon",All-items,158.0
2023-08,"Yellowknife, Northwest Territories",All-items,158.3
2023-08,"Iqaluit, Nunavut",All-items,142.9
2023-09,Canada,All-items,158.5
2023-09,Newfoundland and Labrador,All-items,160.8
2023-09,"St. John's, Newfoundland and Labrador",All-items,159.7
2023-09,Prince Edward Island,All-items,163.7
2023-09,"Charlottetown and Summerside, Prince Edward Island",All-items,164.0
2023-09,Nova Scotia,All-items,162.7
2023-09,"Halifax, Nova Scotia",All-items,161.0
2023-09,New Brunswick,All-items,159.3
2023-09,"Saint John, New Brunswick",All-items,159.4
2023-09,Quebec,All-items,155.4
2023-09,"Québec, Quebec",All-items,153.4
2023-09,"Montréal, Quebec",All-items,157.2
2023-09,Ontario,All-items,159.7
2023-09,"Ottawa-Gatineau, Ontario part, Ontario/Quebec",All-items,159.6
2023-09,"Toronto, Ontario",All-items,161.3
2023-09,"Thunder Bay, Ontario",All-items,148.5
2023-09,Manitoba,All-items,159.2
2023-09,"Winnipeg, Manitoba",All-items,158.9
2023-09,Saskatchewan,All-items,161.2
2023-09,"Regina, Saskatchewan",All-items,162.0
2023-09,"Saskatoon, Saskatchewan",All-items,162.3
2023-09,Alberta,All-items,166.0
2023-09,"Edmonton, Alberta",All-items,164.8
2023-09,"Calgary, Alberta",All-items,168.5
2023-09,British Columbia,All-items,152.7
2023-09,"Vancouver, British Columbia",All-items,156.3
2023-09,"Victoria, British Columbia",All-items,149.1
2023-09,"Whitehorse, Yukon",All-items,156.8
2023-09,"Yellowknife, Northwest Territories",All-items,157.5
2023-09,"Iqaluit, Nunavut",All-items,142.1
2023-10,Canada,All-items,158.6
2023-10,Newfoundland and Labrador,All-items,160.2
2023-10,"St. John's, Newfoundland and Labrador",All-items,159.3
2023-10,Prince Edward Island,All-items,163.4
2023-10,"Charlottetown and Summerside, Prince Edward Island",All-items,163.7
2023-10,Nova Scotia,All-items,162.2
2023-10,"Halifax, Nova Scotia",All-items,160.7
2023-10,New Brunswick,All-items,158.8
2023-10,"Saint John, New Brunswick",All-items,158.7
2023-10,Quebec,All-items,155.4
2023-10,"Québec, Quebec",All-items,153.6
2023-10,"Montréal, Quebec",All-items,157.5
2023-10,Ontario,All-items,160.3
2023-10,"Ottawa-Gatineau, Ontario part, Ontario/Quebec",All-items,160.3
2023-10,"Toronto, Ontario",All-items,162.2
2023-10,"Thunder Bay, Ontario",All-items,149.3
2023-10,Manitoba,All-items,159.6
2023-10,"Winnipeg, Manitoba",All-items,159.4
2023-10,Saskatchewan,All-items,160.6
2023-10,"Regina, Saskatchewan",All-items,161.3
2023-10,"Saskatoon, Saskatchewan",All-items,161.9
2023-10,Alberta,All-items,165.2
2023-10,"Edmonton, Alberta",All-items,164.0
2023-10,"Calgary, Alberta",All-items,167.5
2023-10,British Columbia,All-items,152.6
2023-10,"Vancouver, British Columbia",All-items,155.8
2023-10,"Victoria, British Columbia",All-items,149.2
2023-10,"Whitehorse, Yukon",All-items,156.1
2023-10,"Yellowknife, Northwest Territories",All-items,157.1
2023-10,"Iqaluit, Nunavut",All-items,141.5
2023-11,Canada,All-items,158.8
2023-11,Newfoundland and Labrador,All-items,160.1
2023-11,"St. John's, Newfoundland and Labrador",All-items,159.5
2023-11,Prince Edward Island,All-items,162.9
2023-11,"Charlottetown and Summerside, Prince Edward Island",All-items,163.2
2023-11,Nova Scotia,All-items,162.5
2023-11,"Halifax, Nova Scotia",All-items,161.1
2023-11,New Brunswick,All-items,158.5
2023-11,"Saint John, New Brunswick",All-items,158.7
2023-11,Quebec,All-items,155.5
2023-11,"Québec, Quebec",All-items,153.6
2023-11,"Montréal, Quebec",All-items,157.6
2023-11,Ontario,All-items,160.6
2023-11,"Ottawa-Gatineau, Ontario part, Ontario/Quebec",All-items,160.9
2023-11,"Toronto, Ontario",All-items,162.3
2023-11,"Thunder Bay, Ontario",All-items,149.0
2023-11,Manitoba,All-items,159.8
2023-11,"Winnipeg, Manitoba",All-items,159.5
2023-11,Saskatchewan,All-items,160.6
2023-11,"Regina, Saskatchewan",All-items,161.3
2023-11,"Saskatoon, Saskatchewan",All-items,161.9
2023-11,Alberta,All-items,165.6
2023-11,"Edmonton, Alberta",All-items,164.2
2023-11,"Calgary, Alberta",All-items,167.9
2023-11,British Columbia,All-items,152.8
2023-11,"Vancouver, British Columbia",All-items,155.6
2023-11,"Victoria, British Columbia",All-items,149.3
2023-11,"Whitehorse, Yukon",All-items,156.5
2023-11,"Yellowknife, Northwest Territories",All-items,157.8
2023-11,"Iqaluit, Nunavut",All-items,142.1
2023-12,Canada,All-items,158.3
2023-12,Newfoundland and Labrador,All-items,159.8
2023-12,"St. John's, Newfoundland and Labrador",All-items,159.0
2023-12,Prince Edward Island,All-items,163.0
2023-12,"Charlottetown and Summerside, Prince Edward Island",All-items,163.5
2023-12,Nova Scotia,All-items,162.1
2023-12,"Halifax, Nova Scotia",All-items,160.7
2023-12,New Brunswick,All-items,157.8
2023-12,"Saint John, New Brunswick",All-items,158.0
2023-12,Quebec,All-items,155.0
2023-12,"Québec, Quebec",All-items,153.1
2023-12,"Montréal, Quebec",All-items,157.2
2023-12,Ontario,All-items,160.0
2023-12,"Ottawa-Gatineau, Ontario part, Ontario/Quebec",All-items,159.8
2023-12,"Toronto, Ontario",All-items,162.4
2023-12,"Thunder Bay, Ontario",All-items,148.8
2023-12,Manitoba,All-items,158.2
2023-12,"Winnipeg, Manitoba",All-items,158.1
2023-12,Saskatchewan,All-items,159.9
2023-12,"Regina, Saskatchewan",All-items,160.8
2023-12,"Saskatoon, Saskatchewan",All-items,161.1
2023-12,Alberta,All-items,165.6
2023-12,"Edmonton, Alberta",All-items,163.9
2023-12,"Calgary, Alberta",All-items,168.6
2023-12,British Columbia,All-items,152.1
2023-12,"Vancouver, British Columbia",All-items,154.9
2023-12,"Victoria, British Columbia",All-items,148.4
2023-12,"Whitehorse, Yukon",All-items,156.8
2023-12,"Yellowknife, Northwest Territories",All-items,158.0
2023-12,"Iqaluit, Nunavut",All-items,142.2
2024-01,Canada,All-items,158.3
2024-01,Newfoundland and Labrador,All-items,159.8
2024-01,"St. John's, Newfoundland and Labrador",All-items,159.0
2024-01,Prince Edward Island,All-items,162.6
2024-01,"Charlottetown and Summerside, Prince Edward Island",All-items,163.1
2024-01,Nova Scotia,All-items,162.0
2024-01,"Halifax, Nova Scotia",All-items,160.8
2024-01,New Brunswick,All-items,158.5
2024-01,"Saint John, New Brunswick",All-items,158.5
2024-01,Quebec,All-items,154.8
2024-01,"Québec, Quebec",All-items,152.8
2024-01,"Montréal, Quebec",All-items,156.8
2024-01,Ontario,All-items,159.9
2024-01,"Ottawa-Gatineau, Ontario part, Ontario/Quebec",All-items,159.8
2024-01,"Toronto, Ontario",All-items,162.0
2024-01,"Thunder Bay, Ontario",All-items,148.4
2024-01,Manitoba,All-items,157.5
2024-01,"Winnipeg, Manitoba",All-items,157.2
2024-01,Saskatchewan,All-items,159.7
2024-01,"Regina, Saskatchewan",All-items,160.8
2024-01,"Saskatoon, Saskatchewan",All-items,160.8
2024-01,Alberta,All-items,165.9
2024-01,"Edmonton, Alberta",All-items,163.8
2024-01,"Calgary, Alberta",All-items,168.7
2024-01,British Columbia,All-items,152.6
2024-01,"Vancouver, British Columbia",All-items,155.3
2024-01,"Victoria, British Columbia",All-items,149.8
2024-01,"Whitehorse, Yukon",All-items,156.2
2024-01,"Yellowknife, Northwest Territories",All-items,158.7
2024-01,"Iqaluit, Nunavut",All-items,143.6
2024-02,Canada,All-items,158.8
2024-02,Newfoundland and Labrador,All-items,160.6
2024-02,"St. John's, Newfoundland and Labrador",All-items,160.0
2024-02,Prince Edward Island,All-items,163.8
2024-02,"Charlottetown and Summerside, Prince Edward Island",All-items,164.3
2024-02,Nova Scotia,All-items,162.8
2024-02,"Halifax, Nova Scotia",All-items,161.7
2024-02,New Brunswick,All-items,158.9
2024-02,"Saint John, New Brunswick",All-items,159.0
2024-02,Quebec,All-items,155.5
2024-02,"Québec, Quebec",All-items,153.7
2024-02,"Montréal, Quebec",All-items,157.6
2024-02,Ontario,All-items,160.2
2024-02,"Ottawa-Gatineau, Ontario part, Ontario/Quebec",All-items,160.0
2024-02,"Toronto, Ontario",All-items,162.2
2024-02,"Thunder Bay, Ontario",All-items,149.0
2024-02,Manitoba,All-items,158.3
2024-02,"Winnipeg, Manitoba",All-items,158.0
2024-02,Saskatchewan,All-items,160.3
2024-02,"Regina, Saskatchewan",All-items,161.2
2024-02,"Saskatoon, Saskatchewan",All-items,161.8
2024-02,Alberta,All-items,166.8
2024-02,"Edmonton, Alberta",All-items,165.1
2024-02,"Calgary, Alberta",All-items,169.8
2024-02,British Columbia,All-items,153.0
2024-02,"Vancouver, British Columbia",All-items,155.7
2024-02,"Victoria, British Columbia",All-items,150.5
2024-02,"Whitehorse, Yukon",All-items,156.3
2024-02,"Yellowknife, Northwest Territories",All-items,158.5
2024-02,"Iqaluit, Nunavut",All-items,144.3
2024-03,Canada,All-items,159.8
2024-03,Newfoundland and Labrador,All-items,161.9
2024-03,"St. John's, Newfoundland and Labrador",All-items,161.5
2024-03,Prince Edward Island,All-items,164.8
2024-03,"Charlottetown and Summerside, Prince Edward Island",All-items,165.4
2024-03,Nova Scotia,All-items,163.7
2024-03,"Halifax, Nova Scotia",All-items,162.4
2024-03,New Brunswick,All-items,159.8
2024-03,"Saint John, New Brunswick",All-items,159.8
2024-03,Quebec,All-items,156.7
2024-03,"Québec, Quebec",All-items,154.7
2024-03,"Montréal, Quebec",All-items,159.2
2024-03,Ontario,All-items,161.4
2024-03,"Ottawa-Gatineau, Ontario part, Ontario/Quebec",All-items,161.7
2024-03,"Toronto, Ontario",All-items,163.4
2024-03,"Thunder Bay, Ontario",All-items,150.0
2024-03,Manitoba,All-items,159.0
2024-03,"Winnipeg, Manitoba",All-items,158.9
2024-03,Saskatchewan,All-items,161.2
2024-03,"Regina, Saskatchewan",All-items,162.2
2024-03,"Saskatoon, Saskatchewan",All-items,162.4
2024-03,Alberta,All-items,167.3
2024-03,"Edmonton, Alberta",All-items,165.6
2024-03,"Calgary, Alberta",All-items,170.0
2024-03,British Columbia,All-items,153.8
2024-03,"Vancouver, British Columbia",All-items,156.6
2024-03,"Victoria, British Columbia",All-items,150.9
2024-03,"Whitehorse, Yukon",All-items,156.5
2024-03,"Yellowknife, Northwest Territories",All-items,159.9
2024-03,"Iqaluit, Nunavut",All-items,143.9
2024-04,Canada,All-items,160.6
2024-04,Newfoundland and Labrador,All-items,162.4
2024-04,"St. John's, Newfoundland and Labrador",All-items,161.7
2024-04,Prince Edward Island,All-items,165.9
2024-04,"Charlottetown and Summerside, Prince Edward Island",All-items,166.5
2024-04,Nova Scotia,All-items,164.3
2024-04,"Halifax, Nova Scotia",All-items,163.0
2024-04,New Brunswick,All-items,162.0
2024-04,"Saint John, New Brunswick",All-items,161.9
2024-04,Quebec,All-items,157.0
2024-04,"Québec, Quebec",All-items,155.1
2024-04,"Montréal, Quebec",All-items,159.2
2024-04,Ontario,All-items,162.2
2024-04,"Ottawa-Gatineau, Ontario part, Ontario/Quebec",All-items,162.6
2024-04,"Toronto, Ontario",All-items,164.0
2024-04,"Thunder Bay, Ontario",All-items,150.1
2024-04,Manitoba,All-items,160.0
2024-04,"Winnipeg, Manitoba",All-items,159.8
2024-04,Saskatchewan,All-items,162.0
2024-04,"Regina, Saskatchewan",All-items,162.8
2024-04,"Saskatoon, Saskatchewan",All-items,163.4
2024-04,Alberta,All-items,168.6
2024-04,"Edmonton, Alberta",All-items,167.0
2024-04,"Calgary, Alberta",All-items,171.5
2024-04,British Columbia,All-items,154.7
2024-04,"Vancouver, British Columbia",All-items,157.4
2024-04,"Victoria, British Columbia",All-items,151.5
2024-04,"Whitehorse, Yukon",All-items,156.9
2024-04,"Yellowknife, Northwest Territories",All-items,159.2
2024-04,"Iqaluit, Nunavut",All-items,143.6
2024-05,Canada,All-items,161.5
2024-05,Newfoundland and Labrador,All-items,162.7
2024-05,"St. John's, Newfoundland and Labrador",All-items,162.2
2024-05,Prince Edward Island,All-items,166.4
2024-05,"Charlottetown and Summerside, Prince Edward Island",All-items,167.2
2024-05,Nova Scotia,All-items,164.7
2024-05,"Halifax, Nova Scotia",All-items,163.2
2024-05,New Brunswick,All-items,161.9
2024-05,"Saint John, New Brunswick",All-items,161.4
2024-05,Quebec,All-items,158.2
2024-05,"Québec, Quebec",All-items,156.3
2024-05,"Montréal, Quebec",All-items,160.5
2024-05,Ontario,All-items,163.2
2024-05,"Ottawa-Gatineau, Ontario part, Ontario/Quebec",All-items,163.5
2024-05,"Toronto, Ontario",All-items,165.3
2024-05,"Thunder Bay, Ontario",All-items,152.1
2024-05,Manitoba,All-items,161.1
2024-05,"Winnipeg, Manitoba",All-items,161.0
2024-05,Saskatchewan,All-items,162.8
2024-05,"Regina, Saskatchewan",All-items,163.5
2024-05,"Saskatoon, Saskatchewan",All-items,163.9
2024-05,Alberta,All-items,169.1
2024-05,"Edmonton, Alberta",All-items,167.6
2024-05,"Calgary, Alberta",All-items,171.9
2024-05,British Columbia,All-items,155.4
2024-05,"Vancouver, British Columbia",All-items,158.5
2024-05,"Victoria, British Columbia",All-items,152.3
2024-05,"Whitehorse, Yukon",All-items,158.4
2024-05,"Yellowknife, Northwest Territories",All-items,160.4
2024-05,"Iqaluit, Nunavut",All-items,143.8
2024-06,Canada,All-items,161.4
2024-06,Newfoundland and Labrador,All-items,162.5
2024-06,"St. John's, Newfoundland and Labrador",All-items,162.0
2024-06,Prince Edward Island,All-items,166.4
2024-06,"Charlottetown and Summerside, Prince Edward Island",All-items,167.1
2024-06,Nova Scotia,All-items,165.0
2024-06,"Halifax, Nova Scotia",All-items,163.7
2024-06,New Brunswick,All-items,162.0
2024-06,"Saint John, New Brunswick",All-items,161.6
2024-06,Quebec,All-items,157.5
2024-06,"Québec, Quebec",All-items,155.8
2024-06,"Montréal, Quebec",All-items,160.1
2024-06,Ontario,All-items,163.1
2024-06,"Ottawa-Gatineau, Ontario part, Ontario/Quebec",All-items,163.5
2024-06,"Toronto, Ontario",All-items,165.1
2024-06,"Thunder Bay, Ontario",All-items,150.6
2024-06,Manitoba,All-items,160.7
2024-06,"Winnipeg, Manitoba",All-items,160.5
2024-06,Saskatchewan,All-items,162.8
2024-06,"Regina, Saskatchewan",All-items,163.4
2024-06,"Saskatoon, Saskatchewan",All-items,164.3
2024-06,Alberta,All-items,169.4
2024-06,"Edmonton, Alberta",All-items,167.8
2024-06,"Calgary, Alberta",All-items,172.1
2024-06,British Columbia,All-items,155.5
2024-06,"Vancouver, British Columbia",All-items,158.2
2024-06,"Victoria, British Columbia",All-items,152.8
2024-06,"Whitehorse, Yukon",All-items,159.4
2024-06,"Yellowknife, Northwest Territories",All-items,159.4
2024-06,"Iqaluit, Nunavut",All-items,144.0
2024-07,Canada,All-items,162.1
2024-07,Newfoundland and Labrador,All-items,163.1
2024-07,"St. John's, Newfoundland and Labrador",All-items,162.4
2024-07,Prince Edward Island,All-items,167.1
2024-07,"Charlottetown and Summerside, Prince Edward Island",All-items,167.7
2024-07,Nova Scotia,All-items,165.9
2024-07,"Halifax, Nova Scotia",All-items,164.5
2024-07,New Brunswick,All-items,162.9
2024-07,"Saint John, New Brunswick",All-items,162.8
2024-07,Quebec,All-items,157.9
2024-07,"Québec, Quebec",All-items,156.0
2024-07,"Montréal, Quebec",All-items,160.4
2024-07,Ontario,All-items,163.9
2024-07,"Ottawa-Gatineau, Ontario part, Ontario/Quebec",All-items,164.3
2024-07,"Toronto, Ontario",All-items,166.1
2024-07,"Thunder Bay, Ontario",All-items,153.1
2024-07,Manitoba,All-items,162.2
2024-07,"Winnipeg, Manitoba",All-items,162.0
2024-07,Saskatchewan,All-items,163.6
2024-07,"Regina, Saskatchewan",All-items,164.2
2024-07,"Saskatoon, Saskatchewan",All-items,165.2
2024-07,Alberta,All-items,170.4
2024-07,"Edmonton, Alberta",All-items,169.0
2024-07,"Calgary, Alberta",All-items,173.2
2024-07,British Columbia,All-items,156.4
2024-07,"Vancouver, British Columbia",All-items,159.1
2024-07,"Victoria, British Columbia",All-items,152.9
2024-07,"Whitehorse, Yukon",All-items,160.6
2024-07,"Yellowknife, Northwest Territories",All-items,160.8
2024-07,"Iqaluit, Nunavut",All-items,145.0
2024-08,Canada,All-items,161.8
2024-08,Newfoundland and Labrador,All-items,163.1
2024-08,"St. John's, Newfoundland and Labrador",All-items,162.6
2024-08,Prince Edward Island,All-items,166.8
2024-08,"Charlottetown and Summerside, Prince Edward Island",All-items,167.6
2024-08,Nova Scotia,All-items,165.0
2024-08,"Halifax, Nova Scotia",All-items,163.8
2024-08,New Brunswick,All-items,161.8
2024-08,"Saint John, New Brunswick",All-items,162.0
2024-08,Quebec,All-items,157.7
2024-08,"Québec, Quebec",All-items,155.7
2024-08,"Montréal, Quebec",All-items,160.3
2024-08,Ontario,All-items,163.3
2024-08,"Ottawa-Gatineau, Ontario part, Ontario/Quebec",All-items,164.0
2024-08,"Toronto, Ontario",All-items,165.7
2024-08,"Thunder Bay, Ontario",All-items,152.2
2024-08,Manitoba,All-items,161.5
2024-08,"Winnipeg, Manitoba",All-items,161.1
2024-08,Saskatchewan,All-items,163.4
2024-08,"Regina, Saskatchewan",All-items,164.1
2024-08,"Saskatoon, Saskatchewan",All-items,165.1
2024-08,Alberta,All-items,170.2
2024-08,"Edmonton, Alberta",All-items,168.7
2024-08,"Calgary, Alberta",All-items,173.1
2024-08,British Columbia,All-items,156.2
2024-08,"Vancouver, British Columbia",All-items,159.1
2024-08,"Victoria, British Columbia",All-items,152.8
2024-08,"Whitehorse, Yukon",All-items,160.2
2024-08,"Yellowknife, Northwest Territories",All-items,160.1
2024-08,"Iqaluit, Nunavut",All-items,144.6
2024-09,Canada,All-items,161.1
2024-09,Newfoundland and Labrador,All-items,161.9
2024-09,"St. John's, Newfoundland and Labrador",All-items,161.4
2024-09,Prince Edward Island,All-items,165.3
2024-09,"Charlottetown and Summerside, Prince Edward Island",All-items,166.3
2024-09,Nova Scotia,All-items,164.1
2024-09,"Halifax, Nova Scotia",All-items,162.9
2024-09,New Brunswick,All-items,160.7
2024-09,"Saint John, New Brunswick",All-items,160.6
2024-09,Quebec,All-items,157.4
2024-09,"Québec, Quebec",All-items,155.2
2024-09,"Montréal, Quebec",All-items,160.1
2024-09,Ontario,All-items,162.8
2024-09,"Ottawa-Gatineau, Ontario part, Ontario/Quebec",All-items,163.5
2024-09,"Toronto, Ontario",All-items,165.2
2024-09,"Thunder Bay, Ontario",All-items,151.9
2024-09,Manitoba,All-items,160.4
2024-09,"Winnipeg, Manitoba",All-items,160.4
2024-09,Saskatchewan,All-items,162.3
2024-09,"Regina, Saskatchewan",All-items,163.3
2024-09,"Saskatoon, Saskatchewan",All-items,163.6
2024-09,Alberta,All-items,169.2
2024-09,"Edmonton, Alberta",All-items,167.8
2024-09,"Calgary, Alberta",All-items,172.1
2024-09,British Columbia,All-items,155.8
2024-09,"Vancouver, British Columbia",All-items,158.9
2024-09,"Victoria, British Columbia",All-items,152.0
2024-09,"Whitehorse, Yukon",All-items,159.7
2024-09,"Yellowknife, Northwest Territories",All-items,159.4
2024-09,"Iqaluit, Nunavut",All-items,144.2
2024-10,Canada,All-items,161.8
2024-10,Newfoundland and Labrador,All-items,161.9
2024-10,"St. John's, Newfoundland and Labrador",All-items,161.3
2024-10,Prince Edward Island,All-items,165.5
2024-10,"Charlottetown and Summerside, Prince Edward Island",All-items,166.5
2024-10,Nova Scotia,All-items,164.6
2024-10,"Halifax, Nova Scotia",All-items,163.6
2024-10,New Brunswick,All-items,161.6
2024-10,"Saint John, New Brunswick",All-items,161.5
2024-10,Quebec,All-items,157.9
2024-10,"Québec, Quebec",All-items,155.8
2024-10,"Montréal, Quebec",All-items,160.7
2024-10,Ontario,All-items,163.5
2024-10,"Ottawa-Gatineau, Ontario part, Ontario/Quebec",All-items,163.7
2024-10,"Toronto, Ontario",All-items,165.9
2024-10,"Thunder Bay, Ontario",All-items,152.5
2024-10,Manitoba,All-items,161.4
2024-10,"Winnipeg, Manitoba",All-items,161.4
2024-10,Saskatchewan,All-items,163.1
2024-10,"Regina, Saskatchewan",All-items,164.5
2024-10,"Saskatoon, Saskatchewan",All-items,164.6
2024-10,Alberta,All-items,170.1
2024-10,"Edmonton, Alberta",All-items,168.8
2024-10,"Calgary, Alberta",All-items,173.0
2024-10,British Columbia,All-items,156.2
2024-10,"Vancouver, British Columbia",All-items,159.2
2024-10,"Victoria, British Columbia",All-items,152.2
2024-10,"Whitehorse, Yukon",All-items,159.6
2024-10,"Yellowknife, Northwest Territories",All-items,160.8
2024-10,"Iqaluit, Nunavut",All-items,143.6
2024-11,Canada,All-items,161.8
2024-11,Newfoundland and Labrador,All-items,162.1
2024-11,"St. John's, Newfoundland and Labrador",All-items,161.3
2024-11,Prince Edward Island,All-items,165.9
2024-11,"Charlottetown and Summerside, Prince Edward Island",All-items,166.7
2024-11,Nova Scotia,All-items,165.2
2024-11,"Halifax, Nova Scotia",All-items,164.5
2024-11,New Brunswick,All-items,161.6
2024-11,"Saint John, New Brunswick",All-items,161.5
2024-11,Quebec,All-items,157.8
2024-11,"Québec, Quebec",All-items,155.7
2024-11,"Montréal, Quebec",All-items,160.6
2024-11,Ontario,All-items,163.5
2024-11,"Ottawa-Gatineau, Ontario part, Ontario/Quebec",All-items,164.0
2024-11,"Toronto, Ontario",All-items,166.0
2024-11,"Thunder Bay, Ontario",All-items,152.3
2024-11,Manitoba,All-items,161.2
2024-11,"Winnipeg, Manitoba",All-items,161.4
2024-11,Saskatchewan,All-items,163.2
2024-11,"Regina, Saskatchewan",All-items,164.7
2024-11,"Saskatoon, Saskatchewan",All-items,164.8
2024-11,Alberta,All-items,170.2
2024-11,"Edmonton, Alberta",All-items,168.7
2024-11,"Calgary, Alberta",All-items,173.0
2024-11,British Columbia,All-items,156.3
2024-11,"Vancouver, British Columbia",All-items,159.2
2024-11,"Victoria, British Columbia",All-items,152.5
2024-11,"Whitehorse, Yukon",All-items,159.6
2024-11,"Yellowknife, Northwest Territories",All-items,160.6
2024-11,"Iqaluit, Nunavut",All-items,144.1
2024-12,Canada,All-items,161.2
2024-12,Newfoundland and Labrador,All-items,160.7
2024-12,"St. John's, Newfoundland and Labrador",All-items,159.9
2024-12,Prince Edward Island,All-items,163.6
2024-12,"Charlottetown and Summerside, Prince Edward Island",All-items,164.4
2024-12,Nova Scotia,All-items,163.6
2024-12,"Halifax, Nova Scotia",All-items,162.8
2024-12,New Brunswick,All-items,160.3
2024-12,"Saint John, New Brunswick",All-items,160.2
2024-12,Quebec,All-items,157.5
2024-12,"Québec, Quebec",All-items,155.5
2024-12,"Montréal, Quebec",All-items,160.4
2024-12,Ontario,All-items,162.7
2024-12,"Ottawa-Gatineau, Ontario part, Ontario/Quebec",All-items,162.7
2024-12,"Toronto, Ontario",All-items,165.4
2024-12,"Thunder Bay, Ontario",All-items,150.7
2024-12,Manitoba,All-items,160.0
2024-12,"Winnipeg, Manitoba",All-items,160.0
2024-12,Saskatchewan,All-items,162.8
2024-12,"Regina, Saskatchewan",All-items,164.2
2024-12,"Saskatoon, Saskatchewan",All-items,164.6
2024-12,Alberta,All-items,169.7
2024-12,"Edmonton, Alberta",All-items,168.3
2024-12,"Calgary, Alberta",All-items,172.6
2024-12,British Columbia,All-items,156.1
2024-12,"Vancouver, British Columbia",All-items,159.8
2024-12,"Victoria, British Columbia",All-items,152.5
2024-12,"Whitehorse, Yukon",All-items,160.1
2024-12,"Yellowknife, Northwest Territories",All-items,160.8
2024-12,"Iqaluit, Nunavut",All-items,144.1
2025-01,Canada,All-items,161.3
2025-01,Newfoundland and Labrador,All-items,161.0
2025-01,"St. John's, Newfoundland and Labrador",All-items,160.2
2025-01,Prince Edward Island,All-items,164.7
2025-01,"Charlottetown and Summerside, Prince Edward Island",All-items,165.5
2025-01,Nova Scotia,All-items,164.1
2025-01,"Halifax, Nova Scotia",All-items,163.1
2025-01,New Brunswick,All-items,159.9
2025-01,"Saint John, New Brunswick",All-items,160.1
2025-01,Quebec,All-items,157.6
2025-01,"Québec, Quebec",All-items,155.8
2025-01,"Montréal, Quebec",All-items,160.2
2025-01,Ontario,All-items,162.6
2025-01,"Ottawa-Gatineau, Ontario part, Ontario/Quebec",All-items,163.1
2025-01,"Toronto, Ontario",All-items,165.0
2025-01,"Thunder Bay, Ontario",All-items,150.8
2025-01,Manitoba,All-items,161.7
2025-01,"Winnipeg, Manitoba",All-items,161.7
2025-01,Saskatchewan,All-items,163.5
2025-01,"Regina, Saskatchewan",All-items,164.9
2025-01,"Saskatoon, Saskatchewan",All-items,165.2
2025-01,Alberta,All-items,170.1
2025-01,"Edmonton, Alberta",All-items,168.4
2025-01,"Calgary, Alberta",All-items,173.2
2025-01,British Columbia,All-items,156.0
2025-01,"Vancouver, British Columbia",All-items,158.7
2025-01,"Victoria, British Columbia",All-items,152.5
2025-01,"Whitehorse, Yukon",All-items,160.1
2025-01,"Yellowknife, Northwest Territories",All-items,161.8
2025-01,"Iqaluit, Nunavut",All-items,143.7
2025-02,Canada,All-items,163.0
2025-02,Newfoundland and Labrador,All-items,162.5
2025-02,"St. John's, Newfoundland and Labrador",All-items,161.7
2025-02,Prince Edward Island,All-items,167.0
2025-02,"Charlottetown and Summerside, Prince Edward Island",All-items,167.9
2025-02,Nova Scotia,All-items,166.3
2025-02,"Halifax, Nova Scotia",All-items,165.3
2025-02,New Brunswick,All-items,162.0
2025-02,"Saint John, New Brunswick",All-items,161.6
2025-02,Quebec,All-items,158.6
2025-02,"Québec, Quebec",All-items,156.8
2025-02,"Montréal, Quebec",All-items,161.3
2025-02,Ontario,All-items,164.6
2025-02,"Ottawa-Gatineau, Ontario part, Ontario/Quebec",All-items,165.0
2025-02,"Toronto, Ontario",All-items,166.8
2025-02,"Thunder Bay, Ontario",All-items,152.7
2025-02,Manitoba,All-items,163.8
2025-02,"Winnipeg, Manitoba",All-items,163.8
2025-02,Saskatchewan,All-items,165.2
2025-02,"Regina, Saskatchewan",All-items,166.4
2025-02,"Saskatoon, Saskatchewan",All-items,167.0
2025-02,Alberta,All-items,171.4
2025-02,"Edmonton, Alberta",All-items,169.9
2025-02,"Calgary, Alberta",All-items,174.6
2025-02,British Columbia,All-items,157.6
2025-02,"Vancouver, British Columbia",All-items,160.2
2025-02,"Victoria, British Columbia",All-items,154.1
2025-02,"Whitehorse, Yukon",All-items,161.8
2025-02,"Yellowknife, Northwest Territories",All-items,163.1
2025-02,"Iqaluit, Nunavut",All-items,144.7
2025-03,Canada,All-items,163.5
2025-03,Newfoundland and Labrador,All-items,163.6
2025-03,"St. John's, Newfoundland and Labrador",All-items,162.8
2025-03,Prince Edward Island,All-items,167.7
2025-03,"Charlottetown and Summerside, Prince Edward Island",All-items,168.5
2025-03,Nova Scotia,All-items,167.4
2025-03,"Halifax, Nova Scotia",All-items,166.5
2025-03,New Brunswick,All-items,162.8
2025-03,"Saint John, New Brunswick",All-items,162.7
2025-03,Quebec,All-items,159.7
2025-03,"Québec, Quebec",All-items,158.0
2025-03,"Montréal, Quebec",All-items,162.5
2025-03,Ontario,All-items,165.1
2025-03,"Ottawa-Gatineau, Ontario part, Ontario/Quebec",All-items,166.0
2025-03,"Toronto, Ontario",All-items,167.0
2025-03,"Thunder Bay, Ontario",All-items,153.3
2025-03,Manitoba,All-items,163.8
2025-03,"Winnipeg, Manitoba",All-items,163.8
2025-03,Saskatchewan,All-items,165.2
2025-03,"Regina, Saskatchewan",All-items,166.2
2025-03,"Saskatoon, Saskatchewan",All-items,166.9
2025-03,Alberta,All-items,172.0
2025-03,"Edmonton, Alberta",All-items,170.4
2025-03,"Calgary, Alberta",All-items,175.1
2025-03,British Columbia,All-items,157.8
2025-03,"Vancouver, British Columbia",All-items,160.4
2025-03,"Victoria, British Columbia",All-items,154.6
2025-03,"Whitehorse, Yukon",All-items,162.0
2025-03,"Yellowknife, Northwest Territories",All-items,163.5
2025-03,"Iqaluit, Nunavut",All-items,145.1
2025-04,Canada,All-items,163.4
2025-04,Newfoundland and Labrador,All-items,163.0
2025-04,"St. John's, Newfoundland and Labrador",All-items,162.0
2025-04,Prince Edward Island,All-items,166.9
2025-04,"Charlottetown and Summerside, Prince Edward Island",All-items,167.8
2025-04,Nova Scotia,All-items,166.5
2025-04,"Halifax, Nova Scotia",All-items,165.7
2025-04,New Brunswick,All-items,162.4
2025-04,"Saint John, New Brunswick",All-items,162.3
2025-04,Quebec,All-items,160.4
2025-04,"Québec, Quebec",All-items,158.8
2025-04,"Montréal, Quebec",All-items,163.2
2025-04,Ontario,All-items,164.8
2025-04,"Ottawa-Gatineau, Ontario part, Ontario/Quebec",All-items,165.8
2025-04,"Toronto, Ontario",All-items,166.8
2025-04,"Thunder Bay, Ontario",All-items,152.3
2025-04,Manitoba,All-items,163.3
2025-04,"Winnipeg, Manitoba",All-items,163.2
2025-04,Saskatchewan,All-items,165.0
2025-04,"Regina, Saskatchewan",All-items,166.3
2025-04,"Saskatoon, Saskatchewan",All-items,166.9
2025-04,Alberta,All-items,171.1
2025-04,"Edmonton, Alberta",All-items,169.5
2025-04,"Calgary, Alberta",All-items,174.2
2025-04,British Columbia,All-items,157.8
2025-04,"Vancouver, British Columbia",All-items,160.8
2025-04,"Victoria, British Columbia",All-items,154.4
2025-04,"Whitehorse, Yukon",All-items,162.6
2025-04,"Yellowknife, Northwest Territories",All-items,163.5
2025-04,"Iqaluit, Nunavut",All-items,145.1
2025-05,Canada,All-items,164.3
2025-05,Newfoundland and Labrador,All-items,163.5
2025-05,"St. John's, Newfoundland and Labrador",All-items,162.6
2025-05,Prince Edward Island,All-items,167.5
2025-05,"Charlottetown and Summerside, Prince Edward Island",All-items,168.5
2025-05,Nova Scotia,All-items,166.9
2025-05,"Halifax, Nova Scotia",All-items,166.1
2025-05,New Brunswick,All-items,163.4
2025-05,"Saint John, New Brunswick",All-items,163.3
2025-05,Quebec,All-items,160.9
2025-05,"Québec, Quebec",All-items,159.3
2025-05,"Montréal, Quebec",All-items,163.7
2025-05,Ontario,All-items,165.9
2025-05,"Ottawa-Gatineau, Ontario part, Ontario/Quebec",All-items,166.9
2025-05,"Toronto, Ontario",All-items,168.1
2025-05,"Thunder Bay, Ontario",All-items,153.4
2025-05,Manitoba,All-items,164.2
2025-05,"Winnipeg, Manitoba",All-items,164.1
2025-05,Saskatchewan,All-items,165.4
2025-05,"Regina, Saskatchewan",All-items,166.7
2025-05,"Saskatoon, Saskatchewan",All-items,167.1
2025-05,Alberta,All-items,171.9
2025-05,"Edmonton, Alberta",All-items,170.3
2025-05,"Calgary, Alberta",All-items,175.0
2025-05,British Columbia,All-items,159.0
2025-05,"Vancouver, British Columbia",All-items,162.2
2025-05,"Victoria, British Columbia",All-items,155.5
2025-05,"Whitehorse, Yukon",All-items,163.3
2025-05,"Yellowknife, Northwest Territories",All-items,163.1
2025-05,"Iqaluit, Nunavut",All-items,145.4
2025-06,Canada,All-items,164.4
2025-06,Newfoundland and Labrador,All-items,164.4
2025-06,"St. John's, Newfoundland and Labrador",All-items,163.7
2025-06,Prince Edward Island,All-items,167.7
2025-06,"Charlottetown and Summerside, Prince Edward Island",All-items,168.6
2025-06,Nova Scotia,All-items,167.7
2025-06,"Halifax, Nova Scotia",All-items,166.9
2025-06,New Brunswick,All-items,164.0
2025-06,"Saint John, New Brunswick",All-items,164.7
2025-06,Quebec,All-items,161.0
2025-06,"Québec, Quebec",All-items,159.8
2025-06,"Montréal, Quebec",All-items,163.8
2025-06,Ontario,All-items,166.0
2025-06,"Ottawa-Gatineau, Ontario part, Ontario/Quebec",All-items,166.8
2025-06,"Toronto, Ontario",All-items,168.1
2025-06,"Thunder Bay, Ontario",All-items,153.8
2025-06,Manitoba,All-items,164.3
2025-06,"Winnipeg, Manitoba",All-items,164.2
2025-06,Saskatchewan,All-items,165.5
2025-06,"Regina, Saskatchewan",All-items,166.9
2025-06,"Saskatoon, Saskatchewan",All-items,167.3
2025-06,Alberta,All-items,172.3
2025-06,"Edmonton, Alberta",All-items,170.7
2025-06,"Calgary, Alberta",All-items,175.3
2025-06,British Columbia,All-items,158.8
2025-06,"Vancouver, British Columbia",All-items,161.9
2025-06,"Victoria, British Columbia",All-items,155.7
2025-06,"Whitehorse, Yukon",All-items,163.9
2025-06,"Yellowknife, Northwest Territories",All-items,163.5
2025-06,"Iqaluit, Nunavut",All-items,145.3
2025-07,Canada,All-items,164.9
2025-07,Newfoundland and Labrador,All-items,165.7
2025-07,"St. John's, Newfoundland and Labrador",All-items,165.1
2025-07,Prince Edward Island,All-items,169.1
2025-07,"Charlottetown and Summerside, Prince Edward Island",All-items,169.9
2025-07,Nova Scotia,All-items,168.6
2025-07,"Halifax, Nova Scotia",All-items,167.6
2025-07,New Brunswick,All-items,164.7
2025-07,"Saint John, New Brunswick",All-items,165.4
2025-07,Quebec,All-items,161.6
2025-07,"Québec, Quebec",All-items,160.2
2025-07,"Montréal, Quebec",All-items,164.4
2025-07,Ontario,All-items,166.5
2025-07,"Ottawa-Gatineau, Ontario part, Ontario/Quebec",All-items,167.3
2025-07,"Toronto, Ontario",All-items,168.6
2025-07,"Thunder Bay, Ontario",All-items,154.4
2025-07,Manitoba,All-items,165.3
2025-07,"Winnipeg, Manitoba",All-items,165.1
2025-07,Saskatchewan,All-items,165.9
2025-07,"Regina, Saskatchewan",All-items,167.5
2025-07,"Saskatoon, Saskatchewan",All-items,167.5
2025-07,Alberta,All-items,172.6
2025-07,"Edmonton, Alberta",All-items,171.0
2025-07,"Calgary, Alberta",All-items,175.5
2025-07,British Columbia,All-items,159.1
2025-07,"Vancouver, British Columbia",All-items,162.1
2025-07,"Victoria, British Columbia",All-items,155.9
2025-07,"Whitehorse, Yukon",All-items,165.3
2025-07,"Yellowknife, Northwest Territories",All-items,164.0
2025-07,"Iqaluit, Nunavut",All-items,145.6
2025-08,Canada,All-items,164.8
2025-08,Newfoundland and Labrador,All-items,165.3
2025-08,"St. John's, Newfoundland and Labrador",All-items,164.6
2025-08,Prince Edward Island,All-items,168.6
2025-08,"Charlottetown and Summerside, Prince Edward Island",All-items,169.4
2025-08,Nova Scotia,All-items,168.6
2025-08,"Halifax, Nova Scotia",All-items,167.7
2025-08,New Brunswick,All-items,164.4
2025-08,"Saint John, New Brunswick",All-items,164.8
2025-08,Quebec,All-items,161.9
2025-08,"Québec, Quebec",All-items,160.3
2025-08,"Montréal, Quebec",All-items,164.8
2025-08,Ontario,All-items,166.0
2025-08,"Ottawa-Gatineau, Ontario part, Ontario/Quebec",All-items,166.8
2025-08,"Toronto, Ontario",All-items,168.1
2025-08,"Thunder Bay, Ontario",All-items,153.7
2025-08,Manitoba,All-items,164.8
2025-08,"Winnipeg, Manitoba",All-items,164.7
2025-08,Saskatchewan,All-items,166.2
2025-08,"Regina, Saskatchewan",All-items,167.6
2025-08,"Saskatoon, Saskatchewan",All-items,167.8
2025-08,Alberta,All-items,172.6
2025-08,"Edmonton, Alberta",All-items,170.9
2025-08,"Calgary, Alberta",All-items,175.6
2025-08,British Columbia,All-items,159.0
2025-08,"Vancouver, British Columbia",All-items,162.4
2025-08,"Victoria, British Columbia",All-items,156.3
2025-08,"Whitehorse, Yukon",All-items,165.2
2025-08,"Yellowknife, Northwest Territories",All-items,163.1
2025-08,"Iqaluit, Nunavut",All-items,145.6
2025-09,Canada,All-items,164.9
2025-09,Newfoundland and Labrador,All-items,165.2
2025-09,"St. John's, Newfoundland and Labrador",All-items,164.6
2025-09,Prince Edward Island,All-items,168.1
2025-09,"Charlottetown and Summerside, Prince Edward Island",All-items,169.1
2025-09,Nova Scotia,All-items,168.6
2025-09,"Halifax, Nova Scotia",All-items,167.5
2025-09,New Brunswick,All-items,164.4
2025-09,"Saint John, New Brunswick",All-items,164.3
2025-09,Quebec,All-items,162.6
2025-09,"Québec, Quebec",All-items,160.7
2025-09,"Montréal, Quebec",All-items,165.6
2025-09,Ontario,All-items,166.1
2025-09,"Ottawa-Gatineau, Ontario part, Ontario/Quebec",All-items,167.0
2025-09,"Toronto, Ontario",All-items,168.1
2025-09,"Thunder Bay, Ontario",All-items,154.2
2025-09,Manitoba,All-items,165.0
2025-09,"Winnipeg, Manitoba",All-items,164.9
2025-09,Saskatchewan,All-items,166.5
2025-09,"Regina, Saskatchewan",All-items,167.8
2025-09,"Saskatoon, Saskatchewan",All-items,168.4
2025-09,Alberta,All-items,172.4
2025-09,"Edmonton, Alberta",All-items,170.6
2025-09,"Calgary, Alberta",All-items,175.7
2025-09,British Columbia,All-items,158.8
2025-09,"Vancouver, British Columbia",All-items,161.9
2025-09,"Victoria, British Columbia",All-items,155.6
2025-09,"Whitehorse, Yukon",All-items,164.4
2025-09,"Yellowknife, Northwest Territories",All-items,162.4
2025-09,"Iqaluit, Nunavut",All-items,145.2
2025-10,Canada,All-items,165.3
2025-10,Newfoundland and Labrador,All-items,165.2
2025-10,"St. John's, Newfoundland and Labrador",All-items,164.2
2025-10,Prince Edward Island,All-items,167.8
2025-10,"Charlottetown and Summerside, Prince Edward Island",All-items,168.8
2025-10,Nova Scotia,All-items,168.8
2025-10,"Halifax, Nova Scotia",All-items,167.7
2025-10,New Brunswick,All-items,165.0
2025-10,"Saint John, New Brunswick",All-items,165.1
2025-10,Quebec,All-items,162.9
2025-10,"Québec, Quebec",All-items,160.9
2025-10,"Montréal, Quebec",All-items,166.0
2025-10,Ontario,All-items,166.4
2025-10,"Ottawa-Gatineau, Ontario part, Ontario/Quebec",All-items,167.0
2025-10,"Toronto, Ontario",All-items,168.4
2025-10,"Thunder Bay, Ontario",All-items,154.7
2025-10,Manitoba,All-items,166.2
2025-10,"Winnipeg, Manitoba",All-items,166.0
2025-10,Saskatchewan,All-items,166.8
2025-10,"Regina, Saskatchewan",All-items,168.3
2025-10,"Saskatoon, Saskatchewan",All-items,168.4
2025-10,Alberta,All-items,173.2
2025-10,"Edmonton, Alberta",All-items,171.2
2025-10,"Calgary, Alberta",All-items,176.6
2025-10,British Columbia,All-items,159.4
2025-10,"Vancouver, British Columbia",All-items,162.3
2025-10,"Victoria, British Columbia",All-items,156.8
2025-10,"Whitehorse, Yukon",All-items,164.6
2025-10,"Yellowknife, Northwest Territories",All-items,163.6
2025-10,"Iqaluit, Nunavut",All-items,145.1
2025-11,Canada,All-items,165.4
2025-11,Newfoundland and Labrador,All-items,165.6
2025-11,"St. John's, Newfoundland and Labrador",All-items,164.7
2025-11,Prince Edward Island,All-items,168.2
2025-11,"Charlottetown and Summerside, Prince Edward Island",All-items,169.3
2025-11,Nova Scotia,All-items,169.1
2025-11,"Halifax, Nova Scotia",All-items,168.1
2025-11,New Brunswick,All-items,165.9
2025-11,"Saint John, New Brunswick",All-items,166.1
2025-11,Quebec,All-items,162.6
2025-11,"Québec, Quebec",All-items,160.9
2025-11,"Montréal, Quebec",All-items,165.5
2025-11,Ontario,All-items,166.6
2025-11,"Ottawa-Gatineau, Ontario part, Ontario/Quebec",All-items,167.3
2025-11,"Toronto, Ontario",All-items,168.6
2025-11,"Thunder Bay, Ontario",All-items,154.8
2025-11,Manitoba,All-items,166.5
2025-11,"Winnipeg, Manitoba",All-items,166.3
2025-11,Saskatchewan,All-items,166.7
2025-11,"Regina, Saskatchewan",All-items,168.3
2025-11,"Saskatoon, Saskatchewan",All-items,168.2
2025-11,Alberta,All-items,173.4
2025-11,"Edmonton, Alberta",All-items,171.5
2025-11,"Calgary, Alberta",All-items,176.6
2025-11,British Columbia,All-items,159.5
2025-11,"Vancouver, British Columbia",All-items,162.3
2025-11,"Victoria, British Columbia",All-items,156.9
2025-11,"Whitehorse, Yukon",All-items,164.3
2025-11,"Yellowknife, Northwest Territories",All-items,163.9
2025-11,"Iqaluit, Nunavut",All-items,146.1
2025-12,Canada,All-items,165.0
2025-12,Newfoundland and Labrador,All-items,165.6
2025-12,"St. John's, Newfoundland and Labrador",All-items,164.8
2025-12,Prince Edward Island,All-items,168.1
2025-12,"Charlottetown and Summerside, Prince Edward Island",All-items,169.2
2025-12,Nova Scotia,All-items,168.7
2025-12,"Halifax, Nova Scotia",All-items,167.9
2025-12,New Brunswick,All-items,165.2
2025-12,"Saint John, New Brunswick",All-items,165.1
2025-12,Quebec,All-items,162.6
2025-12,"Québec, Quebec",All-items,160.5
2025-12,"Montréal, Quebec",All-items,165.7
2025-12,Ontario,All-items,166.1
2025-12,"Ottawa-Gatineau, Ontario part, Ontario/Quebec",All-items,166.9
2025-12,"Toronto, Ontario",All-items,168.4
2025-12,"Thunder Bay, Ontario",All-items,154.7
2025-12,Manitoba,All-items,165.9
2025-12,"Winnipeg, Manitoba",All-items,165.6
2025-12,Saskatchewan,All-items,166.4
2025-12,"Regina, Saskatchewan",All-items,168.1
2025-12,"Saskatoon, Saskatchewan",All-items,167.9
2025-12,Alberta,All-items,173.3
2025-12,"Edmonton, Alberta",All-items,171.3
2025-12,"Calgary, Alberta",All-items,176.6
2025-12,British Columbia,All-items,158.7
2025-12,"Vancouver, British Columbia",All-items,161.6
2025-12,"Victoria, British Columbia",All-items,156.2
2025-12,"Whitehorse, Yukon",All-items,165.5
2025-12,"Yellowknife, Northwest Territories",All-items,165.9
2025-12,"Iqaluit, Nunavut",All-items,147.0
2026-01,Canada,All-items,165.0
2026-01,Newfoundland and Labrador,All-items,164.9
2026-01,"St. John's, Newfoundland and Labrador",All-items,164.3
2026-01,Prince Edward Island,All-items,167.6
2026-01,"Charlottetown and Summerside, Prince Edward Island",All-items,168.7
2026-01,Nova Scotia,All-items,168.5
2026-01,"Halifax, Nova Scotia",All-items,167.7
2026-01,New Brunswick,All-items,164.6
2026-01,"Saint John, New Brunswick",All-items,164.8
2026-01,Quebec,All-items,162.3
2026-01,"Québec, Quebec",All-items,160.5
2026-01,"Montréal, Quebec",All-items,165.3
2026-01,Ontario,All-items,165.9
2026-01,"Ottawa-Gatineau, Ontario part, Ontario/Quebec",All-items,167.0
2026-01,"Toronto, Ontario",All-items,167.7
2026-01,"Thunder Bay, Ontario",All-items,154.9
2026-01,Manitoba,All-items,165.9
2026-01,"Winnipeg, Manitoba",All-items,165.7
2026-01,Saskatchewan,All-items,166.5
2026-01,"Regina, Saskatchewan",All-items,168.1
2026-01,"Saskatoon, Saskatchewan",All-items,168.2
2026-01,Alberta,All-items,173.5
2026-01,"Edmonton, Alberta",All-items,171.5
2026-01,"Calgary, Alberta",All-items,176.6
2026-01,British Columbia,All-items,159.1
2026-01,"Vancouver, British Columbia",All-items,161.9
2026-01,"Victoria, British Columbia",All-items,156.2
2026-01,"Whitehorse, Yukon",All-items,165.3
2026-01,"Yellowknife, Northwest Territories",All-items,164.5
2026-01,"Iqaluit, Nunavut",All-items,145.9
2026-02,Canada,All-items,165.9
2026-02,Newfoundland and Labrador,All-items,165.5
2026-02,"St. John's, Newfoundland and Labrador",All-items,164.8
2026-02,Prince Edward Island,All-items,168.4
2026-02,"Charlottetown and Summerside, Prince Edward Island",All-items,169.5
2026-02,Nova Scotia,All-items,169.2
2026-02,"Halifax, Nova Scotia",All-items,168.2
2026-02,New Brunswick,All-items,165.5
2026-02,"Saint John, New Brunswick",All-items,165.7
2026-02,Quebec,All-items,163.1
2026-02,"Québec, Quebec",All-items,161.4
2026-02,"Montréal, Quebec",All-items,166.1
2026-02,Ontario,All-items,166.7
2026-02,"Ottawa-Gatineau, Ontario part, Ontario/Quebec",All-items,168.1
2026-02,"Toronto, Ontario",All-items,168.4
2026-02,"Thunder Bay, Ontario",All-items,155.9
2026-02,Manitoba,All-items,167.1
2026-02,"Winnipeg, Manitoba",All-items,166.8
2026-02,Saskatchewan,All-items,167.8
2026-02,"Regina, Saskatchewan",All-items,169.3
2026-02,"Saskatoon, Saskatchewan",All-items,169.4
2026-02,Alberta,All-items,174.4
2026-02,"Edmonton, Alberta",All-items,172.5
2026-02,"Calgary, Alberta",All-items,177.6
2026-02,British Columbia,All-items,160.3
2026-02,"Vancouver, British Columbia",All-items,163.2
2026-02,"Victoria, British Columbia",All-items,157.3
2026-02,"Whitehorse, Yukon",All-items,166.6
2026-02,"Yellowknife, Northwest Territories",All-items,164.9
2026-02,"Iqaluit, Nunavut",All-items,145.8
2026-03,Canada,All-items,167.4
2026-03,Newfoundland and Labrador,All-items,167.8
2026-03,"St. John's, Newfoundland and Labrador",All-items,167.1
2026-03,Prince Edward Island,All-items,171.5
2026-03,"Charlottetown and Summerside, Prince Edward Island",All-items,172.5
2026-03,Nova Scotia,All-items,172.4
2026-03,"Halifax, Nova Scotia",All-items,171.1
2026-03,New Brunswick,All-items,167.6
2026-03,"Saint John, New Brunswick",All-items,167.7
2026-03,Quebec,All-items,164.3
2026-03,"Québec, Quebec",All-items,162.7
2026-03,"Montréal, Quebec",All-items,167.0
2026-03,Ontario,All-items,168.2
2026-03,"Ottawa-Gatineau, Ontario part, Ontario/Quebec",All-items,169.8
2026-03,"Toronto, Ontario",All-items,169.7
2026-03,"Thunder Bay, Ontario",All-items,157.0
2026-03,Manitoba,All-items,168.7
2026-03,"Winnipeg, Manitoba",All-items,168.4
2026-03,Saskatchewan,All-items,170.0
2026-03,"Regina, Saskatchewan",All-items,171.2
2026-03,"Saskatoon, Saskatchewan",All-items,171.8
2026-03,Alberta,All-items,175.9
2026-03,"Edmonton, Alberta",All-items,174.0
2026-03,"Calgary, Alberta",All-items,179.0
2026-03,British Columbia,All-items,161.7
2026-03,"Vancouver, British Columbia",All-items,164.7
2026-03,"Victoria, British Columbia",All-items,158.7
2026-03,"Whitehorse, Yukon",All-items,168.0
2026-03,"Yellowknife, Northwest Territories",All-items,166.3
2026-03,"Iqaluit, Nunavut",All-items,146.0
2026-04,Canada,All-items,168.0
2026-04,Newfoundland and Labrador,All-items,168.9
2026-04,"St. John's, Newfoundland and Labrador",All-items,168.0
2026-04,Prince Edward Island,All-items,172.6
2026-04,"Charlottetown and Summerside, Prince Edward Island",All-items,173.4
2026-04,Nova Scotia,All-items,173.7
2026-04,"Halifax, Nova Scotia",All-items,172.4
2026-04,New Brunswick,All-items,169.2
2026-04,"Saint John, New Brunswick",All-items,169.6
2026-04,Quebec,All-items,165.2
2026-04,"Québec, Quebec",All-items,163.7
2026-04,"Montréal, Quebec",All-items,167.8
2026-04,Ontario,All-items,168.8
2026-04,"Ottawa-Gatineau, Ontario part, Ontario/Quebec",All-items,170.4
2026-04,"Toronto, Ontario",All-items,170.0
2026-04,"Thunder Bay, Ontario",All-items,157.7
2026-04,Manitoba,All-items,170.3
2026-04,"Winnipeg, Manitoba",All-items,170.0
2026-04,Saskatchewan,All-items,171.3
2026-04,"Regina, Saskatchewan",All-items,172.7
2026-04,"Saskatoon, Saskatchewan",All-items,172.5
2026-04,Alberta,All-items,176.6
2026-04,"Edmonton, Alberta",All-items,174.5
2026-04,"Calgary, Alberta",All-items,179.9
2026-04,British Columbia,All-items,161.7
2026-04,"Vancouver, British Columbia",All-items,164.6
2026-04,"Victoria, British Columbia",All-items,158.7
2026-04,"Whitehorse, Yukon",All-items,169.5
2026-04,"Yellowknife, Northwest Territories",All-items,168.0
2026-04,"Iqaluit, Nunavut",All-items,146.6
2026-05,Canada,All-items,169.6
2026-05,Newfoundland and Labrador,All-items,170.7
2026-05,"St. John's, Newfoundland and Labrador",All-items,170.0
2026-05,Prince Edward Island,All-items,173.9
2026-05,"Charlottetown and Summerside, Prince Edward Island",All-items,174.7
2026-05,Nova Scotia,All-items,175.5
2026-05,"Halifax, Nova Scotia",All-items,174.1
2026-05,New Brunswick,All-items,171.0
2026-05,"Saint John, New Brunswick",All-items,171.7
2026-05,Quebec,All-items,166.7
2026-05,"Québec, Quebec",All-items,165.1
2026-05,"Montréal, Quebec",All-items,169.3
2026-05,Ontario,All-items,170.2
2026-05,"Ottawa-Gatineau, Ontario part, Ontario/Quebec",All-items,172.0
2026-05,"Toronto, Ontario",All-items,171.7
2026-05,"Thunder Bay, Ontario",All-items,158.7
2026-05,Manitoba,All-items,171.8
2026-05,"Winnipeg, Manitoba",All-items,171.5
2026-05,Saskatchewan,All-items,172.7
2026-05,"Regina, Saskatchewan",All-items,173.8
2026-05,"Saskatoon, Saskatchewan",All-items,174.1
2026-05,Alberta,All-items,178.3
2026-05,"Edmonton, Alberta",All-items,176.3
2026-05,"Calgary, Alberta",All-items,181.4
2026-05,British Columbia,All-items,163.6
2026-05,"Vancouver, British Columbia",All-items,166.7
2026-05,"Victoria, British Columbia",All-items,160.6
2026-05,"Whitehorse, Yukon",All-items,172.2
2026-05,"Yellowknife, Northwest Territories",All-items,168.8
2026-05,"Iqaluit, Nunavut",All-items,147.5
2026-06,Canada,All-items,169.0
2026-06,Newfoundland and Labrador,All-items,170.6
2026-06,"St. John's, Newfoundland and Labrador",All-items,169.8
2026-06,Prince Edward Island,All-items,174.0
2026-06,"Charlottetown and Summerside, Prince Edward Island",All-items,174.7
2026-06,Nova Scotia,All-items,175.5
2026-06,"Halifax, Nova Scotia",All-items,174.0
2026-06,New Brunswick,All-items,170.3
2026-06,"Saint John, New Brunswick",All-items,171.1
2026-06,Quebec,All-items,166.2
2026-06,"Québec, Quebec",All-items,164.6
2026-06,"Montréal, Quebec",All-items,168.9
2026-06,Ontario,All-items,169.3
2026-06,"Ottawa-Gatineau, Ontario part, Ontario/Quebec",All-items,171.4
2026-06,"Toronto, Ontario",All-items,170.9
2026-06,"Thunder Bay, Ontario",All-items,158.0
2026-06,Manitoba,All-items,170.9
2026-06,"Winnipeg, Manitoba",All-items,170.7
2026-06,Saskatchewan,All-items,172.2
2026-06,"Regina, Saskatchewan",All-items,173.2
2026-06,"Saskatoon, Saskatchewan",All-items,174.0
2026-06,Alberta,All-items,178.2
2026-06,"Edmonton, Alberta",All-items,176.2
2026-06,"Calgary, Alberta",All-items,181.3
2026-06,British Columbia,All-items,163.3
2026-06,"Vancouver, British Columbia",All-items,166.7
2026-06,"Victoria, British Columbia",All-items,160.2
2026-06,"Whitehorse, Yukon",All-items,173.3
2026-06,"Yellowknife, Northwest Territories",All-items,169.0
2026-06,"Iqaluit, Nunavut",All-items,149.3
2026-07,Canada,All-items,169.9
2026-07,Newfoundland and Labrador,All-items,172.7
2026-07,"St. John's, Newfoundland and Labrador",All-items,171.9
2026-07,Prince Edward Island,All-items,175.8
2026-07,"Charlottetown and Summerside, Prince Edward Island",All-items,176.7
2026-07,Nova Scotia,All-items,177.1
2026-07,"Halifax, Nova Scotia",All-items,175.6
2026-07,New Brunswick,All-items,172.2
2026-07,"Saint John, New Brunswick",All-items,172.8
2026-07,Quebec,All-items,167.0
2026-07,"Québec, Quebec",All-items,165.3
2026-07,"Montréal, Quebec",All-items,169.9
2026-07,Ontario,All-items,169.9
2026-07,"Ottawa-Gatineau, Ontario part, Ontario/Quebec",All-items,171.7
2026-07,"Toronto, Ontario",All-items,171.4
2026-07,"Thunder Bay, Ontario",All-items,158.2
2026-07,Manitoba,All-items,172.2
2026-07,"Winnipeg, Manitoba",All-items,171.9
2026-07,Saskatchewan,All-items,172.7
2026-07,"Regina, Saskatchewan",All-items,173.9
2026-07,"Saskatoon, Saskatchewan",All-items,174.4
2026-07,Alberta,All-items,179.8
2026-07,"Edmonton, Alberta",All-items,177.8
2026-07,"Calgary, Alberta",All-items,182.9
2026-07,British Columbia,All-items,163.7
2026-07,"Vancouver, British Columbia",All-items,166.9
2026-07,"Victoria, British Columbia",All-items,161.3
2026-07,"Whitehorse, Yukon",All-items,174.4
2026-07,"Yellowknife, Northwest Territories",All-items,169.6
2026-07,"Iqaluit, Nunavut",All-items,150.6
2026-08,Canada,All-items,169.8
2026-08,Newfoundland and Labrador,All-items,172.4
2026-08,"St. John's, Newfoundland and Labrador",All-items,171.8
2026-08,Prince Edward Island,All-items,176.1
2026-08,"Charlottetown and Summerside, Prince Edward Island",All-items,177.0
2026-08,Nova Scotia,All-items,177.2
2026-08,"Halifax, Nova Scotia",All-items,175.8
2026-08,New Brunswick,All-items,171.9
2026-08,"Saint John, New Brunswick",All-items,171.7
2026-08,Quebec,All-items,166.9
2026-08,"Québec, Quebec",All-items,165.2
2026-08,"Montréal, Quebec",All-items,169.8
2026-08,Ontario,All-items,170.0
2026-08,"Ottawa-Gatineau, Ontario part, Ontario/Quebec",All-items,171.6
2026-08,"Toronto, Ontario",All-items,171.7
2026-08,"Thunder Bay, Ontario",All-items,158.7
2026-08,Manitoba,All-items,172.1
2026-08,"Winnipeg, Manitoba",All-items,171.8
2026-08,Saskatchewan,All-items,172.0
2026-08,"Regina, Saskatchewan",All-items,173.1
2026-08,"Saskatoon, Saskatchewan",All-items,173.8
2026-08,Alberta,All-items,179.2
2026-08,"Edmonton, Alberta",All-items,177.2
2026-08,"Calgary, Alberta",All-items,182.3
2026-08,British Columbia,All-items,163.8
2026-08,"Vancouver, British Columbia",All-items,167.0
2026-08,"Victoria, British Columbia",All-items,161.3
2026-08,"Whitehorse, Yukon",All-items,175.0
2026-08,"Yellowknife, Northwest Territories",All-items,170.8
2026-08,"Iqaluit, Nunavut",All-items,150.6
