date,geography,indicator,value
2015-04,Canada,Job vacancies,482925.0
2015-04,Canada,Payroll employees,14803985.0
2015-04,Canada,Job vacancy rate,3.2
2015-04,Newfoundland and Labrador,Job vacancies,4770.0
2015-04,Newfoundland and Labrador,Payroll employees,198160.0
2015-04,Newfoundland and Labrador,Job vacancy rate,2.3
2015-04,Prince Edward Island,Job vacancies,1445.0
2015-04,Prince Edward Island,Payroll employees,52280.0
2015-04,Prince Edward Island,Job vacancy rate,2.7
2015-04,Nova Scotia,Job vacancies,13175.0
2015-04,Nova Scotia,Payroll employees,382870.0
2015-04,Nova Scotia,Job vacancy rate,3.3
2015-04,New Brunswick,Job vacancies,9020.0
2015-04,New Brunswick,Payroll employees,270300.0
2015-04,New Brunswick,Job vacancy rate,3.2
2015-04,Quebec,Job vacancies,76640.0
2015-04,Quebec,Payroll employees,3241755.0
2015-04,Quebec,Job vacancy rate,2.3
2015-04,Ontario,Job vacancies,188005.0
2015-04,Ontario,Payroll employees,5662405.0
2015-04,Ontario,Job vacancy rate,3.2
2015-04,Manitoba,Job vacancies,15595.0
2015-04,Manitoba,Payroll employees,550710.0
2015-04,Manitoba,Job vacancy rate,2.8
2015-04,Saskatchewan,Job vacancies,
2015-04,Saskatchewan,Payroll employees,454160.0
2015-04,Saskatchewan,Job vacancy rate,
2015-04,Alberta,Job vacancies,
2015-04,Alberta,Payroll employees,1995165.0
2015-04,Alberta,Job vacancy rate,
2015-04,British Columbia,Job vacancies,71810.0
2015-04,British Columbia,Payroll employees,1948070.0
2015-04,British Columbia,Job vacancy rate,3.6
2015-04,Yukon,Job vacancies,745.0
2015-04,Yukon,Payroll employees,15085.0
2015-04,Yukon,Job vacancy rate,4.7
2015-04,Northwest Territories,Job vacancies,1025.0
2015-04,Northwest Territories,Payroll employees,22550.0
2015-04,Northwest Territories,Job vacancy rate,4.3
2015-04,Nunavut,Job vacancies,395.0
2015-04,Nunavut,Payroll employees,10475.0
2015-04,Nunavut,Job vacancy rate,3.6
2015-05,Canada,Job vacancies,444495.0
2015-05,Canada,Payroll employees,14955300.0
2015-05,Canada,Job vacancy rate,2.9
2015-05,Newfoundland and Labrador,Job vacancies,5540.0
2015-05,Newfoundland and Labrador,Payroll employees,203855.0
2015-05,Newfoundland and Labrador,Job vacancy rate,2.6
2015-05,Prince Edward Island,Job vacancies,1335.0
2015-05,Prince Edward Island,Payroll employees,54150.0
2015-05,Prince Edward Island,Job vacancy rate,2.4
2015-05,Nova Scotia,Job vacancies,12770.0
2015-05,Nova Scotia,Payroll employees,377015.0
2015-05,Nova Scotia,Job vacancy rate,3.3
2015-05,New Brunswick,Job vacancies,11360.0
2015-05,New Brunswick,Payroll employees,267285.0
2015-05,New Brunswick,Job vacancy rate,4.1
2015-05,Quebec,Job vacancies,63970.0
2015-05,Quebec,Payroll employees,3306870.0
2015-05,Quebec,Job vacancy rate,1.9
2015-05,Ontario,Job vacancies,187225.0
2015-05,Ontario,Payroll employees,5727975.0
2015-05,Ontario,Job vacancy rate,3.2
2015-05,Manitoba,Job vacancies,14660.0
2015-05,Manitoba,Payroll employees,559230.0
2015-05,Manitoba,Job vacancy rate,2.6
2015-05,Saskatchewan,Job vacancies,
2015-05,Saskatchewan,Payroll employees,471585.0
2015-05,Saskatchewan,Job vacancy rate,
2015-05,Alberta,Job vacancies,70785.0
2015-05,Alberta,Payroll employees,1972005.0
2015-05,Alberta,Job vacancy rate,3.5
2015-05,British Columbia,Job vacancies,59115.0
2015-05,British Columbia,Payroll employees,1967370.0
2015-05,British Columbia,Job vacancy rate,2.9
2015-05,Yukon,Job vacancies,840.0
2015-05,Yukon,Payroll employees,15290.0
2015-05,Yukon,Job vacancy rate,5.2
2015-05,Northwest Territories,Job vacancies,1395.0
2015-05,Northwest Territories,Payroll employees,22160.0
2015-05,Northwest Territories,Job vacancy rate,5.9
2015-05,Nunavut,Job vacancies,415.0
2015-05,Nunavut,Payroll employees,10510.0
2015-05,Nunavut,Job vacancy rate,3.8
2015-06,Canada,Job vacancies,410685.0
2015-06,Canada,Payroll employees,15265050.0
2015-06,Canada,Job vacancy rate,2.6
2015-06,Newfoundland and Labrador,Job vacancies,5245.0
2015-06,Newfoundland and Labrador,Payroll employees,196695.0
2015-06,Newfoundland and Labrador,Job vacancy rate,2.6
2015-06,Prince Edward Island,Job vacancies,2035.0
2015-06,Prince Edward Island,Payroll employees,60550.0
2015-06,Prince Edward Island,Job vacancy rate,3.3
2015-06,Nova Scotia,Job vacancies,8400.0
2015-06,Nova Scotia,Payroll employees,409345.0
2015-06,Nova Scotia,Job vacancy rate,2.0
2015-06,New Brunswick,Job vacancies,6715.0
2015-06,New Brunswick,Payroll employees,282565.0
2015-06,New Brunswick,Job vacancy rate,2.3
2015-06,Quebec,Job vacancies,67545.0
2015-06,Quebec,Payroll employees,3370145.0
2015-06,Quebec,Job vacancy rate,2.0
2015-06,Ontario,Job vacancies,148735.0
2015-06,Ontario,Payroll employees,5841655.0
2015-06,Ontario,Job vacancy rate,2.5
2015-06,Manitoba,Job vacancies,13950.0
2015-06,Manitoba,Payroll employees,569760.0
2015-06,Manitoba,Job vacancy rate,2.4
2015-06,Saskatchewan,Job vacancies,12990.0
2015-06,Saskatchewan,Payroll employees,472450.0
2015-06,Saskatchewan,Job vacancy rate,2.7
2015-06,Alberta,Job vacancies,62805.0
2015-06,Alberta,Payroll employees,2013380.0
2015-06,Alberta,Job vacancy rate,3.0
2015-06,British Columbia,Job vacancies,80325.0
2015-06,British Columbia,Payroll employees,1999390.0
2015-06,British Columbia,Job vacancy rate,3.9
2015-06,Yukon,Job vacancies,690.0
2015-06,Yukon,Payroll employees,16215.0
2015-06,Yukon,Job vacancy rate,4.1
2015-06,Northwest Territories,Job vacancies,770.0
2015-06,Northwest Territories,Payroll employees,22300.0
2015-06,Northwest Territories,Job vacancy rate,3.3
2015-06,Nunavut,Job vacancies,
2015-06,Nunavut,Payroll employees,10600.0
2015-06,Nunavut,Job vacancy rate,
2015-07,Canada,Job vacancies,374735.0
2015-07,Canada,Payroll employees,15465860.0
2015-07,Canada,Job vacancy rate,2.4
2015-07,Newfoundland and Labrador,Job vacancies,4330.0
2015-07,Newfoundland and Labrador,Payroll employees,215065.0
2015-07,Newfoundland and Labrador,Job vacancy rate,2.0
2015-07,Prince Edward Island,Job vacancies,670.0
2015-07,Prince Edward Island,Payroll employees,63895.0
2015-07,Prince Edward Island,Job vacancy rate,1.0
2015-07,Nova Scotia,Job vacancies,9000.0
2015-07,Nova Scotia,Payroll employees,409770.0
2015-07,Nova Scotia,Job vacancy rate,2.1
2015-07,New Brunswick,Job vacancies,5760.0
2015-07,New Brunswick,Payroll employees,285160.0
2015-07,New Brunswick,Job vacancy rate,2.0
2015-07,Quebec,Job vacancies,55710.0
2015-07,Quebec,Payroll employees,3431425.0
2015-07,Quebec,Job vacancy rate,1.6
2015-07,Ontario,Job vacancies,138045.0
2015-07,Ontario,Payroll employees,5904800.0
2015-07,Ontario,Job vacancy rate,2.3
2015-07,Manitoba,Job vacancies,11620.0
2015-07,Manitoba,Payroll employees,573460.0
2015-07,Manitoba,Job vacancy rate,2.0
2015-07,Saskatchewan,Job vacancies,10505.0
2015-07,Saskatchewan,Payroll employees,477845.0
2015-07,Saskatchewan,Job vacancy rate,2.2
2015-07,Alberta,Job vacancies,60890.0
2015-07,Alberta,Payroll employees,2017740.0
2015-07,Alberta,Job vacancy rate,2.9
2015-07,British Columbia,Job vacancies,76075.0
2015-07,British Columbia,Payroll employees,2035835.0
2015-07,British Columbia,Job vacancy rate,3.6
2015-07,Yukon,Job vacancies,695.0
2015-07,Yukon,Payroll employees,16855.0
2015-07,Yukon,Job vacancy rate,3.9
2015-07,Northwest Territories,Job vacancies,1090.0
2015-07,Northwest Territories,Payroll employees,23315.0
2015-07,Northwest Territories,Job vacancy rate,4.5
2015-07,Nunavut,Job vacancies,345.0
2015-07,Nunavut,Payroll employees,10690.0
2015-07,Nunavut,Job vacancy rate,3.1
2015-08,Canada,Job vacancies,377900.0
2015-08,Canada,Payroll employees,15258035.0
2015-08,Canada,Job vacancy rate,2.4
2015-08,Newfoundland and Labrador,Job vacancies,4975.0
2015-08,Newfoundland and Labrador,Payroll employees,207220.0
2015-08,Newfoundland and Labrador,Job vacancy rate,2.3
2015-08,Prince Edward Island,Job vacancies,1595.0
2015-08,Prince Edward Island,Payroll employees,63010.0
2015-08,Prince Edward Island,Job vacancy rate,2.5
2015-08,Nova Scotia,Job vacancies,9860.0
2015-08,Nova Scotia,Payroll employees,399830.0
2015-08,Nova Scotia,Job vacancy rate,2.4
2015-08,New Brunswick,Job vacancies,5620.0
2015-08,New Brunswick,Payroll employees,317750.0
2015-08,New Brunswick,Job vacancy rate,1.7
2015-08,Quebec,Job vacancies,51720.0
2015-08,Quebec,Payroll employees,3353270.0
2015-08,Quebec,Job vacancy rate,1.5
2015-08,Ontario,Job vacancies,149770.0
2015-08,Ontario,Payroll employees,5836005.0
2015-08,Ontario,Job vacancy rate,2.5
2015-08,Manitoba,Job vacancies,12690.0
2015-08,Manitoba,Payroll employees,562785.0
2015-08,Manitoba,Job vacancy rate,2.2
2015-08,Saskatchewan,Job vacancies,11380.0
2015-08,Saskatchewan,Payroll employees,464840.0
2015-08,Saskatchewan,Job vacancy rate,2.4
2015-08,Alberta,Job vacancies,64925.0
2015-08,Alberta,Payroll employees,1995205.0
2015-08,Alberta,Job vacancy rate,3.2
2015-08,British Columbia,Job vacancies,63010.0
2015-08,British Columbia,Payroll employees,2007670.0
2015-08,British Columbia,Job vacancy rate,3.0
2015-08,Yukon,Job vacancies,
2015-08,Yukon,Payroll employees,16750.0
2015-08,Yukon,Job vacancy rate,
2015-08,Northwest Territories,Job vacancies,765.0
2015-08,Northwest Territories,Payroll employees,23605.0
2015-08,Northwest Territories,Job vacancy rate,3.1
2015-08,Nunavut,Job vacancies,
2015-08,Nunavut,Payroll employees,10095.0
2015-08,Nunavut,Job vacancy rate,
2015-09,Canada,Job vacancies,459785.0
2015-09,Canada,Payroll employees,15037180.0
2015-09,Canada,Job vacancy rate,3.0
2015-09,Newfoundland and Labrador,Job vacancies,7245.0
2015-09,Newfoundland and Labrador,Payroll employees,198090.0
2015-09,Newfoundland and Labrador,Job vacancy rate,3.5
2015-09,Prince Edward Island,Job vacancies,1835.0
2015-09,Prince Edward Island,Payroll employees,61205.0
2015-09,Prince Edward Island,Job vacancy rate,2.9
2015-09,Nova Scotia,Job vacancies,13130.0
2015-09,Nova Scotia,Payroll employees,403085.0
2015-09,Nova Scotia,Job vacancy rate,3.2
2015-09,New Brunswick,Job vacancies,8395.0
2015-09,New Brunswick,Payroll employees,297495.0
2015-09,New Brunswick,Job vacancy rate,2.7
2015-09,Quebec,Job vacancies,72160.0
2015-09,Quebec,Payroll employees,3308225.0
2015-09,Quebec,Job vacancy rate,2.1
2015-09,Ontario,Job vacancies,180955.0
2015-09,Ontario,Payroll employees,5762680.0
2015-09,Ontario,Job vacancy rate,3.0
2015-09,Manitoba,Job vacancies,14525.0
2015-09,Manitoba,Payroll employees,547070.0
2015-09,Manitoba,Job vacancy rate,2.6
2015-09,Saskatchewan,Job vacancies,12765.0
2015-09,Saskatchewan,Payroll employees,455350.0
2015-09,Saskatchewan,Job vacancy rate,2.7
2015-09,Alberta,Job vacancies,66985.0
2015-09,Alberta,Payroll employees,1972940.0
2015-09,Alberta,Job vacancy rate,3.3
2015-09,British Columbia,Job vacancies,80260.0
2015-09,British Columbia,Payroll employees,1980640.0
2015-09,British Columbia,Job vacancy rate,3.9
2015-09,Yukon,Job vacancies,680.0
2015-09,Yukon,Payroll employees,16660.0
2015-09,Yukon,Job vacancy rate,3.9
2015-09,Northwest Territories,Job vacancies,595.0
2015-09,Northwest Territories,Payroll employees,23430.0
2015-09,Northwest Territories,Job vacancy rate,2.5
2015-09,Nunavut,Job vacancies,260.0
2015-09,Nunavut,Payroll employees,10315.0
2015-09,Nunavut,Job vacancy rate,2.5
2015-10,Canada,Job vacancies,382545.0
2015-10,Canada,Payroll employees,15346980.0
2015-10,Canada,Job vacancy rate,2.4
2015-10,Newfoundland and Labrador,Job vacancies,4485.0
2015-10,Newfoundland and Labrador,Payroll employees,205595.0
2015-10,Newfoundland and Labrador,Job vacancy rate,2.1
2015-10,Prince Edward Island,Job vacancies,1260.0
2015-10,Prince Edward Island,Payroll employees,62850.0
2015-10,Prince Edward Island,Job vacancy rate,2.0
2015-10,Nova Scotia,Job vacancies,8195.0
2015-10,Nova Scotia,Payroll employees,411610.0
2015-10,Nova Scotia,Job vacancy rate,2.0
2015-10,New Brunswick,Job vacancies,7805.0
2015-10,New Brunswick,Payroll employees,290475.0
2015-10,New Brunswick,Job vacancy rate,2.6
2015-10,Quebec,Job vacancies,54665.0
2015-10,Quebec,Payroll employees,3381695.0
2015-10,Quebec,Job vacancy rate,1.6
2015-10,Ontario,Job vacancies,159465.0
2015-10,Ontario,Payroll employees,5870130.0
2015-10,Ontario,Job vacancy rate,2.6
2015-10,Manitoba,Job vacancies,10920.0
2015-10,Manitoba,Payroll employees,573885.0
2015-10,Manitoba,Job vacancy rate,1.9
2015-10,Saskatchewan,Job vacancies,11145.0
2015-10,Saskatchewan,Payroll employees,461965.0
2015-10,Saskatchewan,Job vacancy rate,2.4
2015-10,Alberta,Job vacancies,55065.0
2015-10,Alberta,Payroll employees,1998380.0
2015-10,Alberta,Job vacancy rate,2.7
2015-10,British Columbia,Job vacancies,68350.0
2015-10,British Columbia,Payroll employees,2039415.0
2015-10,British Columbia,Job vacancy rate,3.2
2015-10,Yukon,Job vacancies,370.0
2015-10,Yukon,Payroll employees,17050.0
2015-10,Yukon,Job vacancy rate,2.1
2015-10,Northwest Territories,Job vacancies,495.0
2015-10,Northwest Territories,Payroll employees,23160.0
2015-10,Northwest Territories,Job vacancy rate,2.1
2015-10,Nunavut,Job vacancies,315.0
2015-10,Nunavut,Payroll employees,10775.0
2015-10,Nunavut,Job vacancy rate,2.9
2015-11,Canada,Job vacancies,373980.0
2015-11,Canada,Payroll employees,15424770.0
2015-11,Canada,Job vacancy rate,2.4
2015-11,Newfoundland and Labrador,Job vacancies,5015.0
2015-11,Newfoundland and Labrador,Payroll employees,208745.0
2015-11,Newfoundland and Labrador,Job vacancy rate,2.3
2015-11,Prince Edward Island,Job vacancies,1335.0
2015-11,Prince Edward Island,Payroll employees,62330.0
2015-11,Prince Edward Island,Job vacancy rate,2.1
2015-11,Nova Scotia,Job vacancies,8220.0
2015-11,Nova Scotia,Payroll employees,404685.0
2015-11,Nova Scotia,Job vacancy rate,2.0
2015-11,New Brunswick,Job vacancies,5410.0
2015-11,New Brunswick,Payroll employees,299260.0
2015-11,New Brunswick,Job vacancy rate,1.8
2015-11,Quebec,Job vacancies,52875.0
2015-11,Quebec,Payroll employees,3387620.0
2015-11,Quebec,Job vacancy rate,1.5
2015-11,Ontario,Job vacancies,162870.0
2015-11,Ontario,Payroll employees,5937295.0
2015-11,Ontario,Job vacancy rate,2.7
2015-11,Manitoba,Job vacancies,13520.0
2015-11,Manitoba,Payroll employees,585025.0
2015-11,Manitoba,Job vacancy rate,2.3
2015-11,Saskatchewan,Job vacancies,11405.0
2015-11,Saskatchewan,Payroll employees,471125.0
2015-11,Saskatchewan,Job vacancy rate,2.4
2015-11,Alberta,Job vacancies,53245.0
2015-11,Alberta,Payroll employees,1982295.0
2015-11,Alberta,Job vacancy rate,2.6
2015-11,British Columbia,Job vacancies,58425.0
2015-11,British Columbia,Payroll employees,2036275.0
2015-11,British Columbia,Job vacancy rate,2.8
2015-11,Yukon,Job vacancies,525.0
2015-11,Yukon,Payroll employees,16500.0
2015-11,Yukon,Job vacancy rate,3.1
2015-11,Northwest Territories,Job vacancies,890.0
2015-11,Northwest Territories,Payroll employees,22810.0
2015-11,Northwest Territories,Job vacancy rate,3.8
2015-11,Nunavut,Job vacancies,250.0
2015-11,Nunavut,Payroll employees,10800.0
2015-11,Nunavut,Job vacancy rate,2.2
2015-12,Canada,Job vacancies,303040.0
2015-12,Canada,Payroll employees,15319640.0
2015-12,Canada,Job vacancy rate,1.9
2015-12,Newfoundland and Labrador,Job vacancies,3810.0
2015-12,Newfoundland and Labrador,Payroll employees,192600.0
2015-12,Newfoundland and Labrador,Job vacancy rate,1.9
2015-12,Prince Edward Island,Job vacancies,1475.0
2015-12,Prince Edward Island,Payroll employees,58975.0
2015-12,Prince Edward Island,Job vacancy rate,2.4
2015-12,Nova Scotia,Job vacancies,6390.0
2015-12,Nova Scotia,Payroll employees,402730.0
2015-12,Nova Scotia,Job vacancy rate,1.6
2015-12,New Brunswick,Job vacancies,5280.0
2015-12,New Brunswick,Payroll employees,285565.0
2015-12,New Brunswick,Job vacancy rate,1.8
2015-12,Quebec,Job vacancies,44595.0
2015-12,Quebec,Payroll employees,3377390.0
2015-12,Quebec,Job vacancy rate,1.3
2015-12,Ontario,Job vacancies,125955.0
2015-12,Ontario,Payroll employees,5904055.0
2015-12,Ontario,Job vacancy rate,2.1
2015-12,Manitoba,Job vacancies,8710.0
2015-12,Manitoba,Payroll employees,564945.0
2015-12,Manitoba,Job vacancy rate,1.5
2015-12,Saskatchewan,Job vacancies,9310.0
2015-12,Saskatchewan,Payroll employees,471355.0
2015-12,Saskatchewan,Job vacancy rate,1.9
2015-12,Alberta,Job vacancies,42545.0
2015-12,Alberta,Payroll employees,1992365.0
2015-12,Alberta,Job vacancy rate,2.1
2015-12,British Columbia,Job vacancies,53600.0
2015-12,British Columbia,Payroll employees,2020555.0
2015-12,British Columbia,Job vacancy rate,2.6
2015-12,Yukon,Job vacancies,420.0
2015-12,Yukon,Payroll employees,15990.0
2015-12,Yukon,Job vacancy rate,2.6
2015-12,Northwest Territories,Job vacancies,595.0
2015-12,Northwest Territories,Payroll employees,22470.0
2015-12,Northwest Territories,Job vacancy rate,2.6
2015-12,Nunavut,Job vacancies,345.0
2015-12,Nunavut,Payroll employees,10635.0
2015-12,Nunavut,Job vacancy rate,3.2
2016-01,Canada,Job vacancies,307740.0
2016-01,Canada,Payroll employees,15397450.0
2016-01,Canada,Job vacancy rate,2.0
2016-01,Newfoundland and Labrador,Job vacancies,3330.0
2016-01,Newfoundland and Labrador,Payroll employees,201370.0
2016-01,Newfoundland and Labrador,Job vacancy rate,1.6
2016-01,Prince Edward Island,Job vacancies,800.0
2016-01,Prince Edward Island,Payroll employees,56985.0
2016-01,Prince Edward Island,Job vacancy rate,1.4
2016-01,Nova Scotia,Job vacancies,6600.0
2016-01,Nova Scotia,Payroll employees,413450.0
2016-01,Nova Scotia,Job vacancy rate,1.6
2016-01,New Brunswick,Job vacancies,4145.0
2016-01,New Brunswick,Payroll employees,277280.0
2016-01,New Brunswick,Job vacancy rate,1.5
2016-01,Quebec,Job vacancies,49265.0
2016-01,Quebec,Payroll employees,3337180.0
2016-01,Quebec,Job vacancy rate,1.5
2016-01,Ontario,Job vacancies,127655.0
2016-01,Ontario,Payroll employees,5964255.0
2016-01,Ontario,Job vacancy rate,2.1
2016-01,Manitoba,Job vacancies,8890.0
2016-01,Manitoba,Payroll employees,573720.0
2016-01,Manitoba,Job vacancy rate,1.5
2016-01,Saskatchewan,Job vacancies,8085.0
2016-01,Saskatchewan,Payroll employees,470090.0
2016-01,Saskatchewan,Job vacancy rate,1.7
2016-01,Alberta,Job vacancies,37355.0
2016-01,Alberta,Payroll employees,2007630.0
2016-01,Alberta,Job vacancy rate,1.8
2016-01,British Columbia,Job vacancies,60405.0
2016-01,British Columbia,Payroll employees,2047025.0
2016-01,British Columbia,Job vacancy rate,2.9
2016-01,Yukon,Job vacancies,
2016-01,Yukon,Payroll employees,15885.0
2016-01,Yukon,Job vacancy rate,
2016-01,Northwest Territories,Job vacancies,570.0
2016-01,Northwest Territories,Payroll employees,22535.0
2016-01,Northwest Territories,Job vacancy rate,2.5
2016-01,Nunavut,Job vacancies,245.0
2016-01,Nunavut,Payroll employees,10050.0
2016-01,Nunavut,Job vacancy rate,2.4
2016-02,Canada,Job vacancies,294535.0
2016-02,Canada,Payroll employees,14880520.0
2016-02,Canada,Job vacancy rate,1.9
2016-02,Newfoundland and Labrador,Job vacancies,3375.0
2016-02,Newfoundland and Labrador,Payroll employees,192760.0
2016-02,Newfoundland and Labrador,Job vacancy rate,1.7
2016-02,Prince Edward Island,Job vacancies,
2016-02,Prince Edward Island,Payroll employees,53535.0
2016-02,Prince Edward Island,Job vacancy rate,1.0
2016-02,Nova Scotia,Job vacancies,7895.0
2016-02,Nova Scotia,Payroll employees,378485.0
2016-02,Nova Scotia,Job vacancy rate,2.0
2016-02,New Brunswick,Job vacancies,3560.0
2016-02,New Brunswick,Payroll employees,286165.0
2016-02,New Brunswick,Job vacancy rate,1.2
2016-02,Quebec,Job vacancies,46900.0
2016-02,Quebec,Payroll employees,3241200.0
2016-02,Quebec,Job vacancy rate,1.4
2016-02,Ontario,Job vacancies,123980.0
2016-02,Ontario,Payroll employees,5773485.0
2016-02,Ontario,Job vacancy rate,2.1
2016-02,Manitoba,Job vacancies,11670.0
2016-02,Manitoba,Payroll employees,575215.0
2016-02,Manitoba,Job vacancy rate,2.0
2016-02,Saskatchewan,Job vacancies,8275.0
2016-02,Saskatchewan,Payroll employees,449340.0
2016-02,Saskatchewan,Job vacancy rate,1.8
2016-02,Alberta,Job vacancies,31355.0
2016-02,Alberta,Payroll employees,1899620.0
2016-02,Alberta,Job vacancy rate,1.6
2016-02,British Columbia,Job vacancies,55745.0
2016-02,British Columbia,Payroll employees,1984275.0
2016-02,British Columbia,Job vacancy rate,2.7
2016-02,Yukon,Job vacancies,310.0
2016-02,Yukon,Payroll employees,15270.0
2016-02,Yukon,Job vacancy rate,2.0
2016-02,Northwest Territories,Job vacancies,675.0
2016-02,Northwest Territories,Payroll employees,21635.0
2016-02,Northwest Territories,Job vacancy rate,3.0
2016-02,Nunavut,Job vacancies,250.0
2016-02,Nunavut,Payroll employees,9540.0
2016-02,Nunavut,Job vacancy rate,2.5
2016-03,Canada,Job vacancies,363255.0
2016-03,Canada,Payroll employees,14875365.0
2016-03,Canada,Job vacancy rate,2.4
2016-03,Newfoundland and Labrador,Job vacancies,3590.0
2016-03,Newfoundland and Labrador,Payroll employees,168825.0
2016-03,Newfoundland and Labrador,Job vacancy rate,2.1
2016-03,Prince Edward Island,Job vacancies,860.0
2016-03,Prince Edward Island,Payroll employees,53205.0
2016-03,Prince Edward Island,Job vacancy rate,1.6
2016-03,Nova Scotia,Job vacancies,7385.0
2016-03,Nova Scotia,Payroll employees,394335.0
2016-03,Nova Scotia,Job vacancy rate,1.8
2016-03,New Brunswick,Job vacancies,4995.0
2016-03,New Brunswick,Payroll employees,263530.0
2016-03,New Brunswick,Job vacancy rate,1.9
2016-03,Quebec,Job vacancies,56525.0
2016-03,Quebec,Payroll employees,3279655.0
2016-03,Quebec,Job vacancy rate,1.7
2016-03,Ontario,Job vacancies,147650.0
2016-03,Ontario,Payroll employees,5767955.0
2016-03,Ontario,Job vacancy rate,2.5
2016-03,Manitoba,Job vacancies,10050.0
2016-03,Manitoba,Payroll employees,548545.0
2016-03,Manitoba,Job vacancy rate,1.8
2016-03,Saskatchewan,Job vacancies,10480.0
2016-03,Saskatchewan,Payroll employees,451800.0
2016-03,Saskatchewan,Job vacancy rate,2.3
2016-03,Alberta,Job vacancies,47470.0
2016-03,Alberta,Payroll employees,1906620.0
2016-03,Alberta,Job vacancy rate,2.4
2016-03,British Columbia,Job vacancies,72485.0
2016-03,British Columbia,Payroll employees,1993175.0
2016-03,British Columbia,Job vacancy rate,3.5
2016-03,Yukon,Job vacancies,505.0
2016-03,Yukon,Payroll employees,15230.0
2016-03,Yukon,Job vacancy rate,3.2
2016-03,Northwest Territories,Job vacancies,795.0
2016-03,Northwest Territories,Payroll employees,22515.0
2016-03,Northwest Territories,Job vacancy rate,3.4
2016-03,Nunavut,Job vacancies,470.0
2016-03,Nunavut,Payroll employees,9975.0
2016-03,Nunavut,Job vacancy rate,4.5
2016-04,Canada,Job vacancies,383555.0
2016-04,Canada,Payroll employees,14929300.0
2016-04,Canada,Job vacancy rate,2.5
2016-04,Newfoundland and Labrador,Job vacancies,3210.0
2016-04,Newfoundland and Labrador,Payroll employees,178255.0
2016-04,Newfoundland and Labrador,Job vacancy rate,1.8
2016-04,Prince Edward Island,Job vacancies,1440.0
2016-04,Prince Edward Island,Payroll employees,53145.0
2016-04,Prince Edward Island,Job vacancy rate,2.6
2016-04,Nova Scotia,Job vacancies,8240.0
2016-04,Nova Scotia,Payroll employees,402045.0
2016-04,Nova Scotia,Job vacancy rate,2.0
2016-04,New Brunswick,Job vacancies,5525.0
2016-04,New Brunswick,Payroll employees,266075.0
2016-04,New Brunswick,Job vacancy rate,2.0
2016-04,Quebec,Job vacancies,64675.0
2016-04,Quebec,Payroll employees,3271515.0
2016-04,Quebec,Job vacancy rate,1.9
2016-04,Ontario,Job vacancies,159335.0
2016-04,Ontario,Payroll employees,5787630.0
2016-04,Ontario,Job vacancy rate,2.7
2016-04,Manitoba,Job vacancies,11355.0
2016-04,Manitoba,Payroll employees,559325.0
2016-04,Manitoba,Job vacancy rate,2.0
2016-04,Saskatchewan,Job vacancies,10155.0
2016-04,Saskatchewan,Payroll employees,446095.0
2016-04,Saskatchewan,Job vacancy rate,2.2
2016-04,Alberta,Job vacancies,44425.0
2016-04,Alberta,Payroll employees,1906800.0
2016-04,Alberta,Job vacancy rate,2.3
2016-04,British Columbia,Job vacancies,73805.0
2016-04,British Columbia,Payroll employees,2009900.0
2016-04,British Columbia,Job vacancy rate,3.5
2016-04,Yukon,Job vacancies,725.0
2016-04,Yukon,Payroll employees,15635.0
2016-04,Yukon,Job vacancy rate,4.4
2016-04,Northwest Territories,Job vacancies,500.0
2016-04,Northwest Territories,Payroll employees,22600.0
2016-04,Northwest Territories,Job vacancy rate,2.2
2016-04,Nunavut,Job vacancies,165.0
2016-04,Nunavut,Payroll employees,10275.0
2016-04,Nunavut,Job vacancy rate,
2016-05,Canada,Job vacancies,400140.0
2016-05,Canada,Payroll employees,15080000.0
2016-05,Canada,Job vacancy rate,2.6
2016-05,Newfoundland and Labrador,Job vacancies,3865.0
2016-05,Newfoundland and Labrador,Payroll employees,207315.0
2016-05,Newfoundland and Labrador,Job vacancy rate,1.8
2016-05,Prince Edward Island,Job vacancies,1445.0
2016-05,Prince Edward Island,Payroll employees,55110.0
2016-05,Prince Edward Island,Job vacancy rate,2.6
2016-05,Nova Scotia,Job vacancies,9565.0
2016-05,Nova Scotia,Payroll employees,385330.0
2016-05,Nova Scotia,Job vacancy rate,2.4
2016-05,New Brunswick,Job vacancies,6020.0
2016-05,New Brunswick,Payroll employees,279835.0
2016-05,New Brunswick,Job vacancy rate,2.1
2016-05,Quebec,Job vacancies,62655.0
2016-05,Quebec,Payroll employees,3301685.0
2016-05,Quebec,Job vacancy rate,1.9
2016-05,Ontario,Job vacancies,183030.0
2016-05,Ontario,Payroll employees,5847215.0
2016-05,Ontario,Job vacancy rate,3.0
2016-05,Manitoba,Job vacancies,13025.0
2016-05,Manitoba,Payroll employees,580065.0
2016-05,Manitoba,Job vacancy rate,2.2
2016-05,Saskatchewan,Job vacancies,10130.0
2016-05,Saskatchewan,Payroll employees,453935.0
2016-05,Saskatchewan,Job vacancy rate,2.2
2016-05,Alberta,Job vacancies,38830.0
2016-05,Alberta,Payroll employees,1893825.0
2016-05,Alberta,Job vacancy rate,2.0
2016-05,British Columbia,Job vacancies,69740.0
2016-05,British Columbia,Payroll employees,2027545.0
2016-05,British Columbia,Job vacancy rate,3.3
2016-05,Yukon,Job vacancies,875.0
2016-05,Yukon,Payroll employees,15890.0
2016-05,Yukon,Job vacancy rate,5.2
2016-05,Northwest Territories,Job vacancies,590.0
2016-05,Northwest Territories,Payroll employees,21890.0
2016-05,Northwest Territories,Job vacancy rate,2.6
2016-05,Nunavut,Job vacancies,365.0
2016-05,Nunavut,Payroll employees,10345.0
2016-05,Nunavut,Job vacancy rate,3.4
2016-06,Canada,Job vacancies,392755.0
2016-06,Canada,Payroll employees,15335410.0
2016-06,Canada,Job vacancy rate,2.5
2016-06,Newfoundland and Labrador,Job vacancies,4875.0
2016-06,Newfoundland and Labrador,Payroll employees,187845.0
2016-06,Newfoundland and Labrador,Job vacancy rate,2.5
2016-06,Prince Edward Island,Job vacancies,1595.0
2016-06,Prince Edward Island,Payroll employees,61300.0
2016-06,Prince Edward Island,Job vacancy rate,2.5
2016-06,Nova Scotia,Job vacancies,8885.0
2016-06,Nova Scotia,Payroll employees,399450.0
2016-06,Nova Scotia,Job vacancy rate,2.2
2016-06,New Brunswick,Job vacancies,8005.0
2016-06,New Brunswick,Payroll employees,298245.0
2016-06,New Brunswick,Job vacancy rate,2.6
2016-06,Quebec,Job vacancies,71030.0
2016-06,Quebec,Payroll employees,3392275.0
2016-06,Quebec,Job vacancy rate,2.1
2016-06,Ontario,Job vacancies,160480.0
2016-06,Ontario,Payroll employees,5941815.0
2016-06,Ontario,Job vacancy rate,2.6
2016-06,Manitoba,Job vacancies,10505.0
2016-06,Manitoba,Payroll employees,569715.0
2016-06,Manitoba,Job vacancy rate,1.8
2016-06,Saskatchewan,Job vacancies,9220.0
2016-06,Saskatchewan,Payroll employees,463235.0
2016-06,Saskatchewan,Job vacancy rate,2.0
2016-06,Alberta,Job vacancies,43280.0
2016-06,Alberta,Payroll employees,1920780.0
2016-06,Alberta,Job vacancy rate,2.2
2016-06,British Columbia,Job vacancies,73450.0
2016-06,British Columbia,Payroll employees,2052120.0
2016-06,British Columbia,Job vacancy rate,3.5
2016-06,Yukon,Job vacancies,
2016-06,Yukon,Payroll employees,17005.0
2016-06,Yukon,Job vacancy rate,
2016-06,Northwest Territories,Job vacancies,735.0
2016-06,Northwest Territories,Payroll employees,21290.0
2016-06,Northwest Territories,Job vacancy rate,3.3
2016-06,Nunavut,Job vacancies,355.0
2016-06,Nunavut,Payroll employees,10335.0
2016-06,Nunavut,Job vacancy rate,3.3
2016-07,Canada,Job vacancies,371465.0
2016-07,Canada,Payroll employees,15626065.0
2016-07,Canada,Job vacancy rate,2.3
2016-07,Newfoundland and Labrador,Job vacancies,4175.0
2016-07,Newfoundland and Labrador,Payroll employees,205595.0
2016-07,Newfoundland and Labrador,Job vacancy rate,2.0
2016-07,Prince Edward Island,Job vacancies,810.0
2016-07,Prince Edward Island,Payroll employees,64900.0
2016-07,Prince Edward Island,Job vacancy rate,1.2
2016-07,Nova Scotia,Job vacancies,7995.0
2016-07,Nova Scotia,Payroll employees,416205.0
2016-07,Nova Scotia,Job vacancy rate,1.9
2016-07,New Brunswick,Job vacancies,6500.0
2016-07,New Brunswick,Payroll employees,291370.0
2016-07,New Brunswick,Job vacancy rate,2.2
2016-07,Quebec,Job vacancies,63555.0
2016-07,Quebec,Payroll employees,3481345.0
2016-07,Quebec,Job vacancy rate,1.8
2016-07,Ontario,Job vacancies,152135.0
2016-07,Ontario,Payroll employees,6024940.0
2016-07,Ontario,Job vacancy rate,2.5
2016-07,Manitoba,Job vacancies,10785.0
2016-07,Manitoba,Payroll employees,579480.0
2016-07,Manitoba,Job vacancy rate,1.8
2016-07,Saskatchewan,Job vacancies,8915.0
2016-07,Saskatchewan,Payroll employees,471020.0
2016-07,Saskatchewan,Job vacancy rate,1.9
2016-07,Alberta,Job vacancies,41475.0
2016-07,Alberta,Payroll employees,1947375.0
2016-07,Alberta,Job vacancy rate,2.1
2016-07,British Columbia,Job vacancies,73795.0
2016-07,British Columbia,Payroll employees,2093560.0
2016-07,British Columbia,Job vacancy rate,3.4
2016-07,Yukon,Job vacancies,455.0
2016-07,Yukon,Payroll employees,17720.0
2016-07,Yukon,Job vacancy rate,2.5
2016-07,Northwest Territories,Job vacancies,440.0
2016-07,Northwest Territories,Payroll employees,22255.0
2016-07,Northwest Territories,Job vacancy rate,1.9
2016-07,Nunavut,Job vacancies,
2016-07,Nunavut,Payroll employees,10305.0
2016-07,Nunavut,Job vacancy rate,
2016-08,Canada,Job vacancies,402370.0
2016-08,Canada,Payroll employees,15376120.0
2016-08,Canada,Job vacancy rate,2.6
2016-08,Newfoundland and Labrador,Job vacancies,4620.0
2016-08,Newfoundland and Labrador,Payroll employees,220555.0
2016-08,Newfoundland and Labrador,Job vacancy rate,2.1
2016-08,Prince Edward Island,Job vacancies,1085.0
2016-08,Prince Edward Island,Payroll employees,61745.0
2016-08,Prince Edward Island,Job vacancy rate,1.7
2016-08,Nova Scotia,Job vacancies,9285.0
2016-08,Nova Scotia,Payroll employees,407995.0
2016-08,Nova Scotia,Job vacancy rate,2.2
2016-08,New Brunswick,Job vacancies,5920.0
2016-08,New Brunswick,Payroll employees,301105.0
2016-08,New Brunswick,Job vacancy rate,1.9
2016-08,Quebec,Job vacancies,61485.0
2016-08,Quebec,Payroll employees,3392620.0
2016-08,Quebec,Job vacancy rate,1.8
2016-08,Ontario,Job vacancies,175360.0
2016-08,Ontario,Payroll employees,5933940.0
2016-08,Ontario,Job vacancy rate,2.9
2016-08,Manitoba,Job vacancies,11300.0
2016-08,Manitoba,Payroll employees,584375.0
2016-08,Manitoba,Job vacancy rate,1.9
2016-08,Saskatchewan,Job vacancies,8890.0
2016-08,Saskatchewan,Payroll employees,451230.0
2016-08,Saskatchewan,Job vacancy rate,1.9
2016-08,Alberta,Job vacancies,44115.0
2016-08,Alberta,Payroll employees,1917405.0
2016-08,Alberta,Job vacancy rate,2.2
2016-08,British Columbia,Job vacancies,78680.0
2016-08,British Columbia,Payroll employees,2054755.0
2016-08,British Columbia,Job vacancy rate,3.7
2016-08,Yukon,Job vacancies,680.0
2016-08,Yukon,Payroll employees,17275.0
2016-08,Yukon,Job vacancy rate,3.8
2016-08,Northwest Territories,Job vacancies,620.0
2016-08,Northwest Territories,Payroll employees,22655.0
2016-08,Northwest Territories,Job vacancy rate,2.7
2016-08,Nunavut,Job vacancies,325.0
2016-08,Nunavut,Payroll employees,10450.0
2016-08,Nunavut,Job vacancy rate,3.0
2016-09,Canada,Job vacancies,419725.0
2016-09,Canada,Payroll employees,15179340.0
2016-09,Canada,Job vacancy rate,2.7
2016-09,Newfoundland and Labrador,Job vacancies,3505.0
2016-09,Newfoundland and Labrador,Payroll employees,195315.0
2016-09,Newfoundland and Labrador,Job vacancy rate,1.8
2016-09,Prince Edward Island,Job vacancies,1470.0
2016-09,Prince Edward Island,Payroll employees,63190.0
2016-09,Prince Edward Island,Job vacancy rate,2.3
2016-09,Nova Scotia,Job vacancies,10370.0
2016-09,Nova Scotia,Payroll employees,396355.0
2016-09,Nova Scotia,Job vacancy rate,2.5
2016-09,New Brunswick,Job vacancies,7225.0
2016-09,New Brunswick,Payroll employees,306320.0
2016-09,New Brunswick,Job vacancy rate,2.3
2016-09,Quebec,Job vacancies,70165.0
2016-09,Quebec,Payroll employees,3348390.0
2016-09,Quebec,Job vacancy rate,2.1
2016-09,Ontario,Job vacancies,180430.0
2016-09,Ontario,Payroll employees,5868025.0
2016-09,Ontario,Job vacancy rate,3.0
2016-09,Manitoba,Job vacancies,11910.0
2016-09,Manitoba,Payroll employees,553560.0
2016-09,Manitoba,Job vacancy rate,2.1
2016-09,Saskatchewan,Job vacancies,8770.0
2016-09,Saskatchewan,Payroll employees,450990.0
2016-09,Saskatchewan,Job vacancy rate,1.9
2016-09,Alberta,Job vacancies,46690.0
2016-09,Alberta,Payroll employees,1902990.0
2016-09,Alberta,Job vacancy rate,2.4
2016-09,British Columbia,Job vacancies,77595.0
2016-09,British Columbia,Payroll employees,2043910.0
2016-09,British Columbia,Job vacancy rate,3.7
2016-09,Yukon,Job vacancies,460.0
2016-09,Yukon,Payroll employees,17165.0
2016-09,Yukon,Job vacancy rate,2.6
2016-09,Northwest Territories,Job vacancies,725.0
2016-09,Northwest Territories,Payroll employees,22440.0
2016-09,Northwest Territories,Job vacancy rate,3.1
2016-09,Nunavut,Job vacancies,415.0
2016-09,Nunavut,Payroll employees,10690.0
2016-09,Nunavut,Job vacancy rate,3.7
2016-10,Canada,Job vacancies,394395.0
2016-10,Canada,Payroll employees,15559350.0
2016-10,Canada,Job vacancy rate,2.5
2016-10,Newfoundland and Labrador,Job vacancies,3370.0
2016-10,Newfoundland and Labrador,Payroll employees,202770.0
2016-10,Newfoundland and Labrador,Job vacancy rate,1.6
2016-10,Prince Edward Island,Job vacancies,1075.0
2016-10,Prince Edward Island,Payroll employees,63775.0
2016-10,Prince Edward Island,Job vacancy rate,1.7
2016-10,Nova Scotia,Job vacancies,8510.0
2016-10,Nova Scotia,Payroll employees,417215.0
2016-10,Nova Scotia,Job vacancy rate,2.0
2016-10,New Brunswick,Job vacancies,6710.0
2016-10,New Brunswick,Payroll employees,290295.0
2016-10,New Brunswick,Job vacancy rate,2.3
2016-10,Quebec,Job vacancies,67915.0
2016-10,Quebec,Payroll employees,3448555.0
2016-10,Quebec,Job vacancy rate,1.9
2016-10,Ontario,Job vacancies,165990.0
2016-10,Ontario,Payroll employees,6010290.0
2016-10,Ontario,Job vacancy rate,2.7
2016-10,Manitoba,Job vacancies,12205.0
2016-10,Manitoba,Payroll employees,578075.0
2016-10,Manitoba,Job vacancy rate,2.1
2016-10,Saskatchewan,Job vacancies,9615.0
2016-10,Saskatchewan,Payroll employees,461675.0
2016-10,Saskatchewan,Job vacancy rate,2.0
2016-10,Alberta,Job vacancies,44145.0
2016-10,Alberta,Payroll employees,1935720.0
2016-10,Alberta,Job vacancy rate,2.2
2016-10,British Columbia,Job vacancies,73565.0
2016-10,British Columbia,Payroll employees,2100300.0
2016-10,British Columbia,Job vacancy rate,3.4
2016-10,Yukon,Job vacancies,630.0
2016-10,Yukon,Payroll employees,17735.0
2016-10,Yukon,Job vacancy rate,3.4
2016-10,Northwest Territories,Job vacancies,370.0
2016-10,Northwest Territories,Payroll employees,22335.0
2016-10,Northwest Territories,Job vacancy rate,1.6
2016-10,Nunavut,Job vacancies,300.0
2016-10,Nunavut,Payroll employees,10610.0
2016-10,Nunavut,Job vacancy rate,2.7
2016-11,Canada,Job vacancies,380140.0
2016-11,Canada,Payroll employees,15552435.0
2016-11,Canada,Job vacancy rate,2.4
2016-11,Newfoundland and Labrador,Job vacancies,2850.0
2016-11,Newfoundland and Labrador,Payroll employees,215265.0
2016-11,Newfoundland and Labrador,Job vacancy rate,1.3
2016-11,Prince Edward Island,Job vacancies,960.0
2016-11,Prince Edward Island,Payroll employees,62260.0
2016-11,Prince Edward Island,Job vacancy rate,1.5
2016-11,Nova Scotia,Job vacancies,8855.0
2016-11,Nova Scotia,Payroll employees,405890.0
2016-11,Nova Scotia,Job vacancy rate,2.1
2016-11,New Brunswick,Job vacancies,5145.0
2016-11,New Brunswick,Payroll employees,286765.0
2016-11,New Brunswick,Job vacancy rate,1.8
2016-11,Quebec,Job vacancies,55870.0
2016-11,Quebec,Payroll employees,3446060.0
2016-11,Quebec,Job vacancy rate,1.6
2016-11,Ontario,Job vacancies,167890.0
2016-11,Ontario,Payroll employees,6024825.0
2016-11,Ontario,Job vacancy rate,2.7
2016-11,Manitoba,Job vacancies,12745.0
2016-11,Manitoba,Payroll employees,597815.0
2016-11,Manitoba,Job vacancy rate,2.1
2016-11,Saskatchewan,Job vacancies,7390.0
2016-11,Saskatchewan,Payroll employees,460655.0
2016-11,Saskatchewan,Job vacancy rate,1.6
2016-11,Alberta,Job vacancies,42820.0
2016-11,Alberta,Payroll employees,1918260.0
2016-11,Alberta,Job vacancy rate,2.2
2016-11,British Columbia,Job vacancies,74085.0
2016-11,British Columbia,Payroll employees,2085250.0
2016-11,British Columbia,Job vacancy rate,3.4
2016-11,Yukon,Job vacancies,595.0
2016-11,Yukon,Payroll employees,17030.0
2016-11,Yukon,Job vacancy rate,3.4
2016-11,Northwest Territories,Job vacancies,735.0
2016-11,Northwest Territories,Payroll employees,21780.0
2016-11,Northwest Territories,Job vacancy rate,3.3
2016-11,Nunavut,Job vacancies,200.0
2016-11,Nunavut,Payroll employees,10580.0
2016-11,Nunavut,Job vacancy rate,1.9
2016-12,Canada,Job vacancies,341000.0
2016-12,Canada,Payroll employees,15517705.0
2016-12,Canada,Job vacancy rate,2.2
2016-12,Newfoundland and Labrador,Job vacancies,2955.0
2016-12,Newfoundland and Labrador,Payroll employees,184655.0
2016-12,Newfoundland and Labrador,Job vacancy rate,1.6
2016-12,Prince Edward Island,Job vacancies,725.0
2016-12,Prince Edward Island,Payroll employees,59185.0
2016-12,Prince Edward Island,Job vacancy rate,1.2
2016-12,Nova Scotia,Job vacancies,6615.0
2016-12,Nova Scotia,Payroll employees,397330.0
2016-12,Nova Scotia,Job vacancy rate,1.6
2016-12,New Brunswick,Job vacancies,4805.0
2016-12,New Brunswick,Payroll employees,317475.0
2016-12,New Brunswick,Job vacancy rate,1.5
2016-12,Quebec,Job vacancies,62155.0
2016-12,Quebec,Payroll employees,3427600.0
2016-12,Quebec,Job vacancy rate,1.8
2016-12,Ontario,Job vacancies,142370.0
2016-12,Ontario,Payroll employees,6042795.0
2016-12,Ontario,Job vacancy rate,2.3
2016-12,Manitoba,Job vacancies,7550.0
2016-12,Manitoba,Payroll employees,569345.0
2016-12,Manitoba,Job vacancy rate,1.3
2016-12,Saskatchewan,Job vacancies,6920.0
2016-12,Saskatchewan,Payroll employees,468630.0
2016-12,Saskatchewan,Job vacancy rate,1.5
2016-12,Alberta,Job vacancies,39045.0
2016-12,Alberta,Payroll employees,1923820.0
2016-12,Alberta,Job vacancy rate,2.0
2016-12,British Columbia,Job vacancies,66785.0
2016-12,British Columbia,Payroll employees,2078155.0
2016-12,British Columbia,Job vacancy rate,3.1
2016-12,Yukon,Job vacancies,330.0
2016-12,Yukon,Payroll employees,16665.0
2016-12,Yukon,Job vacancy rate,1.9
2016-12,Northwest Territories,Job vacancies,570.0
2016-12,Northwest Territories,Payroll employees,21465.0
2016-12,Northwest Territories,Job vacancy rate,2.6
2016-12,Nunavut,Job vacancies,175.0
2016-12,Nunavut,Payroll employees,10580.0
2016-12,Nunavut,Job vacancy rate,1.6
2017-01,Canada,Job vacancies,346495.0
2017-01,Canada,Payroll employees,15629865.0
2017-01,Canada,Job vacancy rate,2.2
2017-01,Newfoundland and Labrador,Job vacancies,3120.0
2017-01,Newfoundland and Labrador,Payroll employees,185780.0
2017-01,Newfoundland and Labrador,Job vacancy rate,1.7
2017-01,Prince Edward Island,Job vacancies,960.0
2017-01,Prince Edward Island,Payroll employees,57525.0
2017-01,Prince Edward Island,Job vacancy rate,1.6
2017-01,Nova Scotia,Job vacancies,6335.0
2017-01,Nova Scotia,Payroll employees,414890.0
2017-01,Nova Scotia,Job vacancy rate,1.5
2017-01,New Brunswick,Job vacancies,5750.0
2017-01,New Brunswick,Payroll employees,280440.0
2017-01,New Brunswick,Job vacancy rate,2.0
2017-01,Quebec,Job vacancies,57545.0
2017-01,Quebec,Payroll employees,3437180.0
2017-01,Quebec,Job vacancy rate,1.6
2017-01,Ontario,Job vacancies,151645.0
2017-01,Ontario,Payroll employees,6102245.0
2017-01,Ontario,Job vacancy rate,2.4
2017-01,Manitoba,Job vacancies,9720.0
2017-01,Manitoba,Payroll employees,598385.0
2017-01,Manitoba,Job vacancy rate,1.6
2017-01,Saskatchewan,Job vacancies,7080.0
2017-01,Saskatchewan,Payroll employees,463740.0
2017-01,Saskatchewan,Job vacancy rate,1.5
2017-01,Alberta,Job vacancies,39545.0
2017-01,Alberta,Payroll employees,1930935.0
2017-01,Alberta,Job vacancy rate,2.0
2017-01,British Columbia,Job vacancies,63250.0
2017-01,British Columbia,Payroll employees,2110290.0
2017-01,British Columbia,Job vacancy rate,2.9
2017-01,Yukon,Job vacancies,395.0
2017-01,Yukon,Payroll employees,16160.0
2017-01,Yukon,Job vacancy rate,2.4
2017-01,Northwest Territories,Job vacancies,
2017-01,Northwest Territories,Payroll employees,21680.0
2017-01,Northwest Territories,Job vacancy rate,
2017-01,Nunavut,Job vacancies,200.0
2017-01,Nunavut,Payroll employees,10615.0
2017-01,Nunavut,Job vacancy rate,1.9
2017-02,Canada,Job vacancies,360685.0
2017-02,Canada,Payroll employees,15077045.0
2017-02,Canada,Job vacancy rate,2.3
2017-02,Newfoundland and Labrador,Job vacancies,2540.0
2017-02,Newfoundland and Labrador,Payroll employees,192200.0
2017-02,Newfoundland and Labrador,Job vacancy rate,1.3
2017-02,Prince Edward Island,Job vacancies,860.0
2017-02,Prince Edward Island,Payroll employees,54940.0
2017-02,Prince Edward Island,Job vacancy rate,1.5
2017-02,Nova Scotia,Job vacancies,6085.0
2017-02,Nova Scotia,Payroll employees,378635.0
2017-02,Nova Scotia,Job vacancy rate,1.6
2017-02,New Brunswick,Job vacancies,4620.0
2017-02,New Brunswick,Payroll employees,288525.0
2017-02,New Brunswick,Job vacancy rate,1.6
2017-02,Quebec,Job vacancies,61830.0
2017-02,Quebec,Payroll employees,3293455.0
2017-02,Quebec,Job vacancy rate,1.8
2017-02,Ontario,Job vacancies,158415.0
2017-02,Ontario,Payroll employees,5893130.0
2017-02,Ontario,Job vacancy rate,2.6
2017-02,Manitoba,Job vacancies,9120.0
2017-02,Manitoba,Payroll employees,558020.0
2017-02,Manitoba,Job vacancy rate,1.6
2017-02,Saskatchewan,Job vacancies,7180.0
2017-02,Saskatchewan,Payroll employees,444015.0
2017-02,Saskatchewan,Job vacancy rate,1.6
2017-02,Alberta,Job vacancies,45760.0
2017-02,Alberta,Payroll employees,1882985.0
2017-02,Alberta,Job vacancy rate,2.4
2017-02,British Columbia,Job vacancies,63260.0
2017-02,British Columbia,Payroll employees,2044720.0
2017-02,British Columbia,Job vacancy rate,3.0
2017-02,Yukon,Job vacancies,330.0
2017-02,Yukon,Payroll employees,15495.0
2017-02,Yukon,Job vacancy rate,2.1
2017-02,Northwest Territories,Job vacancies,495.0
2017-02,Northwest Territories,Payroll employees,20925.0
2017-02,Northwest Territories,Job vacancy rate,2.3
2017-02,Nunavut,Job vacancies,190.0
2017-02,Nunavut,Payroll employees,10005.0
2017-02,Nunavut,Job vacancy rate,1.9
2017-03,Canada,Job vacancies,438375.0
2017-03,Canada,Payroll employees,15152680.0
2017-03,Canada,Job vacancy rate,2.8
2017-03,Newfoundland and Labrador,Job vacancies,2925.0
2017-03,Newfoundland and Labrador,Payroll employees,173295.0
2017-03,Newfoundland and Labrador,Job vacancy rate,1.7
2017-03,Prince Edward Island,Job vacancies,1025.0
2017-03,Prince Edward Island,Payroll employees,54655.0
2017-03,Prince Edward Island,Job vacancy rate,1.8
2017-03,Nova Scotia,Job vacancies,8655.0
2017-03,Nova Scotia,Payroll employees,396990.0
2017-03,Nova Scotia,Job vacancy rate,2.1
2017-03,New Brunswick,Job vacancies,5560.0
2017-03,New Brunswick,Payroll employees,276925.0
2017-03,New Brunswick,Job vacancy rate,2.0
2017-03,Quebec,Job vacancies,75775.0
2017-03,Quebec,Payroll employees,3336700.0
2017-03,Quebec,Job vacancy rate,2.2
2017-03,Ontario,Job vacancies,194155.0
2017-03,Ontario,Payroll employees,5900330.0
2017-03,Ontario,Job vacancy rate,3.2
2017-03,Manitoba,Job vacancies,13570.0
2017-03,Manitoba,Payroll employees,554260.0
2017-03,Manitoba,Job vacancy rate,2.4
2017-03,Saskatchewan,Job vacancies,10210.0
2017-03,Saskatchewan,Payroll employees,447820.0
2017-03,Saskatchewan,Job vacancy rate,2.2
2017-03,Alberta,Job vacancies,45155.0
2017-03,Alberta,Payroll employees,1905015.0
2017-03,Alberta,Job vacancy rate,2.3
2017-03,British Columbia,Job vacancies,80005.0
2017-03,British Columbia,Payroll employees,2059155.0
2017-03,British Columbia,Job vacancy rate,3.7
2017-03,Yukon,Job vacancies,415.0
2017-03,Yukon,Payroll employees,15525.0
2017-03,Yukon,Job vacancy rate,2.6
2017-03,Northwest Territories,Job vacancies,465.0
2017-03,Northwest Territories,Payroll employees,21620.0
2017-03,Northwest Territories,Job vacancy rate,2.1
2017-03,Nunavut,Job vacancies,
2017-03,Nunavut,Payroll employees,10405.0
2017-03,Nunavut,Job vacancy rate,
2017-04,Canada,Job vacancies,466590.0
2017-04,Canada,Payroll employees,15185420.0
2017-04,Canada,Job vacancy rate,3.0
2017-04,Newfoundland and Labrador,Job vacancies,4340.0
2017-04,Newfoundland and Labrador,Payroll employees,175640.0
2017-04,Newfoundland and Labrador,Job vacancy rate,2.4
2017-04,Prince Edward Island,Job vacancies,2370.0
2017-04,Prince Edward Island,Payroll employees,55145.0
2017-04,Prince Edward Island,Job vacancy rate,4.1
2017-04,Nova Scotia,Job vacancies,10150.0
2017-04,Nova Scotia,Payroll employees,399855.0
2017-04,Nova Scotia,Job vacancy rate,2.5
2017-04,New Brunswick,Job vacancies,9895.0
2017-04,New Brunswick,Payroll employees,265780.0
2017-04,New Brunswick,Job vacancy rate,3.6
2017-04,Quebec,Job vacancies,83400.0
2017-04,Quebec,Payroll employees,3349585.0
2017-04,Quebec,Job vacancy rate,2.4
2017-04,Ontario,Job vacancies,185475.0
2017-04,Ontario,Payroll employees,5919565.0
2017-04,Ontario,Job vacancy rate,3.0
2017-04,Manitoba,Job vacancies,14110.0
2017-04,Manitoba,Payroll employees,582175.0
2017-04,Manitoba,Job vacancy rate,2.4
2017-04,Saskatchewan,Job vacancies,12040.0
2017-04,Saskatchewan,Payroll employees,445620.0
2017-04,Saskatchewan,Job vacancy rate,2.6
2017-04,Alberta,Job vacancies,49360.0
2017-04,Alberta,Payroll employees,1876035.0
2017-04,Alberta,Job vacancy rate,2.6
2017-04,British Columbia,Job vacancies,93515.0
2017-04,British Columbia,Payroll employees,2067600.0
2017-04,British Columbia,Job vacancy rate,4.3
2017-04,Yukon,Job vacancies,795.0
2017-04,Yukon,Payroll employees,15725.0
2017-04,Yukon,Job vacancy rate,4.8
2017-04,Northwest Territories,Job vacancies,890.0
2017-04,Northwest Territories,Payroll employees,21785.0
2017-04,Northwest Territories,Job vacancy rate,3.9
2017-04,Nunavut,Job vacancies,255.0
2017-04,Nunavut,Payroll employees,10905.0
2017-04,Nunavut,Job vacancy rate,2.3
2017-05,Canada,Job vacancies,466515.0
2017-05,Canada,Payroll employees,15283925.0
2017-05,Canada,Job vacancy rate,3.0
2017-05,Newfoundland and Labrador,Job vacancies,3375.0
2017-05,Newfoundland and Labrador,Payroll employees,186480.0
2017-05,Newfoundland and Labrador,Job vacancy rate,1.8
2017-05,Prince Edward Island,Job vacancies,1400.0
2017-05,Prince Edward Island,Payroll employees,57440.0
2017-05,Prince Edward Island,Job vacancy rate,2.4
2017-05,Nova Scotia,Job vacancies,10260.0
2017-05,Nova Scotia,Payroll employees,383885.0
2017-05,Nova Scotia,Job vacancy rate,2.6
2017-05,New Brunswick,Job vacancies,7170.0
2017-05,New Brunswick,Payroll employees,300885.0
2017-05,New Brunswick,Job vacancy rate,2.3
2017-05,Quebec,Job vacancies,82935.0
2017-05,Quebec,Payroll employees,3364370.0
2017-05,Quebec,Job vacancy rate,2.4
2017-05,Ontario,Job vacancies,195680.0
2017-05,Ontario,Payroll employees,5953505.0
2017-05,Ontario,Job vacancy rate,3.2
2017-05,Manitoba,Job vacancies,13375.0
2017-05,Manitoba,Payroll employees,564790.0
2017-05,Manitoba,Job vacancy rate,2.3
2017-05,Saskatchewan,Job vacancies,9895.0
2017-05,Saskatchewan,Payroll employees,446815.0
2017-05,Saskatchewan,Job vacancy rate,2.2
2017-05,Alberta,Job vacancies,56755.0
2017-05,Alberta,Payroll employees,1898590.0
2017-05,Alberta,Job vacancy rate,2.9
2017-05,British Columbia,Job vacancies,83845.0
2017-05,British Columbia,Payroll employees,2079075.0
2017-05,British Columbia,Job vacancy rate,3.9
2017-05,Yukon,Job vacancies,815.0
2017-05,Yukon,Payroll employees,15790.0
2017-05,Yukon,Job vacancy rate,4.9
2017-05,Northwest Territories,Job vacancies,620.0
2017-05,Northwest Territories,Payroll employees,21620.0
2017-05,Northwest Territories,Job vacancy rate,2.8
2017-05,Nunavut,Job vacancies,390.0
2017-05,Nunavut,Payroll employees,10680.0
2017-05,Nunavut,Job vacancy rate,3.5
2017-06,Canada,Job vacancies,438060.0
2017-06,Canada,Payroll employees,15600270.0
2017-06,Canada,Job vacancy rate,2.7
2017-06,Newfoundland and Labrador,Job vacancies,3805.0
2017-06,Newfoundland and Labrador,Payroll employees,185870.0
2017-06,Newfoundland and Labrador,Job vacancy rate,2.0
2017-06,Prince Edward Island,Job vacancies,2500.0
2017-06,Prince Edward Island,Payroll employees,64565.0
2017-06,Prince Edward Island,Job vacancy rate,3.7
2017-06,Nova Scotia,Job vacancies,9575.0
2017-06,Nova Scotia,Payroll employees,414455.0
2017-06,Nova Scotia,Job vacancy rate,2.3
2017-06,New Brunswick,Job vacancies,7685.0
2017-06,New Brunswick,Payroll employees,297405.0
2017-06,New Brunswick,Job vacancy rate,2.5
2017-06,Quebec,Job vacancies,84850.0
2017-06,Quebec,Payroll employees,3471740.0
2017-06,Quebec,Job vacancy rate,2.4
2017-06,Ontario,Job vacancies,171700.0
2017-06,Ontario,Payroll employees,6058545.0
2017-06,Ontario,Job vacancy rate,2.8
2017-06,Manitoba,Job vacancies,15055.0
2017-06,Manitoba,Payroll employees,574020.0
2017-06,Manitoba,Job vacancy rate,2.6
2017-06,Saskatchewan,Job vacancies,11450.0
2017-06,Saskatchewan,Payroll employees,459810.0
2017-06,Saskatchewan,Job vacancy rate,2.4
2017-06,Alberta,Job vacancies,49220.0
2017-06,Alberta,Payroll employees,1917800.0
2017-06,Alberta,Job vacancy rate,2.5
2017-06,British Columbia,Job vacancies,80970.0
2017-06,British Columbia,Payroll employees,2106490.0
2017-06,British Columbia,Job vacancy rate,3.7
2017-06,Yukon,Job vacancies,540.0
2017-06,Yukon,Payroll employees,16980.0
2017-06,Yukon,Job vacancy rate,3.1
2017-06,Northwest Territories,Job vacancies,485.0
2017-06,Northwest Territories,Payroll employees,21950.0
2017-06,Northwest Territories,Job vacancy rate,2.2
2017-06,Nunavut,Job vacancies,225.0
2017-06,Nunavut,Payroll employees,10650.0
2017-06,Nunavut,Job vacancy rate,2.0
2017-07,Canada,Job vacancies,434595.0
2017-07,Canada,Payroll employees,15953250.0
2017-07,Canada,Job vacancy rate,2.7
2017-07,Newfoundland and Labrador,Job vacancies,3025.0
2017-07,Newfoundland and Labrador,Payroll employees,191715.0
2017-07,Newfoundland and Labrador,Job vacancy rate,1.6
2017-07,Prince Edward Island,Job vacancies,1340.0
2017-07,Prince Edward Island,Payroll employees,68615.0
2017-07,Prince Edward Island,Job vacancy rate,1.9
2017-07,Nova Scotia,Job vacancies,7500.0
2017-07,Nova Scotia,Payroll employees,424605.0
2017-07,Nova Scotia,Job vacancy rate,1.7
2017-07,New Brunswick,Job vacancies,6890.0
2017-07,New Brunswick,Payroll employees,307335.0
2017-07,New Brunswick,Job vacancy rate,2.2
2017-07,Quebec,Job vacancies,78735.0
2017-07,Quebec,Payroll employees,3545860.0
2017-07,Quebec,Job vacancy rate,2.2
2017-07,Ontario,Job vacancies,174870.0
2017-07,Ontario,Payroll employees,6166815.0
2017-07,Ontario,Job vacancy rate,2.8
2017-07,Manitoba,Job vacancies,12325.0
2017-07,Manitoba,Payroll employees,608045.0
2017-07,Manitoba,Job vacancy rate,2.0
2017-07,Saskatchewan,Job vacancies,9165.0
2017-07,Saskatchewan,Payroll employees,469790.0
2017-07,Saskatchewan,Job vacancy rate,1.9
2017-07,Alberta,Job vacancies,47530.0
2017-07,Alberta,Payroll employees,1959200.0
2017-07,Alberta,Job vacancy rate,2.4
2017-07,British Columbia,Job vacancies,91495.0
2017-07,British Columbia,Payroll employees,2159205.0
2017-07,British Columbia,Job vacancy rate,4.1
2017-07,Yukon,Job vacancies,610.0
2017-07,Yukon,Payroll employees,18385.0
2017-07,Yukon,Job vacancy rate,3.2
2017-07,Northwest Territories,Job vacancies,880.0
2017-07,Northwest Territories,Payroll employees,22890.0
2017-07,Northwest Territories,Job vacancy rate,3.7
2017-07,Nunavut,Job vacancies,235.0
2017-07,Nunavut,Payroll employees,10790.0
2017-07,Nunavut,Job vacancy rate,2.2
2017-08,Canada,Job vacancies,447225.0
2017-08,Canada,Payroll employees,15688615.0
2017-08,Canada,Job vacancy rate,2.8
2017-08,Newfoundland and Labrador,Job vacancies,3450.0
2017-08,Newfoundland and Labrador,Payroll employees,193125.0
2017-08,Newfoundland and Labrador,Job vacancy rate,1.8
2017-08,Prince Edward Island,Job vacancies,1850.0
2017-08,Prince Edward Island,Payroll employees,65395.0
2017-08,Prince Edward Island,Job vacancy rate,2.8
2017-08,Nova Scotia,Job vacancies,13880.0
2017-08,Nova Scotia,Payroll employees,427785.0
2017-08,Nova Scotia,Job vacancy rate,3.1
2017-08,New Brunswick,Job vacancies,7250.0
2017-08,New Brunswick,Payroll employees,311770.0
2017-08,New Brunswick,Job vacancy rate,2.3
2017-08,Quebec,Job vacancies,86595.0
2017-08,Quebec,Payroll employees,3477005.0
2017-08,Quebec,Job vacancy rate,2.4
2017-08,Ontario,Job vacancies,172745.0
2017-08,Ontario,Payroll employees,6060305.0
2017-08,Ontario,Job vacancy rate,2.8
2017-08,Manitoba,Job vacancies,11205.0
2017-08,Manitoba,Payroll employees,582760.0
2017-08,Manitoba,Job vacancy rate,1.9
2017-08,Saskatchewan,Job vacancies,9345.0
2017-08,Saskatchewan,Payroll employees,447835.0
2017-08,Saskatchewan,Job vacancy rate,2.0
2017-08,Alberta,Job vacancies,56570.0
2017-08,Alberta,Payroll employees,1958175.0
2017-08,Alberta,Job vacancy rate,2.8
2017-08,British Columbia,Job vacancies,82615.0
2017-08,British Columbia,Payroll employees,2113350.0
2017-08,British Columbia,Job vacancy rate,3.8
2017-08,Yukon,Job vacancies,725.0
2017-08,Yukon,Payroll employees,17555.0
2017-08,Yukon,Job vacancy rate,4.0
2017-08,Northwest Territories,Job vacancies,455.0
2017-08,Northwest Territories,Payroll employees,23045.0
2017-08,Northwest Territories,Job vacancy rate,1.9
2017-08,Nunavut,Job vacancies,550.0
2017-08,Nunavut,Payroll employees,10505.0
2017-08,Nunavut,Job vacancy rate,5.0
2017-09,Canada,Job vacancies,518780.0
2017-09,Canada,Payroll employees,15547140.0
2017-09,Canada,Job vacancy rate,3.2
2017-09,Newfoundland and Labrador,Job vacancies,3545.0
2017-09,Newfoundland and Labrador,Payroll employees,195560.0
2017-09,Newfoundland and Labrador,Job vacancy rate,1.8
2017-09,Prince Edward Island,Job vacancies,2415.0
2017-09,Prince Edward Island,Payroll employees,64955.0
2017-09,Prince Edward Island,Job vacancy rate,3.6
2017-09,Nova Scotia,Job vacancies,9210.0
2017-09,Nova Scotia,Payroll employees,414255.0
2017-09,Nova Scotia,Job vacancy rate,2.2
2017-09,New Brunswick,Job vacancies,8295.0
2017-09,New Brunswick,Payroll employees,317025.0
2017-09,New Brunswick,Job vacancy rate,2.5
2017-09,Quebec,Job vacancies,96525.0
2017-09,Quebec,Payroll employees,3453885.0
2017-09,Quebec,Job vacancy rate,2.7
2017-09,Ontario,Job vacancies,208695.0
2017-09,Ontario,Payroll employees,6005850.0
2017-09,Ontario,Job vacancy rate,3.4
2017-09,Manitoba,Job vacancies,16935.0
2017-09,Manitoba,Payroll employees,562835.0
2017-09,Manitoba,Job vacancy rate,2.9
2017-09,Saskatchewan,Job vacancies,10800.0
2017-09,Saskatchewan,Payroll employees,449210.0
2017-09,Saskatchewan,Job vacancy rate,2.3
2017-09,Alberta,Job vacancies,57130.0
2017-09,Alberta,Payroll employees,1916620.0
2017-09,Alberta,Job vacancy rate,2.9
2017-09,British Columbia,Job vacancies,103510.0
2017-09,British Columbia,Payroll employees,2113475.0
2017-09,British Columbia,Job vacancy rate,4.7
2017-09,Yukon,Job vacancies,810.0
2017-09,Yukon,Payroll employees,18865.0
2017-09,Yukon,Job vacancy rate,4.1
2017-09,Northwest Territories,Job vacancies,550.0
2017-09,Northwest Territories,Payroll employees,23110.0
2017-09,Northwest Territories,Job vacancy rate,2.3
2017-09,Nunavut,Job vacancies,
2017-09,Nunavut,Payroll employees,11490.0
2017-09,Nunavut,Job vacancy rate,
2017-10,Canada,Job vacancies,484955.0
2017-10,Canada,Payroll employees,15900245.0
2017-10,Canada,Job vacancy rate,3.0
2017-10,Newfoundland and Labrador,Job vacancies,3005.0
2017-10,Newfoundland and Labrador,Payroll employees,194930.0
2017-10,Newfoundland and Labrador,Job vacancy rate,1.5
2017-10,Prince Edward Island,Job vacancies,1585.0
2017-10,Prince Edward Island,Payroll employees,65840.0
2017-10,Prince Edward Island,Job vacancy rate,2.4
2017-10,Nova Scotia,Job vacancies,9495.0
2017-10,Nova Scotia,Payroll employees,404620.0
2017-10,Nova Scotia,Job vacancy rate,2.3
2017-10,New Brunswick,Job vacancies,7010.0
2017-10,New Brunswick,Payroll employees,303655.0
2017-10,New Brunswick,Job vacancy rate,2.3
2017-10,Quebec,Job vacancies,93380.0
2017-10,Quebec,Payroll employees,3530480.0
2017-10,Quebec,Job vacancy rate,2.6
2017-10,Ontario,Job vacancies,202400.0
2017-10,Ontario,Payroll employees,6148520.0
2017-10,Ontario,Job vacancy rate,3.2
2017-10,Manitoba,Job vacancies,12150.0
2017-10,Manitoba,Payroll employees,607415.0
2017-10,Manitoba,Job vacancy rate,2.0
2017-10,Saskatchewan,Job vacancies,9735.0
2017-10,Saskatchewan,Payroll employees,469105.0
2017-10,Saskatchewan,Job vacancy rate,2.0
2017-10,Alberta,Job vacancies,51135.0
2017-10,Alberta,Payroll employees,1956335.0
2017-10,Alberta,Job vacancy rate,2.5
2017-10,British Columbia,Job vacancies,93480.0
2017-10,British Columbia,Payroll employees,2165995.0
2017-10,British Columbia,Job vacancy rate,4.1
2017-10,Yukon,Job vacancies,645.0
2017-10,Yukon,Payroll employees,18360.0
2017-10,Yukon,Job vacancy rate,3.4
2017-10,Northwest Territories,Job vacancies,680.0
2017-10,Northwest Territories,Payroll employees,22765.0
2017-10,Northwest Territories,Job vacancy rate,2.9
2017-10,Nunavut,Job vacancies,250.0
2017-10,Nunavut,Payroll employees,12230.0
2017-10,Nunavut,Job vacancy rate,2.0
2017-11,Canada,Job vacancies,493215.0
2017-11,Canada,Payroll employees,15872120.0
2017-11,Canada,Job vacancy rate,3.0
2017-11,Newfoundland and Labrador,Job vacancies,4205.0
2017-11,Newfoundland and Labrador,Payroll employees,206420.0
2017-11,Newfoundland and Labrador,Job vacancy rate,2.0
2017-11,Prince Edward Island,Job vacancies,910.0
2017-11,Prince Edward Island,Payroll employees,64990.0
2017-11,Prince Edward Island,Job vacancy rate,1.4
2017-11,Nova Scotia,Job vacancies,9880.0
2017-11,Nova Scotia,Payroll employees,408735.0
2017-11,Nova Scotia,Job vacancy rate,2.4
2017-11,New Brunswick,Job vacancies,6360.0
2017-11,New Brunswick,Payroll employees,302580.0
2017-11,New Brunswick,Job vacancy rate,2.1
2017-11,Quebec,Job vacancies,104575.0
2017-11,Quebec,Payroll employees,3507060.0
2017-11,Quebec,Job vacancy rate,2.9
2017-11,Ontario,Job vacancies,199765.0
2017-11,Ontario,Payroll employees,6152225.0
2017-11,Ontario,Job vacancy rate,3.1
2017-11,Manitoba,Job vacancies,11800.0
2017-11,Manitoba,Payroll employees,589930.0
2017-11,Manitoba,Job vacancy rate,2.0
2017-11,Saskatchewan,Job vacancies,8755.0
2017-11,Saskatchewan,Payroll employees,459775.0
2017-11,Saskatchewan,Job vacancy rate,1.9
2017-11,Alberta,Job vacancies,61450.0
2017-11,Alberta,Payroll employees,1977190.0
2017-11,Alberta,Job vacancy rate,3.0
2017-11,British Columbia,Job vacancies,84775.0
2017-11,British Columbia,Payroll employees,2151205.0
2017-11,British Columbia,Job vacancy rate,3.8
2017-11,Yukon,Job vacancies,210.0
2017-11,Yukon,Payroll employees,17570.0
2017-11,Yukon,Job vacancy rate,1.2
2017-11,Northwest Territories,Job vacancies,335.0
2017-11,Northwest Territories,Payroll employees,22440.0
2017-11,Northwest Territories,Job vacancy rate,1.5
2017-11,Nunavut,Job vacancies,195.0
2017-11,Nunavut,Payroll employees,12005.0
2017-11,Nunavut,Job vacancy rate,1.6
2017-12,Canada,Job vacancies,417505.0
2017-12,Canada,Payroll employees,15831585.0
2017-12,Canada,Job vacancy rate,2.6
2017-12,Newfoundland and Labrador,Job vacancies,2385.0
2017-12,Newfoundland and Labrador,Payroll employees,206810.0
2017-12,Newfoundland and Labrador,Job vacancy rate,1.1
2017-12,Prince Edward Island,Job vacancies,1160.0
2017-12,Prince Edward Island,Payroll employees,60585.0
2017-12,Prince Edward Island,Job vacancy rate,1.9
2017-12,Nova Scotia,Job vacancies,8425.0
2017-12,Nova Scotia,Payroll employees,399610.0
2017-12,Nova Scotia,Job vacancy rate,2.1
2017-12,New Brunswick,Job vacancies,5815.0
2017-12,New Brunswick,Payroll employees,286440.0
2017-12,New Brunswick,Job vacancy rate,2.0
2017-12,Quebec,Job vacancies,81845.0
2017-12,Quebec,Payroll employees,3552200.0
2017-12,Quebec,Job vacancy rate,2.3
2017-12,Ontario,Job vacancies,165200.0
2017-12,Ontario,Payroll employees,6157845.0
2017-12,Ontario,Job vacancy rate,2.6
2017-12,Manitoba,Job vacancies,14250.0
2017-12,Manitoba,Payroll employees,579210.0
2017-12,Manitoba,Job vacancy rate,2.4
2017-12,Saskatchewan,Job vacancies,8570.0
2017-12,Saskatchewan,Payroll employees,458160.0
2017-12,Saskatchewan,Job vacancy rate,1.8
2017-12,Alberta,Job vacancies,43675.0
2017-12,Alberta,Payroll employees,1943080.0
2017-12,Alberta,Job vacancy rate,2.2
2017-12,British Columbia,Job vacancies,84655.0
2017-12,British Columbia,Payroll employees,2136845.0
2017-12,British Columbia,Job vacancy rate,3.8
2017-12,Yukon,Job vacancies,570.0
2017-12,Yukon,Payroll employees,17015.0
2017-12,Yukon,Job vacancy rate,3.2
2017-12,Northwest Territories,Job vacancies,585.0
2017-12,Northwest Territories,Payroll employees,22005.0
2017-12,Northwest Territories,Job vacancy rate,2.6
2017-12,Nunavut,Job vacancies,370.0
2017-12,Nunavut,Payroll employees,11780.0
2017-12,Nunavut,Job vacancy rate,3.0
2018-01,Canada,Job vacancies,421415.0
2018-01,Canada,Payroll employees,15913190.0
2018-01,Canada,Job vacancy rate,2.6
2018-01,Newfoundland and Labrador,Job vacancies,2125.0
2018-01,Newfoundland and Labrador,Payroll employees,179600.0
2018-01,Newfoundland and Labrador,Job vacancy rate,1.2
2018-01,Prince Edward Island,Job vacancies,875.0
2018-01,Prince Edward Island,Payroll employees,59095.0
2018-01,Prince Edward Island,Job vacancy rate,1.5
2018-01,Nova Scotia,Job vacancies,7165.0
2018-01,Nova Scotia,Payroll employees,415640.0
2018-01,Nova Scotia,Job vacancy rate,1.7
2018-01,New Brunswick,Job vacancies,6565.0
2018-01,New Brunswick,Payroll employees,281615.0
2018-01,New Brunswick,Job vacancy rate,2.3
2018-01,Quebec,Job vacancies,84385.0
2018-01,Quebec,Payroll employees,3508760.0
2018-01,Quebec,Job vacancy rate,2.3
2018-01,Ontario,Job vacancies,161480.0
2018-01,Ontario,Payroll employees,6205945.0
2018-01,Ontario,Job vacancy rate,2.5
2018-01,Manitoba,Job vacancies,10470.0
2018-01,Manitoba,Payroll employees,608030.0
2018-01,Manitoba,Job vacancy rate,1.7
2018-01,Saskatchewan,Job vacancies,9705.0
2018-01,Saskatchewan,Payroll employees,462025.0
2018-01,Saskatchewan,Job vacancy rate,2.1
2018-01,Alberta,Job vacancies,47270.0
2018-01,Alberta,Payroll employees,1961900.0
2018-01,Alberta,Job vacancy rate,2.4
2018-01,British Columbia,Job vacancies,88935.0
2018-01,British Columbia,Payroll employees,2179905.0
2018-01,British Columbia,Job vacancy rate,3.9
2018-01,Yukon,Job vacancies,980.0
2018-01,Yukon,Payroll employees,17030.0
2018-01,Yukon,Job vacancy rate,5.4
2018-01,Northwest Territories,Job vacancies,1220.0
2018-01,Northwest Territories,Payroll employees,21980.0
2018-01,Northwest Territories,Job vacancy rate,5.3
2018-01,Nunavut,Job vacancies,235.0
2018-01,Nunavut,Payroll employees,11665.0
2018-01,Nunavut,Job vacancy rate,2.0
2018-02,Canada,Job vacancies,439290.0
2018-02,Canada,Payroll employees,15385095.0
2018-02,Canada,Job vacancy rate,2.8
2018-02,Newfoundland and Labrador,Job vacancies,3545.0
2018-02,Newfoundland and Labrador,Payroll employees,176560.0
2018-02,Newfoundland and Labrador,Job vacancy rate,2.0
2018-02,Prince Edward Island,Job vacancies,670.0
2018-02,Prince Edward Island,Payroll employees,56000.0
2018-02,Prince Edward Island,Job vacancy rate,1.2
2018-02,Nova Scotia,Job vacancies,9980.0
2018-02,Nova Scotia,Payroll employees,399835.0
2018-02,Nova Scotia,Job vacancy rate,2.4
2018-02,New Brunswick,Job vacancies,6585.0
2018-02,New Brunswick,Payroll employees,285385.0
2018-02,New Brunswick,Job vacancy rate,2.3
2018-02,Quebec,Job vacancies,87125.0
2018-02,Quebec,Payroll employees,3373465.0
2018-02,Quebec,Job vacancy rate,2.5
2018-02,Ontario,Job vacancies,170870.0
2018-02,Ontario,Payroll employees,6011715.0
2018-02,Ontario,Job vacancy rate,2.8
2018-02,Manitoba,Job vacancies,8970.0
2018-02,Manitoba,Payroll employees,564530.0
2018-02,Manitoba,Job vacancy rate,1.6
2018-02,Saskatchewan,Job vacancies,7855.0
2018-02,Saskatchewan,Payroll employees,439660.0
2018-02,Saskatchewan,Job vacancy rate,1.8
2018-02,Alberta,Job vacancies,51015.0
2018-02,Alberta,Payroll employees,1923320.0
2018-02,Alberta,Job vacancy rate,2.6
2018-02,British Columbia,Job vacancies,91270.0
2018-02,British Columbia,Payroll employees,2106605.0
2018-02,British Columbia,Job vacancy rate,4.2
2018-02,Yukon,Job vacancies,425.0
2018-02,Yukon,Payroll employees,15680.0
2018-02,Yukon,Job vacancy rate,2.7
2018-02,Northwest Territories,Job vacancies,650.0
2018-02,Northwest Territories,Payroll employees,21285.0
2018-02,Northwest Territories,Job vacancy rate,3.0
2018-02,Nunavut,Job vacancies,325.0
2018-02,Nunavut,Payroll employees,11060.0
2018-02,Nunavut,Job vacancy rate,2.9
2018-03,Canada,Job vacancies,504255.0
2018-03,Canada,Payroll employees,15441940.0
2018-03,Canada,Job vacancy rate,3.2
2018-03,Newfoundland and Labrador,Job vacancies,2645.0
2018-03,Newfoundland and Labrador,Payroll employees,185030.0
2018-03,Newfoundland and Labrador,Job vacancy rate,1.4
2018-03,Prince Edward Island,Job vacancies,1580.0
2018-03,Prince Edward Island,Payroll employees,55735.0
2018-03,Prince Edward Island,Job vacancy rate,2.8
2018-03,Nova Scotia,Job vacancies,9305.0
2018-03,Nova Scotia,Payroll employees,391575.0
2018-03,Nova Scotia,Job vacancy rate,2.3
2018-03,New Brunswick,Job vacancies,7640.0
2018-03,New Brunswick,Payroll employees,261945.0
2018-03,New Brunswick,Job vacancy rate,2.8
2018-03,Quebec,Job vacancies,109030.0
2018-03,Quebec,Payroll employees,3431940.0
2018-03,Quebec,Job vacancy rate,3.1
2018-03,Ontario,Job vacancies,200175.0
2018-03,Ontario,Payroll employees,6006210.0
2018-03,Ontario,Job vacancy rate,3.2
2018-03,Manitoba,Job vacancies,17145.0
2018-03,Manitoba,Payroll employees,568025.0
2018-03,Manitoba,Job vacancy rate,2.9
2018-03,Saskatchewan,Job vacancies,9570.0
2018-03,Saskatchewan,Payroll employees,443710.0
2018-03,Saskatchewan,Job vacancy rate,2.1
2018-03,Alberta,Job vacancies,51545.0
2018-03,Alberta,Payroll employees,1927410.0
2018-03,Alberta,Job vacancy rate,2.6
2018-03,British Columbia,Job vacancies,94145.0
2018-03,British Columbia,Payroll employees,2121600.0
2018-03,British Columbia,Job vacancy rate,4.2
2018-03,Yukon,Job vacancies,565.0
2018-03,Yukon,Payroll employees,15880.0
2018-03,Yukon,Job vacancy rate,3.4
2018-03,Northwest Territories,Job vacancies,575.0
2018-03,Northwest Territories,Payroll employees,21660.0
2018-03,Northwest Territories,Job vacancy rate,2.6
2018-03,Nunavut,Job vacancies,335.0
2018-03,Nunavut,Payroll employees,11215.0
2018-03,Nunavut,Job vacancy rate,2.9
2018-04,Canada,Job vacancies,544450.0
2018-04,Canada,Payroll employees,15538380.0
2018-04,Canada,Job vacancy rate,3.4
2018-04,Newfoundland and Labrador,Job vacancies,3205.0
2018-04,Newfoundland and Labrador,Payroll employees,169590.0
2018-04,Newfoundland and Labrador,Job vacancy rate,1.9
2018-04,Prince Edward Island,Job vacancies,2560.0
2018-04,Prince Edward Island,Payroll employees,56000.0
2018-04,Prince Edward Island,Job vacancy rate,4.4
2018-04,Nova Scotia,Job vacancies,9825.0
2018-04,Nova Scotia,Payroll employees,393050.0
2018-04,Nova Scotia,Job vacancy rate,2.4
2018-04,New Brunswick,Job vacancies,8775.0
2018-04,New Brunswick,Payroll employees,279545.0
2018-04,New Brunswick,Job vacancy rate,3.0
2018-04,Quebec,Job vacancies,115505.0
2018-04,Quebec,Payroll employees,3451005.0
2018-04,Quebec,Job vacancy rate,3.2
2018-04,Ontario,Job vacancies,206410.0
2018-04,Ontario,Payroll employees,6046230.0
2018-04,Ontario,Job vacancy rate,3.3
2018-04,Manitoba,Job vacancies,13645.0
2018-04,Manitoba,Payroll employees,583540.0
2018-04,Manitoba,Job vacancy rate,2.3
2018-04,Saskatchewan,Job vacancies,10605.0
2018-04,Saskatchewan,Payroll employees,448290.0
2018-04,Saskatchewan,Job vacancy rate,2.3
2018-04,Alberta,Job vacancies,65250.0
2018-04,Alberta,Payroll employees,1918380.0
2018-04,Alberta,Job vacancy rate,3.3
2018-04,British Columbia,Job vacancies,106890.0
2018-04,British Columbia,Payroll employees,2143400.0
2018-04,British Columbia,Job vacancy rate,4.8
2018-04,Yukon,Job vacancies,720.0
2018-04,Yukon,Payroll employees,16130.0
2018-04,Yukon,Job vacancy rate,4.3
2018-04,Northwest Territories,Job vacancies,830.0
2018-04,Northwest Territories,Payroll employees,21925.0
2018-04,Northwest Territories,Job vacancy rate,3.7
2018-04,Nunavut,Job vacancies,235.0
2018-04,Nunavut,Payroll employees,11300.0
2018-04,Nunavut,Job vacancy rate,2.0
2018-05,Canada,Job vacancies,546210.0
2018-05,Canada,Payroll employees,15616920.0
2018-05,Canada,Job vacancy rate,3.4
2018-05,Newfoundland and Labrador,Job vacancies,5890.0
2018-05,Newfoundland and Labrador,Payroll employees,178470.0
2018-05,Newfoundland and Labrador,Job vacancy rate,3.2
2018-05,Prince Edward Island,Job vacancies,2400.0
2018-05,Prince Edward Island,Payroll employees,57910.0
2018-05,Prince Edward Island,Job vacancy rate,4.0
2018-05,Nova Scotia,Job vacancies,11565.0
2018-05,Nova Scotia,Payroll employees,387660.0
2018-05,Nova Scotia,Job vacancy rate,2.9
2018-05,New Brunswick,Job vacancies,11055.0
2018-05,New Brunswick,Payroll employees,304805.0
2018-05,New Brunswick,Job vacancy rate,3.5
2018-05,Quebec,Job vacancies,118935.0
2018-05,Quebec,Payroll employees,3459655.0
2018-05,Quebec,Job vacancy rate,3.3
2018-05,Ontario,Job vacancies,205390.0
2018-05,Ontario,Payroll employees,6073195.0
2018-05,Ontario,Job vacancy rate,3.3
2018-05,Manitoba,Job vacancies,14335.0
2018-05,Manitoba,Payroll employees,572020.0
2018-05,Manitoba,Job vacancy rate,2.4
2018-05,Saskatchewan,Job vacancies,11540.0
2018-05,Saskatchewan,Payroll employees,446565.0
2018-05,Saskatchewan,Job vacancy rate,2.5
2018-05,Alberta,Job vacancies,62135.0
2018-05,Alberta,Payroll employees,1933615.0
2018-05,Alberta,Job vacancy rate,3.1
2018-05,British Columbia,Job vacancies,101045.0
2018-05,British Columbia,Payroll employees,2154045.0
2018-05,British Columbia,Job vacancy rate,4.5
2018-05,Yukon,Job vacancies,745.0
2018-05,Yukon,Payroll employees,16055.0
2018-05,Yukon,Job vacancy rate,4.4
2018-05,Northwest Territories,Job vacancies,670.0
2018-05,Northwest Territories,Payroll employees,21695.0
2018-05,Northwest Territories,Job vacancy rate,3.0
2018-05,Nunavut,Job vacancies,495.0
2018-05,Nunavut,Payroll employees,11230.0
2018-05,Nunavut,Job vacancy rate,4.2
2018-06,Canada,Job vacancies,538105.0
2018-06,Canada,Payroll employees,15968800.0
2018-06,Canada,Job vacancy rate,3.3
2018-06,Newfoundland and Labrador,Job vacancies,4145.0
2018-06,Newfoundland and Labrador,Payroll employees,199400.0
2018-06,Newfoundland and Labrador,Job vacancy rate,2.0
2018-06,Prince Edward Island,Job vacancies,
2018-06,Prince Edward Island,Payroll employees,64470.0
2018-06,Prince Edward Island,Job vacancy rate,
2018-06,Nova Scotia,Job vacancies,12935.0
2018-06,Nova Scotia,Payroll employees,411105.0
2018-06,Nova Scotia,Job vacancy rate,3.0
2018-06,New Brunswick,Job vacancies,9190.0
2018-06,New Brunswick,Payroll employees,281135.0
2018-06,New Brunswick,Job vacancy rate,3.2
2018-06,Quebec,Job vacancies,114115.0
2018-06,Quebec,Payroll employees,3557160.0
2018-06,Quebec,Job vacancy rate,3.1
2018-06,Ontario,Job vacancies,204615.0
2018-06,Ontario,Payroll employees,6199495.0
2018-06,Ontario,Job vacancy rate,3.2
2018-06,Manitoba,Job vacancies,17790.0
2018-06,Manitoba,Payroll employees,583930.0
2018-06,Manitoba,Job vacancy rate,3.0
2018-06,Saskatchewan,Job vacancies,10850.0
2018-06,Saskatchewan,Payroll employees,458905.0
2018-06,Saskatchewan,Job vacancy rate,2.3
2018-06,Alberta,Job vacancies,53130.0
2018-06,Alberta,Payroll employees,1978720.0
2018-06,Alberta,Job vacancy rate,2.6
2018-06,British Columbia,Job vacancies,106010.0
2018-06,British Columbia,Payroll employees,2183730.0
2018-06,British Columbia,Job vacancy rate,4.6
2018-06,Yukon,Job vacancies,1025.0
2018-06,Yukon,Payroll employees,17245.0
2018-06,Yukon,Job vacancy rate,5.6
2018-06,Northwest Territories,Job vacancies,660.0
2018-06,Northwest Territories,Payroll employees,22115.0
2018-06,Northwest Territories,Job vacancy rate,2.9
2018-06,Nunavut,Job vacancies,
2018-06,Nunavut,Payroll employees,11400.0
2018-06,Nunavut,Job vacancy rate,
2018-07,Canada,Job vacancies,532090.0
2018-07,Canada,Payroll employees,16262910.0
2018-07,Canada,Job vacancy rate,3.2
2018-07,Newfoundland and Labrador,Job vacancies,3420.0
2018-07,Newfoundland and Labrador,Payroll employees,189195.0
2018-07,Newfoundland and Labrador,Job vacancy rate,1.8
2018-07,Prince Edward Island,Job vacancies,2155.0
2018-07,Prince Edward Island,Payroll employees,68070.0
2018-07,Prince Edward Island,Job vacancy rate,3.1
2018-07,Nova Scotia,Job vacancies,9055.0
2018-07,Nova Scotia,Payroll employees,431670.0
2018-07,Nova Scotia,Job vacancy rate,2.1
2018-07,New Brunswick,Job vacancies,9625.0
2018-07,New Brunswick,Payroll employees,299055.0
2018-07,New Brunswick,Job vacancy rate,3.1
2018-07,Quebec,Job vacancies,118775.0
2018-07,Quebec,Payroll employees,3640790.0
2018-07,Quebec,Job vacancy rate,3.2
2018-07,Ontario,Job vacancies,201085.0
2018-07,Ontario,Payroll employees,6287050.0
2018-07,Ontario,Job vacancy rate,3.1
2018-07,Manitoba,Job vacancies,13345.0
2018-07,Manitoba,Payroll employees,621435.0
2018-07,Manitoba,Job vacancy rate,2.1
2018-07,Saskatchewan,Job vacancies,9190.0
2018-07,Saskatchewan,Payroll employees,471095.0
2018-07,Saskatchewan,Job vacancy rate,1.9
2018-07,Alberta,Job vacancies,55120.0
2018-07,Alberta,Payroll employees,1979430.0
2018-07,Alberta,Job vacancy rate,2.7
2018-07,British Columbia,Job vacancies,108335.0
2018-07,British Columbia,Payroll employees,2222315.0
2018-07,British Columbia,Job vacancy rate,4.6
2018-07,Yukon,Job vacancies,855.0
2018-07,Yukon,Payroll employees,18445.0
2018-07,Yukon,Job vacancy rate,4.4
2018-07,Northwest Territories,Job vacancies,
2018-07,Northwest Territories,Payroll employees,22720.0
2018-07,Northwest Territories,Job vacancy rate,
2018-07,Nunavut,Job vacancies,
2018-07,Nunavut,Payroll employees,11650.0
2018-07,Nunavut,Job vacancy rate,
2018-08,Canada,Job vacancies,523525.0
2018-08,Canada,Payroll employees,15969310.0
2018-08,Canada,Job vacancy rate,3.2
2018-08,Newfoundland and Labrador,Job vacancies,4770.0
2018-08,Newfoundland and Labrador,Payroll employees,201165.0
2018-08,Newfoundland and Labrador,Job vacancy rate,2.3
2018-08,Prince Edward Island,Job vacancies,2100.0
2018-08,Prince Edward Island,Payroll employees,65465.0
2018-08,Prince Edward Island,Job vacancy rate,3.1
2018-08,Nova Scotia,Job vacancies,10535.0
2018-08,Nova Scotia,Payroll employees,416480.0
2018-08,Nova Scotia,Job vacancy rate,2.5
2018-08,New Brunswick,Job vacancies,7820.0
2018-08,New Brunswick,Payroll employees,320965.0
2018-08,New Brunswick,Job vacancy rate,2.4
2018-08,Quebec,Job vacancies,112525.0
2018-08,Quebec,Payroll employees,3552415.0
2018-08,Quebec,Job vacancy rate,3.1
2018-08,Ontario,Job vacancies,195195.0
2018-08,Ontario,Payroll employees,6188120.0
2018-08,Ontario,Job vacancy rate,3.1
2018-08,Manitoba,Job vacancies,12090.0
2018-08,Manitoba,Payroll employees,584095.0
2018-08,Manitoba,Job vacancy rate,2.0
2018-08,Saskatchewan,Job vacancies,10695.0
2018-08,Saskatchewan,Payroll employees,447600.0
2018-08,Saskatchewan,Job vacancy rate,2.3
2018-08,Alberta,Job vacancies,60445.0
2018-08,Alberta,Payroll employees,1962220.0
2018-08,Alberta,Job vacancy rate,3.0
2018-08,British Columbia,Job vacancies,105655.0
2018-08,British Columbia,Payroll employees,2178045.0
2018-08,British Columbia,Job vacancy rate,4.6
2018-08,Yukon,Job vacancies,605.0
2018-08,Yukon,Payroll employees,17785.0
2018-08,Yukon,Job vacancy rate,3.3
2018-08,Northwest Territories,Job vacancies,675.0
2018-08,Northwest Territories,Payroll employees,22995.0
2018-08,Northwest Territories,Job vacancy rate,2.8
2018-08,Nunavut,Job vacancies,425.0
2018-08,Nunavut,Payroll employees,11965.0
2018-08,Nunavut,Job vacancy rate,3.4
2018-09,Canada,Job vacancies,598025.0
2018-09,Canada,Payroll employees,15826500.0
2018-09,Canada,Job vacancy rate,3.6
2018-09,Newfoundland and Labrador,Job vacancies,3500.0
2018-09,Newfoundland and Labrador,Payroll employees,196410.0
2018-09,Newfoundland and Labrador,Job vacancy rate,1.8
2018-09,Prince Edward Island,Job vacancies,2705.0
2018-09,Prince Edward Island,Payroll employees,65920.0
2018-09,Prince Edward Island,Job vacancy rate,3.9
2018-09,Nova Scotia,Job vacancies,14315.0
2018-09,Nova Scotia,Payroll employees,414260.0
2018-09,Nova Scotia,Job vacancy rate,3.3
2018-09,New Brunswick,Job vacancies,9930.0
2018-09,New Brunswick,Payroll employees,302665.0
2018-09,New Brunswick,Job vacancy rate,3.2
2018-09,Quebec,Job vacancies,122700.0
2018-09,Quebec,Payroll employees,3496150.0
2018-09,Quebec,Job vacancy rate,3.4
2018-09,Ontario,Job vacancies,232255.0
2018-09,Ontario,Payroll employees,6148645.0
2018-09,Ontario,Job vacancy rate,3.6
2018-09,Manitoba,Job vacancies,17400.0
2018-09,Manitoba,Payroll employees,572590.0
2018-09,Manitoba,Job vacancy rate,2.9
2018-09,Saskatchewan,Job vacancies,11650.0
2018-09,Saskatchewan,Payroll employees,448070.0
2018-09,Saskatchewan,Job vacancy rate,2.5
2018-09,Alberta,Job vacancies,62590.0
2018-09,Alberta,Payroll employees,1953770.0
2018-09,Alberta,Job vacancy rate,3.1
2018-09,British Columbia,Job vacancies,118685.0
2018-09,British Columbia,Payroll employees,2174265.0
2018-09,British Columbia,Job vacancy rate,5.2
2018-09,Yukon,Job vacancies,1025.0
2018-09,Yukon,Payroll employees,18655.0
2018-09,Yukon,Job vacancy rate,5.2
2018-09,Northwest Territories,Job vacancies,805.0
2018-09,Northwest Territories,Payroll employees,23015.0
2018-09,Northwest Territories,Job vacancy rate,3.4
2018-09,Nunavut,Job vacancies,465.0
2018-09,Nunavut,Payroll employees,12090.0
2018-09,Nunavut,Job vacancy rate,3.7
2018-10,Canada,Job vacancies,602505.0
2018-10,Canada,Payroll employees,16177025.0
2018-10,Canada,Job vacancy rate,3.6
2018-10,Newfoundland and Labrador,Job vacancies,3940.0
2018-10,Newfoundland and Labrador,Payroll employees,189600.0
2018-10,Newfoundland and Labrador,Job vacancy rate,2.0
2018-10,Prince Edward Island,Job vacancies,1815.0
2018-10,Prince Edward Island,Payroll employees,66560.0
2018-10,Prince Edward Island,Job vacancy rate,2.7
2018-10,Nova Scotia,Job vacancies,11570.0
2018-10,Nova Scotia,Payroll employees,416250.0
2018-10,Nova Scotia,Job vacancy rate,2.7
2018-10,New Brunswick,Job vacancies,9390.0
2018-10,New Brunswick,Payroll employees,300445.0
2018-10,New Brunswick,Job vacancy rate,3.0
2018-10,Quebec,Job vacancies,128665.0
2018-10,Quebec,Payroll employees,3604850.0
2018-10,Quebec,Job vacancy rate,3.4
2018-10,Ontario,Job vacancies,245815.0
2018-10,Ontario,Payroll employees,6279595.0
2018-10,Ontario,Job vacancy rate,3.8
2018-10,Manitoba,Job vacancies,14965.0
2018-10,Manitoba,Payroll employees,608180.0
2018-10,Manitoba,Job vacancy rate,2.4
2018-10,Saskatchewan,Job vacancies,9900.0
2018-10,Saskatchewan,Payroll employees,463970.0
2018-10,Saskatchewan,Job vacancy rate,2.1
2018-10,Alberta,Job vacancies,60175.0
2018-10,Alberta,Payroll employees,1960655.0
2018-10,Alberta,Job vacancy rate,3.0
2018-10,British Columbia,Job vacancies,113980.0
2018-10,British Columbia,Payroll employees,2234005.0
2018-10,British Columbia,Job vacancy rate,4.9
2018-10,Yukon,Job vacancies,960.0
2018-10,Yukon,Payroll employees,18170.0
2018-10,Yukon,Job vacancy rate,5.0
2018-10,Northwest Territories,Job vacancies,
2018-10,Northwest Territories,Payroll employees,22525.0
2018-10,Northwest Territories,Job vacancy rate,4.7
2018-10,Nunavut,Job vacancies,205.0
2018-10,Nunavut,Payroll employees,12215.0
2018-10,Nunavut,Job vacancy rate,1.6
2018-11,Canada,Job vacancies,549800.0
2018-11,Canada,Payroll employees,16232165.0
2018-11,Canada,Job vacancy rate,3.3
2018-11,Newfoundland and Labrador,Job vacancies,4605.0
2018-11,Newfoundland and Labrador,Payroll employees,190405.0
2018-11,Newfoundland and Labrador,Job vacancy rate,2.4
2018-11,Prince Edward Island,Job vacancies,2000.0
2018-11,Prince Edward Island,Payroll employees,65380.0
2018-11,Prince Edward Island,Job vacancy rate,3.0
2018-11,Nova Scotia,Job vacancies,10725.0
2018-11,Nova Scotia,Payroll employees,414390.0
2018-11,Nova Scotia,Job vacancy rate,2.5
2018-11,New Brunswick,Job vacancies,8825.0
2018-11,New Brunswick,Payroll employees,319655.0
2018-11,New Brunswick,Job vacancy rate,2.7
2018-11,Quebec,Job vacancies,117120.0
2018-11,Quebec,Payroll employees,3595430.0
2018-11,Quebec,Job vacancy rate,3.2
2018-11,Ontario,Job vacancies,221305.0
2018-11,Ontario,Payroll employees,6327685.0
2018-11,Ontario,Job vacancy rate,3.4
2018-11,Manitoba,Job vacancies,12720.0
2018-11,Manitoba,Payroll employees,597440.0
2018-11,Manitoba,Job vacancy rate,2.1
2018-11,Saskatchewan,Job vacancies,8590.0
2018-11,Saskatchewan,Payroll employees,463185.0
2018-11,Saskatchewan,Job vacancy rate,1.8
2018-11,Alberta,Job vacancies,60700.0
2018-11,Alberta,Payroll employees,1986405.0
2018-11,Alberta,Job vacancy rate,3.0
2018-11,British Columbia,Job vacancies,101510.0
2018-11,British Columbia,Payroll employees,2220175.0
2018-11,British Columbia,Job vacancy rate,4.4
2018-11,Yukon,Job vacancies,515.0
2018-11,Yukon,Payroll employees,17380.0
2018-11,Yukon,Job vacancy rate,2.9
2018-11,Northwest Territories,Job vacancies,710.0
2018-11,Northwest Territories,Payroll employees,22175.0
2018-11,Northwest Territories,Job vacancy rate,3.1
2018-11,Nunavut,Job vacancies,475.0
2018-11,Nunavut,Payroll employees,12450.0
2018-11,Nunavut,Job vacancy rate,3.7
2018-12,Canada,Job vacancies,477705.0
2018-12,Canada,Payroll employees,16284295.0
2018-12,Canada,Job vacancy rate,2.8
2018-12,Newfoundland and Labrador,Job vacancies,2570.0
2018-12,Newfoundland and Labrador,Payroll employees,195725.0
2018-12,Newfoundland and Labrador,Job vacancy rate,1.3
2018-12,Prince Edward Island,Job vacancies,2245.0
2018-12,Prince Edward Island,Payroll employees,62930.0
2018-12,Prince Edward Island,Job vacancy rate,3.4
2018-12,Nova Scotia,Job vacancies,9080.0
2018-12,Nova Scotia,Payroll employees,406610.0
2018-12,Nova Scotia,Job vacancy rate,2.2
2018-12,New Brunswick,Job vacancies,7640.0
2018-12,New Brunswick,Payroll employees,295060.0
2018-12,New Brunswick,Job vacancy rate,2.5
2018-12,Quebec,Job vacancies,106520.0
2018-12,Quebec,Payroll employees,3634935.0
2018-12,Quebec,Job vacancy rate,2.8
2018-12,Ontario,Job vacancies,184965.0
2018-12,Ontario,Payroll employees,6354600.0
2018-12,Ontario,Job vacancy rate,2.8
2018-12,Manitoba,Job vacancies,15220.0
2018-12,Manitoba,Payroll employees,595495.0
2018-12,Manitoba,Job vacancy rate,2.5
2018-12,Saskatchewan,Job vacancies,7975.0
2018-12,Saskatchewan,Payroll employees,464590.0
2018-12,Saskatchewan,Job vacancy rate,1.7
2018-12,Alberta,Job vacancies,45240.0
2018-12,Alberta,Payroll employees,1996760.0
2018-12,Alberta,Job vacancy rate,2.2
2018-12,British Columbia,Job vacancies,94830.0
2018-12,British Columbia,Payroll employees,2225760.0
2018-12,British Columbia,Job vacancy rate,4.1
2018-12,Yukon,Job vacancies,660.0
2018-12,Yukon,Payroll employees,16940.0
2018-12,Yukon,Job vacancy rate,3.8
2018-12,Northwest Territories,Job vacancies,390.0
2018-12,Northwest Territories,Payroll employees,22150.0
2018-12,Northwest Territories,Job vacancy rate,1.7
2018-12,Nunavut,Job vacancies,375.0
2018-12,Nunavut,Payroll employees,12740.0
2018-12,Nunavut,Job vacancy rate,2.9
2019-01,Canada,Job vacancies,487375.0
2019-01,Canada,Payroll employees,16287130.0
2019-01,Canada,Job vacancy rate,2.9
2019-01,Newfoundland and Labrador,Job vacancies,2175.0
2019-01,Newfoundland and Labrador,Payroll employees,177135.0
2019-01,Newfoundland and Labrador,Job vacancy rate,1.2
2019-01,Prince Edward Island,Job vacancies,955.0
2019-01,Prince Edward Island,Payroll employees,60755.0
2019-01,Prince Edward Island,Job vacancy rate,1.5
2019-01,Nova Scotia,Job vacancies,8310.0
2019-01,Nova Scotia,Payroll employees,416750.0
2019-01,Nova Scotia,Job vacancy rate,2.0
2019-01,New Brunswick,Job vacancies,7890.0
2019-01,New Brunswick,Payroll employees,295505.0
2019-01,New Brunswick,Job vacancy rate,2.6
2019-01,Quebec,Job vacancies,108880.0
2019-01,Quebec,Payroll employees,3605035.0
2019-01,Quebec,Job vacancy rate,2.9
2019-01,Ontario,Job vacancies,189705.0
2019-01,Ontario,Payroll employees,6371540.0
2019-01,Ontario,Job vacancy rate,2.9
2019-01,Manitoba,Job vacancies,12105.0
2019-01,Manitoba,Payroll employees,612650.0
2019-01,Manitoba,Job vacancy rate,1.9
2019-01,Saskatchewan,Job vacancies,7790.0
2019-01,Saskatchewan,Payroll employees,466660.0
2019-01,Saskatchewan,Job vacancy rate,1.6
2019-01,Alberta,Job vacancies,46050.0
2019-01,Alberta,Payroll employees,1978520.0
2019-01,Alberta,Job vacancy rate,2.3
2019-01,British Columbia,Job vacancies,101285.0
2019-01,British Columbia,Payroll employees,2251365.0
2019-01,British Columbia,Job vacancy rate,4.3
2019-01,Yukon,Job vacancies,720.0
2019-01,Yukon,Payroll employees,16825.0
2019-01,Yukon,Job vacancy rate,4.1
2019-01,Northwest Territories,Job vacancies,1125.0
2019-01,Northwest Territories,Payroll employees,21740.0
2019-01,Northwest Territories,Job vacancy rate,4.9
2019-01,Nunavut,Job vacancies,375.0
2019-01,Nunavut,Payroll employees,12650.0
2019-01,Nunavut,Job vacancy rate,2.9
2019-02,Canada,Job vacancies,478310.0
2019-02,Canada,Payroll employees,15830435.0
2019-02,Canada,Job vacancy rate,2.9
2019-02,Newfoundland and Labrador,Job vacancies,4180.0
2019-02,Newfoundland and Labrador,Payroll employees,187220.0
2019-02,Newfoundland and Labrador,Job vacancy rate,2.2
2019-02,Prince Edward Island,Job vacancies,1175.0
2019-02,Prince Edward Island,Payroll employees,57680.0
2019-02,Prince Edward Island,Job vacancy rate,2.0
2019-02,Nova Scotia,Job vacancies,8400.0
2019-02,Nova Scotia,Payroll employees,395785.0
2019-02,Nova Scotia,Job vacancy rate,2.1
2019-02,New Brunswick,Job vacancies,6290.0
2019-02,New Brunswick,Payroll employees,299235.0
2019-02,New Brunswick,Job vacancy rate,2.1
2019-02,Quebec,Job vacancies,107990.0
2019-02,Quebec,Payroll employees,3486785.0
2019-02,Quebec,Job vacancy rate,3.0
2019-02,Ontario,Job vacancies,183805.0
2019-02,Ontario,Payroll employees,6194160.0
2019-02,Ontario,Job vacancy rate,2.9
2019-02,Manitoba,Job vacancies,11600.0
2019-02,Manitoba,Payroll employees,579930.0
2019-02,Manitoba,Job vacancy rate,2.0
2019-02,Saskatchewan,Job vacancies,7715.0
2019-02,Saskatchewan,Payroll employees,454300.0
2019-02,Saskatchewan,Job vacancy rate,1.7
2019-02,Alberta,Job vacancies,52680.0
2019-02,Alberta,Payroll employees,1940860.0
2019-02,Alberta,Job vacancy rate,2.6
2019-02,British Columbia,Job vacancies,93020.0
2019-02,British Columbia,Payroll employees,2185910.0
2019-02,British Columbia,Job vacancy rate,4.1
2019-02,Yukon,Job vacancies,460.0
2019-02,Yukon,Payroll employees,16050.0
2019-02,Yukon,Job vacancy rate,2.8
2019-02,Northwest Territories,Job vacancies,605.0
2019-02,Northwest Territories,Payroll employees,21150.0
2019-02,Northwest Territories,Job vacancy rate,2.8
2019-02,Nunavut,Job vacancies,390.0
2019-02,Nunavut,Payroll employees,11370.0
2019-02,Nunavut,Job vacancy rate,3.3
2019-03,Canada,Job vacancies,540840.0
2019-03,Canada,Payroll employees,15877265.0
2019-03,Canada,Job vacancy rate,3.3
2019-03,Newfoundland and Labrador,Job vacancies,3460.0
2019-03,Newfoundland and Labrador,Payroll employees,205955.0
2019-03,Newfoundland and Labrador,Job vacancy rate,1.7
2019-03,Prince Edward Island,Job vacancies,1975.0
2019-03,Prince Edward Island,Payroll employees,57980.0
2019-03,Prince Edward Island,Job vacancy rate,3.3
2019-03,Nova Scotia,Job vacancies,11705.0
2019-03,Nova Scotia,Payroll employees,373125.0
2019-03,Nova Scotia,Job vacancy rate,3.0
2019-03,New Brunswick,Job vacancies,7580.0
2019-03,New Brunswick,Payroll employees,280535.0
2019-03,New Brunswick,Job vacancy rate,2.6
2019-03,Quebec,Job vacancies,131160.0
2019-03,Quebec,Payroll employees,3544135.0
2019-03,Quebec,Job vacancy rate,3.6
2019-03,Ontario,Job vacancies,199225.0
2019-03,Ontario,Payroll employees,6186880.0
2019-03,Ontario,Job vacancy rate,3.1
2019-03,Manitoba,Job vacancies,16895.0
2019-03,Manitoba,Payroll employees,573300.0
2019-03,Manitoba,Job vacancy rate,2.9
2019-03,Saskatchewan,Job vacancies,10895.0
2019-03,Saskatchewan,Payroll employees,453245.0
2019-03,Saskatchewan,Job vacancy rate,2.3
2019-03,Alberta,Job vacancies,50440.0
2019-03,Alberta,Payroll employees,1955300.0
2019-03,Alberta,Job vacancy rate,2.5
2019-03,British Columbia,Job vacancies,105685.0
2019-03,British Columbia,Payroll employees,2196975.0
2019-03,British Columbia,Job vacancy rate,4.6
2019-03,Yukon,Job vacancies,950.0
2019-03,Yukon,Payroll employees,16210.0
2019-03,Yukon,Job vacancy rate,5.5
2019-03,Northwest Territories,Job vacancies,565.0
2019-03,Northwest Territories,Payroll employees,21840.0
2019-03,Northwest Territories,Job vacancy rate,2.5
2019-03,Nunavut,Job vacancies,310.0
2019-03,Nunavut,Payroll employees,11775.0
2019-03,Nunavut,Job vacancy rate,2.6
2019-04,Canada,Job vacancies,594825.0
2019-04,Canada,Payroll employees,15930735.0
2019-04,Canada,Job vacancy rate,3.6
2019-04,Newfoundland and Labrador,Job vacancies,3435.0
2019-04,Newfoundland and Labrador,Payroll employees,175325.0
2019-04,Newfoundland and Labrador,Job vacancy rate,1.9
2019-04,Prince Edward Island,Job vacancies,2260.0
2019-04,Prince Edward Island,Payroll employees,58135.0
2019-04,Prince Edward Island,Job vacancy rate,3.7
2019-04,Nova Scotia,Job vacancies,11780.0
2019-04,Nova Scotia,Payroll employees,405505.0
2019-04,Nova Scotia,Job vacancy rate,2.8
2019-04,New Brunswick,Job vacancies,9765.0
2019-04,New Brunswick,Payroll employees,281535.0
2019-04,New Brunswick,Job vacancy rate,3.4
2019-04,Quebec,Job vacancies,139785.0
2019-04,Quebec,Payroll employees,3556045.0
2019-04,Quebec,Job vacancy rate,3.8
2019-04,Ontario,Job vacancies,224385.0
2019-04,Ontario,Payroll employees,6210235.0
2019-04,Ontario,Job vacancy rate,3.5
2019-04,Manitoba,Job vacancies,15780.0
2019-04,Manitoba,Payroll employees,596050.0
2019-04,Manitoba,Job vacancy rate,2.6
2019-04,Saskatchewan,Job vacancies,10430.0
2019-04,Saskatchewan,Payroll employees,452570.0
2019-04,Saskatchewan,Job vacancy rate,2.3
2019-04,Alberta,Job vacancies,61575.0
2019-04,Alberta,Payroll employees,1932670.0
2019-04,Alberta,Job vacancy rate,3.1
2019-04,British Columbia,Job vacancies,113375.0
2019-04,British Columbia,Payroll employees,2212365.0
2019-04,British Columbia,Job vacancy rate,4.9
2019-04,Yukon,Job vacancies,1250.0
2019-04,Yukon,Payroll employees,16315.0
2019-04,Yukon,Job vacancy rate,7.1
2019-04,Northwest Territories,Job vacancies,850.0
2019-04,Northwest Territories,Payroll employees,22080.0
2019-04,Northwest Territories,Job vacancy rate,3.7
2019-04,Nunavut,Job vacancies,
2019-04,Nunavut,Payroll employees,11905.0
2019-04,Nunavut,Job vacancy rate,
2019-05,Canada,Job vacancies,587490.0
2019-05,Canada,Payroll employees,16019520.0
2019-05,Canada,Job vacancy rate,3.5
2019-05,Newfoundland and Labrador,Job vacancies,6090.0
2019-05,Newfoundland and Labrador,Payroll employees,181260.0
2019-05,Newfoundland and Labrador,Job vacancy rate,3.2
2019-05,Prince Edward Island,Job vacancies,1770.0
2019-05,Prince Edward Island,Payroll employees,59680.0
2019-05,Prince Edward Island,Job vacancy rate,2.9
2019-05,Nova Scotia,Job vacancies,12500.0
2019-05,Nova Scotia,Payroll employees,409145.0
2019-05,Nova Scotia,Job vacancy rate,3.0
2019-05,New Brunswick,Job vacancies,9825.0
2019-05,New Brunswick,Payroll employees,305960.0
2019-05,New Brunswick,Job vacancy rate,3.1
2019-05,Quebec,Job vacancies,146240.0
2019-05,Quebec,Payroll employees,3564465.0
2019-05,Quebec,Job vacancy rate,3.9
2019-05,Ontario,Job vacancies,213565.0
2019-05,Ontario,Payroll employees,6240340.0
2019-05,Ontario,Job vacancy rate,3.3
2019-05,Manitoba,Job vacancies,14560.0
2019-05,Manitoba,Payroll employees,584990.0
2019-05,Manitoba,Job vacancy rate,2.4
2019-05,Saskatchewan,Job vacancies,11415.0
2019-05,Saskatchewan,Payroll employees,453230.0
2019-05,Saskatchewan,Job vacancy rate,2.5
2019-05,Alberta,Job vacancies,62760.0
2019-05,Alberta,Payroll employees,1950030.0
2019-05,Alberta,Job vacancy rate,3.1
2019-05,British Columbia,Job vacancies,106360.0
2019-05,British Columbia,Payroll employees,2220980.0
2019-05,British Columbia,Job vacancy rate,4.6
2019-05,Yukon,Job vacancies,1110.0
2019-05,Yukon,Payroll employees,16520.0
2019-05,Yukon,Job vacancy rate,6.3
2019-05,Northwest Territories,Job vacancies,760.0
2019-05,Northwest Territories,Payroll employees,21255.0
2019-05,Northwest Territories,Job vacancy rate,3.5
2019-05,Nunavut,Job vacancies,540.0
2019-05,Nunavut,Payroll employees,11660.0
2019-05,Nunavut,Job vacancy rate,4.4
2019-06,Canada,Job vacancies,558715.0
2019-06,Canada,Payroll employees,16333730.0
2019-06,Canada,Job vacancy rate,3.3
2019-06,Newfoundland and Labrador,Job vacancies,4880.0
2019-06,Newfoundland and Labrador,Payroll employees,196800.0
2019-06,Newfoundland and Labrador,Job vacancy rate,2.4
2019-06,Prince Edward Island,Job vacancies,2730.0
2019-06,Prince Edward Island,Payroll employees,65370.0
2019-06,Prince Edward Island,Job vacancy rate,4.0
2019-06,Nova Scotia,Job vacancies,14180.0
2019-06,Nova Scotia,Payroll employees,414780.0
2019-06,Nova Scotia,Job vacancy rate,3.3
2019-06,New Brunswick,Job vacancies,10035.0
2019-06,New Brunswick,Payroll employees,304490.0
2019-06,New Brunswick,Job vacancy rate,3.2
2019-06,Quebec,Job vacancies,137015.0
2019-06,Quebec,Payroll employees,3664540.0
2019-06,Quebec,Job vacancy rate,3.6
2019-06,Ontario,Job vacancies,200875.0
2019-06,Ontario,Payroll employees,6340935.0
2019-06,Ontario,Job vacancy rate,3.1
2019-06,Manitoba,Job vacancies,15525.0
2019-06,Manitoba,Payroll employees,594635.0
2019-06,Manitoba,Job vacancy rate,2.5
2019-06,Saskatchewan,Job vacancies,12450.0
2019-06,Saskatchewan,Payroll employees,470515.0
2019-06,Saskatchewan,Job vacancy rate,2.6
2019-06,Alberta,Job vacancies,55720.0
2019-06,Alberta,Payroll employees,1987725.0
2019-06,Alberta,Job vacancy rate,2.7
2019-06,British Columbia,Job vacancies,103285.0
2019-06,British Columbia,Payroll employees,2242450.0
2019-06,British Columbia,Job vacancy rate,4.4
2019-06,Yukon,Job vacancies,815.0
2019-06,Yukon,Payroll employees,17590.0
2019-06,Yukon,Job vacancy rate,4.4
2019-06,Northwest Territories,Job vacancies,655.0
2019-06,Northwest Territories,Payroll employees,21800.0
2019-06,Northwest Territories,Job vacancy rate,2.9
2019-06,Nunavut,Job vacancies,560.0
2019-06,Nunavut,Payroll employees,12095.0
2019-06,Nunavut,Job vacancy rate,4.4
2019-07,Canada,Job vacancies,544120.0
2019-07,Canada,Payroll employees,16598660.0
2019-07,Canada,Job vacancy rate,3.2
2019-07,Newfoundland and Labrador,Job vacancies,3435.0
2019-07,Newfoundland and Labrador,Payroll employees,211960.0
2019-07,Newfoundland and Labrador,Job vacancy rate,1.6
2019-07,Prince Edward Island,Job vacancies,2745.0
2019-07,Prince Edward Island,Payroll employees,69100.0
2019-07,Prince Edward Island,Job vacancy rate,3.8
2019-07,Nova Scotia,Job vacancies,11540.0
2019-07,Nova Scotia,Payroll employees,415740.0
2019-07,Nova Scotia,Job vacancy rate,2.7
2019-07,New Brunswick,Job vacancies,8900.0
2019-07,New Brunswick,Payroll employees,312395.0
2019-07,New Brunswick,Job vacancy rate,2.8
2019-07,Quebec,Job vacancies,137600.0
2019-07,Quebec,Payroll employees,3752370.0
2019-07,Quebec,Job vacancy rate,3.5
2019-07,Ontario,Job vacancies,193275.0
2019-07,Ontario,Payroll employees,6414400.0
2019-07,Ontario,Job vacancy rate,2.9
2019-07,Manitoba,Job vacancies,13605.0
2019-07,Manitoba,Payroll employees,623820.0
2019-07,Manitoba,Job vacancy rate,2.1
2019-07,Saskatchewan,Job vacancies,10195.0
2019-07,Saskatchewan,Payroll employees,473300.0
2019-07,Saskatchewan,Job vacancy rate,2.1
2019-07,Alberta,Job vacancies,48375.0
2019-07,Alberta,Payroll employees,1994350.0
2019-07,Alberta,Job vacancy rate,2.4
2019-07,British Columbia,Job vacancies,112000.0
2019-07,British Columbia,Payroll employees,2277360.0
2019-07,British Columbia,Job vacancy rate,4.7
2019-07,Yukon,Job vacancies,1330.0
2019-07,Yukon,Payroll employees,18460.0
2019-07,Yukon,Job vacancy rate,6.7
2019-07,Northwest Territories,Job vacancies,765.0
2019-07,Northwest Territories,Payroll employees,22475.0
2019-07,Northwest Territories,Job vacancy rate,3.3
2019-07,Nunavut,Job vacancies,355.0
2019-07,Nunavut,Payroll employees,12920.0
2019-07,Nunavut,Job vacancy rate,2.7
2019-08,Canada,Job vacancies,560090.0
2019-08,Canada,Payroll employees,16396480.0
2019-08,Canada,Job vacancy rate,3.3
2019-08,Newfoundland and Labrador,Job vacancies,5765.0
2019-08,Newfoundland and Labrador,Payroll employees,208960.0
2019-08,Newfoundland and Labrador,Job vacancy rate,2.7
2019-08,Prince Edward Island,Job vacancies,1585.0
2019-08,Prince Edward Island,Payroll employees,68090.0
2019-08,Prince Edward Island,Job vacancy rate,2.3
2019-08,Nova Scotia,Job vacancies,13520.0
2019-08,Nova Scotia,Payroll employees,432185.0
2019-08,Nova Scotia,Job vacancy rate,3.0
2019-08,New Brunswick,Job vacancies,9310.0
2019-08,New Brunswick,Payroll employees,326020.0
2019-08,New Brunswick,Job vacancy rate,2.8
2019-08,Quebec,Job vacancies,136285.0
2019-08,Quebec,Payroll employees,3673845.0
2019-08,Quebec,Job vacancy rate,3.6
2019-08,Ontario,Job vacancies,206890.0
2019-08,Ontario,Payroll employees,6341105.0
2019-08,Ontario,Job vacancy rate,3.2
2019-08,Manitoba,Job vacancies,15285.0
2019-08,Manitoba,Payroll employees,594225.0
2019-08,Manitoba,Job vacancy rate,2.5
2019-08,Saskatchewan,Job vacancies,10895.0
2019-08,Saskatchewan,Payroll employees,467075.0
2019-08,Saskatchewan,Job vacancy rate,2.3
2019-08,Alberta,Job vacancies,56600.0
2019-08,Alberta,Payroll employees,1983710.0
2019-08,Alberta,Job vacancy rate,2.8
2019-08,British Columbia,Job vacancies,101365.0
2019-08,British Columbia,Payroll employees,2247875.0
2019-08,British Columbia,Job vacancy rate,4.3
2019-08,Yukon,Job vacancies,805.0
2019-08,Yukon,Payroll employees,17850.0
2019-08,Yukon,Job vacancy rate,4.3
2019-08,Northwest Territories,Job vacancies,1050.0
2019-08,Northwest Territories,Payroll employees,22505.0
2019-08,Northwest Territories,Job vacancy rate,4.4
2019-08,Nunavut,Job vacancies,735.0
2019-08,Nunavut,Payroll employees,13035.0
2019-08,Nunavut,Job vacancy rate,5.3
2019-09,Canada,Job vacancies,587795.0
2019-09,Canada,Payroll employees,16214090.0
2019-09,Canada,Job vacancy rate,3.5
2019-09,Newfoundland and Labrador,Job vacancies,4445.0
2019-09,Newfoundland and Labrador,Payroll employees,220165.0
2019-09,Newfoundland and Labrador,Job vacancy rate,2.0
2019-09,Prince Edward Island,Job vacancies,2020.0
2019-09,Prince Edward Island,Payroll employees,67155.0
2019-09,Prince Edward Island,Job vacancy rate,2.9
2019-09,Nova Scotia,Job vacancies,14670.0
2019-09,Nova Scotia,Payroll employees,398735.0
2019-09,Nova Scotia,Job vacancy rate,3.5
2019-09,New Brunswick,Job vacancies,11365.0
2019-09,New Brunswick,Payroll employees,312970.0
2019-09,New Brunswick,Job vacancy rate,3.5
2019-09,Quebec,Job vacancies,141055.0
2019-09,Quebec,Payroll employees,3625045.0
2019-09,Quebec,Job vacancy rate,3.7
2019-09,Ontario,Job vacancies,222105.0
2019-09,Ontario,Payroll employees,6287025.0
2019-09,Ontario,Job vacancy rate,3.4
2019-09,Manitoba,Job vacancies,17255.0
2019-09,Manitoba,Payroll employees,579005.0
2019-09,Manitoba,Job vacancy rate,2.9
2019-09,Saskatchewan,Job vacancies,12675.0
2019-09,Saskatchewan,Payroll employees,457045.0
2019-09,Saskatchewan,Job vacancy rate,2.7
2019-09,Alberta,Job vacancies,56115.0
2019-09,Alberta,Payroll employees,1976475.0
2019-09,Alberta,Job vacancy rate,2.8
2019-09,British Columbia,Job vacancies,104140.0
2019-09,British Columbia,Payroll employees,2235580.0
2019-09,British Columbia,Job vacancy rate,4.5
2019-09,Yukon,Job vacancies,960.0
2019-09,Yukon,Payroll employees,18745.0
2019-09,Yukon,Job vacancy rate,4.9
2019-09,Northwest Territories,Job vacancies,640.0
2019-09,Northwest Territories,Payroll employees,22875.0
2019-09,Northwest Territories,Job vacancy rate,2.7
2019-09,Nunavut,Job vacancies,350.0
2019-09,Nunavut,Payroll employees,13270.0
2019-09,Nunavut,Job vacancy rate,2.6
2019-10,Canada,Job vacancies,568835.0
2019-10,Canada,Payroll employees,16537120.0
2019-10,Canada,Job vacancy rate,3.3
2019-10,Newfoundland and Labrador,Job vacancies,4625.0
2019-10,Newfoundland and Labrador,Payroll employees,198270.0
2019-10,Newfoundland and Labrador,Job vacancy rate,2.3
2019-10,Prince Edward Island,Job vacancies,
2019-10,Prince Edward Island,Payroll employees,69345.0
2019-10,Prince Edward Island,Job vacancy rate,
2019-10,Nova Scotia,Job vacancies,12040.0
2019-10,Nova Scotia,Payroll employees,422650.0
2019-10,Nova Scotia,Job vacancy rate,2.8
2019-10,New Brunswick,Job vacancies,8590.0
2019-10,New Brunswick,Payroll employees,310635.0
2019-10,New Brunswick,Job vacancy rate,2.7
2019-10,Quebec,Job vacancies,142710.0
2019-10,Quebec,Payroll employees,3719035.0
2019-10,Quebec,Job vacancy rate,3.7
2019-10,Ontario,Job vacancies,218275.0
2019-10,Ontario,Payroll employees,6400030.0
2019-10,Ontario,Job vacancy rate,3.3
2019-10,Manitoba,Job vacancies,15060.0
2019-10,Manitoba,Payroll employees,608845.0
2019-10,Manitoba,Job vacancy rate,2.4
2019-10,Saskatchewan,Job vacancies,11480.0
2019-10,Saskatchewan,Payroll employees,472250.0
2019-10,Saskatchewan,Job vacancy rate,2.4
2019-10,Alberta,Job vacancies,52525.0
2019-10,Alberta,Payroll employees,1996535.0
2019-10,Alberta,Job vacancy rate,2.6
2019-10,British Columbia,Job vacancies,97690.0
2019-10,British Columbia,Payroll employees,2285370.0
2019-10,British Columbia,Job vacancy rate,4.1
2019-10,Yukon,Job vacancies,1275.0
2019-10,Yukon,Payroll employees,18080.0
2019-10,Yukon,Job vacancy rate,6.6
2019-10,Northwest Territories,Job vacancies,575.0
2019-10,Northwest Territories,Payroll employees,21905.0
2019-10,Northwest Territories,Job vacancy rate,2.5
2019-10,Nunavut,Job vacancies,260.0
2019-10,Nunavut,Payroll employees,14170.0
2019-10,Nunavut,Job vacancy rate,1.8
2019-11,Canada,Job vacancies,510525.0
2019-11,Canada,Payroll employees,16566190.0
2019-11,Canada,Job vacancy rate,3.0
2019-11,Newfoundland and Labrador,Job vacancies,6000.0
2019-11,Newfoundland and Labrador,Payroll employees,196805.0
2019-11,Newfoundland and Labrador,Job vacancy rate,3.0
2019-11,Prince Edward Island,Job vacancies,820.0
2019-11,Prince Edward Island,Payroll employees,67710.0
2019-11,Prince Edward Island,Job vacancy rate,1.2
2019-11,Nova Scotia,Job vacancies,11260.0
2019-11,Nova Scotia,Payroll employees,441170.0
2019-11,Nova Scotia,Job vacancy rate,2.5
2019-11,New Brunswick,Job vacancies,9330.0
2019-11,New Brunswick,Payroll employees,314570.0
2019-11,New Brunswick,Job vacancy rate,2.9
2019-11,Quebec,Job vacancies,124070.0
2019-11,Quebec,Payroll employees,3711120.0
2019-11,Quebec,Job vacancy rate,3.2
2019-11,Ontario,Job vacancies,195985.0
2019-11,Ontario,Payroll employees,6425710.0
2019-11,Ontario,Job vacancy rate,3.0
2019-11,Manitoba,Job vacancies,13995.0
2019-11,Manitoba,Payroll employees,597470.0
2019-11,Manitoba,Job vacancy rate,2.3
2019-11,Saskatchewan,Job vacancies,10175.0
2019-11,Saskatchewan,Payroll employees,487955.0
2019-11,Saskatchewan,Job vacancy rate,2.0
2019-11,Alberta,Job vacancies,47195.0
2019-11,Alberta,Payroll employees,1991895.0
2019-11,Alberta,Job vacancy rate,2.3
2019-11,British Columbia,Job vacancies,90035.0
2019-11,British Columbia,Payroll employees,2278130.0
2019-11,British Columbia,Job vacancy rate,3.8
2019-11,Yukon,Job vacancies,610.0
2019-11,Yukon,Payroll employees,17860.0
2019-11,Yukon,Job vacancy rate,3.3
2019-11,Northwest Territories,Job vacancies,490.0
2019-11,Northwest Territories,Payroll employees,21470.0
2019-11,Northwest Territories,Job vacancy rate,2.2
2019-11,Nunavut,Job vacancies,560.0
2019-11,Nunavut,Payroll employees,14330.0
2019-11,Nunavut,Job vacancy rate,3.7
2019-12,Canada,Job vacancies,434340.0
2019-12,Canada,Payroll employees,16526020.0
2019-12,Canada,Job vacancy rate,2.6
2019-12,Newfoundland and Labrador,Job vacancies,3365.0
2019-12,Newfoundland and Labrador,Payroll employees,200225.0
2019-12,Newfoundland and Labrador,Job vacancy rate,1.7
2019-12,Prince Edward Island,Job vacancies,1000.0
2019-12,Prince Edward Island,Payroll employees,63820.0
2019-12,Prince Edward Island,Job vacancy rate,1.5
2019-12,Nova Scotia,Job vacancies,10970.0
2019-12,Nova Scotia,Payroll employees,407695.0
2019-12,Nova Scotia,Job vacancy rate,2.6
2019-12,New Brunswick,Job vacancies,7690.0
2019-12,New Brunswick,Payroll employees,311090.0
2019-12,New Brunswick,Job vacancy rate,2.4
2019-12,Quebec,Job vacancies,113860.0
2019-12,Quebec,Payroll employees,3710415.0
2019-12,Quebec,Job vacancy rate,3.0
2019-12,Ontario,Job vacancies,156185.0
2019-12,Ontario,Payroll employees,6445570.0
2019-12,Ontario,Job vacancy rate,2.4
2019-12,Manitoba,Job vacancies,13510.0
2019-12,Manitoba,Payroll employees,593895.0
2019-12,Manitoba,Job vacancy rate,2.2
2019-12,Saskatchewan,Job vacancies,9085.0
2019-12,Saskatchewan,Payroll employees,467205.0
2019-12,Saskatchewan,Job vacancy rate,1.9
2019-12,Alberta,Job vacancies,37065.0
2019-12,Alberta,Payroll employees,2007060.0
2019-12,Alberta,Job vacancy rate,1.8
2019-12,British Columbia,Job vacancies,80175.0
2019-12,British Columbia,Payroll employees,2265580.0
2019-12,British Columbia,Job vacancy rate,3.4
2019-12,Yukon,Job vacancies,635.0
2019-12,Yukon,Payroll employees,17440.0
2019-12,Yukon,Job vacancy rate,3.5
2019-12,Northwest Territories,Job vacancies,445.0
2019-12,Northwest Territories,Payroll employees,21505.0
2019-12,Northwest Territories,Job vacancy rate,2.0
2019-12,Nunavut,Job vacancies,
2019-12,Nunavut,Payroll employees,14530.0
2019-12,Nunavut,Job vacancy rate,
2020-01,Canada,Job vacancies,518485.0
2020-01,Canada,Payroll employees,16548330.0
2020-01,Canada,Job vacancy rate,3.0
2020-01,Newfoundland and Labrador,Job vacancies,3530.0
2020-01,Newfoundland and Labrador,Payroll employees,199330.0
2020-01,Newfoundland and Labrador,Job vacancy rate,1.7
2020-01,Prince Edward Island,Job vacancies,
2020-01,Prince Edward Island,Payroll employees,62740.0
2020-01,Prince Edward Island,Job vacancy rate,2.3
2020-01,Nova Scotia,Job vacancies,8240.0
2020-01,Nova Scotia,Payroll employees,406500.0
2020-01,Nova Scotia,Job vacancy rate,2.0
2020-01,New Brunswick,Job vacancies,9335.0
2020-01,New Brunswick,Payroll employees,294175.0
2020-01,New Brunswick,Job vacancy rate,3.1
2020-01,Quebec,Job vacancies,132935.0
2020-01,Quebec,Payroll employees,3706205.0
2020-01,Quebec,Job vacancy rate,3.5
2020-01,Ontario,Job vacancies,190645.0
2020-01,Ontario,Payroll employees,6461180.0
2020-01,Ontario,Job vacancy rate,2.9
2020-01,Manitoba,Job vacancies,16165.0
2020-01,Manitoba,Payroll employees,613870.0
2020-01,Manitoba,Job vacancy rate,2.6
2020-01,Saskatchewan,Job vacancies,11245.0
2020-01,Saskatchewan,Payroll employees,470445.0
2020-01,Saskatchewan,Job vacancy rate,2.3
2020-01,Alberta,Job vacancies,47325.0
2020-01,Alberta,Payroll employees,1992305.0
2020-01,Alberta,Job vacancy rate,2.3
2020-01,British Columbia,Job vacancies,95975.0
2020-01,British Columbia,Payroll employees,2288820.0
2020-01,British Columbia,Job vacancy rate,4.0
2020-01,Yukon,Job vacancies,790.0
2020-01,Yukon,Payroll employees,17230.0
2020-01,Yukon,Job vacancy rate,4.4
2020-01,Northwest Territories,Job vacancies,495.0
2020-01,Northwest Territories,Payroll employees,21140.0
2020-01,Northwest Territories,Job vacancy rate,2.3
2020-01,Nunavut,Job vacancies,335.0
2020-01,Nunavut,Payroll employees,14385.0
2020-01,Nunavut,Job vacancy rate,2.3
2020-02,Canada,Job vacancies,505665.0
2020-02,Canada,Payroll employees,16073950.0
2020-02,Canada,Job vacancy rate,3.0
2020-02,Newfoundland and Labrador,Job vacancies,4295.0
2020-02,Newfoundland and Labrador,Payroll employees,182610.0
2020-02,Newfoundland and Labrador,Job vacancy rate,2.3
2020-02,Prince Edward Island,Job vacancies,935.0
2020-02,Prince Edward Island,Payroll employees,59605.0
2020-02,Prince Edward Island,Job vacancy rate,1.5
2020-02,Nova Scotia,Job vacancies,9020.0
2020-02,Nova Scotia,Payroll employees,420890.0
2020-02,Nova Scotia,Job vacancy rate,2.1
2020-02,New Brunswick,Job vacancies,9440.0
2020-02,New Brunswick,Payroll employees,294100.0
2020-02,New Brunswick,Job vacancy rate,3.1
2020-02,Quebec,Job vacancies,122470.0
2020-02,Quebec,Payroll employees,3566085.0
2020-02,Quebec,Job vacancy rate,3.3
2020-02,Ontario,Job vacancies,184060.0
2020-02,Ontario,Payroll employees,6284195.0
2020-02,Ontario,Job vacancy rate,2.8
2020-02,Manitoba,Job vacancies,14805.0
2020-02,Manitoba,Payroll employees,585560.0
2020-02,Manitoba,Job vacancy rate,2.5
2020-02,Saskatchewan,Job vacancies,11325.0
2020-02,Saskatchewan,Payroll employees,465985.0
2020-02,Saskatchewan,Job vacancy rate,2.4
2020-02,Alberta,Job vacancies,51700.0
2020-02,Alberta,Payroll employees,1935790.0
2020-02,Alberta,Job vacancy rate,2.6
2020-02,British Columbia,Job vacancies,95660.0
2020-02,British Columbia,Payroll employees,2228565.0
2020-02,British Columbia,Job vacancy rate,4.1
2020-02,Yukon,Job vacancies,865.0
2020-02,Yukon,Payroll employees,16600.0
2020-02,Yukon,Job vacancy rate,5.0
2020-02,Northwest Territories,Job vacancies,590.0
2020-02,Northwest Territories,Payroll employees,20450.0
2020-02,Northwest Territories,Job vacancy rate,2.8
2020-02,Nunavut,Job vacancies,495.0
2020-02,Nunavut,Payroll employees,13515.0
2020-02,Nunavut,Job vacancy rate,3.5
2020-03,Canada,Job vacancies,522630.0
2020-03,Canada,Payroll employees,16045335.0
2020-03,Canada,Job vacancy rate,3.2
2020-03,Newfoundland and Labrador,Job vacancies,4665.0
2020-03,Newfoundland and Labrador,Payroll employees,180405.0
2020-03,Newfoundland and Labrador,Job vacancy rate,2.5
2020-03,Prince Edward Island,Job vacancies,2530.0
2020-03,Prince Edward Island,Payroll employees,59170.0
2020-03,Prince Edward Island,Job vacancy rate,4.1
2020-03,Nova Scotia,Job vacancies,12240.0
2020-03,Nova Scotia,Payroll employees,397380.0
2020-03,Nova Scotia,Job vacancy rate,3.0
2020-03,New Brunswick,Job vacancies,7810.0
2020-03,New Brunswick,Payroll employees,289445.0
2020-03,New Brunswick,Job vacancy rate,2.6
2020-03,Quebec,Job vacancies,133940.0
2020-03,Quebec,Payroll employees,3621240.0
2020-03,Quebec,Job vacancy rate,3.6
2020-03,Ontario,Job vacancies,187900.0
2020-03,Ontario,Payroll employees,6253155.0
2020-03,Ontario,Job vacancy rate,2.9
2020-03,Manitoba,Job vacancies,18135.0
2020-03,Manitoba,Payroll employees,574935.0
2020-03,Manitoba,Job vacancy rate,3.1
2020-03,Saskatchewan,Job vacancies,12695.0
2020-03,Saskatchewan,Payroll employees,455435.0
2020-03,Saskatchewan,Job vacancy rate,2.7
2020-03,Alberta,Job vacancies,50165.0
2020-03,Alberta,Payroll employees,1942370.0
2020-03,Alberta,Job vacancy rate,2.5
2020-03,British Columbia,Job vacancies,90995.0
2020-03,British Columbia,Payroll employees,2220805.0
2020-03,British Columbia,Job vacancy rate,3.9
2020-03,Yukon,Job vacancies,945.0
2020-03,Yukon,Payroll employees,16795.0
2020-03,Yukon,Job vacancy rate,5.3
2020-03,Northwest Territories,Job vacancies,
2020-03,Northwest Territories,Payroll employees,20705.0
2020-03,Northwest Territories,Job vacancy rate,
2020-03,Nunavut,Job vacancies,395.0
2020-03,Nunavut,Payroll employees,13495.0
2020-03,Nunavut,Job vacancy rate,2.8
2020-10,Canada,Job vacancies,619265.0
2020-10,Canada,Payroll employees,15298240.0
2020-10,Canada,Job vacancy rate,3.9
2020-10,Newfoundland and Labrador,Job vacancies,5810.0
2020-10,Newfoundland and Labrador,Payroll employees,180035.0
2020-10,Newfoundland and Labrador,Job vacancy rate,3.1
2020-10,Prince Edward Island,Job vacancies,2130.0
2020-10,Prince Edward Island,Payroll employees,62725.0
2020-10,Prince Edward Island,Job vacancy rate,3.3
2020-10,Nova Scotia,Job vacancies,12975.0
2020-10,Nova Scotia,Payroll employees,401405.0
2020-10,Nova Scotia,Job vacancy rate,3.1
2020-10,New Brunswick,Job vacancies,12400.0
2020-10,New Brunswick,Payroll employees,304925.0
2020-10,New Brunswick,Job vacancy rate,3.9
2020-10,Quebec,Job vacancies,163205.0
2020-10,Quebec,Payroll employees,3522210.0
2020-10,Quebec,Job vacancy rate,4.4
2020-10,Ontario,Job vacancies,235275.0
2020-10,Ontario,Payroll employees,5856975.0
2020-10,Ontario,Job vacancy rate,3.9
2020-10,Manitoba,Job vacancies,20105.0
2020-10,Manitoba,Payroll employees,576060.0
2020-10,Manitoba,Job vacancy rate,3.4
2020-10,Saskatchewan,Job vacancies,12975.0
2020-10,Saskatchewan,Payroll employees,448830.0
2020-10,Saskatchewan,Job vacancy rate,2.8
2020-10,Alberta,Job vacancies,46780.0
2020-10,Alberta,Payroll employees,1783110.0
2020-10,Alberta,Job vacancy rate,2.6
2020-10,British Columbia,Job vacancies,105725.0
2020-10,British Columbia,Payroll employees,2110960.0
2020-10,British Columbia,Job vacancy rate,4.8
2020-10,Yukon,Job vacancies,830.0
2020-10,Yukon,Payroll employees,17585.0
2020-10,Yukon,Job vacancy rate,4.5
2020-10,Northwest Territories,Job vacancies,685.0
2020-10,Northwest Territories,Payroll employees,19420.0
2020-10,Northwest Territories,Job vacancy rate,3.4
2020-10,Nunavut,Job vacancies,375.0
2020-10,Nunavut,Payroll employees,14000.0
2020-10,Nunavut,Job vacancy rate,2.6
2020-11,Canada,Job vacancies,556570.0
2020-11,Canada,Payroll employees,15496080.0
2020-11,Canada,Job vacancy rate,3.5
2020-11,Newfoundland and Labrador,Job vacancies,5560.0
2020-11,Newfoundland and Labrador,Payroll employees,180420.0
2020-11,Newfoundland and Labrador,Job vacancy rate,3.0
2020-11,Prince Edward Island,Job vacancies,1945.0
2020-11,Prince Edward Island,Payroll employees,63270.0
2020-11,Prince Edward Island,Job vacancy rate,3.0
2020-11,Nova Scotia,Job vacancies,11805.0
2020-11,Nova Scotia,Payroll employees,413120.0
2020-11,Nova Scotia,Job vacancy rate,2.8
2020-11,New Brunswick,Job vacancies,11960.0
2020-11,New Brunswick,Payroll employees,307290.0
2020-11,New Brunswick,Job vacancy rate,3.7
2020-11,Quebec,Job vacancies,151070.0
2020-11,Quebec,Payroll employees,3541515.0
2020-11,Quebec,Job vacancy rate,4.1
2020-11,Ontario,Job vacancies,204155.0
2020-11,Ontario,Payroll employees,5961200.0
2020-11,Ontario,Job vacancy rate,3.3
2020-11,Manitoba,Job vacancies,13705.0
2020-11,Manitoba,Payroll employees,567935.0
2020-11,Manitoba,Job vacancy rate,2.4
2020-11,Saskatchewan,Job vacancies,9065.0
2020-11,Saskatchewan,Payroll employees,460150.0
2020-11,Saskatchewan,Job vacancy rate,1.9
2020-11,Alberta,Job vacancies,53870.0
2020-11,Alberta,Payroll employees,1818260.0
2020-11,Alberta,Job vacancy rate,2.9
2020-11,British Columbia,Job vacancies,91755.0
2020-11,British Columbia,Payroll employees,2131650.0
2020-11,British Columbia,Job vacancy rate,4.1
2020-11,Yukon,Job vacancies,830.0
2020-11,Yukon,Payroll employees,17420.0
2020-11,Yukon,Job vacancy rate,4.5
2020-11,Northwest Territories,Job vacancies,520.0
2020-11,Northwest Territories,Payroll employees,19760.0
2020-11,Northwest Territories,Job vacancy rate,2.6
2020-11,Nunavut,Job vacancies,
2020-11,Nunavut,Payroll employees,14100.0
2020-11,Nunavut,Job vacancy rate,
2020-12,Canada,Job vacancies,479335.0
2020-12,Canada,Payroll employees,15397405.0
2020-12,Canada,Job vacancy rate,3.0
2020-12,Newfoundland and Labrador,Job vacancies,3830.0
2020-12,Newfoundland and Labrador,Payroll employees,189565.0
2020-12,Newfoundland and Labrador,Job vacancy rate,2.0
2020-12,Prince Edward Island,Job vacancies,1350.0
2020-12,Prince Edward Island,Payroll employees,60210.0
2020-12,Prince Edward Island,Job vacancy rate,2.2
2020-12,Nova Scotia,Job vacancies,9795.0
2020-12,Nova Scotia,Payroll employees,389260.0
2020-12,Nova Scotia,Job vacancy rate,2.5
2020-12,New Brunswick,Job vacancies,9660.0
2020-12,New Brunswick,Payroll employees,301025.0
2020-12,New Brunswick,Job vacancy rate,3.1
2020-12,Quebec,Job vacancies,128740.0
2020-12,Quebec,Payroll employees,3490305.0
2020-12,Quebec,Job vacancy rate,3.6
2020-12,Ontario,Job vacancies,183700.0
2020-12,Ontario,Payroll employees,5958550.0
2020-12,Ontario,Job vacancy rate,3.0
2020-12,Manitoba,Job vacancies,16480.0
2020-12,Manitoba,Payroll employees,555125.0
2020-12,Manitoba,Job vacancy rate,2.9
2020-12,Saskatchewan,Job vacancies,9725.0
2020-12,Saskatchewan,Payroll employees,447390.0
2020-12,Saskatchewan,Job vacancy rate,2.1
2020-12,Alberta,Job vacancies,35415.0
2020-12,Alberta,Payroll employees,1825995.0
2020-12,Alberta,Job vacancy rate,1.9
2020-12,British Columbia,Job vacancies,79100.0
2020-12,British Columbia,Payroll employees,2129585.0
2020-12,British Columbia,Job vacancy rate,3.6
2020-12,Yukon,Job vacancies,
2020-12,Yukon,Payroll employees,16820.0
2020-12,Yukon,Job vacancy rate,
2020-12,Northwest Territories,Job vacancies,650.0
2020-12,Northwest Territories,Payroll employees,19500.0
2020-12,Northwest Territories,Job vacancy rate,3.2
2020-12,Nunavut,Job vacancies,
2020-12,Nunavut,Payroll employees,14080.0
2020-12,Nunavut,Job vacancy rate,
2021-01,Canada,Job vacancies,495540.0
2021-01,Canada,Payroll employees,15465290.0
2021-01,Canada,Job vacancy rate,3.1
2021-01,Newfoundland and Labrador,Job vacancies,3220.0
2021-01,Newfoundland and Labrador,Payroll employees,171955.0
2021-01,Newfoundland and Labrador,Job vacancy rate,1.8
2021-01,Prince Edward Island,Job vacancies,1605.0
2021-01,Prince Edward Island,Payroll employees,59495.0
2021-01,Prince Edward Island,Job vacancy rate,2.6
2021-01,Nova Scotia,Job vacancies,12070.0
2021-01,Nova Scotia,Payroll employees,403825.0
2021-01,Nova Scotia,Job vacancy rate,2.9
2021-01,New Brunswick,Job vacancies,9610.0
2021-01,New Brunswick,Payroll employees,295685.0
2021-01,New Brunswick,Job vacancy rate,3.1
2021-01,Quebec,Job vacancies,136900.0
2021-01,Quebec,Payroll employees,3487735.0
2021-01,Quebec,Job vacancy rate,3.8
2021-01,Ontario,Job vacancies,182775.0
2021-01,Ontario,Payroll employees,6004950.0
2021-01,Ontario,Job vacancy rate,3.0
2021-01,Manitoba,Job vacancies,14715.0
2021-01,Manitoba,Payroll employees,566695.0
2021-01,Manitoba,Job vacancy rate,2.5
2021-01,Saskatchewan,Job vacancies,10550.0
2021-01,Saskatchewan,Payroll employees,452260.0
2021-01,Saskatchewan,Job vacancy rate,2.3
2021-01,Alberta,Job vacancies,39425.0
2021-01,Alberta,Payroll employees,1806635.0
2021-01,Alberta,Job vacancy rate,2.1
2021-01,British Columbia,Job vacancies,82610.0
2021-01,British Columbia,Payroll employees,2165580.0
2021-01,British Columbia,Job vacancy rate,3.7
2021-01,Yukon,Job vacancies,855.0
2021-01,Yukon,Payroll employees,17050.0
2021-01,Yukon,Job vacancy rate,4.8
2021-01,Northwest Territories,Job vacancies,915.0
2021-01,Northwest Territories,Payroll employees,19710.0
2021-01,Northwest Territories,Job vacancy rate,4.4
2021-01,Nunavut,Job vacancies,300.0
2021-01,Nunavut,Payroll employees,13710.0
2021-01,Nunavut,Job vacancy rate,2.1
2021-02,Canada,Job vacancies,537390.0
2021-02,Canada,Payroll employees,14820290.0
2021-02,Canada,Job vacancy rate,3.5
2021-02,Newfoundland and Labrador,Job vacancies,4050.0
2021-02,Newfoundland and Labrador,Payroll employees,172875.0
2021-02,Newfoundland and Labrador,Job vacancy rate,2.3
2021-02,Prince Edward Island,Job vacancies,1140.0
2021-02,Prince Edward Island,Payroll employees,57010.0
2021-02,Prince Edward Island,Job vacancy rate,2.0
2021-02,Nova Scotia,Job vacancies,11470.0
2021-02,Nova Scotia,Payroll employees,407395.0
2021-02,Nova Scotia,Job vacancy rate,2.7
2021-02,New Brunswick,Job vacancies,8785.0
2021-02,New Brunswick,Payroll employees,285510.0
2021-02,New Brunswick,Job vacancy rate,3.0
2021-02,Quebec,Job vacancies,133125.0
2021-02,Quebec,Payroll employees,3300775.0
2021-02,Quebec,Job vacancy rate,3.9
2021-02,Ontario,Job vacancies,183670.0
2021-02,Ontario,Payroll employees,5742760.0
2021-02,Ontario,Job vacancy rate,3.1
2021-02,Manitoba,Job vacancies,16915.0
2021-02,Manitoba,Payroll employees,537720.0
2021-02,Manitoba,Job vacancy rate,3.1
2021-02,Saskatchewan,Job vacancies,12390.0
2021-02,Saskatchewan,Payroll employees,432570.0
2021-02,Saskatchewan,Job vacancy rate,2.8
2021-02,Alberta,Job vacancies,56400.0
2021-02,Alberta,Payroll employees,1748745.0
2021-02,Alberta,Job vacancy rate,3.1
2021-02,British Columbia,Job vacancies,107720.0
2021-02,British Columbia,Payroll employees,2086025.0
2021-02,British Columbia,Job vacancy rate,4.9
2021-02,Yukon,Job vacancies,505.0
2021-02,Yukon,Payroll employees,16210.0
2021-02,Yukon,Job vacancy rate,3.0
2021-02,Northwest Territories,Job vacancies,620.0
2021-02,Northwest Territories,Payroll employees,19130.0
2021-02,Northwest Territories,Job vacancy rate,3.1
2021-02,Nunavut,Job vacancies,
2021-02,Nunavut,Payroll employees,13560.0
2021-02,Nunavut,Job vacancy rate,
2021-03,Canada,Job vacancies,632075.0
2021-03,Canada,Payroll employees,14887490.0
2021-03,Canada,Job vacancy rate,4.1
2021-03,Newfoundland and Labrador,Job vacancies,4170.0
2021-03,Newfoundland and Labrador,Payroll employees,175645.0
2021-03,Newfoundland and Labrador,Job vacancy rate,2.3
2021-03,Prince Edward Island,Job vacancies,1605.0
2021-03,Prince Edward Island,Payroll employees,57130.0
2021-03,Prince Edward Island,Job vacancy rate,2.7
2021-03,Nova Scotia,Job vacancies,14255.0
2021-03,Nova Scotia,Payroll employees,384215.0
2021-03,Nova Scotia,Job vacancy rate,3.6
2021-03,New Brunswick,Job vacancies,9790.0
2021-03,New Brunswick,Payroll employees,280470.0
2021-03,New Brunswick,Job vacancy rate,3.4
2021-03,Quebec,Job vacancies,172795.0
2021-03,Quebec,Payroll employees,3373675.0
2021-03,Quebec,Job vacancy rate,4.9
2021-03,Ontario,Job vacancies,225100.0
2021-03,Ontario,Payroll employees,5715205.0
2021-03,Ontario,Job vacancy rate,3.8
2021-03,Manitoba,Job vacancies,20250.0
2021-03,Manitoba,Payroll employees,542775.0
2021-03,Manitoba,Job vacancy rate,3.6
2021-03,Saskatchewan,Job vacancies,13915.0
2021-03,Saskatchewan,Payroll employees,435945.0
2021-03,Saskatchewan,Job vacancy rate,3.1
2021-03,Alberta,Job vacancies,57555.0
2021-03,Alberta,Payroll employees,1776200.0
2021-03,Alberta,Job vacancy rate,3.1
2021-03,British Columbia,Job vacancies,110250.0
2021-03,British Columbia,Payroll employees,2095070.0
2021-03,British Columbia,Job vacancy rate,5.0
2021-03,Yukon,Job vacancies,1120.0
2021-03,Yukon,Payroll employees,16620.0
2021-03,Yukon,Job vacancy rate,6.3
2021-03,Northwest Territories,Job vacancies,
2021-03,Northwest Territories,Payroll employees,20170.0
2021-03,Northwest Territories,Job vacancy rate,
2021-03,Nunavut,Job vacancies,675.0
2021-03,Nunavut,Payroll employees,14380.0
2021-03,Nunavut,Job vacancy rate,4.5
2021-04,Canada,Job vacancies,693955.0
2021-04,Canada,Payroll employees,15166650.0
2021-04,Canada,Job vacancy rate,4.4
2021-04,Newfoundland and Labrador,Job vacancies,6400.0
2021-04,Newfoundland and Labrador,Payroll employees,160975.0
2021-04,Newfoundland and Labrador,Job vacancy rate,3.8
2021-04,Prince Edward Island,Job vacancies,3075.0
2021-04,Prince Edward Island,Payroll employees,57535.0
2021-04,Prince Edward Island,Job vacancy rate,5.1
2021-04,Nova Scotia,Job vacancies,13720.0
2021-04,Nova Scotia,Payroll employees,397435.0
2021-04,Nova Scotia,Job vacancy rate,3.3
2021-04,New Brunswick,Job vacancies,12360.0
2021-04,New Brunswick,Payroll employees,291090.0
2021-04,New Brunswick,Job vacancy rate,4.1
2021-04,Quebec,Job vacancies,194700.0
2021-04,Quebec,Payroll employees,3433550.0
2021-04,Quebec,Job vacancy rate,5.4
2021-04,Ontario,Job vacancies,253905.0
2021-04,Ontario,Payroll employees,5846565.0
2021-04,Ontario,Job vacancy rate,4.2
2021-04,Manitoba,Job vacancies,19915.0
2021-04,Manitoba,Payroll employees,573945.0
2021-04,Manitoba,Job vacancy rate,3.4
2021-04,Saskatchewan,Job vacancies,17055.0
2021-04,Saskatchewan,Payroll employees,435110.0
2021-04,Saskatchewan,Job vacancy rate,3.8
2021-04,Alberta,Job vacancies,61340.0
2021-04,Alberta,Payroll employees,1777925.0
2021-04,Alberta,Job vacancy rate,3.3
2021-04,British Columbia,Job vacancies,108680.0
2021-04,British Columbia,Payroll employees,2141055.0
2021-04,British Columbia,Job vacancy rate,4.8
2021-04,Yukon,Job vacancies,1185.0
2021-04,Yukon,Payroll employees,16605.0
2021-04,Yukon,Job vacancy rate,6.7
2021-04,Northwest Territories,Job vacancies,1125.0
2021-04,Northwest Territories,Payroll employees,20750.0
2021-04,Northwest Territories,Job vacancy rate,5.1
2021-04,Nunavut,Job vacancies,505.0
2021-04,Nunavut,Payroll employees,14110.0
2021-04,Nunavut,Job vacancy rate,3.5
2021-05,Canada,Job vacancies,706345.0
2021-05,Canada,Payroll employees,15404180.0
2021-05,Canada,Job vacancy rate,4.4
2021-05,Newfoundland and Labrador,Job vacancies,5750.0
2021-05,Newfoundland and Labrador,Payroll employees,181530.0
2021-05,Newfoundland and Labrador,Job vacancy rate,3.1
2021-05,Prince Edward Island,Job vacancies,3220.0
2021-05,Prince Edward Island,Payroll employees,60525.0
2021-05,Prince Edward Island,Job vacancy rate,5.1
2021-05,Nova Scotia,Job vacancies,14650.0
2021-05,Nova Scotia,Payroll employees,406955.0
2021-05,Nova Scotia,Job vacancy rate,3.5
2021-05,New Brunswick,Job vacancies,14515.0
2021-05,New Brunswick,Payroll employees,301740.0
2021-05,New Brunswick,Job vacancy rate,4.6
2021-05,Quebec,Job vacancies,188780.0
2021-05,Quebec,Payroll employees,3495535.0
2021-05,Quebec,Job vacancy rate,5.1
2021-05,Ontario,Job vacancies,245850.0
2021-05,Ontario,Payroll employees,5927235.0
2021-05,Ontario,Job vacancy rate,4.0
2021-05,Manitoba,Job vacancies,22985.0
2021-05,Manitoba,Payroll employees,563295.0
2021-05,Manitoba,Job vacancy rate,3.9
2021-05,Saskatchewan,Job vacancies,15030.0
2021-05,Saskatchewan,Payroll employees,455365.0
2021-05,Saskatchewan,Job vacancy rate,3.2
2021-05,Alberta,Job vacancies,67300.0
2021-05,Alberta,Payroll employees,1815065.0
2021-05,Alberta,Job vacancy rate,3.6
2021-05,British Columbia,Job vacancies,125735.0
2021-05,British Columbia,Payroll employees,2144980.0
2021-05,British Columbia,Job vacancy rate,5.5
2021-05,Yukon,Job vacancies,915.0
2021-05,Yukon,Payroll employees,16975.0
2021-05,Yukon,Job vacancy rate,5.1
2021-05,Northwest Territories,Job vacancies,885.0
2021-05,Northwest Territories,Payroll employees,20625.0
2021-05,Northwest Territories,Job vacancy rate,4.1
2021-05,Nunavut,Job vacancies,725.0
2021-05,Nunavut,Payroll employees,14360.0
2021-05,Nunavut,Job vacancy rate,4.8
2021-06,Canada,Job vacancies,797800.0
2021-06,Canada,Payroll employees,15388890.0
2021-06,Canada,Job vacancy rate,4.9
2021-06,Newfoundland and Labrador,Job vacancies,8535.0
2021-06,Newfoundland and Labrador,Payroll employees,190845.0
2021-06,Newfoundland and Labrador,Job vacancy rate,4.3
2021-06,Prince Edward Island,Job vacancies,3545.0
2021-06,Prince Edward Island,Payroll employees,65545.0
2021-06,Prince Edward Island,Job vacancy rate,5.1
2021-06,Nova Scotia,Job vacancies,15970.0
2021-06,Nova Scotia,Payroll employees,409295.0
2021-06,Nova Scotia,Job vacancy rate,3.8
2021-06,New Brunswick,Job vacancies,14780.0
2021-06,New Brunswick,Payroll employees,310520.0
2021-06,New Brunswick,Job vacancy rate,4.5
2021-06,Quebec,Job vacancies,207880.0
2021-06,Quebec,Payroll employees,3533785.0
2021-06,Quebec,Job vacancy rate,5.6
2021-06,Ontario,Job vacancies,288310.0
2021-06,Ontario,Payroll employees,5840790.0
2021-06,Ontario,Job vacancy rate,4.7
2021-06,Manitoba,Job vacancies,20625.0
2021-06,Manitoba,Payroll employees,566670.0
2021-06,Manitoba,Job vacancy rate,3.5
2021-06,Saskatchewan,Job vacancies,19460.0
2021-06,Saskatchewan,Payroll employees,453515.0
2021-06,Saskatchewan,Job vacancy rate,4.1
2021-06,Alberta,Job vacancies,78435.0
2021-06,Alberta,Payroll employees,1826940.0
2021-06,Alberta,Job vacancy rate,4.1
2021-06,British Columbia,Job vacancies,136145.0
2021-06,British Columbia,Payroll employees,2139120.0
2021-06,British Columbia,Job vacancy rate,6.0
2021-06,Yukon,Job vacancies,1970.0
2021-06,Yukon,Payroll employees,17630.0
2021-06,Yukon,Job vacancy rate,10.0
2021-06,Northwest Territories,Job vacancies,1055.0
2021-06,Northwest Territories,Payroll employees,20190.0
2021-06,Northwest Territories,Job vacancy rate,5.0
2021-06,Nunavut,Job vacancies,
2021-06,Nunavut,Payroll employees,14040.0
2021-06,Nunavut,Job vacancy rate,
2021-07,Canada,Job vacancies,830450.0
2021-07,Canada,Payroll employees,15863305.0
2021-07,Canada,Job vacancy rate,5.0
2021-07,Newfoundland and Labrador,Job vacancies,6140.0
2021-07,Newfoundland and Labrador,Payroll employees,189480.0
2021-07,Newfoundland and Labrador,Job vacancy rate,3.1
2021-07,Prince Edward Island,Job vacancies,2315.0
2021-07,Prince Edward Island,Payroll employees,68005.0
2021-07,Prince Edward Island,Job vacancy rate,3.3
2021-07,Nova Scotia,Job vacancies,14660.0
2021-07,Nova Scotia,Payroll employees,416780.0
2021-07,Nova Scotia,Job vacancy rate,3.4
2021-07,New Brunswick,Job vacancies,12015.0
2021-07,New Brunswick,Payroll employees,308455.0
2021-07,New Brunswick,Job vacancy rate,3.7
2021-07,Quebec,Job vacancies,226635.0
2021-07,Quebec,Payroll employees,3705280.0
2021-07,Quebec,Job vacancy rate,5.8
2021-07,Ontario,Job vacancies,315020.0
2021-07,Ontario,Payroll employees,6012570.0
2021-07,Ontario,Job vacancy rate,5.0
2021-07,Manitoba,Job vacancies,19590.0
2021-07,Manitoba,Payroll employees,594420.0
2021-07,Manitoba,Job vacancy rate,3.2
2021-07,Saskatchewan,Job vacancies,20270.0
2021-07,Saskatchewan,Payroll employees,462965.0
2021-07,Saskatchewan,Job vacancy rate,4.2
2021-07,Alberta,Job vacancies,71775.0
2021-07,Alberta,Payroll employees,1848140.0
2021-07,Alberta,Job vacancy rate,3.7
2021-07,British Columbia,Job vacancies,138840.0
2021-07,British Columbia,Payroll employees,2203650.0
2021-07,British Columbia,Job vacancy rate,5.9
2021-07,Yukon,Job vacancies,1410.0
2021-07,Yukon,Payroll employees,18590.0
2021-07,Yukon,Job vacancy rate,7.0
2021-07,Northwest Territories,Job vacancies,1385.0
2021-07,Northwest Territories,Payroll employees,21275.0
2021-07,Northwest Territories,Job vacancy rate,6.1
2021-07,Nunavut,Job vacancies,
2021-07,Nunavut,Payroll employees,13685.0
2021-07,Nunavut,Job vacancy rate,
2021-08,Canada,Job vacancies,919835.0
2021-08,Canada,Payroll employees,15932550.0
2021-08,Canada,Job vacancy rate,5.5
2021-08,Newfoundland and Labrador,Job vacancies,7105.0
2021-08,Newfoundland and Labrador,Payroll employees,196400.0
2021-08,Newfoundland and Labrador,Job vacancy rate,3.5
2021-08,Prince Edward Island,Job vacancies,3060.0
2021-08,Prince Edward Island,Payroll employees,67110.0
2021-08,Prince Edward Island,Job vacancy rate,4.4
2021-08,Nova Scotia,Job vacancies,18810.0
2021-08,Nova Scotia,Payroll employees,432450.0
2021-08,Nova Scotia,Job vacancy rate,4.2
2021-08,New Brunswick,Job vacancies,15480.0
2021-08,New Brunswick,Payroll employees,322270.0
2021-08,New Brunswick,Job vacancy rate,4.6
2021-08,Quebec,Job vacancies,229625.0
2021-08,Quebec,Payroll employees,3651750.0
2021-08,Quebec,Job vacancy rate,5.9
2021-08,Ontario,Job vacancies,337420.0
2021-08,Ontario,Payroll employees,6099540.0
2021-08,Ontario,Job vacancy rate,5.2
2021-08,Manitoba,Job vacancies,23890.0
2021-08,Manitoba,Payroll employees,570655.0
2021-08,Manitoba,Job vacancy rate,4.0
2021-08,Saskatchewan,Job vacancies,20910.0
2021-08,Saskatchewan,Payroll employees,455720.0
2021-08,Saskatchewan,Job vacancy rate,4.4
2021-08,Alberta,Job vacancies,99445.0
2021-08,Alberta,Payroll employees,1883325.0
2021-08,Alberta,Job vacancy rate,5.0
2021-08,British Columbia,Job vacancies,160925.0
2021-08,British Columbia,Payroll employees,2199840.0
2021-08,British Columbia,Job vacancy rate,6.8
2021-08,Yukon,Job vacancies,1145.0
2021-08,Yukon,Payroll employees,18075.0
2021-08,Yukon,Job vacancy rate,5.9
2021-08,Northwest Territories,Job vacancies,1335.0
2021-08,Northwest Territories,Payroll employees,21300.0
2021-08,Northwest Territories,Job vacancy rate,5.9
2021-08,Nunavut,Job vacancies,680.0
2021-08,Nunavut,Payroll employees,14120.0
2021-08,Nunavut,Job vacancy rate,4.6
2021-09,Canada,Job vacancies,988655.0
2021-09,Canada,Payroll employees,15794110.0
2021-09,Canada,Job vacancy rate,5.9
2021-09,Newfoundland and Labrador,Job vacancies,7805.0
2021-09,Newfoundland and Labrador,Payroll employees,192800.0
2021-09,Newfoundland and Labrador,Job vacancy rate,3.9
2021-09,Prince Edward Island,Job vacancies,3295.0
2021-09,Prince Edward Island,Payroll employees,65140.0
2021-09,Prince Edward Island,Job vacancy rate,4.8
2021-09,Nova Scotia,Job vacancies,20490.0
2021-09,Nova Scotia,Payroll employees,411055.0
2021-09,Nova Scotia,Job vacancy rate,4.7
2021-09,New Brunswick,Job vacancies,19225.0
2021-09,New Brunswick,Payroll employees,331100.0
2021-09,New Brunswick,Job vacancy rate,5.5
2021-09,Quebec,Job vacancies,266290.0
2021-09,Quebec,Payroll employees,3585755.0
2021-09,Quebec,Job vacancy rate,6.9
2021-09,Ontario,Job vacancies,356915.0
2021-09,Ontario,Payroll employees,6075500.0
2021-09,Ontario,Job vacancy rate,5.5
2021-09,Manitoba,Job vacancies,26115.0
2021-09,Manitoba,Payroll employees,560680.0
2021-09,Manitoba,Job vacancy rate,4.5
2021-09,Saskatchewan,Job vacancies,21900.0
2021-09,Saskatchewan,Payroll employees,447460.0
2021-09,Saskatchewan,Job vacancy rate,4.7
2021-09,Alberta,Job vacancies,92700.0
2021-09,Alberta,Payroll employees,1891315.0
2021-09,Alberta,Job vacancy rate,4.7
2021-09,British Columbia,Job vacancies,170485.0
2021-09,British Columbia,Payroll employees,2178835.0
2021-09,British Columbia,Job vacancy rate,7.3
2021-09,Yukon,Job vacancies,1400.0
2021-09,Yukon,Payroll employees,18825.0
2021-09,Yukon,Job vacancy rate,6.9
2021-09,Northwest Territories,Job vacancies,1380.0
2021-09,Northwest Territories,Payroll employees,21415.0
2021-09,Northwest Territories,Job vacancy rate,6.0
2021-09,Nunavut,Job vacancies,
2021-09,Nunavut,Payroll employees,14230.0
2021-09,Nunavut,Job vacancy rate,
2021-10,Canada,Job vacancies,964130.0
2021-10,Canada,Payroll employees,16229995.0
2021-10,Canada,Job vacancy rate,5.6
2021-10,Newfoundland and Labrador,Job vacancies,8995.0
2021-10,Newfoundland and Labrador,Payroll employees,190715.0
2021-10,Newfoundland and Labrador,Job vacancy rate,4.5
2021-10,Prince Edward Island,Job vacancies,3915.0
2021-10,Prince Edward Island,Payroll employees,68040.0
2021-10,Prince Edward Island,Job vacancy rate,5.4
2021-10,Nova Scotia,Job vacancies,21060.0
2021-10,Nova Scotia,Payroll employees,417770.0
2021-10,Nova Scotia,Job vacancy rate,4.8
2021-10,New Brunswick,Job vacancies,13930.0
2021-10,New Brunswick,Payroll employees,311755.0
2021-10,New Brunswick,Job vacancy rate,4.3
2021-10,Quebec,Job vacancies,242985.0
2021-10,Quebec,Payroll employees,3723730.0
2021-10,Quebec,Job vacancy rate,6.1
2021-10,Ontario,Job vacancies,375960.0
2021-10,Ontario,Payroll employees,6232280.0
2021-10,Ontario,Job vacancy rate,5.7
2021-10,Manitoba,Job vacancies,25790.0
2021-10,Manitoba,Payroll employees,590340.0
2021-10,Manitoba,Job vacancy rate,4.2
2021-10,Saskatchewan,Job vacancies,20435.0
2021-10,Saskatchewan,Payroll employees,471940.0
2021-10,Saskatchewan,Job vacancy rate,4.2
2021-10,Alberta,Job vacancies,94300.0
2021-10,Alberta,Payroll employees,1901965.0
2021-10,Alberta,Job vacancy rate,4.7
2021-10,British Columbia,Job vacancies,152640.0
2021-10,British Columbia,Payroll employees,2266450.0
2021-10,British Columbia,Job vacancy rate,6.3
2021-10,Yukon,Job vacancies,1475.0
2021-10,Yukon,Payroll employees,18965.0
2021-10,Yukon,Job vacancy rate,7.2
2021-10,Northwest Territories,Job vacancies,
2021-10,Northwest Territories,Payroll employees,21475.0
2021-10,Northwest Territories,Job vacancy rate,
2021-10,Nunavut,Job vacancies,535.0
2021-10,Nunavut,Payroll employees,14570.0
2021-10,Nunavut,Job vacancy rate,3.5
2021-11,Canada,Job vacancies,894550.0
2021-11,Canada,Payroll employees,16352815.0
2021-11,Canada,Job vacancy rate,5.2
2021-11,Newfoundland and Labrador,Job vacancies,5225.0
2021-11,Newfoundland and Labrador,Payroll employees,192440.0
2021-11,Newfoundland and Labrador,Job vacancy rate,2.6
2021-11,Prince Edward Island,Job vacancies,3720.0
2021-11,Prince Edward Island,Payroll employees,67560.0
2021-11,Prince Edward Island,Job vacancy rate,5.2
2021-11,Nova Scotia,Job vacancies,21440.0
2021-11,Nova Scotia,Payroll employees,433575.0
2021-11,Nova Scotia,Job vacancy rate,4.7
2021-11,New Brunswick,Job vacancies,13130.0
2021-11,New Brunswick,Payroll employees,312585.0
2021-11,New Brunswick,Job vacancy rate,4.0
2021-11,Quebec,Job vacancies,241665.0
2021-11,Quebec,Payroll employees,3720370.0
2021-11,Quebec,Job vacancy rate,6.1
2021-11,Ontario,Job vacancies,331500.0
2021-11,Ontario,Payroll employees,6306630.0
2021-11,Ontario,Job vacancy rate,5.0
2021-11,Manitoba,Job vacancies,26810.0
2021-11,Manitoba,Payroll employees,586020.0
2021-11,Manitoba,Job vacancy rate,4.4
2021-11,Saskatchewan,Job vacancies,18370.0
2021-11,Saskatchewan,Payroll employees,474760.0
2021-11,Saskatchewan,Job vacancy rate,3.7
2021-11,Alberta,Job vacancies,89525.0
2021-11,Alberta,Payroll employees,1930415.0
2021-11,Alberta,Job vacancy rate,4.4
2021-11,British Columbia,Job vacancies,139970.0
2021-11,British Columbia,Payroll employees,2273995.0
2021-11,British Columbia,Job vacancy rate,5.8
2021-11,Yukon,Job vacancies,1300.0
2021-11,Yukon,Payroll employees,18705.0
2021-11,Yukon,Job vacancy rate,6.5
2021-11,Northwest Territories,Job vacancies,1375.0
2021-11,Northwest Territories,Payroll employees,21105.0
2021-11,Northwest Territories,Job vacancy rate,6.1
2021-11,Nunavut,Job vacancies,520.0
2021-11,Nunavut,Payroll employees,14655.0
2021-11,Nunavut,Job vacancy rate,3.4
2021-12,Canada,Job vacancies,878040.0
2021-12,Canada,Payroll employees,16346360.0
2021-12,Canada,Job vacancy rate,5.1
2021-12,Newfoundland and Labrador,Job vacancies,6370.0
2021-12,Newfoundland and Labrador,Payroll employees,192835.0
2021-12,Newfoundland and Labrador,Job vacancy rate,3.2
2021-12,Prince Edward Island,Job vacancies,2665.0
2021-12,Prince Edward Island,Payroll employees,64935.0
2021-12,Prince Edward Island,Job vacancy rate,3.9
2021-12,Nova Scotia,Job vacancies,17320.0
2021-12,Nova Scotia,Payroll employees,417940.0
2021-12,Nova Scotia,Job vacancy rate,4.0
2021-12,New Brunswick,Job vacancies,14285.0
2021-12,New Brunswick,Payroll employees,317005.0
2021-12,New Brunswick,Job vacancy rate,4.3
2021-12,Quebec,Job vacancies,233280.0
2021-12,Quebec,Payroll employees,3720080.0
2021-12,Quebec,Job vacancy rate,5.9
2021-12,Ontario,Job vacancies,335800.0
2021-12,Ontario,Payroll employees,6330125.0
2021-12,Ontario,Job vacancy rate,5.0
2021-12,Manitoba,Job vacancies,21225.0
2021-12,Manitoba,Payroll employees,582430.0
2021-12,Manitoba,Job vacancy rate,3.5
2021-12,Saskatchewan,Job vacancies,20850.0
2021-12,Saskatchewan,Payroll employees,469110.0
2021-12,Saskatchewan,Job vacancy rate,4.3
2021-12,Alberta,Job vacancies,72265.0
2021-12,Alberta,Payroll employees,1932390.0
2021-12,Alberta,Job vacancy rate,3.6
2021-12,British Columbia,Job vacancies,151730.0
2021-12,British Columbia,Payroll employees,2265280.0
2021-12,British Columbia,Job vacancy rate,6.3
2021-12,Yukon,Job vacancies,930.0
2021-12,Yukon,Payroll employees,18250.0
2021-12,Yukon,Job vacancy rate,4.8
2021-12,Northwest Territories,Job vacancies,950.0
2021-12,Northwest Territories,Payroll employees,20620.0
2021-12,Northwest Territories,Job vacancy rate,4.4
2021-12,Nunavut,Job vacancies,380.0
2021-12,Nunavut,Payroll employees,15350.0
2021-12,Nunavut,Job vacancy rate,2.4
2022-01,Canada,Job vacancies,853450.0
2022-01,Canada,Payroll employees,16490985.0
2022-01,Canada,Job vacancy rate,4.9
2022-01,Newfoundland and Labrador,Job vacancies,4590.0
2022-01,Newfoundland and Labrador,Payroll employees,190105.0
2022-01,Newfoundland and Labrador,Job vacancy rate,2.4
2022-01,Prince Edward Island,Job vacancies,2300.0
2022-01,Prince Edward Island,Payroll employees,64195.0
2022-01,Prince Edward Island,Job vacancy rate,3.5
2022-01,Nova Scotia,Job vacancies,16590.0
2022-01,Nova Scotia,Payroll employees,415840.0
2022-01,Nova Scotia,Job vacancy rate,3.8
2022-01,New Brunswick,Job vacancies,12205.0
2022-01,New Brunswick,Payroll employees,316000.0
2022-01,New Brunswick,Job vacancy rate,3.7
2022-01,Quebec,Job vacancies,217760.0
2022-01,Quebec,Payroll employees,3723500.0
2022-01,Quebec,Job vacancy rate,5.5
2022-01,Ontario,Job vacancies,320875.0
2022-01,Ontario,Payroll employees,6410010.0
2022-01,Ontario,Job vacancy rate,4.8
2022-01,Manitoba,Job vacancies,25635.0
2022-01,Manitoba,Payroll employees,610505.0
2022-01,Manitoba,Job vacancy rate,4.0
2022-01,Saskatchewan,Job vacancies,20155.0
2022-01,Saskatchewan,Payroll employees,477445.0
2022-01,Saskatchewan,Job vacancy rate,4.1
2022-01,Alberta,Job vacancies,84545.0
2022-01,Alberta,Payroll employees,1921910.0
2022-01,Alberta,Job vacancy rate,4.2
2022-01,British Columbia,Job vacancies,145275.0
2022-01,British Columbia,Payroll employees,2306795.0
2022-01,British Columbia,Job vacancy rate,5.9
2022-01,Yukon,Job vacancies,1310.0
2022-01,Yukon,Payroll employees,18375.0
2022-01,Yukon,Job vacancy rate,6.7
2022-01,Northwest Territories,Job vacancies,1590.0
2022-01,Northwest Territories,Payroll employees,20960.0
2022-01,Northwest Territories,Job vacancy rate,7.0
2022-01,Nunavut,Job vacancies,625.0
2022-01,Nunavut,Payroll employees,15345.0
2022-01,Nunavut,Job vacancy rate,3.9
2022-02,Canada,Job vacancies,833725.0
2022-02,Canada,Payroll employees,15950840.0
2022-02,Canada,Job vacancy rate,5.0
2022-02,Newfoundland and Labrador,Job vacancies,5625.0
2022-02,Newfoundland and Labrador,Payroll employees,179365.0
2022-02,Newfoundland and Labrador,Job vacancy rate,3.0
2022-02,Prince Edward Island,Job vacancies,2850.0
2022-02,Prince Edward Island,Payroll employees,60235.0
2022-02,Prince Edward Island,Job vacancy rate,4.5
2022-02,Nova Scotia,Job vacancies,16545.0
2022-02,Nova Scotia,Payroll employees,406495.0
2022-02,Nova Scotia,Job vacancy rate,3.9
2022-02,New Brunswick,Job vacancies,13205.0
2022-02,New Brunswick,Payroll employees,295680.0
2022-02,New Brunswick,Job vacancy rate,4.3
2022-02,Quebec,Job vacancies,214130.0
2022-02,Quebec,Payroll employees,3574890.0
2022-02,Quebec,Job vacancy rate,5.7
2022-02,Ontario,Job vacancies,314640.0
2022-02,Ontario,Payroll employees,6203820.0
2022-02,Ontario,Job vacancy rate,4.8
2022-02,Manitoba,Job vacancies,25125.0
2022-02,Manitoba,Payroll employees,571440.0
2022-02,Manitoba,Job vacancy rate,4.2
2022-02,Saskatchewan,Job vacancies,18780.0
2022-02,Saskatchewan,Payroll employees,471680.0
2022-02,Saskatchewan,Job vacancy rate,3.8
2022-02,Alberta,Job vacancies,89715.0
2022-02,Alberta,Payroll employees,1888660.0
2022-02,Alberta,Job vacancy rate,4.5
2022-02,British Columbia,Job vacancies,130830.0
2022-02,British Columbia,Payroll employees,2246955.0
2022-02,British Columbia,Job vacancy rate,5.5
2022-02,Yukon,Job vacancies,1135.0
2022-02,Yukon,Payroll employees,17005.0
2022-02,Yukon,Job vacancy rate,6.2
2022-02,Northwest Territories,Job vacancies,710.0
2022-02,Northwest Territories,Payroll employees,20540.0
2022-02,Northwest Territories,Job vacancy rate,3.3
2022-02,Nunavut,Job vacancies,435.0
2022-02,Nunavut,Payroll employees,14080.0
2022-02,Nunavut,Job vacancy rate,3.0
2022-03,Canada,Job vacancies,977565.0
2022-03,Canada,Payroll employees,16073245.0
2022-03,Canada,Job vacancy rate,5.7
2022-03,Newfoundland and Labrador,Job vacancies,7790.0
2022-03,Newfoundland and Labrador,Payroll employees,176280.0
2022-03,Newfoundland and Labrador,Job vacancy rate,4.2
2022-03,Prince Edward Island,Job vacancies,3190.0
2022-03,Prince Edward Island,Payroll employees,60590.0
2022-03,Prince Edward Island,Job vacancy rate,5.0
2022-03,Nova Scotia,Job vacancies,22550.0
2022-03,Nova Scotia,Payroll employees,412775.0
2022-03,Nova Scotia,Job vacancy rate,5.2
2022-03,New Brunswick,Job vacancies,14915.0
2022-03,New Brunswick,Payroll employees,301850.0
2022-03,New Brunswick,Job vacancy rate,4.7
2022-03,Quebec,Job vacancies,241420.0
2022-03,Quebec,Payroll employees,3631270.0
2022-03,Quebec,Job vacancy rate,6.2
2022-03,Ontario,Job vacancies,362665.0
2022-03,Ontario,Payroll employees,6233760.0
2022-03,Ontario,Job vacancy rate,5.5
2022-03,Manitoba,Job vacancies,29195.0
2022-03,Manitoba,Payroll employees,569855.0
2022-03,Manitoba,Job vacancy rate,4.9
2022-03,Saskatchewan,Job vacancies,25830.0
2022-03,Saskatchewan,Payroll employees,459240.0
2022-03,Saskatchewan,Job vacancy rate,5.3
2022-03,Alberta,Job vacancies,93630.0
2022-03,Alberta,Payroll employees,1911890.0
2022-03,Alberta,Job vacancy rate,4.7
2022-03,British Columbia,Job vacancies,173835.0
2022-03,British Columbia,Payroll employees,2262745.0
2022-03,British Columbia,Job vacancy rate,7.1
2022-03,Yukon,Job vacancies,895.0
2022-03,Yukon,Payroll employees,17110.0
2022-03,Yukon,Job vacancy rate,5.0
2022-03,Northwest Territories,Job vacancies,1260.0
2022-03,Northwest Territories,Payroll employees,20935.0
2022-03,Northwest Territories,Job vacancy rate,5.7
2022-03,Nunavut,Job vacancies,
2022-03,Nunavut,Payroll employees,14945.0
2022-03,Nunavut,Job vacancy rate,
2022-04,Canada,Job vacancies,1034280.0
2022-04,Canada,Payroll employees,16242675.0
2022-04,Canada,Job vacancy rate,6.0
2022-04,Newfoundland and Labrador,Job vacancies,9065.0
2022-04,Newfoundland and Labrador,Payroll employees,206605.0
2022-04,Newfoundland and Labrador,Job vacancy rate,4.2
2022-04,Prince Edward Island,Job vacancies,4195.0
2022-04,Prince Edward Island,Payroll employees,61430.0
2022-04,Prince Edward Island,Job vacancy rate,6.4
2022-04,Nova Scotia,Job vacancies,21155.0
2022-04,Nova Scotia,Payroll employees,389675.0
2022-04,Nova Scotia,Job vacancy rate,5.1
2022-04,New Brunswick,Job vacancies,16080.0
2022-04,New Brunswick,Payroll employees,289245.0
2022-04,New Brunswick,Job vacancy rate,5.3
2022-04,Quebec,Job vacancies,244930.0
2022-04,Quebec,Payroll employees,3709340.0
2022-04,Quebec,Job vacancy rate,6.2
2022-04,Ontario,Job vacancies,399575.0
2022-04,Ontario,Payroll employees,6292980.0
2022-04,Ontario,Job vacancy rate,6.0
2022-04,Manitoba,Job vacancies,27705.0
2022-04,Manitoba,Payroll employees,592215.0
2022-04,Manitoba,Job vacancy rate,4.5
2022-04,Saskatchewan,Job vacancies,24110.0
2022-04,Saskatchewan,Payroll employees,462340.0
2022-04,Saskatchewan,Job vacancy rate,5.0
2022-04,Alberta,Job vacancies,115630.0
2022-04,Alberta,Payroll employees,1896250.0
2022-04,Alberta,Job vacancy rate,5.7
2022-04,British Columbia,Job vacancies,168050.0
2022-04,British Columbia,Payroll employees,2288850.0
2022-04,British Columbia,Job vacancy rate,6.8
2022-04,Yukon,Job vacancies,1895.0
2022-04,Yukon,Payroll employees,17410.0
2022-04,Yukon,Job vacancy rate,9.8
2022-04,Northwest Territories,Job vacancies,1530.0
2022-04,Northwest Territories,Payroll employees,21285.0
2022-04,Northwest Territories,Job vacancy rate,6.7
2022-04,Nunavut,Job vacancies,355.0
2022-04,Nunavut,Payroll employees,15060.0
2022-04,Nunavut,Job vacancy rate,2.3
2022-05,Canada,Job vacancies,1037195.0
2022-05,Canada,Payroll employees,16479550.0
2022-05,Canada,Job vacancy rate,5.9
2022-05,Newfoundland and Labrador,Job vacancies,9705.0
2022-05,Newfoundland and Labrador,Payroll employees,183310.0
2022-05,Newfoundland and Labrador,Job vacancy rate,5.0
2022-05,Prince Edward Island,Job vacancies,5570.0
2022-05,Prince Edward Island,Payroll employees,64435.0
2022-05,Prince Edward Island,Job vacancy rate,8.0
2022-05,Nova Scotia,Job vacancies,23905.0
2022-05,Nova Scotia,Payroll employees,438380.0
2022-05,Nova Scotia,Job vacancy rate,5.2
2022-05,New Brunswick,Job vacancies,18180.0
2022-05,New Brunswick,Payroll employees,304380.0
2022-05,New Brunswick,Job vacancy rate,5.6
2022-05,Quebec,Job vacancies,258655.0
2022-05,Quebec,Payroll employees,3727045.0
2022-05,Quebec,Job vacancy rate,6.5
2022-05,Ontario,Job vacancies,383315.0
2022-05,Ontario,Payroll employees,6397090.0
2022-05,Ontario,Job vacancy rate,5.7
2022-05,Manitoba,Job vacancies,32110.0
2022-05,Manitoba,Payroll employees,583940.0
2022-05,Manitoba,Job vacancy rate,5.2
2022-05,Saskatchewan,Job vacancies,26650.0
2022-05,Saskatchewan,Payroll employees,475310.0
2022-05,Saskatchewan,Job vacancy rate,5.3
2022-05,Alberta,Job vacancies,108930.0
2022-05,Alberta,Payroll employees,1937875.0
2022-05,Alberta,Job vacancy rate,5.3
2022-05,British Columbia,Job vacancies,166085.0
2022-05,British Columbia,Payroll employees,2313750.0
2022-05,British Columbia,Job vacancy rate,6.7
2022-05,Yukon,Job vacancies,1745.0
2022-05,Yukon,Payroll employees,17760.0
2022-05,Yukon,Job vacancy rate,8.9
2022-05,Northwest Territories,Job vacancies,1605.0
2022-05,Northwest Territories,Payroll employees,21090.0
2022-05,Northwest Territories,Job vacancy rate,7.1
2022-05,Nunavut,Job vacancies,735.0
2022-05,Nunavut,Payroll employees,15180.0
2022-05,Nunavut,Job vacancy rate,4.6
2022-06,Canada,Job vacancies,1020615.0
2022-06,Canada,Payroll employees,16679225.0
2022-06,Canada,Job vacancy rate,5.8
2022-06,Newfoundland and Labrador,Job vacancies,8615.0
2022-06,Newfoundland and Labrador,Payroll employees,199990.0
2022-06,Newfoundland and Labrador,Job vacancy rate,4.1
2022-06,Prince Edward Island,Job vacancies,3510.0
2022-06,Prince Edward Island,Payroll employees,71000.0
2022-06,Prince Edward Island,Job vacancy rate,4.7
2022-06,Nova Scotia,Job vacancies,23410.0
2022-06,Nova Scotia,Payroll employees,434995.0
2022-06,Nova Scotia,Job vacancy rate,5.1
2022-06,New Brunswick,Job vacancies,15595.0
2022-06,New Brunswick,Payroll employees,335480.0
2022-06,New Brunswick,Job vacancy rate,4.4
2022-06,Quebec,Job vacancies,260615.0
2022-06,Quebec,Payroll employees,3768160.0
2022-06,Quebec,Job vacancy rate,6.5
2022-06,Ontario,Job vacancies,370740.0
2022-06,Ontario,Payroll employees,6446940.0
2022-06,Ontario,Job vacancy rate,5.4
2022-06,Manitoba,Job vacancies,28230.0
2022-06,Manitoba,Payroll employees,587525.0
2022-06,Manitoba,Job vacancy rate,4.6
2022-06,Saskatchewan,Job vacancies,26800.0
2022-06,Saskatchewan,Payroll employees,475980.0
2022-06,Saskatchewan,Job vacancy rate,5.3
2022-06,Alberta,Job vacancies,102420.0
2022-06,Alberta,Payroll employees,1981810.0
2022-06,Alberta,Job vacancy rate,4.9
2022-06,British Columbia,Job vacancies,177525.0
2022-06,British Columbia,Payroll employees,2323265.0
2022-06,British Columbia,Job vacancy rate,7.1
2022-06,Yukon,Job vacancies,1520.0
2022-06,Yukon,Payroll employees,18355.0
2022-06,Yukon,Job vacancy rate,7.6
2022-06,Northwest Territories,Job vacancies,
2022-06,Northwest Territories,Payroll employees,20790.0
2022-06,Northwest Territories,Job vacancy rate,
2022-06,Nunavut,Job vacancies,
2022-06,Nunavut,Payroll employees,14935.0
2022-06,Nunavut,Job vacancy rate,
2022-07,Canada,Job vacancies,999995.0
2022-07,Canada,Payroll employees,17064035.0
2022-07,Canada,Job vacancy rate,5.5
2022-07,Newfoundland and Labrador,Job vacancies,9675.0
2022-07,Newfoundland and Labrador,Payroll employees,205760.0
2022-07,Newfoundland and Labrador,Job vacancy rate,4.5
2022-07,Prince Edward Island,Job vacancies,3495.0
2022-07,Prince Edward Island,Payroll employees,73840.0
2022-07,Prince Edward Island,Job vacancy rate,4.5
2022-07,Nova Scotia,Job vacancies,21920.0
2022-07,Nova Scotia,Payroll employees,441270.0
2022-07,Nova Scotia,Job vacancy rate,4.7
2022-07,New Brunswick,Job vacancies,15365.0
2022-07,New Brunswick,Payroll employees,323770.0
2022-07,New Brunswick,Job vacancy rate,4.5
2022-07,Quebec,Job vacancies,255510.0
2022-07,Quebec,Payroll employees,3906255.0
2022-07,Quebec,Job vacancy rate,6.1
2022-07,Ontario,Job vacancies,369635.0
2022-07,Ontario,Payroll employees,6582080.0
2022-07,Ontario,Job vacancy rate,5.3
2022-07,Manitoba,Job vacancies,31710.0
2022-07,Manitoba,Payroll employees,620190.0
2022-07,Manitoba,Job vacancy rate,4.9
2022-07,Saskatchewan,Job vacancies,24740.0
2022-07,Saskatchewan,Payroll employees,489900.0
2022-07,Saskatchewan,Job vacancy rate,4.8
2022-07,Alberta,Job vacancies,104955.0
2022-07,Alberta,Payroll employees,1988475.0
2022-07,Alberta,Job vacancy rate,5.0
2022-07,British Columbia,Job vacancies,159015.0
2022-07,British Columbia,Payroll employees,2375955.0
2022-07,British Columbia,Job vacancy rate,6.3
2022-07,Yukon,Job vacancies,1440.0
2022-07,Yukon,Payroll employees,19540.0
2022-07,Yukon,Job vacancy rate,6.9
2022-07,Northwest Territories,Job vacancies,2155.0
2022-07,Northwest Territories,Payroll employees,21770.0
2022-07,Northwest Territories,Job vacancy rate,9.0
2022-07,Nunavut,Job vacancies,
2022-07,Nunavut,Payroll employees,15230.0
2022-07,Nunavut,Job vacancy rate,
2022-08,Canada,Job vacancies,974450.0
2022-08,Canada,Payroll employees,16846600.0
2022-08,Canada,Job vacancy rate,5.5
2022-08,Newfoundland and Labrador,Job vacancies,7895.0
2022-08,Newfoundland and Labrador,Payroll employees,204110.0
2022-08,Newfoundland and Labrador,Job vacancy rate,3.7
2022-08,Prince Edward Island,Job vacancies,5340.0
2022-08,Prince Edward Island,Payroll employees,72100.0
2022-08,Prince Edward Island,Job vacancy rate,6.9
2022-08,Nova Scotia,Job vacancies,22710.0
2022-08,Nova Scotia,Payroll employees,442005.0
2022-08,Nova Scotia,Job vacancy rate,4.9
2022-08,New Brunswick,Job vacancies,17120.0
2022-08,New Brunswick,Payroll employees,332575.0
2022-08,New Brunswick,Job vacancy rate,4.9
2022-08,Quebec,Job vacancies,237950.0
2022-08,Quebec,Payroll employees,3816770.0
2022-08,Quebec,Job vacancy rate,5.9
2022-08,Ontario,Job vacancies,364995.0
2022-08,Ontario,Payroll employees,6512450.0
2022-08,Ontario,Job vacancy rate,5.3
2022-08,Manitoba,Job vacancies,30665.0
2022-08,Manitoba,Payroll employees,594400.0
2022-08,Manitoba,Job vacancy rate,4.9
2022-08,Saskatchewan,Job vacancies,24620.0
2022-08,Saskatchewan,Payroll employees,472615.0
2022-08,Saskatchewan,Job vacancy rate,5.0
2022-08,Alberta,Job vacancies,108385.0
2022-08,Alberta,Payroll employees,1995805.0
2022-08,Alberta,Job vacancy rate,5.2
2022-08,British Columbia,Job vacancies,151600.0
2022-08,British Columbia,Payroll employees,2347100.0
2022-08,British Columbia,Job vacancy rate,6.1
2022-08,Yukon,Job vacancies,1855.0
2022-08,Yukon,Payroll employees,19090.0
2022-08,Yukon,Job vacancy rate,8.9
2022-08,Northwest Territories,Job vacancies,925.0
2022-08,Northwest Territories,Payroll employees,22435.0
2022-08,Northwest Territories,Job vacancy rate,4.0
2022-08,Nunavut,Job vacancies,
2022-08,Nunavut,Payroll employees,15155.0
2022-08,Nunavut,Job vacancy rate,
2022-09,Canada,Job vacancies,987760.0
2022-09,Canada,Payroll employees,16600410.0
2022-09,Canada,Job vacancy rate,5.6
2022-09,Newfoundland and Labrador,Job vacancies,6570.0
2022-09,Newfoundland and Labrador,Payroll employees,204235.0
2022-09,Newfoundland and Labrador,Job vacancy rate,3.1
2022-09,Prince Edward Island,Job vacancies,3030.0
2022-09,Prince Edward Island,Payroll employees,70470.0
2022-09,Prince Edward Island,Job vacancy rate,4.1
2022-09,Nova Scotia,Job vacancies,23075.0
2022-09,Nova Scotia,Payroll employees,430725.0
2022-09,Nova Scotia,Job vacancy rate,5.1
2022-09,New Brunswick,Job vacancies,15100.0
2022-09,New Brunswick,Payroll employees,321325.0
2022-09,New Brunswick,Job vacancy rate,4.5
2022-09,Quebec,Job vacancies,243680.0
2022-09,Quebec,Payroll employees,3719435.0
2022-09,Quebec,Job vacancy rate,6.1
2022-09,Ontario,Job vacancies,373005.0
2022-09,Ontario,Payroll employees,6441965.0
2022-09,Ontario,Job vacancy rate,5.5
2022-09,Manitoba,Job vacancies,29590.0
2022-09,Manitoba,Payroll employees,582010.0
2022-09,Manitoba,Job vacancy rate,4.8
2022-09,Saskatchewan,Job vacancies,26735.0
2022-09,Saskatchewan,Payroll employees,465535.0
2022-09,Saskatchewan,Job vacancy rate,5.4
2022-09,Alberta,Job vacancies,103715.0
2022-09,Alberta,Payroll employees,1987425.0
2022-09,Alberta,Job vacancy rate,5.0
2022-09,British Columbia,Job vacancies,158925.0
2022-09,British Columbia,Payroll employees,2319770.0
2022-09,British Columbia,Job vacancy rate,6.4
2022-09,Yukon,Job vacancies,1815.0
2022-09,Yukon,Payroll employees,19850.0
2022-09,Yukon,Job vacancy rate,8.4
2022-09,Northwest Territories,Job vacancies,2095.0
2022-09,Northwest Territories,Payroll employees,22095.0
2022-09,Northwest Territories,Job vacancy rate,8.7
2022-09,Nunavut,Job vacancies,425.0
2022-09,Nunavut,Payroll employees,15560.0
2022-09,Nunavut,Job vacancy rate,2.6
2022-10,Canada,Job vacancies,933845.0
2022-10,Canada,Payroll employees,17065430.0
2022-10,Canada,Job vacancy rate,5.2
2022-10,Newfoundland and Labrador,Job vacancies,8240.0
2022-10,Newfoundland and Labrador,Payroll employees,197775.0
2022-10,Newfoundland and Labrador,Job vacancy rate,4.0
2022-10,Prince Edward Island,Job vacancies,3075.0
2022-10,Prince Edward Island,Payroll employees,72105.0
2022-10,Prince Edward Island,Job vacancy rate,4.1
2022-10,Nova Scotia,Job vacancies,22250.0
2022-10,Nova Scotia,Payroll employees,426480.0
2022-10,Nova Scotia,Job vacancy rate,5.0
2022-10,New Brunswick,Job vacancies,15275.0
2022-10,New Brunswick,Payroll employees,331530.0
2022-10,New Brunswick,Job vacancy rate,4.4
2022-10,Quebec,Job vacancies,226220.0
2022-10,Quebec,Payroll employees,3865305.0
2022-10,Quebec,Job vacancy rate,5.5
2022-10,Ontario,Job vacancies,354490.0
2022-10,Ontario,Payroll employees,6608835.0
2022-10,Ontario,Job vacancy rate,5.1
2022-10,Manitoba,Job vacancies,26635.0
2022-10,Manitoba,Payroll employees,621950.0
2022-10,Manitoba,Job vacancy rate,4.1
2022-10,Saskatchewan,Job vacancies,24860.0
2022-10,Saskatchewan,Payroll employees,486550.0
2022-10,Saskatchewan,Job vacancy rate,4.9
2022-10,Alberta,Job vacancies,106445.0
2022-10,Alberta,Payroll employees,1999455.0
2022-10,Alberta,Job vacancy rate,5.1
2022-10,British Columbia,Job vacancies,141640.0
2022-10,British Columbia,Payroll employees,2397825.0
2022-10,British Columbia,Job vacancy rate,5.6
2022-10,Yukon,Job vacancies,1475.0
2022-10,Yukon,Payroll employees,19720.0
2022-10,Yukon,Job vacancy rate,7.0
2022-10,Northwest Territories,Job vacancies,2570.0
2022-10,Northwest Territories,Payroll employees,22080.0
2022-10,Northwest Territories,Job vacancy rate,10.4
2022-10,Nunavut,Job vacancies,665.0
2022-10,Nunavut,Payroll employees,15820.0
2022-10,Nunavut,Job vacancy rate,4.0
2022-11,Canada,Job vacancies,854165.0
2022-11,Canada,Payroll employees,17075715.0
2022-11,Canada,Job vacancy rate,4.8
2022-11,Newfoundland and Labrador,Job vacancies,5540.0
2022-11,Newfoundland and Labrador,Payroll employees,198460.0
2022-11,Newfoundland and Labrador,Job vacancy rate,2.7
2022-11,Prince Edward Island,Job vacancies,3740.0
2022-11,Prince Edward Island,Payroll employees,70820.0
2022-11,Prince Edward Island,Job vacancy rate,5.0
2022-11,Nova Scotia,Job vacancies,23115.0
2022-11,Nova Scotia,Payroll employees,445690.0
2022-11,Nova Scotia,Job vacancy rate,4.9
2022-11,New Brunswick,Job vacancies,12530.0
2022-11,New Brunswick,Payroll employees,323220.0
2022-11,New Brunswick,Job vacancy rate,3.7
2022-11,Quebec,Job vacancies,202730.0
2022-11,Quebec,Payroll employees,3858385.0
2022-11,Quebec,Job vacancy rate,5.0
2022-11,Ontario,Job vacancies,322735.0
2022-11,Ontario,Payroll employees,6629175.0
2022-11,Ontario,Job vacancy rate,4.6
2022-11,Manitoba,Job vacancies,23050.0
2022-11,Manitoba,Payroll employees,603700.0
2022-11,Manitoba,Job vacancy rate,3.7
2022-11,Saskatchewan,Job vacancies,24280.0
2022-11,Saskatchewan,Payroll employees,490790.0
2022-11,Saskatchewan,Job vacancy rate,4.7
2022-11,Alberta,Job vacancies,98230.0
2022-11,Alberta,Payroll employees,2011760.0
2022-11,Alberta,Job vacancy rate,4.7
2022-11,British Columbia,Job vacancies,135580.0
2022-11,British Columbia,Payroll employees,2386100.0
2022-11,British Columbia,Job vacancy rate,5.4
2022-11,Yukon,Job vacancies,1105.0
2022-11,Yukon,Payroll employees,19265.0
2022-11,Yukon,Job vacancy rate,5.4
2022-11,Northwest Territories,Job vacancies,975.0
2022-11,Northwest Territories,Payroll employees,22230.0
2022-11,Northwest Territories,Job vacancy rate,4.2
2022-11,Nunavut,Job vacancies,565.0
2022-11,Nunavut,Payroll employees,16105.0
2022-11,Nunavut,Job vacancy rate,3.4
2022-12,Canada,Job vacancies,752325.0
2022-12,Canada,Payroll employees,17066350.0
2022-12,Canada,Job vacancy rate,4.2
2022-12,Newfoundland and Labrador,Job vacancies,5135.0
2022-12,Newfoundland and Labrador,Payroll employees,198730.0
2022-12,Newfoundland and Labrador,Job vacancy rate,2.5
2022-12,Prince Edward Island,Job vacancies,2820.0
2022-12,Prince Edward Island,Payroll employees,68175.0
2022-12,Prince Edward Island,Job vacancy rate,4.0
2022-12,Nova Scotia,Job vacancies,16760.0
2022-12,Nova Scotia,Payroll employees,432955.0
2022-12,Nova Scotia,Job vacancy rate,3.7
2022-12,New Brunswick,Job vacancies,11940.0
2022-12,New Brunswick,Payroll employees,314615.0
2022-12,New Brunswick,Job vacancy rate,3.7
2022-12,Quebec,Job vacancies,194865.0
2022-12,Quebec,Payroll employees,3862190.0
2022-12,Quebec,Job vacancy rate,4.8
2022-12,Ontario,Job vacancies,283390.0
2022-12,Ontario,Payroll employees,6637020.0
2022-12,Ontario,Job vacancy rate,4.1
2022-12,Manitoba,Job vacancies,25480.0
2022-12,Manitoba,Payroll employees,603265.0
2022-12,Manitoba,Job vacancy rate,4.1
2022-12,Saskatchewan,Job vacancies,22600.0
2022-12,Saskatchewan,Payroll employees,482340.0
2022-12,Saskatchewan,Job vacancy rate,4.5
2022-12,Alberta,Job vacancies,73920.0
2022-12,Alberta,Payroll employees,2024185.0
2022-12,Alberta,Job vacancy rate,3.5
2022-12,British Columbia,Job vacancies,112255.0
2022-12,British Columbia,Payroll employees,2386190.0
2022-12,British Columbia,Job vacancy rate,4.5
2022-12,Yukon,Job vacancies,1315.0
2022-12,Yukon,Payroll employees,18705.0
2022-12,Yukon,Job vacancy rate,6.6
2022-12,Northwest Territories,Job vacancies,
2022-12,Northwest Territories,Payroll employees,21975.0
2022-12,Northwest Territories,Job vacancy rate,
2022-12,Nunavut,Job vacancies,550.0
2022-12,Nunavut,Payroll employees,16010.0
2022-12,Nunavut,Job vacancy rate,3.3
2023-01,Canada,Job vacancies,788280.0
2023-01,Canada,Payroll employees,17159045.0
2023-01,Canada,Job vacancy rate,4.4
2023-01,Newfoundland and Labrador,Job vacancies,6690.0
2023-01,Newfoundland and Labrador,Payroll employees,228515.0
2023-01,Newfoundland and Labrador,Job vacancy rate,2.8
2023-01,Prince Edward Island,Job vacancies,2755.0
2023-01,Prince Edward Island,Payroll employees,66775.0
2023-01,Prince Edward Island,Job vacancy rate,4.0
2023-01,Nova Scotia,Job vacancies,17170.0
2023-01,Nova Scotia,Payroll employees,417085.0
2023-01,Nova Scotia,Job vacancy rate,4.0
2023-01,New Brunswick,Job vacancies,12720.0
2023-01,New Brunswick,Payroll employees,309410.0
2023-01,New Brunswick,Job vacancy rate,3.9
2023-01,Quebec,Job vacancies,200500.0
2023-01,Quebec,Payroll employees,3854455.0
2023-01,Quebec,Job vacancy rate,4.9
2023-01,Ontario,Job vacancies,279740.0
2023-01,Ontario,Payroll employees,6682320.0
2023-01,Ontario,Job vacancy rate,4.0
2023-01,Manitoba,Job vacancies,28225.0
2023-01,Manitoba,Payroll employees,622360.0
2023-01,Manitoba,Job vacancy rate,4.3
2023-01,Saskatchewan,Job vacancies,20820.0
2023-01,Saskatchewan,Payroll employees,492910.0
2023-01,Saskatchewan,Job vacancy rate,4.1
2023-01,Alberta,Job vacancies,88405.0
2023-01,Alberta,Payroll employees,2011405.0
2023-01,Alberta,Job vacancy rate,4.2
2023-01,British Columbia,Job vacancies,127335.0
2023-01,British Columbia,Payroll employees,2416855.0
2023-01,British Columbia,Job vacancy rate,5.0
2023-01,Yukon,Job vacancies,1300.0
2023-01,Yukon,Payroll employees,18915.0
2023-01,Yukon,Job vacancy rate,6.4
2023-01,Northwest Territories,Job vacancies,2245.0
2023-01,Northwest Territories,Payroll employees,22190.0
2023-01,Northwest Territories,Job vacancy rate,9.2
2023-01,Nunavut,Job vacancies,375.0
2023-01,Nunavut,Payroll employees,15850.0
2023-01,Nunavut,Job vacancy rate,2.3
2023-02,Canada,Job vacancies,747720.0
2023-02,Canada,Payroll employees,16686395.0
2023-02,Canada,Job vacancy rate,4.3
2023-02,Newfoundland and Labrador,Job vacancies,5120.0
2023-02,Newfoundland and Labrador,Payroll employees,182040.0
2023-02,Newfoundland and Labrador,Job vacancy rate,2.7
2023-02,Prince Edward Island,Job vacancies,2545.0
2023-02,Prince Edward Island,Payroll employees,63805.0
2023-02,Prince Edward Island,Job vacancy rate,3.8
2023-02,Nova Scotia,Job vacancies,18020.0
2023-02,Nova Scotia,Payroll employees,438165.0
2023-02,Nova Scotia,Job vacancy rate,4.0
2023-02,New Brunswick,Job vacancies,11275.0
2023-02,New Brunswick,Payroll employees,311320.0
2023-02,New Brunswick,Job vacancy rate,3.5
2023-02,Quebec,Job vacancies,186960.0
2023-02,Quebec,Payroll employees,3717535.0
2023-02,Quebec,Job vacancy rate,4.8
2023-02,Ontario,Job vacancies,271155.0
2023-02,Ontario,Payroll employees,6505080.0
2023-02,Ontario,Job vacancy rate,4.0
2023-02,Manitoba,Job vacancies,23175.0
2023-02,Manitoba,Payroll employees,588795.0
2023-02,Manitoba,Job vacancy rate,3.8
2023-02,Saskatchewan,Job vacancies,24485.0
2023-02,Saskatchewan,Payroll employees,489615.0
2023-02,Saskatchewan,Job vacancy rate,4.8
2023-02,Alberta,Job vacancies,90425.0
2023-02,Alberta,Payroll employees,1985080.0
2023-02,Alberta,Job vacancy rate,4.4
2023-02,British Columbia,Job vacancies,111955.0
2023-02,British Columbia,Payroll employees,2350050.0
2023-02,British Columbia,Job vacancy rate,4.5
2023-02,Yukon,Job vacancies,1205.0
2023-02,Yukon,Payroll employees,17975.0
2023-02,Yukon,Job vacancy rate,6.3
2023-02,Northwest Territories,Job vacancies,640.0
2023-02,Northwest Territories,Payroll employees,21715.0
2023-02,Northwest Territories,Job vacancy rate,2.9
2023-02,Nunavut,Job vacancies,765.0
2023-02,Nunavut,Payroll employees,15215.0
2023-02,Nunavut,Job vacancy rate,4.8
2023-03,Canada,Job vacancies,790370.0
2023-03,Canada,Payroll employees,16750155.0
2023-03,Canada,Job vacancy rate,4.5
2023-03,Newfoundland and Labrador,Job vacancies,5465.0
2023-03,Newfoundland and Labrador,Payroll employees,181915.0
2023-03,Newfoundland and Labrador,Job vacancy rate,2.9
2023-03,Prince Edward Island,Job vacancies,3565.0
2023-03,Prince Edward Island,Payroll employees,63220.0
2023-03,Prince Edward Island,Job vacancy rate,5.3
2023-03,Nova Scotia,Job vacancies,18825.0
2023-03,Nova Scotia,Payroll employees,422990.0
2023-03,Nova Scotia,Job vacancy rate,4.3
2023-03,New Brunswick,Job vacancies,12470.0
2023-03,New Brunswick,Payroll employees,309440.0
2023-03,New Brunswick,Job vacancy rate,3.9
2023-03,Quebec,Job vacancies,195875.0
2023-03,Quebec,Payroll employees,3772050.0
2023-03,Quebec,Job vacancy rate,4.9
2023-03,Ontario,Job vacancies,281015.0
2023-03,Ontario,Payroll employees,6505170.0
2023-03,Ontario,Job vacancy rate,4.1
2023-03,Manitoba,Job vacancies,28960.0
2023-03,Manitoba,Payroll employees,590345.0
2023-03,Manitoba,Job vacancy rate,4.7
2023-03,Saskatchewan,Job vacancies,24225.0
2023-03,Saskatchewan,Payroll employees,477625.0
2023-03,Saskatchewan,Job vacancy rate,4.8
2023-03,Alberta,Job vacancies,87640.0
2023-03,Alberta,Payroll employees,2001675.0
2023-03,Alberta,Job vacancy rate,4.2
2023-03,British Columbia,Job vacancies,129020.0
2023-03,British Columbia,Payroll employees,2369395.0
2023-03,British Columbia,Job vacancy rate,5.2
2023-03,Yukon,Job vacancies,1250.0
2023-03,Yukon,Payroll employees,18105.0
2023-03,Yukon,Job vacancy rate,6.5
2023-03,Northwest Territories,Job vacancies,
2023-03,Northwest Territories,Payroll employees,22225.0
2023-03,Northwest Territories,Job vacancy rate,
2023-03,Nunavut,Job vacancies,
2023-03,Nunavut,Payroll employees,16000.0
2023-03,Nunavut,Job vacancy rate,
2023-04,Canada,Job vacancies,839950.0
2023-04,Canada,Payroll employees,16799640.0
2023-04,Canada,Job vacancy rate,4.8
2023-04,Newfoundland and Labrador,Job vacancies,8600.0
2023-04,Newfoundland and Labrador,Payroll employees,183100.0
2023-04,Newfoundland and Labrador,Job vacancy rate,4.5
2023-04,Prince Edward Island,Job vacancies,4165.0
2023-04,Prince Edward Island,Payroll employees,63965.0
2023-04,Prince Edward Island,Job vacancy rate,6.1
2023-04,Nova Scotia,Job vacancies,20245.0
2023-04,Nova Scotia,Payroll employees,421715.0
2023-04,Nova Scotia,Job vacancy rate,4.6
2023-04,New Brunswick,Job vacancies,14905.0
2023-04,New Brunswick,Payroll employees,309695.0
2023-04,New Brunswick,Job vacancy rate,4.6
2023-04,Quebec,Job vacancies,207980.0
2023-04,Quebec,Payroll employees,3788575.0
2023-04,Quebec,Job vacancy rate,5.2
2023-04,Ontario,Job vacancies,291675.0
2023-04,Ontario,Payroll employees,6522610.0
2023-04,Ontario,Job vacancy rate,4.3
2023-04,Manitoba,Job vacancies,26085.0
2023-04,Manitoba,Payroll employees,604905.0
2023-04,Manitoba,Job vacancy rate,4.1
2023-04,Saskatchewan,Job vacancies,26020.0
2023-04,Saskatchewan,Payroll employees,481205.0
2023-04,Saskatchewan,Job vacancy rate,5.1
2023-04,Alberta,Job vacancies,104625.0
2023-04,Alberta,Payroll employees,1989375.0
2023-04,Alberta,Job vacancy rate,5.0
2023-04,British Columbia,Job vacancies,132245.0
2023-04,British Columbia,Payroll employees,2377460.0
2023-04,British Columbia,Job vacancy rate,5.3
2023-04,Yukon,Job vacancies,985.0
2023-04,Yukon,Payroll employees,18405.0
2023-04,Yukon,Job vacancy rate,5.1
2023-04,Northwest Territories,Job vacancies,1560.0
2023-04,Northwest Territories,Payroll employees,22330.0
2023-04,Northwest Territories,Job vacancy rate,6.5
2023-04,Nunavut,Job vacancies,855.0
2023-04,Nunavut,Payroll employees,16295.0
2023-04,Nunavut,Job vacancy rate,5.0
2023-05,Canada,Job vacancies,812510.0
2023-05,Canada,Payroll employees,16938185.0
2023-05,Canada,Job vacancy rate,4.6
2023-05,Newfoundland and Labrador,Job vacancies,8580.0
2023-05,Newfoundland and Labrador,Payroll employees,192910.0
2023-05,Newfoundland and Labrador,Job vacancy rate,4.3
2023-05,Prince Edward Island,Job vacancies,4195.0
2023-05,Prince Edward Island,Payroll employees,66325.0
2023-05,Prince Edward Island,Job vacancy rate,5.9
2023-05,Nova Scotia,Job vacancies,22275.0
2023-05,Nova Scotia,Payroll employees,444625.0
2023-05,Nova Scotia,Job vacancy rate,4.8
2023-05,New Brunswick,Job vacancies,14650.0
2023-05,New Brunswick,Payroll employees,312690.0
2023-05,New Brunswick,Job vacancy rate,4.5
2023-05,Quebec,Job vacancies,201425.0
2023-05,Quebec,Payroll employees,3803690.0
2023-05,Quebec,Job vacancy rate,5.0
2023-05,Ontario,Job vacancies,283175.0
2023-05,Ontario,Payroll employees,6570755.0
2023-05,Ontario,Job vacancy rate,4.1
2023-05,Manitoba,Job vacancies,27050.0
2023-05,Manitoba,Payroll employees,593515.0
2023-05,Manitoba,Job vacancy rate,4.4
2023-05,Saskatchewan,Job vacancies,24400.0
2023-05,Saskatchewan,Payroll employees,490940.0
2023-05,Saskatchewan,Job vacancy rate,4.7
2023-05,Alberta,Job vacancies,97410.0
2023-05,Alberta,Payroll employees,2019960.0
2023-05,Alberta,Job vacancy rate,4.6
2023-05,British Columbia,Job vacancies,125895.0
2023-05,British Columbia,Payroll employees,2387080.0
2023-05,British Columbia,Job vacancy rate,5.0
2023-05,Yukon,Job vacancies,1365.0
2023-05,Yukon,Payroll employees,17985.0
2023-05,Yukon,Job vacancy rate,7.0
2023-05,Northwest Territories,Job vacancies,1370.0
2023-05,Northwest Territories,Payroll employees,21840.0
2023-05,Northwest Territories,Job vacancy rate,5.9
2023-05,Nunavut,Job vacancies,725.0
2023-05,Nunavut,Payroll employees,15865.0
2023-05,Nunavut,Job vacancy rate,4.4
2023-06,Canada,Job vacancies,779410.0
2023-06,Canada,Payroll employees,17200810.0
2023-06,Canada,Job vacancy rate,4.3
2023-06,Newfoundland and Labrador,Job vacancies,7705.0
2023-06,Newfoundland and Labrador,Payroll employees,189585.0
2023-06,Newfoundland and Labrador,Job vacancy rate,3.9
2023-06,Prince Edward Island,Job vacancies,4300.0
2023-06,Prince Edward Island,Payroll employees,72815.0
2023-06,Prince Edward Island,Job vacancy rate,5.6
2023-06,Nova Scotia,Job vacancies,17925.0
2023-06,Nova Scotia,Payroll employees,443025.0
2023-06,Nova Scotia,Job vacancy rate,3.9
2023-06,New Brunswick,Job vacancies,15135.0
2023-06,New Brunswick,Payroll employees,322405.0
2023-06,New Brunswick,Job vacancy rate,4.5
2023-06,Quebec,Job vacancies,188635.0
2023-06,Quebec,Payroll employees,3887415.0
2023-06,Quebec,Job vacancy rate,4.6
2023-06,Ontario,Job vacancies,268810.0
2023-06,Ontario,Payroll employees,6647505.0
2023-06,Ontario,Job vacancy rate,3.9
2023-06,Manitoba,Job vacancies,26395.0
2023-06,Manitoba,Payroll employees,610295.0
2023-06,Manitoba,Job vacancy rate,4.1
2023-06,Saskatchewan,Job vacancies,28295.0
2023-06,Saskatchewan,Payroll employees,488960.0
2023-06,Saskatchewan,Job vacancy rate,5.5
2023-06,Alberta,Job vacancies,87490.0
2023-06,Alberta,Payroll employees,2068650.0
2023-06,Alberta,Job vacancy rate,4.1
2023-06,British Columbia,Job vacancies,131290.0
2023-06,British Columbia,Payroll employees,2413285.0
2023-06,British Columbia,Job vacancy rate,5.2
2023-06,Yukon,Job vacancies,1450.0
2023-06,Yukon,Payroll employees,19295.0
2023-06,Yukon,Job vacancy rate,7.0
2023-06,Northwest Territories,Job vacancies,1085.0
2023-06,Northwest Territories,Payroll employees,22045.0
2023-06,Northwest Territories,Job vacancy rate,4.7
2023-06,Nunavut,Job vacancies,905.0
2023-06,Nunavut,Payroll employees,15515.0
2023-06,Nunavut,Job vacancy rate,5.5
2023-07,Canada,Job vacancies,742230.0
2023-07,Canada,Payroll employees,17531155.0
2023-07,Canada,Job vacancy rate,4.1
2023-07,Newfoundland and Labrador,Job vacancies,8575.0
2023-07,Newfoundland and Labrador,Payroll employees,207355.0
2023-07,Newfoundland and Labrador,Job vacancy rate,4.0
2023-07,Prince Edward Island,Job vacancies,2060.0
2023-07,Prince Edward Island,Payroll employees,76415.0
2023-07,Prince Edward Island,Job vacancy rate,2.6
2023-07,Nova Scotia,Job vacancies,17085.0
2023-07,Nova Scotia,Payroll employees,442280.0
2023-07,Nova Scotia,Job vacancy rate,3.7
2023-07,New Brunswick,Job vacancies,12145.0
2023-07,New Brunswick,Payroll employees,350575.0
2023-07,New Brunswick,Job vacancy rate,3.3
2023-07,Quebec,Job vacancies,193390.0
2023-07,Quebec,Payroll employees,3962760.0
2023-07,Quebec,Job vacancy rate,4.7
2023-07,Ontario,Job vacancies,247430.0
2023-07,Ontario,Payroll employees,6759600.0
2023-07,Ontario,Job vacancy rate,3.5
2023-07,Manitoba,Job vacancies,22765.0
2023-07,Manitoba,Payroll employees,637305.0
2023-07,Manitoba,Job vacancy rate,3.4
2023-07,Saskatchewan,Job vacancies,23640.0
2023-07,Saskatchewan,Payroll employees,505305.0
2023-07,Saskatchewan,Job vacancy rate,4.5
2023-07,Alberta,Job vacancies,83730.0
2023-07,Alberta,Payroll employees,2069695.0
2023-07,Alberta,Job vacancy rate,3.9
2023-07,British Columbia,Job vacancies,128130.0
2023-07,British Columbia,Payroll employees,2460370.0
2023-07,British Columbia,Job vacancy rate,4.9
2023-07,Yukon,Job vacancies,1235.0
2023-07,Yukon,Payroll employees,20495.0
2023-07,Yukon,Job vacancy rate,5.7
2023-07,Northwest Territories,Job vacancies,1535.0
2023-07,Northwest Territories,Payroll employees,22865.0
2023-07,Northwest Territories,Job vacancy rate,6.3
2023-07,Nunavut,Job vacancies,
2023-07,Nunavut,Payroll employees,16135.0
2023-07,Nunavut,Job vacancy rate,
2023-08,Canada,Job vacancies,741875.0
2023-08,Canada,Payroll employees,17239080.0
2023-08,Canada,Job vacancy rate,4.1
2023-08,Newfoundland and Labrador,Job vacancies,6255.0
2023-08,Newfoundland and Labrador,Payroll employees,214120.0
2023-08,Newfoundland and Labrador,Job vacancy rate,2.8
2023-08,Prince Edward Island,Job vacancies,2390.0
2023-08,Prince Edward Island,Payroll employees,74310.0
2023-08,Prince Edward Island,Job vacancy rate,3.1
2023-08,Nova Scotia,Job vacancies,20280.0
2023-08,Nova Scotia,Payroll employees,465220.0
2023-08,Nova Scotia,Job vacancy rate,4.2
2023-08,New Brunswick,Job vacancies,12040.0
2023-08,New Brunswick,Payroll employees,332610.0
2023-08,New Brunswick,Job vacancy rate,3.5
2023-08,Quebec,Job vacancies,171365.0
2023-08,Quebec,Payroll employees,3866660.0
2023-08,Quebec,Job vacancy rate,4.2
2023-08,Ontario,Job vacancies,266675.0
2023-08,Ontario,Payroll employees,6655655.0
2023-08,Ontario,Job vacancy rate,3.9
2023-08,Manitoba,Job vacancies,22590.0
2023-08,Manitoba,Payroll employees,611310.0
2023-08,Manitoba,Job vacancy rate,3.6
2023-08,Saskatchewan,Job vacancies,24935.0
2023-08,Saskatchewan,Payroll employees,484395.0
2023-08,Saskatchewan,Job vacancy rate,4.9
2023-08,Alberta,Job vacancies,101235.0
2023-08,Alberta,Payroll employees,2071565.0
2023-08,Alberta,Job vacancy rate,4.7
2023-08,British Columbia,Job vacancies,111585.0
2023-08,British Columbia,Payroll employees,2404340.0
2023-08,British Columbia,Job vacancy rate,4.4
2023-08,Yukon,Job vacancies,1080.0
2023-08,Yukon,Payroll employees,19740.0
2023-08,Yukon,Job vacancy rate,5.2
2023-08,Northwest Territories,Job vacancies,920.0
2023-08,Northwest Territories,Payroll employees,22535.0
2023-08,Northwest Territories,Job vacancy rate,3.9
2023-08,Nunavut,Job vacancies,
2023-08,Nunavut,Payroll employees,16615.0
2023-08,Nunavut,Job vacancy rate,
2023-09,Canada,Job vacancies,693950.0
2023-09,Canada,Payroll employees,16990690.0
2023-09,Canada,Job vacancy rate,3.9
2023-09,Newfoundland and Labrador,Job vacancies,6275.0
2023-09,Newfoundland and Labrador,Payroll employees,209185.0
2023-09,Newfoundland and Labrador,Job vacancy rate,2.9
2023-09,Prince Edward Island,Job vacancies,3435.0
2023-09,Prince Edward Island,Payroll employees,72515.0
2023-09,Prince Edward Island,Job vacancy rate,4.5
2023-09,Nova Scotia,Job vacancies,16210.0
2023-09,Nova Scotia,Payroll employees,424600.0
2023-09,Nova Scotia,Job vacancy rate,3.7
2023-09,New Brunswick,Job vacancies,13010.0
2023-09,New Brunswick,Payroll employees,340720.0
2023-09,New Brunswick,Job vacancy rate,3.7
2023-09,Quebec,Job vacancies,151945.0
2023-09,Quebec,Payroll employees,3796705.0
2023-09,Quebec,Job vacancy rate,3.8
2023-09,Ontario,Job vacancies,250645.0
2023-09,Ontario,Payroll employees,6585620.0
2023-09,Ontario,Job vacancy rate,3.7
2023-09,Manitoba,Job vacancies,26465.0
2023-09,Manitoba,Payroll employees,596200.0
2023-09,Manitoba,Job vacancy rate,4.3
2023-09,Saskatchewan,Job vacancies,25865.0
2023-09,Saskatchewan,Payroll employees,473355.0
2023-09,Saskatchewan,Job vacancy rate,5.2
2023-09,Alberta,Job vacancies,85885.0
2023-09,Alberta,Payroll employees,2054735.0
2023-09,Alberta,Job vacancy rate,4.0
2023-09,British Columbia,Job vacancies,111230.0
2023-09,British Columbia,Payroll employees,2378130.0
2023-09,British Columbia,Job vacancy rate,4.5
2023-09,Yukon,Job vacancies,1195.0
2023-09,Yukon,Payroll employees,20280.0
2023-09,Yukon,Job vacancy rate,5.6
2023-09,Northwest Territories,Job vacancies,1045.0
2023-09,Northwest Territories,Payroll employees,22285.0
2023-09,Northwest Territories,Job vacancy rate,4.5
2023-09,Nunavut,Job vacancies,745.0
2023-09,Nunavut,Payroll employees,16365.0
2023-09,Nunavut,Job vacancy rate,4.4
2023-10,Canada,Job vacancies,711930.0
2023-10,Canada,Payroll employees,17426905.0
2023-10,Canada,Job vacancy rate,3.9
2023-10,Newfoundland and Labrador,Job vacancies,8295.0
2023-10,Newfoundland and Labrador,Payroll employees,208420.0
2023-10,Newfoundland and Labrador,Job vacancy rate,3.8
2023-10,Prince Edward Island,Job vacancies,2545.0
2023-10,Prince Edward Island,Payroll employees,74780.0
2023-10,Prince Edward Island,Job vacancy rate,3.3
2023-10,Nova Scotia,Job vacancies,15520.0
2023-10,Nova Scotia,Payroll employees,431515.0
2023-10,Nova Scotia,Job vacancy rate,3.5
2023-10,New Brunswick,Job vacancies,13770.0
2023-10,New Brunswick,Payroll employees,333935.0
2023-10,New Brunswick,Job vacancy rate,4.0
2023-10,Quebec,Job vacancies,177900.0
2023-10,Quebec,Payroll employees,3916225.0
2023-10,Quebec,Job vacancy rate,4.3
2023-10,Ontario,Job vacancies,240230.0
2023-10,Ontario,Payroll employees,6745490.0
2023-10,Ontario,Job vacancy rate,3.4
2023-10,Manitoba,Job vacancies,24985.0
2023-10,Manitoba,Payroll employees,630700.0
2023-10,Manitoba,Job vacancy rate,3.8
2023-10,Saskatchewan,Job vacancies,20660.0
2023-10,Saskatchewan,Payroll employees,498140.0
2023-10,Saskatchewan,Job vacancy rate,4.0
2023-10,Alberta,Job vacancies,84720.0
2023-10,Alberta,Payroll employees,2073970.0
2023-10,Alberta,Job vacancy rate,3.9
2023-10,British Columbia,Job vacancies,120145.0
2023-10,British Columbia,Payroll employees,2456330.0
2023-10,British Columbia,Job vacancy rate,4.7
2023-10,Yukon,Job vacancies,1130.0
2023-10,Yukon,Payroll employees,20235.0
2023-10,Yukon,Job vacancy rate,5.3
2023-10,Northwest Territories,Job vacancies,1575.0
2023-10,Northwest Territories,Payroll employees,20945.0
2023-10,Northwest Territories,Job vacancy rate,7.0
2023-10,Nunavut,Job vacancies,460.0
2023-10,Nunavut,Payroll employees,16210.0
2023-10,Nunavut,Job vacancy rate,2.8
2023-11,Canada,Job vacancies,656565.0
2023-11,Canada,Payroll employees,17406475.0
2023-11,Canada,Job vacancy rate,3.6
2023-11,Newfoundland and Labrador,Job vacancies,5070.0
2023-11,Newfoundland and Labrador,Payroll employees,209710.0
2023-11,Newfoundland and Labrador,Job vacancy rate,2.4
2023-11,Prince Edward Island,Job vacancies,1680.0
2023-11,Prince Edward Island,Payroll employees,72840.0
2023-11,Prince Edward Island,Job vacancy rate,2.3
2023-11,Nova Scotia,Job vacancies,15495.0
2023-11,Nova Scotia,Payroll employees,472265.0
2023-11,Nova Scotia,Job vacancy rate,3.2
2023-11,New Brunswick,Job vacancies,10310.0
2023-11,New Brunswick,Payroll employees,312540.0
2023-11,New Brunswick,Job vacancy rate,3.2
2023-11,Quebec,Job vacancies,146865.0
2023-11,Quebec,Payroll employees,3900750.0
2023-11,Quebec,Job vacancy rate,3.6
2023-11,Ontario,Job vacancies,237150.0
2023-11,Ontario,Payroll employees,6746015.0
2023-11,Ontario,Job vacancy rate,3.4
2023-11,Manitoba,Job vacancies,23470.0
2023-11,Manitoba,Payroll employees,614040.0
2023-11,Manitoba,Job vacancy rate,3.7
2023-11,Saskatchewan,Job vacancies,23325.0
2023-11,Saskatchewan,Payroll employees,505720.0
2023-11,Saskatchewan,Job vacancy rate,4.4
2023-11,Alberta,Job vacancies,86520.0
2023-11,Alberta,Payroll employees,2079145.0
2023-11,Alberta,Job vacancy rate,4.0
2023-11,British Columbia,Job vacancies,103990.0
2023-11,British Columbia,Payroll employees,2436130.0
2023-11,British Columbia,Job vacancy rate,4.1
2023-11,Yukon,Job vacancies,915.0
2023-11,Yukon,Payroll employees,19570.0
2023-11,Yukon,Job vacancy rate,4.5
2023-11,Northwest Territories,Job vacancies,1065.0
2023-11,Northwest Territories,Payroll employees,21455.0
2023-11,Northwest Territories,Job vacancy rate,4.7
2023-11,Nunavut,Job vacancies,710.0
2023-11,Nunavut,Payroll employees,16295.0
2023-11,Nunavut,Job vacancy rate,4.2
2023-12,Canada,Job vacancies,534525.0
2023-12,Canada,Payroll employees,17267140.0
2023-12,Canada,Job vacancy rate,3.0
2023-12,Newfoundland and Labrador,Job vacancies,4655.0
2023-12,Newfoundland and Labrador,Payroll employees,194715.0
2023-12,Newfoundland and Labrador,Job vacancy rate,2.3
2023-12,Prince Edward Island,Job vacancies,1880.0
2023-12,Prince Edward Island,Payroll employees,68915.0
2023-12,Prince Edward Island,Job vacancy rate,2.7
2023-12,Nova Scotia,Job vacancies,13600.0
2023-12,Nova Scotia,Payroll employees,436615.0
2023-12,Nova Scotia,Job vacancy rate,3.0
2023-12,New Brunswick,Job vacancies,9140.0
2023-12,New Brunswick,Payroll employees,326265.0
2023-12,New Brunswick,Job vacancy rate,2.7
2023-12,Quebec,Job vacancies,119260.0
2023-12,Quebec,Payroll employees,3845370.0
2023-12,Quebec,Job vacancy rate,3.0
2023-12,Ontario,Job vacancies,193100.0
2023-12,Ontario,Payroll employees,6733235.0
2023-12,Ontario,Job vacancy rate,2.8
2023-12,Manitoba,Job vacancies,21295.0
2023-12,Manitoba,Payroll employees,610315.0
2023-12,Manitoba,Job vacancy rate,3.4
2023-12,Saskatchewan,Job vacancies,19495.0
2023-12,Saskatchewan,Payroll employees,490000.0
2023-12,Saskatchewan,Job vacancy rate,3.8
2023-12,Alberta,Job vacancies,63705.0
2023-12,Alberta,Payroll employees,2071025.0
2023-12,Alberta,Job vacancy rate,3.0
2023-12,British Columbia,Job vacancies,86765.0
2023-12,British Columbia,Payroll employees,2433670.0
2023-12,British Columbia,Job vacancy rate,3.4
2023-12,Yukon,Job vacancies,570.0
2023-12,Yukon,Payroll employees,18940.0
2023-12,Yukon,Job vacancy rate,2.9
2023-12,Northwest Territories,Job vacancies,565.0
2023-12,Northwest Territories,Payroll employees,21630.0
2023-12,Northwest Territories,Job vacancy rate,2.5
2023-12,Nunavut,Job vacancies,510.0
2023-12,Nunavut,Payroll employees,16455.0
2023-12,Nunavut,Job vacancy rate,3.0
2024-01,Canada,Job vacancies,600555.0
2024-01,Canada,Payroll employees,17346155.0
2024-01,Canada,Job vacancy rate,3.3
2024-01,Newfoundland and Labrador,Job vacancies,8095.0
2024-01,Newfoundland and Labrador,Payroll employees,203020.0
2024-01,Newfoundland and Labrador,Job vacancy rate,3.8
2024-01,Prince Edward Island,Job vacancies,2265.0
2024-01,Prince Edward Island,Payroll employees,66930.0
2024-01,Prince Edward Island,Job vacancy rate,3.3
2024-01,Nova Scotia,Job vacancies,11565.0
2024-01,Nova Scotia,Payroll employees,440625.0
2024-01,Nova Scotia,Job vacancy rate,2.6
2024-01,New Brunswick,Job vacancies,9565.0
2024-01,New Brunswick,Payroll employees,314430.0
2024-01,New Brunswick,Job vacancy rate,3.0
2024-01,Quebec,Job vacancies,156665.0
2024-01,Quebec,Payroll employees,3865155.0
2024-01,Quebec,Job vacancy rate,3.9
2024-01,Ontario,Job vacancies,197185.0
2024-01,Ontario,Payroll employees,6760550.0
2024-01,Ontario,Job vacancy rate,2.8
2024-01,Manitoba,Job vacancies,22445.0
2024-01,Manitoba,Payroll employees,623585.0
2024-01,Manitoba,Job vacancy rate,3.5
2024-01,Saskatchewan,Job vacancies,16415.0
2024-01,Saskatchewan,Payroll employees,496965.0
2024-01,Saskatchewan,Job vacancy rate,3.2
2024-01,Alberta,Job vacancies,62290.0
2024-01,Alberta,Payroll employees,2065405.0
2024-01,Alberta,Job vacancy rate,2.9
2024-01,British Columbia,Job vacancies,109650.0
2024-01,British Columbia,Payroll employees,2452495.0
2024-01,British Columbia,Job vacancy rate,4.3
2024-01,Yukon,Job vacancies,795.0
2024-01,Yukon,Payroll employees,19265.0
2024-01,Yukon,Job vacancy rate,4.0
2024-01,Northwest Territories,Job vacancies,2675.0
2024-01,Northwest Territories,Payroll employees,21640.0
2024-01,Northwest Territories,Job vacancy rate,11.0
2024-01,Nunavut,Job vacancies,940.0
2024-01,Nunavut,Payroll employees,16100.0
2024-01,Nunavut,Job vacancy rate,5.5
2024-02,Canada,Job vacancies,588470.0
2024-02,Canada,Payroll employees,16890245.0
2024-02,Canada,Job vacancy rate,3.4
2024-02,Newfoundland and Labrador,Job vacancies,4420.0
2024-02,Newfoundland and Labrador,Payroll employees,199135.0
2024-02,Newfoundland and Labrador,Job vacancy rate,2.2
2024-02,Prince Edward Island,Job vacancies,1270.0
2024-02,Prince Edward Island,Payroll employees,64380.0
2024-02,Prince Edward Island,Job vacancy rate,1.9
2024-02,Nova Scotia,Job vacancies,14745.0
2024-02,Nova Scotia,Payroll employees,439900.0
2024-02,Nova Scotia,Job vacancy rate,3.2
2024-02,New Brunswick,Job vacancies,8605.0
2024-02,New Brunswick,Payroll employees,305145.0
2024-02,New Brunswick,Job vacancy rate,2.7
2024-02,Quebec,Job vacancies,131095.0
2024-02,Quebec,Payroll employees,3728255.0
2024-02,Quebec,Job vacancy rate,3.4
2024-02,Ontario,Job vacancies,211705.0
2024-02,Ontario,Payroll employees,6600865.0
2024-02,Ontario,Job vacancy rate,3.1
2024-02,Manitoba,Job vacancies,17590.0
2024-02,Manitoba,Payroll employees,594625.0
2024-02,Manitoba,Job vacancy rate,2.9
2024-02,Saskatchewan,Job vacancies,22255.0
2024-02,Saskatchewan,Payroll employees,491035.0
2024-02,Saskatchewan,Job vacancy rate,4.3
2024-02,Alberta,Job vacancies,81320.0
2024-02,Alberta,Payroll employees,2028850.0
2024-02,Alberta,Job vacancy rate,3.9
2024-02,British Columbia,Job vacancies,93415.0
2024-02,British Columbia,Payroll employees,2383505.0
2024-02,British Columbia,Job vacancy rate,3.8
2024-02,Yukon,Job vacancies,825.0
2024-02,Yukon,Payroll employees,18120.0
2024-02,Yukon,Job vacancy rate,4.3
2024-02,Northwest Territories,Job vacancies,650.0
2024-02,Northwest Territories,Payroll employees,21210.0
2024-02,Northwest Territories,Job vacancy rate,3.0
2024-02,Nunavut,Job vacancies,570.0
2024-02,Nunavut,Payroll employees,15220.0
2024-02,Nunavut,Job vacancy rate,3.6
2024-03,Canada,Job vacancies,595090.0
2024-03,Canada,Payroll employees,16913170.0
2024-03,Canada,Job vacancy rate,3.4
2024-03,Newfoundland and Labrador,Job vacancies,3520.0
2024-03,Newfoundland and Labrador,Payroll employees,182080.0
2024-03,Newfoundland and Labrador,Job vacancy rate,1.9
2024-03,Prince Edward Island,Job vacancies,2875.0
2024-03,Prince Edward Island,Payroll employees,64020.0
2024-03,Prince Edward Island,Job vacancy rate,4.3
2024-03,Nova Scotia,Job vacancies,15340.0
2024-03,Nova Scotia,Payroll employees,422030.0
2024-03,Nova Scotia,Job vacancy rate,3.5
2024-03,New Brunswick,Job vacancies,10035.0
2024-03,New Brunswick,Payroll employees,312180.0
2024-03,New Brunswick,Job vacancy rate,3.1
2024-03,Quebec,Job vacancies,132910.0
2024-03,Quebec,Payroll employees,3801145.0
2024-03,Quebec,Job vacancy rate,3.4
2024-03,Ontario,Job vacancies,212545.0
2024-03,Ontario,Payroll employees,6578980.0
2024-03,Ontario,Job vacancy rate,3.1
2024-03,Manitoba,Job vacancies,24995.0
2024-03,Manitoba,Payroll employees,595020.0
2024-03,Manitoba,Job vacancy rate,4.0
2024-03,Saskatchewan,Job vacancies,19655.0
2024-03,Saskatchewan,Payroll employees,474040.0
2024-03,Saskatchewan,Job vacancy rate,4.0
2024-03,Alberta,Job vacancies,76285.0
2024-03,Alberta,Payroll employees,2043105.0
2024-03,Alberta,Job vacancy rate,3.6
2024-03,British Columbia,Job vacancies,94525.0
2024-03,British Columbia,Payroll employees,2383700.0
2024-03,British Columbia,Job vacancy rate,3.8
2024-03,Yukon,Job vacancies,1215.0
2024-03,Yukon,Payroll employees,18215.0
2024-03,Yukon,Job vacancy rate,6.2
2024-03,Northwest Territories,Job vacancies,715.0
2024-03,Northwest Territories,Payroll employees,22290.0
2024-03,Northwest Territories,Job vacancy rate,3.1
2024-03,Nunavut,Job vacancies,
2024-03,Nunavut,Payroll employees,16370.0
2024-03,Nunavut,Job vacancy rate,
2024-04,Canada,Job vacancies,642810.0
2024-04,Canada,Payroll employees,16997345.0
2024-04,Canada,Job vacancy rate,3.6
2024-04,Newfoundland and Labrador,Job vacancies,6940.0
2024-04,Newfoundland and Labrador,Payroll employees,183330.0
2024-04,Newfoundland and Labrador,Job vacancy rate,3.6
2024-04,Prince Edward Island,Job vacancies,2300.0
2024-04,Prince Edward Island,Payroll employees,64205.0
2024-04,Prince Edward Island,Job vacancy rate,3.5
2024-04,Nova Scotia,Job vacancies,14625.0
2024-04,Nova Scotia,Payroll employees,437780.0
2024-04,Nova Scotia,Job vacancy rate,3.2
2024-04,New Brunswick,Job vacancies,11975.0
2024-04,New Brunswick,Payroll employees,301515.0
2024-04,New Brunswick,Job vacancy rate,3.8
2024-04,Quebec,Job vacancies,150765.0
2024-04,Quebec,Payroll employees,3800990.0
2024-04,Quebec,Job vacancy rate,3.8
2024-04,Ontario,Job vacancies,221885.0
2024-04,Ontario,Payroll employees,6619675.0
2024-04,Ontario,Job vacancy rate,3.2
2024-04,Manitoba,Job vacancies,20970.0
2024-04,Manitoba,Payroll employees,597795.0
2024-04,Manitoba,Job vacancy rate,3.4
2024-04,Saskatchewan,Job vacancies,19785.0
2024-04,Saskatchewan,Payroll employees,489050.0
2024-04,Saskatchewan,Job vacancy rate,3.9
2024-04,Alberta,Job vacancies,78375.0
2024-04,Alberta,Payroll employees,2033825.0
2024-04,Alberta,Job vacancy rate,3.7
2024-04,British Columbia,Job vacancies,111505.0
2024-04,British Columbia,Payroll employees,2411255.0
2024-04,British Columbia,Job vacancy rate,4.4
2024-04,Yukon,Job vacancies,1190.0
2024-04,Yukon,Payroll employees,18900.0
2024-04,Yukon,Job vacancy rate,5.9
2024-04,Northwest Territories,Job vacancies,2135.0
2024-04,Northwest Territories,Payroll employees,22820.0
2024-04,Northwest Territories,Job vacancy rate,8.5
2024-04,Nunavut,Job vacancies,365.0
2024-04,Nunavut,Payroll employees,16210.0
2024-04,Nunavut,Job vacancy rate,2.2
2024-05,Canada,Job vacancies,616605.0
2024-05,Canada,Payroll employees,17126470.0
2024-05,Canada,Job vacancy rate,3.5
2024-05,Newfoundland and Labrador,Job vacancies,6115.0
2024-05,Newfoundland and Labrador,Payroll employees,199175.0
2024-05,Newfoundland and Labrador,Job vacancy rate,3.0
2024-05,Prince Edward Island,Job vacancies,2630.0
2024-05,Prince Edward Island,Payroll employees,67620.0
2024-05,Prince Edward Island,Job vacancy rate,3.7
2024-05,Nova Scotia,Job vacancies,18885.0
2024-05,Nova Scotia,Payroll employees,452305.0
2024-05,Nova Scotia,Job vacancy rate,4.0
2024-05,New Brunswick,Job vacancies,9995.0
2024-05,New Brunswick,Payroll employees,309750.0
2024-05,New Brunswick,Job vacancy rate,3.1
2024-05,Quebec,Job vacancies,135735.0
2024-05,Quebec,Payroll employees,3814945.0
2024-05,Quebec,Job vacancy rate,3.4
2024-05,Ontario,Job vacancies,207410.0
2024-05,Ontario,Payroll employees,6669495.0
2024-05,Ontario,Job vacancy rate,3.0
2024-05,Manitoba,Job vacancies,22920.0
2024-05,Manitoba,Payroll employees,602210.0
2024-05,Manitoba,Job vacancy rate,3.7
2024-05,Saskatchewan,Job vacancies,24015.0
2024-05,Saskatchewan,Payroll employees,492485.0
2024-05,Saskatchewan,Job vacancy rate,4.6
2024-05,Alberta,Job vacancies,82560.0
2024-05,Alberta,Payroll employees,2055775.0
2024-05,Alberta,Job vacancy rate,3.9
2024-05,British Columbia,Job vacancies,103140.0
2024-05,British Columbia,Payroll employees,2404960.0
2024-05,British Columbia,Job vacancy rate,4.1
2024-05,Yukon,Job vacancies,905.0
2024-05,Yukon,Payroll employees,19450.0
2024-05,Yukon,Job vacancy rate,4.4
2024-05,Northwest Territories,Job vacancies,1480.0
2024-05,Northwest Territories,Payroll employees,22240.0
2024-05,Northwest Territories,Job vacancy rate,6.2
2024-05,Nunavut,Job vacancies,825.0
2024-05,Nunavut,Payroll employees,16060.0
2024-05,Nunavut,Job vacancy rate,4.9
2024-06,Canada,Job vacancies,585620.0
2024-06,Canada,Payroll employees,17413095.0
2024-06,Canada,Job vacancy rate,3.3
2024-06,Newfoundland and Labrador,Job vacancies,7270.0
2024-06,Newfoundland and Labrador,Payroll employees,203870.0
2024-06,Newfoundland and Labrador,Job vacancy rate,3.4
2024-06,Prince Edward Island,Job vacancies,3805.0
2024-06,Prince Edward Island,Payroll employees,73620.0
2024-06,Prince Edward Island,Job vacancy rate,4.9
2024-06,Nova Scotia,Job vacancies,15680.0
2024-06,Nova Scotia,Payroll employees,437770.0
2024-06,Nova Scotia,Job vacancy rate,3.5
2024-06,New Brunswick,Job vacancies,11995.0
2024-06,New Brunswick,Payroll employees,354570.0
2024-06,New Brunswick,Job vacancy rate,3.3
2024-06,Quebec,Job vacancies,124310.0
2024-06,Quebec,Payroll employees,3883610.0
2024-06,Quebec,Job vacancy rate,3.1
2024-06,Ontario,Job vacancies,199355.0
2024-06,Ontario,Payroll employees,6751845.0
2024-06,Ontario,Job vacancy rate,2.9
2024-06,Manitoba,Job vacancies,24860.0
2024-06,Manitoba,Payroll employees,615900.0
2024-06,Manitoba,Job vacancy rate,3.9
2024-06,Saskatchewan,Job vacancies,19360.0
2024-06,Saskatchewan,Payroll employees,496955.0
2024-06,Saskatchewan,Job vacancy rate,3.7
2024-06,Alberta,Job vacancies,70585.0
2024-06,Alberta,Payroll employees,2106605.0
2024-06,Alberta,Job vacancy rate,3.2
2024-06,British Columbia,Job vacancies,105430.0
2024-06,British Columbia,Payroll employees,2428425.0
2024-06,British Columbia,Job vacancy rate,4.2
2024-06,Yukon,Job vacancies,1275.0
2024-06,Yukon,Payroll employees,20575.0
2024-06,Yukon,Job vacancy rate,5.8
2024-06,Northwest Territories,Job vacancies,775.0
2024-06,Northwest Territories,Payroll employees,22650.0
2024-06,Northwest Territories,Job vacancy rate,3.3
2024-06,Nunavut,Job vacancies,
2024-06,Nunavut,Payroll employees,
2024-06,Nunavut,Job vacancy rate,
2024-07,Canada,Job vacancies,563955.0
2024-07,Canada,Payroll employees,17627000.0
2024-07,Canada,Job vacancy rate,3.1
2024-07,Newfoundland and Labrador,Job vacancies,4560.0
2024-07,Newfoundland and Labrador,Payroll employees,195430.0
2024-07,Newfoundland and Labrador,Job vacancy rate,2.3
2024-07,Prince Edward Island,Job vacancies,1815.0
2024-07,Prince Edward Island,Payroll employees,76215.0
2024-07,Prince Edward Island,Job vacancy rate,2.3
2024-07,Nova Scotia,Job vacancies,12605.0
2024-07,Nova Scotia,Payroll employees,458430.0
2024-07,Nova Scotia,Job vacancy rate,2.7
2024-07,New Brunswick,Job vacancies,10335.0
2024-07,New Brunswick,Payroll employees,344070.0
2024-07,New Brunswick,Job vacancy rate,2.9
2024-07,Quebec,Job vacancies,132330.0
2024-07,Quebec,Payroll employees,3966540.0
2024-07,Quebec,Job vacancy rate,3.2
2024-07,Ontario,Job vacancies,191795.0
2024-07,Ontario,Payroll employees,6821505.0
2024-07,Ontario,Job vacancy rate,2.7
2024-07,Manitoba,Job vacancies,21340.0
2024-07,Manitoba,Payroll employees,638535.0
2024-07,Manitoba,Job vacancy rate,3.2
2024-07,Saskatchewan,Job vacancies,15815.0
2024-07,Saskatchewan,Payroll employees,503010.0
2024-07,Saskatchewan,Job vacancy rate,3.0
2024-07,Alberta,Job vacancies,63345.0
2024-07,Alberta,Payroll employees,2101415.0
2024-07,Alberta,Job vacancy rate,2.9
2024-07,British Columbia,Job vacancies,106955.0
2024-07,British Columbia,Payroll employees,2460755.0
2024-07,British Columbia,Job vacancy rate,4.2
2024-07,Yukon,Job vacancies,760.0
2024-07,Yukon,Payroll employees,21370.0
2024-07,Yukon,Job vacancy rate,3.4
2024-07,Northwest Territories,Job vacancies,1675.0
2024-07,Northwest Territories,Payroll employees,22615.0
2024-07,Northwest Territories,Job vacancy rate,6.9
2024-07,Nunavut,Job vacancies,625.0
2024-07,Nunavut,Payroll employees,17115.0
2024-07,Nunavut,Job vacancy rate,3.5
2024-08,Canada,Job vacancies,567725.0
2024-08,Canada,Payroll employees,17371135.0
2024-08,Canada,Job vacancy rate,3.2
2024-08,Newfoundland and Labrador,Job vacancies,5920.0
2024-08,Newfoundland and Labrador,Payroll employees,218225.0
2024-08,Newfoundland and Labrador,Job vacancy rate,2.6
2024-08,Prince Edward Island,Job vacancies,1955.0
2024-08,Prince Edward Island,Payroll employees,75560.0
2024-08,Prince Edward Island,Job vacancy rate,2.5
2024-08,Nova Scotia,Job vacancies,15520.0
2024-08,Nova Scotia,Payroll employees,473540.0
2024-08,Nova Scotia,Job vacancy rate,3.2
2024-08,New Brunswick,Job vacancies,8690.0
2024-08,New Brunswick,Payroll employees,323055.0
2024-08,New Brunswick,Job vacancy rate,2.6
2024-08,Quebec,Job vacancies,124435.0
2024-08,Quebec,Payroll employees,3885470.0
2024-08,Quebec,Job vacancy rate,3.1
2024-08,Ontario,Job vacancies,191980.0
2024-08,Ontario,Payroll employees,6727540.0
2024-08,Ontario,Job vacancy rate,2.8
2024-08,Manitoba,Job vacancies,20360.0
2024-08,Manitoba,Payroll employees,611315.0
2024-08,Manitoba,Job vacancy rate,3.2
2024-08,Saskatchewan,Job vacancies,19985.0
2024-08,Saskatchewan,Payroll employees,496310.0
2024-08,Saskatchewan,Job vacancy rate,3.9
2024-08,Alberta,Job vacancies,82910.0
2024-08,Alberta,Payroll employees,2094260.0
2024-08,Alberta,Job vacancy rate,3.8
2024-08,British Columbia,Job vacancies,93990.0
2024-08,British Columbia,Payroll employees,2404725.0
2024-08,British Columbia,Job vacancy rate,3.8
2024-08,Yukon,Job vacancies,700.0
2024-08,Yukon,Payroll employees,20685.0
2024-08,Yukon,Job vacancy rate,3.3
2024-08,Northwest Territories,Job vacancies,770.0
2024-08,Northwest Territories,Payroll employees,22875.0
2024-08,Northwest Territories,Job vacancy rate,3.3
2024-08,Nunavut,Job vacancies,
2024-08,Nunavut,Payroll employees,17565.0
2024-08,Nunavut,Job vacancy rate,
2024-09,Canada,Job vacancies,565870.0
2024-09,Canada,Payroll employees,17162570.0
2024-09,Canada,Job vacancy rate,3.2
2024-09,Newfoundland and Labrador,Job vacancies,4310.0
2024-09,Newfoundland and Labrador,Payroll employees,207765.0
2024-09,Newfoundland and Labrador,Job vacancy rate,2.0
2024-09,Prince Edward Island,Job vacancies,3565.0
2024-09,Prince Edward Island,Payroll employees,74055.0
2024-09,Prince Edward Island,Job vacancy rate,4.6
2024-09,Nova Scotia,Job vacancies,14870.0
2024-09,Nova Scotia,Payroll employees,434165.0
2024-09,Nova Scotia,Job vacancy rate,3.3
2024-09,New Brunswick,Job vacancies,8880.0
2024-09,New Brunswick,Payroll employees,338790.0
2024-09,New Brunswick,Job vacancy rate,2.6
2024-09,Quebec,Job vacancies,120290.0
2024-09,Quebec,Payroll employees,3816505.0
2024-09,Quebec,Job vacancy rate,3.1
2024-09,Ontario,Job vacancies,196180.0
2024-09,Ontario,Payroll employees,6665960.0
2024-09,Ontario,Job vacancy rate,2.9
2024-09,Manitoba,Job vacancies,20820.0
2024-09,Manitoba,Payroll employees,600040.0
2024-09,Manitoba,Job vacancy rate,3.4
2024-09,Saskatchewan,Job vacancies,19105.0
2024-09,Saskatchewan,Payroll employees,481720.0
2024-09,Saskatchewan,Job vacancy rate,3.8
2024-09,Alberta,Job vacancies,76515.0
2024-09,Alberta,Payroll employees,2094750.0
2024-09,Alberta,Job vacancy rate,3.5
2024-09,British Columbia,Job vacancies,98340.0
2024-09,British Columbia,Payroll employees,2387640.0
2024-09,British Columbia,Job vacancy rate,4.0
2024-09,Yukon,Job vacancies,1165.0
2024-09,Yukon,Payroll employees,20920.0
2024-09,Yukon,Job vacancy rate,5.3
2024-09,Northwest Territories,Job vacancies,1250.0
2024-09,Northwest Territories,Payroll employees,22735.0
2024-09,Northwest Territories,Job vacancy rate,5.2
2024-09,Nunavut,Job vacancies,
2024-09,Nunavut,Payroll employees,17520.0
2024-09,Nunavut,Job vacancy rate,
2024-10,Canada,Job vacancies,557710.0
2024-10,Canada,Payroll employees,17522830.0
2024-10,Canada,Job vacancy rate,3.1
2024-10,Newfoundland and Labrador,Job vacancies,4820.0
2024-10,Newfoundland and Labrador,Payroll employees,189010.0
2024-10,Newfoundland and Labrador,Job vacancy rate,2.5
2024-10,Prince Edward Island,Job vacancies,1530.0
2024-10,Prince Edward Island,Payroll employees,75315.0
2024-10,Prince Edward Island,Job vacancy rate,2.0
2024-10,Nova Scotia,Job vacancies,13150.0
2024-10,Nova Scotia,Payroll employees,460660.0
2024-10,Nova Scotia,Job vacancy rate,2.8
2024-10,New Brunswick,Job vacancies,10270.0
2024-10,New Brunswick,Payroll employees,333845.0
2024-10,New Brunswick,Job vacancy rate,3.0
2024-10,Quebec,Job vacancies,136600.0
2024-10,Quebec,Payroll employees,3933965.0
2024-10,Quebec,Job vacancy rate,3.4
2024-10,Ontario,Job vacancies,187430.0
2024-10,Ontario,Payroll employees,6777810.0
2024-10,Ontario,Job vacancy rate,2.7
2024-10,Manitoba,Job vacancies,22450.0
2024-10,Manitoba,Payroll employees,632130.0
2024-10,Manitoba,Job vacancy rate,3.4
2024-10,Saskatchewan,Job vacancies,17465.0
2024-10,Saskatchewan,Payroll employees,506915.0
2024-10,Saskatchewan,Job vacancy rate,3.3
2024-10,Alberta,Job vacancies,67005.0
2024-10,Alberta,Payroll employees,2098740.0
2024-10,Alberta,Job vacancy rate,3.1
2024-10,British Columbia,Job vacancies,94470.0
2024-10,British Columbia,Payroll employees,2453625.0
2024-10,British Columbia,Job vacancy rate,3.7
2024-10,Yukon,Job vacancies,815.0
2024-10,Yukon,Payroll employees,20885.0
2024-10,Yukon,Job vacancy rate,3.8
2024-10,Northwest Territories,Job vacancies,1255.0
2024-10,Northwest Territories,Payroll employees,22620.0
2024-10,Northwest Territories,Job vacancy rate,5.3
2024-10,Nunavut,Job vacancies,450.0
2024-10,Nunavut,Payroll employees,17310.0
2024-10,Nunavut,Job vacancy rate,2.5
2024-11,Canada,Job vacancies,525185.0
2024-11,Canada,Payroll employees,17527670.0
2024-11,Canada,Job vacancy rate,2.9
2024-11,Newfoundland and Labrador,Job vacancies,5105.0
2024-11,Newfoundland and Labrador,Payroll employees,209220.0
2024-11,Newfoundland and Labrador,Job vacancy rate,2.4
2024-11,Prince Edward Island,Job vacancies,1665.0
2024-11,Prince Edward Island,Payroll employees,73865.0
2024-11,Prince Edward Island,Job vacancy rate,2.2
2024-11,Nova Scotia,Job vacancies,15230.0
2024-11,Nova Scotia,Payroll employees,473710.0
2024-11,Nova Scotia,Job vacancy rate,3.1
2024-11,New Brunswick,Job vacancies,7970.0
2024-11,New Brunswick,Payroll employees,315065.0
2024-11,New Brunswick,Job vacancy rate,2.5
2024-11,Quebec,Job vacancies,115180.0
2024-11,Quebec,Payroll employees,3930635.0
2024-11,Quebec,Job vacancy rate,2.8
2024-11,Ontario,Job vacancies,184455.0
2024-11,Ontario,Payroll employees,6776745.0
2024-11,Ontario,Job vacancy rate,2.6
2024-11,Manitoba,Job vacancies,17540.0
2024-11,Manitoba,Payroll employees,617650.0
2024-11,Manitoba,Job vacancy rate,2.8
2024-11,Saskatchewan,Job vacancies,16250.0
2024-11,Saskatchewan,Payroll employees,512215.0
2024-11,Saskatchewan,Job vacancy rate,3.1
2024-11,Alberta,Job vacancies,68350.0
2024-11,Alberta,Payroll employees,2122485.0
2024-11,Alberta,Job vacancy rate,3.1
2024-11,British Columbia,Job vacancies,91610.0
2024-11,British Columbia,Payroll employees,2435955.0
2024-11,British Columbia,Job vacancy rate,3.6
2024-11,Yukon,Job vacancies,380.0
2024-11,Yukon,Payroll employees,20460.0
2024-11,Yukon,Job vacancy rate,1.8
2024-11,Northwest Territories,Job vacancies,855.0
2024-11,Northwest Territories,Payroll employees,22325.0
2024-11,Northwest Territories,Job vacancy rate,3.7
2024-11,Nunavut,Job vacancies,590.0
2024-11,Nunavut,Payroll employees,17350.0
2024-11,Nunavut,Job vacancy rate,3.3
2024-12,Canada,Job vacancies,440185.0
2024-12,Canada,Payroll employees,17443220.0
2024-12,Canada,Job vacancy rate,2.5
2024-12,Newfoundland and Labrador,Job vacancies,4220.0
2024-12,Newfoundland and Labrador,Payroll employees,201735.0
2024-12,Newfoundland and Labrador,Job vacancy rate,2.0
2024-12,Prince Edward Island,Job vacancies,2745.0
2024-12,Prince Edward Island,Payroll employees,69600.0
2024-12,Prince Edward Island,Job vacancy rate,3.8
2024-12,Nova Scotia,Job vacancies,12625.0
2024-12,Nova Scotia,Payroll employees,430940.0
2024-12,Nova Scotia,Job vacancy rate,2.8
2024-12,New Brunswick,Job vacancies,7605.0
2024-12,New Brunswick,Payroll employees,334255.0
2024-12,New Brunswick,Job vacancy rate,2.2
2024-12,Quebec,Job vacancies,103165.0
2024-12,Quebec,Payroll employees,3917680.0
2024-12,Quebec,Job vacancy rate,2.6
2024-12,Ontario,Job vacancies,149370.0
2024-12,Ontario,Payroll employees,6771445.0
2024-12,Ontario,Job vacancy rate,2.2
2024-12,Manitoba,Job vacancies,19040.0
2024-12,Manitoba,Payroll employees,612120.0
2024-12,Manitoba,Job vacancy rate,3.0
2024-12,Saskatchewan,Job vacancies,16180.0
2024-12,Saskatchewan,Payroll employees,502885.0
2024-12,Saskatchewan,Job vacancy rate,3.1
2024-12,Alberta,Job vacancies,56120.0
2024-12,Alberta,Payroll employees,2115405.0
2024-12,Alberta,Job vacancy rate,2.6
2024-12,British Columbia,Job vacancies,66835.0
2024-12,British Columbia,Payroll employees,2428675.0
2024-12,British Columbia,Job vacancy rate,2.7
2024-12,Yukon,Job vacancies,
2024-12,Yukon,Payroll employees,19570.0
2024-12,Yukon,Job vacancy rate,
2024-12,Northwest Territories,Job vacancies,825.0
2024-12,Northwest Territories,Payroll employees,21955.0
2024-12,Northwest Territories,Job vacancy rate,3.6
2024-12,Nunavut,Job vacancies,
2024-12,Nunavut,Payroll employees,16955.0
2024-12,Nunavut,Job vacancy rate,
2025-01,Canada,Job vacancies,473755.0
2025-01,Canada,Payroll employees,17521710.0
2025-01,Canada,Job vacancy rate,2.6
2025-01,Newfoundland and Labrador,Job vacancies,3380.0
2025-01,Newfoundland and Labrador,Payroll employees,179160.0
2025-01,Newfoundland and Labrador,Job vacancy rate,1.9
2025-01,Prince Edward Island,Job vacancies,1935.0
2025-01,Prince Edward Island,Payroll employees,68715.0
2025-01,Prince Edward Island,Job vacancy rate,2.7
2025-01,Nova Scotia,Job vacancies,10415.0
2025-01,Nova Scotia,Payroll employees,450430.0
2025-01,Nova Scotia,Job vacancy rate,2.3
2025-01,New Brunswick,Job vacancies,6660.0
2025-01,New Brunswick,Payroll employees,334535.0
2025-01,New Brunswick,Job vacancy rate,2.0
2025-01,Quebec,Job vacancies,127630.0
2025-01,Quebec,Payroll employees,3913000.0
2025-01,Quebec,Job vacancy rate,3.2
2025-01,Ontario,Job vacancies,153650.0
2025-01,Ontario,Payroll employees,6811115.0
2025-01,Ontario,Job vacancy rate,2.2
2025-01,Manitoba,Job vacancies,17515.0
2025-01,Manitoba,Payroll employees,626355.0
2025-01,Manitoba,Job vacancy rate,2.7
2025-01,Saskatchewan,Job vacancies,15170.0
2025-01,Saskatchewan,Payroll employees,513645.0
2025-01,Saskatchewan,Job vacancy rate,2.9
2025-01,Alberta,Job vacancies,51215.0
2025-01,Alberta,Payroll employees,2106890.0
2025-01,Alberta,Job vacancy rate,2.4
2025-01,British Columbia,Job vacancies,83780.0
2025-01,British Columbia,Payroll employees,2458980.0
2025-01,British Columbia,Job vacancy rate,3.3
2025-01,Yukon,Job vacancies,910.0
2025-01,Yukon,Payroll employees,19910.0
2025-01,Yukon,Job vacancy rate,4.4
2025-01,Northwest Territories,Job vacancies,895.0
2025-01,Northwest Territories,Payroll employees,22060.0
2025-01,Northwest Territories,Job vacancy rate,3.9
2025-01,Nunavut,Job vacancies,600.0
2025-01,Nunavut,Payroll employees,16915.0
2025-01,Nunavut,Job vacancy rate,3.4
2025-02,Canada,Job vacancies,473590.0
2025-02,Canada,Payroll employees,17097160.0
2025-02,Canada,Job vacancy rate,2.7
2025-02,Newfoundland and Labrador,Job vacancies,4245.0
2025-02,Newfoundland and Labrador,Payroll employees,188200.0
2025-02,Newfoundland and Labrador,Job vacancy rate,2.2
2025-02,Prince Edward Island,Job vacancies,1445.0
2025-02,Prince Edward Island,Payroll employees,65425.0
2025-02,Prince Edward Island,Job vacancy rate,2.2
2025-02,Nova Scotia,Job vacancies,12675.0
2025-02,Nova Scotia,Payroll employees,469165.0
2025-02,Nova Scotia,Job vacancy rate,2.6
2025-02,New Brunswick,Job vacancies,7535.0
2025-02,New Brunswick,Payroll employees,301340.0
2025-02,New Brunswick,Job vacancy rate,2.4
2025-02,Quebec,Job vacancies,102930.0
2025-02,Quebec,Payroll employees,3781075.0
2025-02,Quebec,Job vacancy rate,2.7
2025-02,Ontario,Job vacancies,176080.0
2025-02,Ontario,Payroll employees,6670080.0
2025-02,Ontario,Job vacancy rate,2.6
2025-02,Manitoba,Job vacancies,18585.0
2025-02,Manitoba,Payroll employees,601600.0
2025-02,Manitoba,Job vacancy rate,3.0
2025-02,Saskatchewan,Job vacancies,16745.0
2025-02,Saskatchewan,Payroll employees,499635.0
2025-02,Saskatchewan,Job vacancy rate,3.2
2025-02,Alberta,Job vacancies,58490.0
2025-02,Alberta,Payroll employees,2074935.0
2025-02,Alberta,Job vacancy rate,2.7
2025-02,British Columbia,Job vacancies,72660.0
2025-02,British Columbia,Payroll employees,2389425.0
2025-02,British Columbia,Job vacancy rate,3.0
2025-02,Yukon,Job vacancies,550.0
2025-02,Yukon,Payroll employees,18460.0
2025-02,Yukon,Job vacancy rate,2.9
2025-02,Northwest Territories,Job vacancies,710.0
2025-02,Northwest Territories,Payroll employees,21555.0
2025-02,Northwest Territories,Job vacancy rate,3.2
2025-02,Nunavut,Job vacancies,940.0
2025-02,Nunavut,Payroll employees,16270.0
2025-02,Nunavut,Job vacancy rate,5.5
2025-03,Canada,Job vacancies,513445.0
2025-03,Canada,Payroll employees,17045400.0
2025-03,Canada,Job vacancy rate,2.9
2025-03,Newfoundland and Labrador,Job vacancies,5180.0
2025-03,Newfoundland and Labrador,Payroll employees,191440.0
2025-03,Newfoundland and Labrador,Job vacancy rate,2.6
2025-03,Prince Edward Island,Job vacancies,2405.0
2025-03,Prince Edward Island,Payroll employees,63755.0
2025-03,Prince Edward Island,Job vacancy rate,3.6
2025-03,Nova Scotia,Job vacancies,12560.0
2025-03,Nova Scotia,Payroll employees,412500.0
2025-03,Nova Scotia,Job vacancy rate,3.0
2025-03,New Brunswick,Job vacancies,9480.0
2025-03,New Brunswick,Payroll employees,320710.0
2025-03,New Brunswick,Job vacancy rate,2.9
2025-03,Quebec,Job vacancies,113990.0
2025-03,Quebec,Payroll employees,3836510.0
2025-03,Quebec,Job vacancy rate,2.9
2025-03,Ontario,Job vacancies,180115.0
2025-03,Ontario,Payroll employees,6614680.0
2025-03,Ontario,Job vacancy rate,2.7
2025-03,Manitoba,Job vacancies,20535.0
2025-03,Manitoba,Payroll employees,597095.0
2025-03,Manitoba,Job vacancy rate,3.3
2025-03,Saskatchewan,Job vacancies,14845.0
2025-03,Saskatchewan,Payroll employees,486115.0
2025-03,Saskatchewan,Job vacancy rate,3.0
2025-03,Alberta,Job vacancies,68425.0
2025-03,Alberta,Payroll employees,2077590.0
2025-03,Alberta,Job vacancy rate,3.2
2025-03,British Columbia,Job vacancies,84275.0
2025-03,British Columbia,Payroll employees,2387010.0
2025-03,British Columbia,Job vacancy rate,3.4
2025-03,Yukon,Job vacancies,685.0
2025-03,Yukon,Payroll employees,18705.0
2025-03,Yukon,Job vacancy rate,3.5
2025-03,Northwest Territories,Job vacancies,620.0
2025-03,Northwest Territories,Payroll employees,21850.0
2025-03,Northwest Territories,Job vacancy rate,2.8
2025-03,Nunavut,Job vacancies,
2025-03,Nunavut,Payroll employees,17435.0
2025-03,Nunavut,Job vacancy rate,
2025-04,Canada,Job vacancies,559835.0
2025-04,Canada,Payroll employees,17042065.0
2025-04,Canada,Job vacancy rate,3.2
2025-04,Newfoundland and Labrador,Job vacancies,4640.0
2025-04,Newfoundland and Labrador,Payroll employees,173070.0
2025-04,Newfoundland and Labrador,Job vacancy rate,2.6
2025-04,Prince Edward Island,Job vacancies,2040.0
2025-04,Prince Edward Island,Payroll employees,64330.0
2025-04,Prince Edward Island,Job vacancy rate,3.1
2025-04,Nova Scotia,Job vacancies,13310.0
2025-04,Nova Scotia,Payroll employees,436190.0
2025-04,Nova Scotia,Job vacancy rate,3.0
2025-04,New Brunswick,Job vacancies,9340.0
2025-04,New Brunswick,Payroll employees,323170.0
2025-04,New Brunswick,Job vacancy rate,2.8
2025-04,Quebec,Job vacancies,133080.0
2025-04,Quebec,Payroll employees,3817535.0
2025-04,Quebec,Job vacancy rate,3.4
2025-04,Ontario,Job vacancies,194640.0
2025-04,Ontario,Payroll employees,6605685.0
2025-04,Ontario,Job vacancy rate,2.9
2025-04,Manitoba,Job vacancies,20670.0
2025-04,Manitoba,Payroll employees,608610.0
2025-04,Manitoba,Job vacancy rate,3.3
2025-04,Saskatchewan,Job vacancies,17585.0
2025-04,Saskatchewan,Payroll employees,493110.0
2025-04,Saskatchewan,Job vacancy rate,3.4
2025-04,Alberta,Job vacancies,70215.0
2025-04,Alberta,Payroll employees,2054355.0
2025-04,Alberta,Job vacancy rate,3.3
2025-04,British Columbia,Job vacancies,91915.0
2025-04,British Columbia,Payroll employees,2408130.0
2025-04,British Columbia,Job vacancy rate,3.7
2025-04,Yukon,Job vacancies,955.0
2025-04,Yukon,Payroll employees,18700.0
2025-04,Yukon,Job vacancy rate,4.9
2025-04,Northwest Territories,Job vacancies,960.0
2025-04,Northwest Territories,Payroll employees,22130.0
2025-04,Northwest Territories,Job vacancy rate,4.2
2025-04,Nunavut,Job vacancies,480.0
2025-04,Nunavut,Payroll employees,17040.0
2025-04,Nunavut,Job vacancy rate,2.7
2025-05,Canada,Job vacancies,543630.0
2025-05,Canada,Payroll employees,17176590.0
2025-05,Canada,Job vacancy rate,3.1
2025-05,Newfoundland and Labrador,Job vacancies,5780.0
2025-05,Newfoundland and Labrador,Payroll employees,188060.0
2025-05,Newfoundland and Labrador,Job vacancy rate,3.0
2025-05,Prince Edward Island,Job vacancies,2390.0
2025-05,Prince Edward Island,Payroll employees,67410.0
2025-05,Prince Edward Island,Job vacancy rate,3.4
2025-05,Nova Scotia,Job vacancies,18200.0
2025-05,Nova Scotia,Payroll employees,471755.0
2025-05,Nova Scotia,Job vacancy rate,3.7
2025-05,New Brunswick,Job vacancies,9920.0
2025-05,New Brunswick,Payroll employees,307160.0
2025-05,New Brunswick,Job vacancy rate,3.1
2025-05,Quebec,Job vacancies,117205.0
2025-05,Quebec,Payroll employees,3833460.0
2025-05,Quebec,Job vacancy rate,3.0
2025-05,Ontario,Job vacancies,190645.0
2025-05,Ontario,Payroll employees,6654405.0
2025-05,Ontario,Job vacancy rate,2.8
2025-05,Manitoba,Job vacancies,20445.0
2025-05,Manitoba,Payroll employees,598450.0
2025-05,Manitoba,Job vacancy rate,3.3
2025-05,Saskatchewan,Job vacancies,18600.0
2025-05,Saskatchewan,Payroll employees,504485.0
2025-05,Saskatchewan,Job vacancy rate,3.6
2025-05,Alberta,Job vacancies,70960.0
2025-05,Alberta,Payroll employees,2084835.0
2025-05,Alberta,Job vacancy rate,3.3
2025-05,British Columbia,Job vacancies,87055.0
2025-05,British Columbia,Payroll employees,2408870.0
2025-05,British Columbia,Job vacancy rate,3.5
2025-05,Yukon,Job vacancies,810.0
2025-05,Yukon,Payroll employees,19100.0
2025-05,Yukon,Job vacancy rate,4.1
2025-05,Northwest Territories,Job vacancies,705.0
2025-05,Northwest Territories,Payroll employees,21575.0
2025-05,Northwest Territories,Job vacancy rate,3.2
2025-05,Nunavut,Job vacancies,925.0
2025-05,Nunavut,Payroll employees,17025.0
2025-05,Nunavut,Job vacancy rate,5.1
2025-06,Canada,Job vacancies,522945.0
2025-06,Canada,Payroll employees,17468915.0
2025-06,Canada,Job vacancy rate,2.9
2025-06,Newfoundland and Labrador,Job vacancies,6325.0
2025-06,Newfoundland and Labrador,Payroll employees,208295.0
2025-06,Newfoundland and Labrador,Job vacancy rate,2.9
2025-06,Prince Edward Island,Job vacancies,2670.0
2025-06,Prince Edward Island,Payroll employees,74925.0
2025-06,Prince Edward Island,Job vacancy rate,3.4
2025-06,Nova Scotia,Job vacancies,15600.0
2025-06,Nova Scotia,Payroll employees,441915.0
2025-06,Nova Scotia,Job vacancy rate,3.4
2025-06,New Brunswick,Job vacancies,10430.0
2025-06,New Brunswick,Payroll employees,338735.0
2025-06,New Brunswick,Job vacancy rate,3.0
2025-06,Quebec,Job vacancies,113550.0
2025-06,Quebec,Payroll employees,3909820.0
2025-06,Quebec,Job vacancy rate,2.8
2025-06,Ontario,Job vacancies,180960.0
2025-06,Ontario,Payroll employees,6745890.0
2025-06,Ontario,Job vacancy rate,2.6
2025-06,Manitoba,Job vacancies,18965.0
2025-06,Manitoba,Payroll employees,615225.0
2025-06,Manitoba,Job vacancy rate,3.0
2025-06,Saskatchewan,Job vacancies,17650.0
2025-06,Saskatchewan,Payroll employees,506710.0
2025-06,Saskatchewan,Job vacancy rate,3.4
2025-06,Alberta,Job vacancies,69630.0
2025-06,Alberta,Payroll employees,2132760.0
2025-06,Alberta,Job vacancy rate,3.2
2025-06,British Columbia,Job vacancies,84785.0
2025-06,British Columbia,Payroll employees,2435705.0
2025-06,British Columbia,Job vacancy rate,3.4
2025-06,Yukon,Job vacancies,1060.0
2025-06,Yukon,Payroll employees,20245.0
2025-06,Yukon,Job vacancy rate,5.0
2025-06,Northwest Territories,Job vacancies,900.0
2025-06,Northwest Territories,Payroll employees,21705.0
2025-06,Northwest Territories,Job vacancy rate,4.0
2025-06,Nunavut,Job vacancies,
2025-06,Nunavut,Payroll employees,16980.0
2025-06,Nunavut,Job vacancy rate,
2025-07,Canada,Job vacancies,506080.0
2025-07,Canada,Payroll employees,17677885.0
2025-07,Canada,Job vacancy rate,2.8
2025-07,Newfoundland and Labrador,Job vacancies,3885.0
2025-07,Newfoundland and Labrador,Payroll employees,201275.0
2025-07,Newfoundland and Labrador,Job vacancy rate,1.9
2025-07,Prince Edward Island,Job vacancies,1245.0
2025-07,Prince Edward Island,Payroll employees,78305.0
2025-07,Prince Edward Island,Job vacancy rate,1.6
2025-07,Nova Scotia,Job vacancies,14510.0
2025-07,Nova Scotia,Payroll employees,463940.0
2025-07,Nova Scotia,Job vacancy rate,3.0
2025-07,New Brunswick,Job vacancies,10640.0
2025-07,New Brunswick,Payroll employees,353600.0
2025-07,New Brunswick,Job vacancy rate,2.9
2025-07,Quebec,Job vacancies,119650.0
2025-07,Quebec,Payroll employees,3967640.0
2025-07,Quebec,Job vacancy rate,2.9
2025-07,Ontario,Job vacancies,173150.0
2025-07,Ontario,Payroll employees,6804740.0
2025-07,Ontario,Job vacancy rate,2.5
2025-07,Manitoba,Job vacancies,17425.0
2025-07,Manitoba,Payroll employees,637255.0
2025-07,Manitoba,Job vacancy rate,2.7
2025-07,Saskatchewan,Job vacancies,13235.0
2025-07,Saskatchewan,Payroll employees,515210.0
2025-07,Saskatchewan,Job vacancy rate,2.5
2025-07,Alberta,Job vacancies,61310.0
2025-07,Alberta,Payroll employees,2126195.0
2025-07,Alberta,Job vacancy rate,2.8
2025-07,British Columbia,Job vacancies,88865.0
2025-07,British Columbia,Payroll employees,2468630.0
2025-07,British Columbia,Job vacancy rate,3.5
2025-07,Yukon,Job vacancies,895.0
2025-07,Yukon,Payroll employees,21250.0
2025-07,Yukon,Job vacancy rate,4.0
2025-07,Northwest Territories,Job vacancies,920.0
2025-07,Northwest Territories,Payroll employees,22510.0
2025-07,Northwest Territories,Job vacancy rate,3.9
2025-07,Nunavut,Job vacancies,350.0
2025-07,Nunavut,Payroll employees,17345.0
2025-07,Nunavut,Job vacancy rate,2.0
2025-08,Canada,Job vacancies,502555.0
2025-08,Canada,Payroll employees,17452570.0
2025-08,Canada,Job vacancy rate,2.8
2025-08,Newfoundland and Labrador,Job vacancies,5215.0
2025-08,Newfoundland and Labrador,Payroll employees,211095.0
2025-08,Newfoundland and Labrador,Job vacancy rate,2.4
2025-08,Prince Edward Island,Job vacancies,1915.0
2025-08,Prince Edward Island,Payroll employees,75605.0
2025-08,Prince Edward Island,Job vacancy rate,2.5
2025-08,Nova Scotia,Job vacancies,16765.0
2025-08,Nova Scotia,Payroll employees,487960.0
2025-08,Nova Scotia,Job vacancy rate,3.3
2025-08,New Brunswick,Job vacancies,10255.0
2025-08,New Brunswick,Payroll employees,335925.0
2025-08,New Brunswick,Job vacancy rate,3.0
2025-08,Quebec,Job vacancies,108200.0
2025-08,Quebec,Payroll employees,3890870.0
2025-08,Quebec,Job vacancy rate,2.7
2025-08,Ontario,Job vacancies,180825.0
2025-08,Ontario,Payroll employees,6728415.0
2025-08,Ontario,Job vacancy rate,2.6
2025-08,Manitoba,Job vacancies,15140.0
2025-08,Manitoba,Payroll employees,611930.0
2025-08,Manitoba,Job vacancy rate,2.4
2025-08,Saskatchewan,Job vacancies,16450.0
2025-08,Saskatchewan,Payroll employees,501490.0
2025-08,Saskatchewan,Job vacancy rate,3.2
2025-08,Alberta,Job vacancies,67705.0
2025-08,Alberta,Payroll employees,2140880.0
2025-08,Alberta,Job vacancy rate,3.1
2025-08,British Columbia,Job vacancies,77890.0
2025-08,British Columbia,Payroll employees,2407625.0
2025-08,British Columbia,Job vacancy rate,3.1
2025-08,Yukon,Job vacancies,670.0
2025-08,Yukon,Payroll employees,20590.0
2025-08,Yukon,Job vacancy rate,3.1
2025-08,Northwest Territories,Job vacancies,760.0
2025-08,Northwest Territories,Payroll employees,22630.0
2025-08,Northwest Territories,Job vacancy rate,3.2
2025-08,Nunavut,Job vacancies,765.0
2025-08,Nunavut,Payroll employees,17555.0
2025-08,Nunavut,Job vacancy rate,4.2
2025-09,Canada,Job vacancies,516050.0
2025-09,Canada,Payroll employees,17218455.0
2025-09,Canada,Job vacancy rate,2.9
2025-09,Newfoundland and Labrador,Job vacancies,4900.0
2025-09,Newfoundland and Labrador,Payroll employees,208730.0
2025-09,Newfoundland and Labrador,Job vacancy rate,2.3
2025-09,Prince Edward Island,Job vacancies,3420.0
2025-09,Prince Edward Island,Payroll employees,72265.0
2025-09,Prince Edward Island,Job vacancy rate,4.5
2025-09,Nova Scotia,Job vacancies,15180.0
2025-09,Nova Scotia,Payroll employees,440725.0
2025-09,Nova Scotia,Job vacancy rate,3.3
2025-09,New Brunswick,Job vacancies,8965.0
2025-09,New Brunswick,Payroll employees,342790.0
2025-09,New Brunswick,Job vacancy rate,2.5
2025-09,Quebec,Job vacancies,110455.0
2025-09,Quebec,Payroll employees,3817985.0
2025-09,Quebec,Job vacancy rate,2.8
2025-09,Ontario,Job vacancies,189490.0
2025-09,Ontario,Payroll employees,6678905.0
2025-09,Ontario,Job vacancy rate,2.8
2025-09,Manitoba,Job vacancies,18320.0
2025-09,Manitoba,Payroll employees,598700.0
2025-09,Manitoba,Job vacancy rate,3.0
2025-09,Saskatchewan,Job vacancies,16820.0
2025-09,Saskatchewan,Payroll employees,490405.0
2025-09,Saskatchewan,Job vacancy rate,3.3
2025-09,Alberta,Job vacancies,62440.0
2025-09,Alberta,Payroll employees,2117525.0
2025-09,Alberta,Job vacancy rate,2.9
2025-09,British Columbia,Job vacancies,83965.0
2025-09,British Columbia,Payroll employees,2389210.0
2025-09,British Columbia,Job vacancy rate,3.4
2025-09,Yukon,Job vacancies,760.0
2025-09,Yukon,Payroll employees,21395.0
2025-09,Yukon,Job vacancy rate,3.4
2025-09,Northwest Territories,Job vacancies,945.0
2025-09,Northwest Territories,Payroll employees,22215.0
2025-09,Northwest Territories,Job vacancy rate,4.1
2025-09,Nunavut,Job vacancies,
2025-09,Nunavut,Payroll employees,17615.0
2025-09,Nunavut,Job vacancy rate,
2025-10,Canada,Job vacancies,497580.0
2025-10,Canada,Payroll employees,17572160.0
2025-10,Canada,Job vacancy rate,2.8
2025-10,Newfoundland and Labrador,Job vacancies,3960.0
2025-10,Newfoundland and Labrador,Payroll employees,202705.0
2025-10,Newfoundland and Labrador,Job vacancy rate,1.9
2025-10,Prince Edward Island,Job vacancies,1140.0
2025-10,Prince Edward Island,Payroll employees,76065.0
2025-10,Prince Edward Island,Job vacancy rate,1.5
2025-10,Nova Scotia,Job vacancies,12605.0
2025-10,Nova Scotia,Payroll employees,452250.0
2025-10,Nova Scotia,Job vacancy rate,2.7
2025-10,New Brunswick,Job vacancies,10225.0
2025-10,New Brunswick,Payroll employees,354030.0
2025-10,New Brunswick,Job vacancy rate,2.8
2025-10,Quebec,Job vacancies,127790.0
2025-10,Quebec,Payroll employees,3928150.0
2025-10,Quebec,Job vacancy rate,3.2
2025-10,Ontario,Job vacancies,164110.0
2025-10,Ontario,Payroll employees,6764055.0
2025-10,Ontario,Job vacancy rate,2.4
2025-10,Manitoba,Job vacancies,19750.0
2025-10,Manitoba,Payroll employees,630045.0
2025-10,Manitoba,Job vacancy rate,3.0
2025-10,Saskatchewan,Job vacancies,14525.0
2025-10,Saskatchewan,Payroll employees,518055.0
2025-10,Saskatchewan,Job vacancy rate,2.7
2025-10,Alberta,Job vacancies,60725.0
2025-10,Alberta,Payroll employees,2120785.0
2025-10,Alberta,Job vacancy rate,2.8
2025-10,British Columbia,Job vacancies,80830.0
2025-10,British Columbia,Payroll employees,2465185.0
2025-10,British Columbia,Job vacancy rate,3.2
2025-10,Yukon,Job vacancies,435.0
2025-10,Yukon,Payroll employees,21245.0
2025-10,Yukon,Job vacancy rate,2.0
2025-10,Northwest Territories,Job vacancies,1000.0
2025-10,Northwest Territories,Payroll employees,22060.0
2025-10,Northwest Territories,Job vacancy rate,4.3
2025-10,Nunavut,Job vacancies,480.0
2025-10,Nunavut,Payroll employees,17530.0
2025-10,Nunavut,Job vacancy rate,2.7
2025-11,Canada,Job vacancies,471215.0
2025-11,Canada,Payroll employees,17612620.0
2025-11,Canada,Job vacancy rate,2.6
2025-11,Newfoundland and Labrador,Job vacancies,5070.0
2025-11,Newfoundland and Labrador,Payroll employees,200055.0
2025-11,Newfoundland and Labrador,Job vacancy rate,2.5
2025-11,Prince Edward Island,Job vacancies,1675.0
2025-11,Prince Edward Island,Payroll employees,74235.0
2025-11,Prince Edward Island,Job vacancy rate,2.2
2025-11,Nova Scotia,Job vacancies,15125.0
2025-11,Nova Scotia,Payroll employees,479990.0
2025-11,Nova Scotia,Job vacancy rate,3.1
2025-11,New Brunswick,Job vacancies,9385.0
2025-11,New Brunswick,Payroll employees,332645.0
2025-11,New Brunswick,Job vacancy rate,2.7
2025-11,Quebec,Job vacancies,104400.0
2025-11,Quebec,Payroll employees,3933545.0
2025-11,Quebec,Job vacancy rate,2.6
2025-11,Ontario,Job vacancies,165490.0
2025-11,Ontario,Payroll employees,6802385.0
2025-11,Ontario,Job vacancy rate,2.4
2025-11,Manitoba,Job vacancies,18290.0
2025-11,Manitoba,Payroll employees,621375.0
2025-11,Manitoba,Job vacancy rate,2.9
2025-11,Saskatchewan,Job vacancies,17315.0
2025-11,Saskatchewan,Payroll employees,528125.0
2025-11,Saskatchewan,Job vacancy rate,3.2
2025-11,Alberta,Job vacancies,63365.0
2025-11,Alberta,Payroll employees,2132015.0
2025-11,Alberta,Job vacancy rate,2.9
2025-11,British Columbia,Job vacancies,69240.0
2025-11,British Columbia,Payroll employees,2447980.0
2025-11,British Columbia,Job vacancy rate,2.8
2025-11,Yukon,Job vacancies,735.0
2025-11,Yukon,Payroll employees,20615.0
2025-11,Yukon,Job vacancy rate,3.4
2025-11,Northwest Territories,Job vacancies,740.0
2025-11,Northwest Territories,Payroll employees,22120.0
2025-11,Northwest Territories,Job vacancy rate,3.2
2025-11,Nunavut,Job vacancies,385.0
2025-11,Nunavut,Payroll employees,17530.0
2025-11,Nunavut,Job vacancy rate,2.2
2025-12,Canada,Job vacancies,422025.0
2025-12,Canada,Payroll employees,17519440.0
2025-12,Canada,Job vacancy rate,2.4
2025-12,Newfoundland and Labrador,Job vacancies,3630.0
2025-12,Newfoundland and Labrador,Payroll employees,195265.0
2025-12,Newfoundland and Labrador,Job vacancy rate,1.8
2025-12,Prince Edward Island,Job vacancies,2775.0
2025-12,Prince Edward Island,Payroll employees,69495.0
2025-12,Prince Edward Island,Job vacancy rate,3.8
2025-12,Nova Scotia,Job vacancies,11100.0
2025-12,Nova Scotia,Payroll employees,435435.0
2025-12,Nova Scotia,Job vacancy rate,2.5
2025-12,New Brunswick,Job vacancies,8040.0
2025-12,New Brunswick,Payroll employees,346255.0
2025-12,New Brunswick,Job vacancy rate,2.3
2025-12,Quebec,Job vacancies,98375.0
2025-12,Quebec,Payroll employees,3929380.0
2025-12,Quebec,Job vacancy rate,2.4
2025-12,Ontario,Job vacancies,149425.0
2025-12,Ontario,Payroll employees,6781760.0
2025-12,Ontario,Job vacancy rate,2.2
2025-12,Manitoba,Job vacancies,15895.0
2025-12,Manitoba,Payroll employees,615940.0
2025-12,Manitoba,Job vacancy rate,2.5
2025-12,Saskatchewan,Job vacancies,14980.0
2025-12,Saskatchewan,Payroll employees,508920.0
2025-12,Saskatchewan,Job vacancy rate,2.9
2025-12,Alberta,Job vacancies,51005.0
2025-12,Alberta,Payroll employees,2143650.0
2025-12,Alberta,Job vacancy rate,2.3
2025-12,British Columbia,Job vacancies,65170.0
2025-12,British Columbia,Payroll employees,2434180.0
2025-12,British Columbia,Job vacancy rate,2.6
2025-12,Yukon,Job vacancies,720.0
2025-12,Yukon,Payroll employees,19715.0
2025-12,Yukon,Job vacancy rate,3.5
2025-12,Northwest Territories,Job vacancies,740.0
2025-12,Northwest Territories,Payroll employees,21890.0
2025-12,Northwest Territories,Job vacancy rate,3.3
2025-12,Nunavut,Job vacancies,
2025-12,Nunavut,Payroll employees,17555.0
2025-12,Nunavut,Job vacancy rate,
2026-01,Canada,Job vacancies,452160.0
2026-01,Canada,Payroll employees,17569205.0
2026-01,Canada,Job vacancy rate,2.5
2026-01,Newfoundland and Labrador,Job vacancies,3210.0
2026-01,Newfoundland and Labrador,Payroll employees,196975.0
2026-01,Newfoundland and Labrador,Job vacancy rate,1.6
2026-01,Prince Edward Island,Job vacancies,1245.0
2026-01,Prince Edward Island,Payroll employees,68025.0
2026-01,Prince Edward Island,Job vacancy rate,1.8
2026-01,Nova Scotia,Job vacancies,11240.0
2026-01,Nova Scotia,Payroll employees,462215.0
2026-01,Nova Scotia,Job vacancy rate,2.4
2026-01,New Brunswick,Job vacancies,8900.0
2026-01,New Brunswick,Payroll employees,333230.0
2026-01,New Brunswick,Job vacancy rate,2.6
2026-01,Quebec,Job vacancies,114355.0
2026-01,Quebec,Payroll employees,3889845.0
2026-01,Quebec,Job vacancy rate,2.9
2026-01,Ontario,Job vacancies,146490.0
2026-01,Ontario,Payroll employees,6816730.0
2026-01,Ontario,Job vacancy rate,2.1
2026-01,Manitoba,Job vacancies,16185.0
2026-01,Manitoba,Payroll employees,622395.0
2026-01,Manitoba,Job vacancy rate,2.5
2026-01,Saskatchewan,Job vacancies,14605.0
2026-01,Saskatchewan,Payroll employees,522070.0
2026-01,Saskatchewan,Job vacancy rate,2.7
2026-01,Alberta,Job vacancies,55500.0
2026-01,Alberta,Payroll employees,2131330.0
2026-01,Alberta,Job vacancy rate,2.5
2026-01,British Columbia,Job vacancies,78510.0
2026-01,British Columbia,Payroll employees,2467170.0
2026-01,British Columbia,Job vacancy rate,3.1
2026-01,Yukon,Job vacancies,510.0
2026-01,Yukon,Payroll employees,19505.0
2026-01,Yukon,Job vacancy rate,2.6
2026-01,Northwest Territories,Job vacancies,1085.0
2026-01,Northwest Territories,Payroll employees,21780.0
2026-01,Northwest Territories,Job vacancy rate,4.7
2026-01,Nunavut,Job vacancies,315.0
2026-01,Nunavut,Payroll employees,17925.0
2026-01,Nunavut,Job vacancy rate,1.7
2026-02,Canada,Job vacancies,467145.0
2026-02,Canada,Payroll employees,17191675.0
2026-02,Canada,Job vacancy rate,2.6
2026-02,Newfoundland and Labrador,Job vacancies,3890.0
2026-02,Newfoundland and Labrador,Payroll employees,179910.0
2026-02,Newfoundland and Labrador,Job vacancy rate,2.1
2026-02,Prince Edward Island,Job vacancies,1365.0
2026-02,Prince Edward Island,Payroll employees,65970.0
2026-02,Prince Edward Island,Job vacancy rate,2.0
2026-02,Nova Scotia,Job vacancies,13875.0
2026-02,Nova Scotia,Payroll employees,476065.0
2026-02,Nova Scotia,Job vacancy rate,2.8
2026-02,New Brunswick,Job vacancies,8070.0
2026-02,New Brunswick,Payroll employees,310595.0
2026-02,New Brunswick,Job vacancy rate,2.5
2026-02,Quebec,Job vacancies,102250.0
2026-02,Quebec,Payroll employees,3783965.0
2026-02,Quebec,Job vacancy rate,2.6
2026-02,Ontario,Job vacancies,164340.0
2026-02,Ontario,Payroll employees,6690835.0
2026-02,Ontario,Job vacancy rate,2.4
2026-02,Manitoba,Job vacancies,17825.0
2026-02,Manitoba,Payroll employees,602450.0
2026-02,Manitoba,Job vacancy rate,2.9
2026-02,Saskatchewan,Job vacancies,15425.0
2026-02,Saskatchewan,Payroll employees,513525.0
2026-02,Saskatchewan,Job vacancy rate,2.9
2026-02,Alberta,Job vacancies,63990.0
2026-02,Alberta,Payroll employees,2097705.0
2026-02,Alberta,Job vacancy rate,3.0
2026-02,British Columbia,Job vacancies,73925.0
2026-02,British Columbia,Payroll employees,2412960.0
2026-02,British Columbia,Job vacancy rate,3.0
2026-02,Yukon,Job vacancies,815.0
2026-02,Yukon,Payroll employees,18735.0
2026-02,Yukon,Job vacancy rate,4.2
2026-02,Northwest Territories,Job vacancies,765.0
2026-02,Northwest Territories,Payroll employees,21215.0
2026-02,Northwest Territories,Job vacancy rate,3.5
2026-02,Nunavut,Job vacancies,615.0
2026-02,Nunavut,Payroll employees,17740.0
2026-02,Nunavut,Job vacancy rate,3.3
2026-03,Canada,Job vacancies,492870.0
2026-03,Canada,Payroll employees,17145850.0
2026-03,Canada,Job vacancy rate,2.8
2026-03,Newfoundland and Labrador,Job vacancies,4170.0
2026-03,Newfoundland and Labrador,Payroll employees,186085.0
2026-03,Newfoundland and Labrador,Job vacancy rate,2.2
2026-03,Prince Edward Island,Job vacancies,2915.0
2026-03,Prince Edward Island,Payroll employees,64275.0
2026-03,Prince Edward Island,Job vacancy rate,4.3
2026-03,Nova Scotia,Job vacancies,13125.0
2026-03,Nova Scotia,Payroll employees,431555.0
2026-03,Nova Scotia,Job vacancy rate,3.0
2026-03,New Brunswick,Job vacancies,8560.0
2026-03,New Brunswick,Payroll employees,323355.0
2026-03,New Brunswick,Job vacancy rate,2.6
2026-03,Quebec,Job vacancies,108260.0
2026-03,Quebec,Payroll employees,3827000.0
2026-03,Quebec,Job vacancy rate,2.8
2026-03,Ontario,Job vacancies,175725.0
2026-03,Ontario,Payroll employees,6637585.0
2026-03,Ontario,Job vacancy rate,2.6
2026-03,Manitoba,Job vacancies,18980.0
2026-03,Manitoba,Payroll employees,597975.0
2026-03,Manitoba,Job vacancy rate,3.1
2026-03,Saskatchewan,Job vacancies,15920.0
2026-03,Saskatchewan,Payroll employees,496580.0
2026-03,Saskatchewan,Job vacancy rate,3.1
2026-03,Alberta,Job vacancies,63405.0
2026-03,Alberta,Payroll employees,2115115.0
2026-03,Alberta,Job vacancy rate,2.9
2026-03,British Columbia,Job vacancies,79500.0
2026-03,British Columbia,Payroll employees,2407325.0
2026-03,British Columbia,Job vacancy rate,3.2
2026-03,Yukon,Job vacancies,1125.0
2026-03,Yukon,Payroll employees,19640.0
2026-03,Yukon,Job vacancy rate,5.4
2026-03,Northwest Territories,Job vacancies,
2026-03,Northwest Territories,Payroll employees,21595.0
2026-03,Northwest Territories,Job vacancy rate,
2026-03,Nunavut,Job vacancies,
2026-03,Nunavut,Payroll employees,17770.0
2026-03,Nunavut,Job vacancy rate,
2026-04,Canada,Job vacancies,540270.0
2026-04,Canada,Payroll employees,17137065.0
2026-04,Canada,Job vacancy rate,3.1
2026-04,Newfoundland and Labrador,Job vacancies,5160.0
2026-04,Newfoundland and Labrador,Payroll employees,188740.0
2026-04,Newfoundland and Labrador,Job vacancy rate,2.7
2026-04,Prince Edward Island,Job vacancies,2045.0
2026-04,Prince Edward Island,Payroll employees,63915.0
2026-04,Prince Edward Island,Job vacancy rate,3.1
2026-04,Nova Scotia,Job vacancies,13145.0
2026-04,Nova Scotia,Payroll employees,436670.0
2026-04,Nova Scotia,Job vacancy rate,2.9
2026-04,New Brunswick,Job vacancies,12160.0
2026-04,New Brunswick,Payroll employees,338950.0
2026-04,New Brunswick,Job vacancy rate,3.5
2026-04,Quebec,Job vacancies,128795.0
2026-04,Quebec,Payroll employees,3792885.0
2026-04,Quebec,Job vacancy rate,3.3
2026-04,Ontario,Job vacancies,177275.0
2026-04,Ontario,Payroll employees,6635840.0
2026-04,Ontario,Job vacancy rate,2.6
2026-04,Manitoba,Job vacancies,17450.0
2026-04,Manitoba,Payroll employees,615350.0
2026-04,Manitoba,Job vacancy rate,2.8
2026-04,Saskatchewan,Job vacancies,18170.0
2026-04,Saskatchewan,Payroll employees,500605.0
2026-04,Saskatchewan,Job vacancy rate,3.5
2026-04,Alberta,Job vacancies,70170.0
2026-04,Alberta,Payroll employees,2081720.0
2026-04,Alberta,Job vacancy rate,3.3
2026-04,British Columbia,Job vacancies,92890.0
2026-04,British Columbia,Payroll employees,2422535.0
2026-04,British Columbia,Job vacancy rate,3.7
2026-04,Yukon,Job vacancies,865.0
2026-04,Yukon,Payroll employees,20385.0
2026-04,Yukon,Job vacancy rate,4.1
2026-04,Northwest Territories,Job vacancies,1750.0
2026-04,Northwest Territories,Payroll employees,21605.0
2026-04,Northwest Territories,Job vacancy rate,7.5
2026-04,Nunavut,Job vacancies,
2026-04,Nunavut,Payroll employees,17860.0
2026-04,Nunavut,Job vacancy rate,
2026-05,Canada,Job vacancies,544790.0
2026-05,Canada,Payroll employees,17336035.0
2026-05,Canada,Job vacancy rate,3.0
2026-05,Newfoundland and Labrador,Job vacancies,5860.0
2026-05,Newfoundland and Labrador,Payroll employees,183195.0
2026-05,Newfoundland and Labrador,Job vacancy rate,3.1
2026-05,Prince Edward Island,Job vacancies,2335.0
2026-05,Prince Edward Island,Payroll employees,66440.0
2026-05,Prince Edward Island,Job vacancy rate,3.4
2026-05,Nova Scotia,Job vacancies,15980.0
2026-05,Nova Scotia,Payroll employees,492065.0
2026-05,Nova Scotia,Job vacancy rate,3.1
2026-05,New Brunswick,Job vacancies,10850.0
2026-05,New Brunswick,Payroll employees,311470.0
2026-05,New Brunswick,Job vacancy rate,3.4
2026-05,Quebec,Job vacancies,118720.0
2026-05,Quebec,Payroll employees,3842435.0
2026-05,Quebec,Job vacancy rate,3.0
2026-05,Ontario,Job vacancies,191880.0
2026-05,Ontario,Payroll employees,6709855.0
2026-05,Ontario,Job vacancy rate,2.8
2026-05,Manitoba,Job vacancies,21335.0
2026-05,Manitoba,Payroll employees,607505.0
2026-05,Manitoba,Job vacancy rate,3.4
2026-05,Saskatchewan,Job vacancies,19600.0
2026-05,Saskatchewan,Payroll employees,519910.0
2026-05,Saskatchewan,Job vacancy rate,3.6
2026-05,Alberta,Job vacancies,73360.0
2026-05,Alberta,Payroll employees,2112735.0
2026-05,Alberta,Job vacancy rate,3.4
2026-05,British Columbia,Job vacancies,82395.0
2026-05,British Columbia,Payroll employees,2430665.0
2026-05,British Columbia,Job vacancy rate,3.3
2026-05,Yukon,Job vacancies,930.0
2026-05,Yukon,Payroll employees,20570.0
2026-05,Yukon,Job vacancy rate,4.3
2026-05,Northwest Territories,Job vacancies,1140.0
2026-05,Northwest Territories,Payroll employees,20965.0
2026-05,Northwest Territories,Job vacancy rate,5.2
2026-05,Nunavut,Job vacancies,410.0
2026-05,Nunavut,Payroll employees,18225.0
2026-05,Nunavut,Job vacancy rate,2.2
2026-06,Canada,Job vacancies,539700.0
2026-06,Canada,Payroll employees,17635975.0
2026-06,Canada,Job vacancy rate,3.0
2026-06,Newfoundland and Labrador,Job vacancies,5505.0
2026-06,Newfoundland and Labrador,Payroll employees,206220.0
2026-06,Newfoundland and Labrador,Job vacancy rate,2.6
2026-06,Prince Edward Island,Job vacancies,3180.0
2026-06,Prince Edward Island,Payroll employees,74760.0
2026-06,Prince Edward Island,Job vacancy rate,4.1
2026-06,Nova Scotia,Job vacancies,13530.0
2026-06,Nova Scotia,Payroll employees,463480.0
2026-06,Nova Scotia,Job vacancy rate,2.8
2026-06,New Brunswick,Job vacancies,9300.0
2026-06,New Brunswick,Payroll employees,336155.0
2026-06,New Brunswick,Job vacancy rate,2.7
2026-06,Quebec,Job vacancies,120195.0
2026-06,Quebec,Payroll employees,3915720.0
2026-06,Quebec,Job vacancy rate,3.0
2026-06,Ontario,Job vacancies,192130.0
2026-06,Ontario,Payroll employees,6789610.0
2026-06,Ontario,Job vacancy rate,2.8
2026-06,Manitoba,Job vacancies,19620.0
2026-06,Manitoba,Payroll employees,621155.0
2026-06,Manitoba,Job vacancy rate,3.1
2026-06,Saskatchewan,Job vacancies,16690.0
2026-06,Saskatchewan,Payroll employees,518065.0
2026-06,Saskatchewan,Job vacancy rate,3.1
2026-06,Alberta,Job vacancies,67350.0
2026-06,Alberta,Payroll employees,2185635.0
2026-06,Alberta,Job vacancy rate,3.0
2026-06,British Columbia,Job vacancies,89310.0
2026-06,British Columbia,Payroll employees,2463675.0
2026-06,British Columbia,Job vacancy rate,3.5
2026-06,Yukon,Job vacancies,
2026-06,Yukon,Payroll employees,21540.0
2026-06,Yukon,Job vacancy rate,
2026-06,Northwest Territories,Job vacancies,
2026-06,Northwest Territories,Payroll employees,21560.0
2026-06,Northwest Territories,Job vacancy rate,
2026-06,Nunavut,Job vacancies,
2026-06,Nunavut,Payroll employees,18390.0
2026-06,Nunavut,Job vacancy rate,
