date,geography,indicator,value
1946-01-01,Canada,Population,12188000
1946-04-01,Canada,Population,12241000
1946-07-01,Canada,Population,12316000
1946-10-01,Canada,Population,12393000
1947-01-01,Canada,Population,12450000
1947-04-01,Canada,Population,12507000
1947-07-01,Canada,Population,12576000
1947-10-01,Canada,Population,12646000
1948-01-01,Canada,Population,12710000
1948-04-01,Canada,Population,12773000
1948-07-01,Canada,Population,12852000
1948-10-01,Canada,Population,12930000
1949-01-01,Canada,Population,12998000
1949-04-01,Canada,Population,13399000
1949-07-01,Canada,Population,13475000
1949-10-01,Canada,Population,13548000
1950-01-01,Canada,Population,13607000
1950-04-01,Canada,Population,13663000
1950-07-01,Canada,Population,13737000
1950-10-01,Canada,Population,13807000
1951-01-01,Canada,Population,13870000
1951-04-01,Canada,Population,13937000
1951-07-01,Canada,Population,14050000
1951-07-01,Newfoundland and Labrador,Population,362000
1951-07-01,Prince Edward Island,Population,99000
1951-07-01,Nova Scotia,Population,643000
1951-07-01,New Brunswick,Population,517000
1951-07-01,Quebec,Population,4066000
1951-07-01,Ontario,Population,4615000
1951-07-01,Manitoba,Population,778000
1951-07-01,Saskatchewan,Population,834000
1951-07-01,Alberta,Population,943000
1951-07-01,British Columbia,Population,1168000
1951-07-01,Yukon,Population,9000
1951-07-01,Northwest Territories including Nunavut,Population,16000
1951-10-01,Canada,Population,14163000
1951-10-01,Newfoundland and Labrador,Population,365000
1951-10-01,Prince Edward Island,Population,99000
1951-10-01,Nova Scotia,Population,646000
1951-10-01,New Brunswick,Population,519000
1951-10-01,Quebec,Population,4095000
1951-10-01,Ontario,Population,4665000
1951-10-01,Manitoba,Population,784000
1951-10-01,Saskatchewan,Population,836000
1951-10-01,Alberta,Population,950000
1951-10-01,British Columbia,Population,1179000
1951-10-01,Yukon,Population,9000
1951-10-01,Northwest Territories including Nunavut,Population,16000
1952-01-01,Canada,Population,14277000
1952-01-01,Newfoundland and Labrador,Population,368000
1952-01-01,Prince Edward Island,Population,100000
1952-01-01,Nova Scotia,Population,647000
1952-01-01,New Brunswick,Population,521000
1952-01-01,Quebec,Population,4126000
1952-01-01,Ontario,Population,4717000
1952-01-01,Manitoba,Population,789000
1952-01-01,Saskatchewan,Population,836000
1952-01-01,Alberta,Population,959000
1952-01-01,British Columbia,Population,1189000
1952-01-01,Yukon,Population,9000
1952-01-01,Northwest Territories including Nunavut,Population,16000
1952-04-01,Canada,Population,14376000
1952-04-01,Newfoundland and Labrador,Population,371000
1952-04-01,Prince Edward Island,Population,100000
1952-04-01,Nova Scotia,Population,651000
1952-04-01,New Brunswick,Population,524000
1952-04-01,Quebec,Population,4153000
1952-04-01,Ontario,Population,4757000
1952-04-01,Manitoba,Population,794000
1952-04-01,Saskatchewan,Population,838000
1952-04-01,Alberta,Population,965000
1952-04-01,British Columbia,Population,1198000
1952-04-01,Yukon,Population,9000
1952-04-01,Northwest Territories including Nunavut,Population,16000
1952-07-01,Canada,Population,14496000
1952-07-01,Newfoundland and Labrador,Population,375000
1952-07-01,Prince Edward Island,Population,100000
1952-07-01,Nova Scotia,Population,654000
1952-07-01,New Brunswick,Population,527000
1952-07-01,Quebec,Population,4183000
1952-07-01,Ontario,Population,4802000
1952-07-01,Manitoba,Population,799000
1952-07-01,Saskatchewan,Population,845000
1952-07-01,Alberta,Population,977000
1952-07-01,British Columbia,Population,1209000
1952-07-01,Yukon,Population,9000
1952-07-01,Northwest Territories including Nunavut,Population,16000
1952-10-01,Canada,Population,14598000
1952-10-01,Newfoundland and Labrador,Population,377000
1952-10-01,Prince Edward Island,Population,101000
1952-10-01,Nova Scotia,Population,657000
1952-10-01,New Brunswick,Population,529000
1952-10-01,Quebec,Population,4209000
1952-10-01,Ontario,Population,4841000
1952-10-01,Manitoba,Population,802000
1952-10-01,Saskatchewan,Population,850000
1952-10-01,Alberta,Population,985000
1952-10-01,British Columbia,Population,1222000
1952-10-01,Yukon,Population,9000
1952-10-01,Northwest Territories including Nunavut,Population,16000
1953-01-01,Canada,Population,14682000
1953-01-01,Newfoundland and Labrador,Population,379000
1953-01-01,Prince Edward Island,Population,101000
1953-01-01,Nova Scotia,Population,660000
1953-01-01,New Brunswick,Population,530000
1953-01-01,Quebec,Population,4228000
1953-01-01,Ontario,Population,4876000
1953-01-01,Manitoba,Population,804000
1953-01-01,Saskatchewan,Population,852000
1953-01-01,Alberta,Population,994000
1953-01-01,British Columbia,Population,1233000
1953-01-01,Yukon,Population,9000
1953-01-01,Northwest Territories including Nunavut,Population,16000
1953-04-01,Canada,Population,14763000
1953-04-01,Newfoundland and Labrador,Population,382000
1953-04-01,Prince Edward Island,Population,101000
1953-04-01,Nova Scotia,Population,662000
1953-04-01,New Brunswick,Population,532000
1953-04-01,Quebec,Population,4249000
1953-04-01,Ontario,Population,4907000
1953-04-01,Manitoba,Population,806000
1953-04-01,Saskatchewan,Population,855000
1953-04-01,Alberta,Population,1002000
1953-04-01,British Columbia,Population,1242000
1953-04-01,Yukon,Population,9000
1953-04-01,Northwest Territories including Nunavut,Population,16000
1953-07-01,Canada,Population,14886000
1953-07-01,Newfoundland and Labrador,Population,384000
1953-07-01,Prince Edward Island,Population,101000
1953-07-01,Nova Scotia,Population,664000
1953-07-01,New Brunswick,Population,533000
1953-07-01,Quebec,Population,4281000
1953-07-01,Ontario,Population,4956000
1953-07-01,Manitoba,Population,810000
1953-07-01,Saskatchewan,Population,863000
1953-07-01,Alberta,Population,1016000
1953-07-01,British Columbia,Population,1253000
1953-07-01,Yukon,Population,9000
1953-07-01,Northwest Territories including Nunavut,Population,16000
1953-10-01,Canada,Population,15001000
1953-10-01,Newfoundland and Labrador,Population,387000
1953-10-01,Prince Edward Island,Population,101000
1953-10-01,Nova Scotia,Population,667000
1953-10-01,New Brunswick,Population,535000
1953-10-01,Quebec,Population,4310000
1953-10-01,Ontario,Population,5002000
1953-10-01,Manitoba,Population,814000
1953-10-01,Saskatchewan,Population,866000
1953-10-01,Alberta,Population,1029000
1953-10-01,British Columbia,Population,1265000
1953-10-01,Yukon,Population,9000
1953-10-01,Northwest Territories including Nunavut,Population,16000
1954-01-01,Canada,Population,15105000
1954-01-01,Newfoundland and Labrador,Population,390000
1954-01-01,Prince Edward Island,Population,101000
1954-01-01,Nova Scotia,Population,668000
1954-01-01,New Brunswick,Population,537000
1954-01-01,Quebec,Population,4337000
1954-01-01,Ontario,Population,5047000
1954-01-01,Manitoba,Population,816000
1954-01-01,Saskatchewan,Population,867000
1954-01-01,Alberta,Population,1039000
1954-01-01,British Columbia,Population,1278000
1954-01-01,Yukon,Population,9000
1954-01-01,Northwest Territories including Nunavut,Population,16000
1954-04-01,Canada,Population,15199000
1954-04-01,Newfoundland and Labrador,Population,393000
1954-04-01,Prince Edward Island,Population,101000
1954-04-01,Nova Scotia,Population,670000
1954-04-01,New Brunswick,Population,538000
1954-04-01,Quebec,Population,4365000
1954-04-01,Ontario,Population,5082000
1954-04-01,Manitoba,Population,819000
1954-04-01,Saskatchewan,Population,869000
1954-04-01,Alberta,Population,1047000
1954-04-01,British Columbia,Population,1288000
1954-04-01,Yukon,Population,10000
1954-04-01,Northwest Territories including Nunavut,Population,17000
1954-07-01,Canada,Population,15330000
1954-07-01,Newfoundland and Labrador,Population,396000
1954-07-01,Prince Edward Island,Population,101000
1954-07-01,Nova Scotia,Population,674000
1954-07-01,New Brunswick,Population,541000
1954-07-01,Quebec,Population,4402000
1954-07-01,Ontario,Population,5130000
1954-07-01,Manitoba,Population,825000
1954-07-01,Saskatchewan,Population,874000
1954-07-01,Alberta,Population,1061000
1954-07-01,British Columbia,Population,1299000
1954-07-01,Yukon,Population,10000
1954-07-01,Northwest Territories including Nunavut,Population,17000
1954-10-01,Canada,Population,15444000
1954-10-01,Newfoundland and Labrador,Population,399000
1954-10-01,Prince Edward Island,Population,101000
1954-10-01,Nova Scotia,Population,676000
1954-10-01,New Brunswick,Population,543000
1954-10-01,Quebec,Population,4436000
1954-10-01,Ontario,Population,5174000
1954-10-01,Manitoba,Population,830000
1954-10-01,Saskatchewan,Population,877000
1954-10-01,Alberta,Population,1070000
1954-10-01,British Columbia,Population,1311000
1954-10-01,Yukon,Population,10000
1954-10-01,Northwest Territories including Nunavut,Population,17000
1955-01-01,Canada,Population,15535000
1955-01-01,Newfoundland and Labrador,Population,401000
1955-01-01,Prince Edward Island,Population,100000
1955-01-01,Nova Scotia,Population,678000
1955-01-01,New Brunswick,Population,544000
1955-01-01,Quebec,Population,4465000
1955-01-01,Ontario,Population,5208000
1955-01-01,Manitoba,Population,833000
1955-01-01,Saskatchewan,Population,877000
1955-01-01,Alberta,Population,1078000
1955-01-01,British Columbia,Population,1323000
1955-01-01,Yukon,Population,11000
1955-01-01,Northwest Territories including Nunavut,Population,17000
1955-04-01,Canada,Population,15620000
1955-04-01,Newfoundland and Labrador,Population,404000
1955-04-01,Prince Edward Island,Population,100000
1955-04-01,Nova Scotia,Population,681000
1955-04-01,New Brunswick,Population,546000
1955-04-01,Quebec,Population,4492000
1955-04-01,Ontario,Population,5236000
1955-04-01,Manitoba,Population,837000
1955-04-01,Saskatchewan,Population,877000
1955-04-01,Alberta,Population,1084000
1955-04-01,British Columbia,Population,1334000
1955-04-01,Yukon,Population,11000
1955-04-01,Northwest Territories including Nunavut,Population,18000
1955-07-01,Canada,Population,15736000
1955-07-01,Newfoundland and Labrador,Population,407000
1955-07-01,Prince Edward Island,Population,100000
1955-07-01,Nova Scotia,Population,684000
1955-07-01,New Brunswick,Population,548000
1955-07-01,Quebec,Population,4529000
1955-07-01,Ontario,Population,5278000
1955-07-01,Manitoba,Population,841000
1955-07-01,Saskatchewan,Population,879000
1955-07-01,Alberta,Population,1094000
1955-07-01,British Columbia,Population,1347000
1955-07-01,Yukon,Population,11000
1955-07-01,Northwest Territories including Nunavut,Population,18000
1955-10-01,Canada,Population,15834000
1955-10-01,Newfoundland and Labrador,Population,410000
1955-10-01,Prince Edward Island,Population,100000
1955-10-01,Nova Scotia,Population,688000
1955-10-01,New Brunswick,Population,550000
1955-10-01,Quebec,Population,4557000
1955-10-01,Ontario,Population,5311000
1955-10-01,Manitoba,Population,844000
1955-10-01,Saskatchewan,Population,880000
1955-10-01,Alberta,Population,1102000
1955-10-01,British Columbia,Population,1362000
1955-10-01,Yukon,Population,12000
1955-10-01,Northwest Territories including Nunavut,Population,18000
1956-01-01,Canada,Population,15919000
1956-01-01,Newfoundland and Labrador,Population,412000
1956-01-01,Prince Edward Island,Population,100000
1956-01-01,Nova Scotia,Population,690000
1956-01-01,New Brunswick,Population,552000
1956-01-01,Quebec,Population,4581000
1956-01-01,Ontario,Population,5344000
1956-01-01,Manitoba,Population,845000
1956-01-01,Saskatchewan,Population,879000
1956-01-01,Alberta,Population,1109000
1956-01-01,British Columbia,Population,1377000
1956-01-01,Yukon,Population,12000
1956-01-01,Northwest Territories including Nunavut,Population,18000
1956-04-01,Canada,Population,16004000
1956-04-01,Newfoundland and Labrador,Population,414000
1956-04-01,Prince Edward Island,Population,99000
1956-04-01,Nova Scotia,Population,693000
1956-04-01,New Brunswick,Population,553000
1956-04-01,Quebec,Population,4606000
1956-04-01,Ontario,Population,5375000
1956-04-01,Manitoba,Population,848000
1956-04-01,Saskatchewan,Population,879000
1956-04-01,Alberta,Population,1118000
1956-04-01,British Columbia,Population,1388000
1956-04-01,Yukon,Population,12000
1956-04-01,Northwest Territories including Nunavut,Population,19000
1956-07-01,Canada,Population,16123000
1956-07-01,Newfoundland and Labrador,Population,416000
1956-07-01,Prince Edward Island,Population,99000
1956-07-01,Nova Scotia,Population,695000
1956-07-01,New Brunswick,Population,556000
1956-07-01,Quebec,Population,4641000
1956-07-01,Ontario,Population,5423000
1956-07-01,Manitoba,Population,850000
1956-07-01,Saskatchewan,Population,881000
1956-07-01,Alberta,Population,1126000
1956-07-01,British Columbia,Population,1405000
1956-07-01,Yukon,Population,12000
1956-07-01,Northwest Territories including Nunavut,Population,19000
1956-10-01,Canada,Population,16235000
1956-10-01,Newfoundland and Labrador,Population,418000
1956-10-01,Prince Edward Island,Population,99000
1956-10-01,Nova Scotia,Population,695000
1956-10-01,New Brunswick,Population,557000
1956-10-01,Quebec,Population,4671000
1956-10-01,Ontario,Population,5470000
1956-10-01,Manitoba,Population,852000
1956-10-01,Saskatchewan,Population,880000
1956-10-01,Alberta,Population,1136000
1956-10-01,British Columbia,Population,1426000
1956-10-01,Yukon,Population,12000
1956-10-01,Northwest Territories including Nunavut,Population,19000
1957-01-01,Canada,Population,16352000
1957-01-01,Newfoundland and Labrador,Population,420000
1957-01-01,Prince Edward Island,Population,99000
1957-01-01,Nova Scotia,Population,695000
1957-01-01,New Brunswick,Population,558000
1957-01-01,Quebec,Population,4702000
1957-01-01,Ontario,Population,5529000
1957-01-01,Manitoba,Population,851000
1957-01-01,Saskatchewan,Population,874000
1957-01-01,Alberta,Population,1144000
1957-01-01,British Columbia,Population,1449000
1957-01-01,Yukon,Population,12000
1957-01-01,Northwest Territories including Nunavut,Population,19000
1957-04-01,Canada,Population,16479000
1957-04-01,Newfoundland and Labrador,Population,422000
1957-04-01,Prince Edward Island,Population,99000
1957-04-01,Nova Scotia,Population,698000
1957-04-01,New Brunswick,Population,560000
1957-04-01,Quebec,Population,4737000
1957-04-01,Ontario,Population,5580000
1957-04-01,Manitoba,Population,856000
1957-04-01,Saskatchewan,Population,875000
1957-04-01,Alberta,Population,1153000
1957-04-01,British Columbia,Population,1468000
1957-04-01,Yukon,Population,12000
1957-04-01,Northwest Territories including Nunavut,Population,19000
1957-07-01,Canada,Population,16677000
1957-07-01,Newfoundland and Labrador,Population,425000
1957-07-01,Prince Edward Island,Population,99000
1957-07-01,Nova Scotia,Population,701000
1957-07-01,New Brunswick,Population,563000
1957-07-01,Quebec,Population,4786000
1957-07-01,Ontario,Population,5668000
1957-07-01,Manitoba,Population,863000
1957-07-01,Saskatchewan,Population,882000
1957-07-01,Alberta,Population,1169000
1957-07-01,British Columbia,Population,1490000
1957-07-01,Yukon,Population,12000
1957-07-01,Northwest Territories including Nunavut,Population,19000
1957-10-01,Canada,Population,16810000
1957-10-01,Newfoundland and Labrador,Population,427000
1957-10-01,Prince Edward Island,Population,99000
1957-10-01,Nova Scotia,Population,702000
1957-10-01,New Brunswick,Population,565000
1957-10-01,Quebec,Population,4825000
1957-10-01,Ontario,Population,5722000
1957-10-01,Manitoba,Population,863000
1957-10-01,Saskatchewan,Population,884000
1957-10-01,Alberta,Population,1179000
1957-10-01,British Columbia,Population,1511000
1957-10-01,Yukon,Population,13000
1957-10-01,Northwest Territories including Nunavut,Population,20000
1958-01-01,Canada,Population,16907000
1958-01-01,Newfoundland and Labrador,Population,428000
1958-01-01,Prince Edward Island,Population,99000
1958-01-01,Nova Scotia,Population,705000
1958-01-01,New Brunswick,Population,567000
1958-01-01,Quebec,Population,4849000
1958-01-01,Ontario,Population,5759000
1958-01-01,Manitoba,Population,868000
1958-01-01,Saskatchewan,Population,884000
1958-01-01,Alberta,Population,1191000
1958-01-01,British Columbia,Population,1524000
1958-01-01,Yukon,Population,13000
1958-01-01,Northwest Territories including Nunavut,Population,20000
1958-04-01,Canada,Population,16997000
1958-04-01,Newfoundland and Labrador,Population,430000
1958-04-01,Prince Edward Island,Population,100000
1958-04-01,Nova Scotia,Population,707000
1958-04-01,New Brunswick,Population,569000
1958-04-01,Quebec,Population,4879000
1958-04-01,Ontario,Population,5789000
1958-04-01,Manitoba,Population,872000
1958-04-01,Saskatchewan,Population,888000
1958-04-01,Alberta,Population,1198000
1958-04-01,British Columbia,Population,1532000
1958-04-01,Yukon,Population,13000
1958-04-01,Northwest Territories including Nunavut,Population,20000
1958-07-01,Canada,Population,17120000
1958-07-01,Newfoundland and Labrador,Population,433000
1958-07-01,Prince Edward Island,Population,100000
1958-07-01,Nova Scotia,Population,710000
1958-07-01,New Brunswick,Population,572000
1958-07-01,Quebec,Population,4915000
1958-07-01,Ontario,Population,5835000
1958-07-01,Manitoba,Population,877000
1958-07-01,Saskatchewan,Population,894000
1958-07-01,Alberta,Population,1211000
1958-07-01,British Columbia,Population,1540000
1958-07-01,Yukon,Population,13000
1958-07-01,Northwest Territories including Nunavut,Population,20000
1958-10-01,Canada,Population,17225000
1958-10-01,Newfoundland and Labrador,Population,435000
1958-10-01,Prince Edward Island,Population,101000
1958-10-01,Nova Scotia,Population,713000
1958-10-01,New Brunswick,Population,574000
1958-10-01,Quebec,Population,4947000
1958-10-01,Ontario,Population,5874000
1958-10-01,Manitoba,Population,881000
1958-10-01,Saskatchewan,Population,898000
1958-10-01,Alberta,Population,1221000
1958-10-01,British Columbia,Population,1548000
1958-10-01,Yukon,Population,13000
1958-10-01,Northwest Territories including Nunavut,Population,20000
1959-01-01,Canada,Population,17318000
1959-01-01,Newfoundland and Labrador,Population,437000
1959-01-01,Prince Edward Island,Population,101000
1959-01-01,Nova Scotia,Population,716000
1959-01-01,New Brunswick,Population,577000
1959-01-01,Quebec,Population,4974000
1959-01-01,Ontario,Population,5907000
1959-01-01,Manitoba,Population,883000
1959-01-01,Saskatchewan,Population,900000
1959-01-01,Alberta,Population,1233000
1959-01-01,British Columbia,Population,1556000
1959-01-01,Yukon,Population,13000
1959-01-01,Northwest Territories including Nunavut,Population,21000
1959-04-01,Canada,Population,17406000
1959-04-01,Newfoundland and Labrador,Population,439000
1959-04-01,Prince Edward Island,Population,101000
1959-04-01,Nova Scotia,Population,718000
1959-04-01,New Brunswick,Population,580000
1959-04-01,Quebec,Population,5002000
1959-04-01,Ontario,Population,5938000
1959-04-01,Manitoba,Population,888000
1959-04-01,Saskatchewan,Population,903000
1959-04-01,Alberta,Population,1241000
1959-04-01,British Columbia,Population,1562000
1959-04-01,Yukon,Population,13000
1959-04-01,Northwest Territories including Nunavut,Population,21000
1959-07-01,Canada,Population,17522000
1959-07-01,Newfoundland and Labrador,Population,441000
1959-07-01,Prince Edward Island,Population,102000
1959-07-01,Nova Scotia,Population,720000
1959-07-01,New Brunswick,Population,583000
1959-07-01,Quebec,Population,5035000
1959-07-01,Ontario,Population,5985000
1959-07-01,Manitoba,Population,892000
1959-07-01,Saskatchewan,Population,908000
1959-07-01,Alberta,Population,1252000
1959-07-01,British Columbia,Population,1570000
1959-07-01,Yukon,Population,13000
1959-07-01,Northwest Territories including Nunavut,Population,21000
1959-10-01,Canada,Population,17624000
1959-10-01,Newfoundland and Labrador,Population,443000
1959-10-01,Prince Edward Island,Population,102000
1959-10-01,Nova Scotia,Population,722000
1959-10-01,New Brunswick,Population,584000
1959-10-01,Quebec,Population,5068000
1959-10-01,Ontario,Population,6020000
1959-10-01,Manitoba,Population,896000
1959-10-01,Saskatchewan,Population,912000
1959-10-01,Alberta,Population,1263000
1959-10-01,British Columbia,Population,1580000
1959-10-01,Yukon,Population,13000
1959-10-01,Northwest Territories including Nunavut,Population,21000
1960-01-01,Canada,Population,17710000
1960-01-01,Newfoundland and Labrador,Population,445000
1960-01-01,Prince Edward Island,Population,103000
1960-01-01,Nova Scotia,Population,722000
1960-01-01,New Brunswick,Population,585000
1960-01-01,Quebec,Population,5092000
1960-01-01,Ontario,Population,6054000
1960-01-01,Manitoba,Population,900000
1960-01-01,Saskatchewan,Population,911000
1960-01-01,Alberta,Population,1274000
1960-01-01,British Columbia,Population,1589000
1960-01-01,Yukon,Population,14000
1960-01-01,Northwest Territories including Nunavut,Population,21000
1960-04-01,Canada,Population,17793000
1960-04-01,Newfoundland and Labrador,Population,447000
1960-04-01,Prince Edward Island,Population,103000
1960-04-01,Nova Scotia,Population,725000
1960-04-01,New Brunswick,Population,587000
1960-04-01,Quebec,Population,5119000
1960-04-01,Ontario,Population,6083000
1960-04-01,Manitoba,Population,903000
1960-04-01,Saskatchewan,Population,912000
1960-04-01,Alberta,Population,1282000
1960-04-01,British Columbia,Population,1596000
1960-04-01,Yukon,Population,14000
1960-04-01,Northwest Territories including Nunavut,Population,22000
1960-07-01,Canada,Population,17909000
1960-07-01,Newfoundland and Labrador,Population,449000
1960-07-01,Prince Edward Island,Population,103000
1960-07-01,Nova Scotia,Population,728000
1960-07-01,New Brunswick,Population,589000
1960-07-01,Quebec,Population,5152000
1960-07-01,Ontario,Population,6127000
1960-07-01,Manitoba,Population,908000
1960-07-01,Saskatchewan,Population,916000
1960-07-01,Alberta,Population,1296000
1960-07-01,British Columbia,Population,1605000
1960-07-01,Yukon,Population,14000
1960-07-01,Northwest Territories including Nunavut,Population,22000
1960-10-01,Canada,Population,18009000
1960-10-01,Newfoundland and Labrador,Population,452000
1960-10-01,Prince Edward Island,Population,104000
1960-10-01,Nova Scotia,Population,731000
1960-10-01,New Brunswick,Population,591000
1960-10-01,Quebec,Population,5187000
1960-10-01,Ontario,Population,6158000
1960-10-01,Manitoba,Population,911000
1960-10-01,Saskatchewan,Population,918000
1960-10-01,Alberta,Population,1307000
1960-10-01,British Columbia,Population,1614000
1960-10-01,Yukon,Population,14000
1960-10-01,Northwest Territories including Nunavut,Population,22000
1961-01-01,Canada,Population,18092000
1961-01-01,Newfoundland and Labrador,Population,454000
1961-01-01,Prince Edward Island,Population,104000
1961-01-01,Nova Scotia,Population,732000
1961-01-01,New Brunswick,Population,593000
1961-01-01,Quebec,Population,5212000
1961-01-01,Ontario,Population,6187000
1961-01-01,Manitoba,Population,916000
1961-01-01,Saskatchewan,Population,919000
1961-01-01,Alberta,Population,1317000
1961-01-01,British Columbia,Population,1621000
1961-01-01,Yukon,Population,14000
1961-01-01,Northwest Territories including Nunavut,Population,23000
1961-04-01,Canada,Population,18172000
1961-04-01,Newfoundland and Labrador,Population,456000
1961-04-01,Prince Edward Island,Population,104000
1961-04-01,Nova Scotia,Population,735000
1961-04-01,New Brunswick,Population,596000
1961-04-01,Quebec,Population,5238000
1961-04-01,Ontario,Population,6214000
1961-04-01,Manitoba,Population,919000
1961-04-01,Saskatchewan,Population,922000
1961-04-01,Alberta,Population,1325000
1961-04-01,British Columbia,Population,1626000
1961-04-01,Yukon,Population,14000
1961-04-01,Northwest Territories including Nunavut,Population,23000
1961-07-01,Canada,Population,18271000
1961-07-01,Newfoundland and Labrador,Population,459000
1961-07-01,Prince Edward Island,Population,105000
1961-07-01,Nova Scotia,Population,738000
1961-07-01,New Brunswick,Population,599000
1961-07-01,Quebec,Population,5268000
1961-07-01,Ontario,Population,6248000
1961-07-01,Manitoba,Population,923000
1961-07-01,Saskatchewan,Population,926000
1961-07-01,Alberta,Population,1335000
1961-07-01,British Columbia,Population,1632000
1961-07-01,Yukon,Population,15000
1961-07-01,Northwest Territories including Nunavut,Population,23000
1961-10-01,Canada,Population,18363000
1961-10-01,Newfoundland and Labrador,Population,462000
1961-10-01,Prince Edward Island,Population,106000
1961-10-01,Nova Scotia,Population,740000
1961-10-01,New Brunswick,Population,600000
1961-10-01,Quebec,Population,5300000
1961-10-01,Ontario,Population,6275000
1961-10-01,Manitoba,Population,927000
1961-10-01,Saskatchewan,Population,929000
1961-10-01,Alberta,Population,1345000
1961-10-01,British Columbia,Population,1640000
1961-10-01,Yukon,Population,15000
1961-10-01,Northwest Territories including Nunavut,Population,24000
1962-01-01,Canada,Population,18442000
1962-01-01,Newfoundland and Labrador,Population,464000
1962-01-01,Prince Edward Island,Population,107000
1962-01-01,Nova Scotia,Population,742000
1962-01-01,New Brunswick,Population,602000
1962-01-01,Quebec,Population,5324000
1962-01-01,Ontario,Population,6303000
1962-01-01,Manitoba,Population,930000
1962-01-01,Saskatchewan,Population,927000
1962-01-01,Alberta,Population,1356000
1962-01-01,British Columbia,Population,1648000
1962-01-01,Yukon,Population,15000
1962-01-01,Northwest Territories including Nunavut,Population,24000
1962-04-01,Canada,Population,18519000
1962-04-01,Newfoundland and Labrador,Population,466000
1962-04-01,Prince Edward Island,Population,107000
1962-04-01,Nova Scotia,Population,744000
1962-04-01,New Brunswick,Population,604000
1962-04-01,Quebec,Population,5350000
1962-04-01,Ontario,Population,6330000
1962-04-01,Manitoba,Population,933000
1962-04-01,Saskatchewan,Population,928000
1962-04-01,Alberta,Population,1363000
1962-04-01,British Columbia,Population,1655000
1962-04-01,Yukon,Population,15000
1962-04-01,Northwest Territories including Nunavut,Population,24000
1962-07-01,Canada,Population,18614000
1962-07-01,Newfoundland and Labrador,Population,469000
1962-07-01,Prince Edward Island,Population,107000
1962-07-01,Nova Scotia,Population,746000
1962-07-01,New Brunswick,Population,605000
1962-07-01,Quebec,Population,5381000
1962-07-01,Ontario,Population,6362000
1962-07-01,Manitoba,Population,937000
1962-07-01,Saskatchewan,Population,931000
1962-07-01,Alberta,Population,1373000
1962-07-01,British Columbia,Population,1663000
1962-07-01,Yukon,Population,15000
1962-07-01,Northwest Territories including Nunavut,Population,25000
1962-10-01,Canada,Population,18708000
1962-10-01,Newfoundland and Labrador,Population,471000
1962-10-01,Prince Edward Island,Population,107000
1962-10-01,Nova Scotia,Population,748000
1962-10-01,New Brunswick,Population,607000
1962-10-01,Quebec,Population,5413000
1962-10-01,Ontario,Population,6395000
1962-10-01,Manitoba,Population,940000
1962-10-01,Saskatchewan,Population,931000
1962-10-01,Alberta,Population,1382000
1962-10-01,British Columbia,Population,1674000
1962-10-01,Yukon,Population,15000
1962-10-01,Northwest Territories including Nunavut,Population,25000
1963-01-01,Canada,Population,18787000
1963-01-01,Newfoundland and Labrador,Population,473000
1963-01-01,Prince Edward Island,Population,107000
1963-01-01,Nova Scotia,Population,747000
1963-01-01,New Brunswick,Population,607000
1963-01-01,Quebec,Population,5437000
1963-01-01,Ontario,Population,6427000
1963-01-01,Manitoba,Population,944000
1963-01-01,Saskatchewan,Population,928000
1963-01-01,Alberta,Population,1391000
1963-01-01,British Columbia,Population,1686000
1963-01-01,Yukon,Population,15000
1963-01-01,Northwest Territories including Nunavut,Population,25000
1963-04-01,Canada,Population,18864000
1963-04-01,Newfoundland and Labrador,Population,474000
1963-04-01,Prince Edward Island,Population,108000
1963-04-01,Nova Scotia,Population,749000
1963-04-01,New Brunswick,Population,608000
1963-04-01,Quebec,Population,5461000
1963-04-01,Ontario,Population,6455000
1963-04-01,Manitoba,Population,947000
1963-04-01,Saskatchewan,Population,930000
1963-04-01,Alberta,Population,1398000
1963-04-01,British Columbia,Population,1694000
1963-04-01,Yukon,Population,15000
1963-04-01,Northwest Territories including Nunavut,Population,25000
1963-07-01,Canada,Population,18964000
1963-07-01,Newfoundland and Labrador,Population,477000
1963-07-01,Prince Edward Island,Population,108000
1963-07-01,Nova Scotia,Population,751000
1963-07-01,New Brunswick,Population,609000
1963-07-01,Quebec,Population,5489000
1963-07-01,Ontario,Population,6497000
1963-07-01,Manitoba,Population,950000
1963-07-01,Saskatchewan,Population,933000
1963-07-01,Alberta,Population,1407000
1963-07-01,British Columbia,Population,1702000
1963-07-01,Yukon,Population,15000
1963-07-01,Northwest Territories including Nunavut,Population,26000
1963-10-01,Canada,Population,19061000
1963-10-01,Newfoundland and Labrador,Population,479000
1963-10-01,Prince Edward Island,Population,109000
1963-10-01,Nova Scotia,Population,752000
1963-10-01,New Brunswick,Population,609000
1963-10-01,Quebec,Population,5518000
1963-10-01,Ontario,Population,6535000
1963-10-01,Manitoba,Population,953000
1963-10-01,Saskatchewan,Population,935000
1963-10-01,Alberta,Population,1414000
1963-10-01,British Columbia,Population,1716000
1963-10-01,Yukon,Population,15000
1963-10-01,Northwest Territories including Nunavut,Population,26000
1964-01-01,Canada,Population,19142000
1964-01-01,Newfoundland and Labrador,Population,480000
1964-01-01,Prince Edward Island,Population,109000
1964-01-01,Nova Scotia,Population,752000
1964-01-01,New Brunswick,Population,609000
1964-01-01,Quebec,Population,5541000
1964-01-01,Ontario,Population,6572000
1964-01-01,Manitoba,Population,955000
1964-01-01,Saskatchewan,Population,936000
1964-01-01,Alberta,Population,1419000
1964-01-01,British Columbia,Population,1728000
1964-01-01,Yukon,Population,15000
1964-01-01,Northwest Territories including Nunavut,Population,26000
1964-04-01,Canada,Population,19222000
1964-04-01,Newfoundland and Labrador,Population,482000
1964-04-01,Prince Edward Island,Population,109000
1964-04-01,Nova Scotia,Population,753000
1964-04-01,New Brunswick,Population,610000
1964-04-01,Quebec,Population,5566000
1964-04-01,Ontario,Population,6602000
1964-04-01,Manitoba,Population,957000
1964-04-01,Saskatchewan,Population,939000
1964-04-01,Alberta,Population,1425000
1964-04-01,British Columbia,Population,1737000
1964-04-01,Yukon,Population,15000
1964-04-01,Northwest Territories including Nunavut,Population,27000
1964-07-01,Canada,Population,19325000
1964-07-01,Newfoundland and Labrador,Population,484000
1964-07-01,Prince Edward Island,Population,109000
1964-07-01,Nova Scotia,Population,755000
1964-07-01,New Brunswick,Population,612000
1964-07-01,Quebec,Population,5593000
1964-07-01,Ontario,Population,6646000
1964-07-01,Manitoba,Population,960000
1964-07-01,Saskatchewan,Population,943000
1964-07-01,Alberta,Population,1431000
1964-07-01,British Columbia,Population,1750000
1964-07-01,Yukon,Population,15000
1964-07-01,Northwest Territories including Nunavut,Population,27000
1964-10-01,Canada,Population,19420000
1964-10-01,Newfoundland and Labrador,Population,485000
1964-10-01,Prince Edward Island,Population,109000
1964-10-01,Nova Scotia,Population,756000
1964-10-01,New Brunswick,Population,612000
1964-10-01,Quebec,Population,5621000
1964-10-01,Ontario,Population,6687000
1964-10-01,Manitoba,Population,961000
1964-10-01,Saskatchewan,Population,946000
1964-10-01,Alberta,Population,1436000
1964-10-01,British Columbia,Population,1765000
1964-10-01,Yukon,Population,15000
1964-10-01,Northwest Territories including Nunavut,Population,27000
1965-01-01,Canada,Population,19501000
1965-01-01,Newfoundland and Labrador,Population,485000
1965-01-01,Prince Edward Island,Population,109000
1965-01-01,Nova Scotia,Population,755000
1965-01-01,New Brunswick,Population,613000
1965-01-01,Quebec,Population,5644000
1965-01-01,Ontario,Population,6723000
1965-01-01,Manitoba,Population,962000
1965-01-01,Saskatchewan,Population,946000
1965-01-01,Alberta,Population,1443000
1965-01-01,British Columbia,Population,1779000
1965-01-01,Yukon,Population,15000
1965-01-01,Northwest Territories including Nunavut,Population,27000
1965-04-01,Canada,Population,19578000
1965-04-01,Newfoundland and Labrador,Population,486000
1965-04-01,Prince Edward Island,Population,109000
1965-04-01,Nova Scotia,Population,754000
1965-04-01,New Brunswick,Population,614000
1965-04-01,Quebec,Population,5668000
1965-04-01,Ontario,Population,6758000
1965-04-01,Manitoba,Population,964000
1965-04-01,Saskatchewan,Population,948000
1965-04-01,Alberta,Population,1445000
1965-04-01,British Columbia,Population,1790000
1965-04-01,Yukon,Population,15000
1965-04-01,Northwest Territories including Nunavut,Population,27000
1965-07-01,Canada,Population,19678000
1965-07-01,Newfoundland and Labrador,Population,488000
1965-07-01,Prince Edward Island,Population,109000
1965-07-01,Nova Scotia,Population,756000
1965-07-01,New Brunswick,Population,615000
1965-07-01,Quebec,Population,5694000
1965-07-01,Ontario,Population,6803000
1965-07-01,Manitoba,Population,965000
1965-07-01,Saskatchewan,Population,951000
1965-07-01,Alberta,Population,1451000
1965-07-01,British Columbia,Population,1804000
1965-07-01,Yukon,Population,14000
1965-07-01,Northwest Territories including Nunavut,Population,28000
1965-10-01,Canada,Population,19777000
1965-10-01,Newfoundland and Labrador,Population,489000
1965-10-01,Prince Edward Island,Population,109000
1965-10-01,Nova Scotia,Population,755000
1965-10-01,New Brunswick,Population,616000
1965-10-01,Quebec,Population,5720000
1965-10-01,Ontario,Population,6849000
1965-10-01,Manitoba,Population,963000
1965-10-01,Saskatchewan,Population,953000
1965-10-01,Alberta,Population,1453000
1965-10-01,British Columbia,Population,1827000
1965-10-01,Yukon,Population,15000
1965-10-01,Northwest Territories including Nunavut,Population,28000
1966-01-01,Canada,Population,19857000
1966-01-01,Newfoundland and Labrador,Population,490000
1966-01-01,Prince Edward Island,Population,108000
1966-01-01,Nova Scotia,Population,754000
1966-01-01,New Brunswick,Population,616000
1966-01-01,Quebec,Population,5740000
1966-01-01,Ontario,Population,6888000
1966-01-01,Manitoba,Population,962000
1966-01-01,Saskatchewan,Population,952000
1966-01-01,Alberta,Population,1456000
1966-01-01,British Columbia,Population,1848000
1966-01-01,Yukon,Population,15000
1966-01-01,Northwest Territories including Nunavut,Population,28000
1966-04-01,Canada,Population,19939000
1966-04-01,Newfoundland and Labrador,Population,492000
1966-04-01,Prince Edward Island,Population,108000
1966-04-01,Nova Scotia,Population,755000
1966-04-01,New Brunswick,Population,616000
1966-04-01,Quebec,Population,5762000
1966-04-01,Ontario,Population,6926000
1966-04-01,Manitoba,Population,963000
1966-04-01,Saskatchewan,Population,954000
1966-04-01,Alberta,Population,1459000
1966-04-01,British Columbia,Population,1862000
1966-04-01,Yukon,Population,14000
1966-04-01,Northwest Territories including Nunavut,Population,28000
1966-07-01,Canada,Population,20048000
1966-07-01,Newfoundland and Labrador,Population,494000
1966-07-01,Prince Edward Island,Population,109000
1966-07-01,Nova Scotia,Population,757000
1966-07-01,New Brunswick,Population,617000
1966-07-01,Quebec,Population,5787000
1966-07-01,Ontario,Population,6977000
1966-07-01,Manitoba,Population,963000
1966-07-01,Saskatchewan,Population,956000
1966-07-01,Alberta,Population,1465000
1966-07-01,British Columbia,Population,1880000
1966-07-01,Yukon,Population,14000
1966-07-01,Northwest Territories including Nunavut,Population,29000
1966-10-01,Canada,Population,20146000
1966-10-01,Newfoundland and Labrador,Population,496000
1966-10-01,Prince Edward Island,Population,109000
1966-10-01,Nova Scotia,Population,756000
1966-10-01,New Brunswick,Population,617000
1966-10-01,Quebec,Population,5808000
1966-10-01,Ontario,Population,7025000
1966-10-01,Manitoba,Population,959000
1966-10-01,Saskatchewan,Population,957000
1966-10-01,Alberta,Population,1470000
1966-10-01,British Columbia,Population,1905000
1966-10-01,Yukon,Population,15000
1966-10-01,Northwest Territories including Nunavut,Population,29000
1967-01-01,Canada,Population,20228000
1967-01-01,Newfoundland and Labrador,Population,496000
1967-01-01,Prince Edward Island,Population,109000
1967-01-01,Nova Scotia,Population,757000
1967-01-01,New Brunswick,Population,618000
1967-01-01,Quebec,Population,5826000
1967-01-01,Ontario,Population,7063000
1967-01-01,Manitoba,Population,958000
1967-01-01,Saskatchewan,Population,955000
1967-01-01,Alberta,Population,1476000
1967-01-01,British Columbia,Population,1926000
1967-01-01,Yukon,Population,15000
1967-01-01,Northwest Territories including Nunavut,Population,29000
1967-04-01,Canada,Population,20306000
1967-04-01,Newfoundland and Labrador,Population,498000
1967-04-01,Prince Edward Island,Population,109000
1967-04-01,Nova Scotia,Population,758000
1967-04-01,New Brunswick,Population,619000
1967-04-01,Quebec,Population,5846000
1967-04-01,Ontario,Population,7096000
1967-04-01,Manitoba,Population,961000
1967-04-01,Saskatchewan,Population,955000
1967-04-01,Alberta,Population,1483000
1967-04-01,British Columbia,Population,1937000
1967-04-01,Yukon,Population,15000
1967-04-01,Northwest Territories including Nunavut,Population,29000
1967-07-01,Canada,Population,20412000
1967-07-01,Newfoundland and Labrador,Population,500000
1967-07-01,Prince Edward Island,Population,109000
1967-07-01,Nova Scotia,Population,761000
1967-07-01,New Brunswick,Population,621000
1967-07-01,Quebec,Population,5870000
1967-07-01,Ontario,Population,7142000
1967-07-01,Manitoba,Population,964000
1967-07-01,Saskatchewan,Population,958000
1967-07-01,Alberta,Population,1493000
1967-07-01,British Columbia,Population,1950000
1967-07-01,Yukon,Population,15000
1967-07-01,Northwest Territories including Nunavut,Population,29000
1967-10-01,Canada,Population,20509000
1967-10-01,Newfoundland and Labrador,Population,502000
1967-10-01,Prince Edward Island,Population,109000
1967-10-01,Nova Scotia,Population,762000
1967-10-01,New Brunswick,Population,622000
1967-10-01,Quebec,Population,5888000
1967-10-01,Ontario,Population,7186000
1967-10-01,Manitoba,Population,966000
1967-10-01,Saskatchewan,Population,959000
1967-10-01,Alberta,Population,1501000
1967-10-01,British Columbia,Population,1970000
1967-10-01,Yukon,Population,15000
1967-10-01,Northwest Territories including Nunavut,Population,29000
1968-01-01,Canada,Population,20581000
1968-01-01,Newfoundland and Labrador,Population,503000
1968-01-01,Prince Edward Island,Population,110000
1968-01-01,Nova Scotia,Population,764000
1968-01-01,New Brunswick,Population,623000
1968-01-01,Quebec,Population,5902000
1968-01-01,Ontario,Population,7213000
1968-01-01,Manitoba,Population,966000
1968-01-01,Saskatchewan,Population,957000
1968-01-01,Alberta,Population,1510000
1968-01-01,British Columbia,Population,1988000
1968-01-01,Yukon,Population,15000
1968-01-01,Northwest Territories including Nunavut,Population,30000
1968-04-01,Canada,Population,20644000
1968-04-01,Newfoundland and Labrador,Population,505000
1968-04-01,Prince Edward Island,Population,110000
1968-04-01,Nova Scotia,Population,765000
1968-04-01,New Brunswick,Population,624000
1968-04-01,Quebec,Population,5916000
1968-04-01,Ontario,Population,7238000
1968-04-01,Manitoba,Population,968000
1968-04-01,Saskatchewan,Population,959000
1968-04-01,Alberta,Population,1518000
1968-04-01,British Columbia,Population,1996000
1968-04-01,Yukon,Population,15000
1968-04-01,Northwest Territories including Nunavut,Population,30000
1968-07-01,Canada,Population,20729000
1968-07-01,Newfoundland and Labrador,Population,507000
1968-07-01,Prince Edward Island,Population,110000
1968-07-01,Nova Scotia,Population,768000
1968-07-01,New Brunswick,Population,626000
1968-07-01,Quebec,Population,5931000
1968-07-01,Ontario,Population,7275000
1968-07-01,Manitoba,Population,972000
1968-07-01,Saskatchewan,Population,961000
1968-07-01,Alberta,Population,1527000
1968-07-01,British Columbia,Population,2006000
1968-07-01,Yukon,Population,16000
1968-07-01,Northwest Territories including Nunavut,Population,30000
1968-10-01,Canada,Population,20814000
1968-10-01,Newfoundland and Labrador,Population,509000
1968-10-01,Prince Edward Island,Population,111000
1968-10-01,Nova Scotia,Population,771000
1968-10-01,New Brunswick,Population,628000
1968-10-01,Quebec,Population,5949000
1968-10-01,Ontario,Population,7305000
1968-10-01,Manitoba,Population,974000
1968-10-01,Saskatchewan,Population,962000
1968-10-01,Alberta,Population,1536000
1968-10-01,British Columbia,Population,2023000
1968-10-01,Yukon,Population,16000
1968-10-01,Northwest Territories including Nunavut,Population,30000
1969-01-01,Canada,Population,20888000
1969-01-01,Newfoundland and Labrador,Population,511000
1969-01-01,Prince Edward Island,Population,111000
1969-01-01,Nova Scotia,Population,771000
1969-01-01,New Brunswick,Population,627000
1969-01-01,Quebec,Population,5961000
1969-01-01,Ontario,Population,7338000
1969-01-01,Manitoba,Population,975000
1969-01-01,Saskatchewan,Population,959000
1969-01-01,Alberta,Population,1546000
1969-01-01,British Columbia,Population,2042000
1969-01-01,Yukon,Population,16000
1969-01-01,Northwest Territories including Nunavut,Population,31000
1969-04-01,Canada,Population,20950000
1969-04-01,Newfoundland and Labrador,Population,513000
1969-04-01,Prince Edward Island,Population,111000
1969-04-01,Nova Scotia,Population,774000
1969-04-01,New Brunswick,Population,627000
1969-04-01,Quebec,Population,5975000
1969-04-01,Ontario,Population,7362000
1969-04-01,Manitoba,Population,977000
1969-04-01,Saskatchewan,Population,959000
1969-04-01,Alberta,Population,1553000
1969-04-01,British Columbia,Population,2052000
1969-04-01,Yukon,Population,16000
1969-04-01,Northwest Territories including Nunavut,Population,31000
1969-07-01,Canada,Population,21028000
1969-07-01,Newfoundland and Labrador,Population,515000
1969-07-01,Prince Edward Island,Population,111000
1969-07-01,Nova Scotia,Population,777000
1969-07-01,New Brunswick,Population,628000
1969-07-01,Quebec,Population,5987000
1969-07-01,Ontario,Population,7399000
1969-07-01,Manitoba,Population,979000
1969-07-01,Saskatchewan,Population,958000
1969-07-01,Alberta,Population,1562000
1969-07-01,British Columbia,Population,2065000
1969-07-01,Yukon,Population,16000
1969-07-01,Northwest Territories including Nunavut,Population,31000
1969-10-01,Canada,Population,21111000
1969-10-01,Newfoundland and Labrador,Population,516000
1969-10-01,Prince Edward Island,Population,111000
1969-10-01,Nova Scotia,Population,778000
1969-10-01,New Brunswick,Population,628000
1969-10-01,Quebec,Population,6001000
1969-10-01,Ontario,Population,7442000
1969-10-01,Manitoba,Population,979000
1969-10-01,Saskatchewan,Population,955000
1969-10-01,Alberta,Population,1571000
1969-10-01,British Columbia,Population,2082000
1969-10-01,Yukon,Population,16000
1969-10-01,Northwest Territories including Nunavut,Population,32000
1970-01-01,Canada,Population,21182000
1970-01-01,Newfoundland and Labrador,Population,516000
1970-01-01,Prince Edward Island,Population,110000
1970-01-01,Nova Scotia,Population,779000
1970-01-01,New Brunswick,Population,625000
1970-01-01,Quebec,Population,6002000
1970-01-01,Ontario,Population,7488000
1970-01-01,Manitoba,Population,979000
1970-01-01,Saskatchewan,Population,948000
1970-01-01,Alberta,Population,1579000
1970-01-01,British Columbia,Population,2107000
1970-01-01,Yukon,Population,17000
1970-01-01,Northwest Territories including Nunavut,Population,32000
1970-04-01,Canada,Population,21244000
1970-04-01,Newfoundland and Labrador,Population,516000
1970-04-01,Prince Edward Island,Population,110000
1970-04-01,Nova Scotia,Population,780000
1970-04-01,New Brunswick,Population,626000
1970-04-01,Quebec,Population,6005000
1970-04-01,Ontario,Population,7528000
1970-04-01,Manitoba,Population,981000
1970-04-01,Saskatchewan,Population,942000
1970-04-01,Alberta,Population,1589000
1970-04-01,British Columbia,Population,2118000
1970-04-01,Yukon,Population,17000
1970-04-01,Northwest Territories including Nunavut,Population,32000
1970-07-01,Canada,Population,21324000
1970-07-01,Newfoundland and Labrador,Population,518000
1970-07-01,Prince Edward Island,Population,110000
1970-07-01,Nova Scotia,Population,783000
1970-07-01,New Brunswick,Population,628000
1970-07-01,Quebec,Population,6015000
1970-07-01,Ontario,Population,7566000
1970-07-01,Manitoba,Population,983000
1970-07-01,Saskatchewan,Population,940000
1970-07-01,Alberta,Population,1597000
1970-07-01,British Columbia,Population,2134000
1970-07-01,Yukon,Population,17000
1970-07-01,Northwest Territories including Nunavut,Population,33000
1970-10-01,Canada,Population,21400000
1970-10-01,Newfoundland and Labrador,Population,519000
1970-10-01,Prince Edward Island,Population,111000
1970-10-01,Nova Scotia,Population,784000
1970-10-01,New Brunswick,Population,628000
1970-10-01,Quebec,Population,6021000
1970-10-01,Ontario,Population,7613000
1970-10-01,Manitoba,Population,982000
1970-10-01,Saskatchewan,Population,933000
1970-10-01,Alberta,Population,1607000
1970-10-01,British Columbia,Population,2152000
1970-10-01,Yukon,Population,17000
1970-10-01,Northwest Territories including Nunavut,Population,33000
1971-01-01,Canada,Population,21465000
1971-01-01,Newfoundland and Labrador,Population,519000
1971-01-01,Prince Edward Island,Population,111000
1971-01-01,Nova Scotia,Population,785000
1971-01-01,New Brunswick,Population,630000
1971-01-01,Quebec,Population,6017000
1971-01-01,Ontario,Population,7656000
1971-01-01,Manitoba,Population,984000
1971-01-01,Saskatchewan,Population,927000
1971-01-01,Alberta,Population,1616000
1971-01-01,British Columbia,Population,2168000
1971-01-01,Yukon,Population,18000
1971-01-01,Northwest Territories including Nunavut,Population,34000
1971-04-01,Canada,Population,21523000
1971-04-01,Newfoundland and Labrador,Population,521000
1971-04-01,Prince Edward Island,Population,111000
1971-04-01,Nova Scotia,Population,788000
1971-04-01,New Brunswick,Population,633000
1971-04-01,Quebec,Population,6022000
1971-04-01,Ontario,Population,7683000
1971-04-01,Manitoba,Population,986000
1971-04-01,Saskatchewan,Population,926000
1971-04-01,Alberta,Population,1623000
1971-04-01,British Columbia,Population,2178000
1971-04-01,Yukon,Population,18000
1971-04-01,Northwest Territories including Nunavut,Population,34000
1971-07-01,Canada,Population,21962032
1971-07-01,Newfoundland and Labrador,Population,530854
1971-07-01,Prince Edward Island,Population,112591
1971-07-01,Nova Scotia,Population,797294
1971-07-01,New Brunswick,Population,642471
1971-07-01,Quebec,Population,6137305
1971-07-01,Ontario,Population,7849027
1971-07-01,Manitoba,Population,998876
1971-07-01,Saskatchewan,Population,932038
1971-07-01,Alberta,Population,1665717
1971-07-01,British Columbia,Population,2240470
1971-07-01,Yukon,Population,18991
1971-07-01,Northwest Territories including Nunavut,Population,36398
1971-10-01,Canada,Population,22039243
1971-10-01,Newfoundland and Labrador,Population,534471
1971-10-01,Prince Edward Island,Population,112874
1971-10-01,Nova Scotia,Population,798804
1971-10-01,New Brunswick,Population,644717
1971-10-01,Quebec,Population,6148121
1971-10-01,Ontario,Population,7882241
1971-10-01,Manitoba,Population,998957
1971-10-01,Saskatchewan,Population,928061
1971-10-01,Alberta,Population,1675638
1971-10-01,British Columbia,Population,2258651
1971-10-01,Yukon,Population,19462
1971-10-01,Northwest Territories including Nunavut,Population,37246
1972-01-01,Canada,Population,22092498
1972-01-01,Newfoundland and Labrador,Population,535736
1972-01-01,Prince Edward Island,Population,112964
1972-01-01,Nova Scotia,Population,800513
1972-01-01,New Brunswick,Population,646337
1972-01-01,Quebec,Population,6152950
1972-01-01,Ontario,Population,7906337
1972-01-01,Manitoba,Population,998910
1972-01-01,Saskatchewan,Population,923123
1972-01-01,Alberta,Population,1679985
1972-01-01,British Columbia,Population,2278085
1972-01-01,Yukon,Population,19723
1972-01-01,Northwest Territories including Nunavut,Population,37835
1972-04-01,Canada,Population,22148919
1972-04-01,Newfoundland and Labrador,Population,537368
1972-04-01,Prince Edward Island,Population,113314
1972-04-01,Nova Scotia,Population,800542
1972-04-01,New Brunswick,Population,648056
1972-04-01,Quebec,Population,6165470
1972-04-01,Ontario,Population,7927220
1972-04-01,Manitoba,Population,1000104
1972-04-01,Saskatchewan,Population,921306
1972-04-01,Alberta,Population,1686758
1972-04-01,British Columbia,Population,2290667
1972-04-01,Yukon,Population,19859
1972-04-01,Northwest Territories including Nunavut,Population,38255
1972-07-01,Canada,Population,22218463
1972-07-01,Newfoundland and Labrador,Population,539124
1972-07-01,Prince Edward Island,Population,113460
1972-07-01,Nova Scotia,Population,802255
1972-07-01,New Brunswick,Population,648769
1972-07-01,Quebec,Population,6174216
1972-07-01,Ontario,Population,7963117
1972-07-01,Manitoba,Population,1001652
1972-07-01,Saskatchewan,Population,920780
1972-07-01,Alberta,Population,1694090
1972-07-01,British Columbia,Population,2302086
1972-07-01,Yukon,Population,20143
1972-07-01,Northwest Territories including Nunavut,Population,38771
1972-10-01,Canada,Population,22288499
1972-10-01,Newfoundland and Labrador,Population,541472
1972-10-01,Prince Edward Island,Population,113960
1972-10-01,Nova Scotia,Population,805317
1972-10-01,New Brunswick,Population,651182
1972-10-01,Quebec,Population,6182065
1972-10-01,Ontario,Population,7992037
1972-10-01,Manitoba,Population,1001682
1972-10-01,Saskatchewan,Population,916659
1972-10-01,Alberta,Population,1705519
1972-10-01,British Columbia,Population,2318552
1972-10-01,Yukon,Population,20570
1972-10-01,Northwest Territories including Nunavut,Population,39484
1973-01-01,Canada,Population,22347459
1973-01-01,Newfoundland and Labrador,Population,542983
1973-01-01,Prince Edward Island,Population,114276
1973-01-01,Nova Scotia,Population,808614
1973-01-01,New Brunswick,Population,652497
1973-01-01,Quebec,Population,6189678
1973-01-01,Ontario,Population,8013391
1973-01-01,Manitoba,Population,1002589
1973-01-01,Saskatchewan,Population,913591
1973-01-01,Alberta,Population,1710866
1973-01-01,British Columbia,Population,2338148
1973-01-01,Yukon,Population,20813
1973-01-01,Northwest Territories including Nunavut,Population,40013
1973-04-01,Canada,Population,22405392
1973-04-01,Newfoundland and Labrador,Population,544026
1973-04-01,Prince Edward Island,Population,114437
1973-04-01,Nova Scotia,Population,809697
1973-04-01,New Brunswick,Population,655725
1973-04-01,Quebec,Population,6199080
1973-04-01,Ontario,Population,8035129
1973-04-01,Manitoba,Population,1005005
1973-04-01,Saskatchewan,Population,912191
1973-04-01,Alberta,Population,1717910
1973-04-01,British Columbia,Population,2350837
1973-04-01,Yukon,Population,20968
1973-04-01,Northwest Territories including Nunavut,Population,40387
1973-07-01,Canada,Population,22491777
1973-07-01,Newfoundland and Labrador,Population,545561
1973-07-01,Prince Edward Island,Population,114620
1973-07-01,Nova Scotia,Population,812386
1973-07-01,New Brunswick,Population,656720
1973-07-01,Quebec,Population,6213149
1973-07-01,Ontario,Population,8075547
1973-07-01,Manitoba,Population,1007358
1973-07-01,Saskatchewan,Population,911937
1973-07-01,Alberta,Population,1725327
1973-07-01,British Columbia,Population,2367271
1973-07-01,Yukon,Population,21148
1973-07-01,Northwest Territories including Nunavut,Population,40753
1973-10-01,Canada,Population,22570338
1973-10-01,Newfoundland and Labrador,Population,546717
1973-10-01,Prince Edward Island,Population,114944
1973-10-01,Nova Scotia,Population,814351
1973-10-01,New Brunswick,Population,658693
1973-10-01,Quebec,Population,6227045
1973-10-01,Ontario,Population,8107108
1973-10-01,Manitoba,Population,1008908
1973-10-01,Saskatchewan,Population,908856
1973-10-01,Alberta,Population,1735396
1973-10-01,British Columbia,Population,2386932
1973-10-01,Yukon,Population,20874
1973-10-01,Northwest Territories including Nunavut,Population,40514
1974-01-01,Canada,Population,22649538
1974-01-01,Newfoundland and Labrador,Population,547107
1974-01-01,Prince Edward Island,Population,115189
1974-01-01,Nova Scotia,Population,816353
1974-01-01,New Brunswick,Population,661016
1974-01-01,Quebec,Population,6238468
1974-01-01,Ontario,Population,8139808
1974-01-01,Manitoba,Population,1012378
1974-01-01,Saskatchewan,Population,907546
1974-01-01,Alberta,Population,1739942
1974-01-01,British Columbia,Population,2409913
1974-01-01,Yukon,Population,20973
1974-01-01,Northwest Territories including Nunavut,Population,40845
1974-04-01,Canada,Population,22723274
1974-04-01,Newfoundland and Labrador,Population,547385
1974-04-01,Prince Edward Island,Population,115566
1974-04-01,Nova Scotia,Population,816688
1974-04-01,New Brunswick,Population,662560
1974-04-01,Quebec,Population,6251741
1974-04-01,Ontario,Population,8172562
1974-04-01,Manitoba,Population,1015368
1974-04-01,Saskatchewan,Population,907748
1974-04-01,Alberta,Population,1746975
1974-04-01,British Columbia,Population,2424995
1974-04-01,Yukon,Population,20895
1974-04-01,Northwest Territories including Nunavut,Population,40791
1974-07-01,Canada,Population,22807969
1974-07-01,Newfoundland and Labrador,Population,549604
1974-07-01,Prince Edward Island,Population,115962
1974-07-01,Nova Scotia,Population,818751
1974-07-01,New Brunswick,Population,664744
1974-07-01,Quebec,Population,6268571
1974-07-01,Ontario,Population,8204275
1974-07-01,Manitoba,Population,1018206
1974-07-01,Saskatchewan,Population,908457
1974-07-01,Alberta,Population,1754621
1974-07-01,British Columbia,Population,2442578
1974-07-01,Yukon,Population,21069
1974-07-01,Northwest Territories including Nunavut,Population,41131
1974-10-01,Canada,Population,22907390
1974-10-01,Newfoundland and Labrador,Population,551508
1974-10-01,Prince Edward Island,Population,116401
1974-10-01,Nova Scotia,Population,821251
1974-10-01,New Brunswick,Population,669506
1974-10-01,Quebec,Population,6286708
1974-10-01,Ontario,Population,8240114
1974-10-01,Manitoba,Population,1018954
1974-10-01,Saskatchewan,Population,908714
1974-10-01,Alberta,Population,1769880
1974-10-01,British Columbia,Population,2461396
1974-10-01,Yukon,Population,21335
1974-10-01,Northwest Territories including Nunavut,Population,41623
1975-01-01,Canada,Population,22979190
1975-01-01,Newfoundland and Labrador,Population,552812
1975-01-01,Prince Edward Island,Population,117031
1975-01-01,Nova Scotia,Population,823084
1975-01-01,New Brunswick,Population,671135
1975-01-01,Quebec,Population,6299783
1975-01-01,Ontario,Population,8260161
1975-01-01,Manitoba,Population,1019529
1975-01-01,Saskatchewan,Population,910276
1975-01-01,Alberta,Population,1782575
1975-01-01,British Columbia,Population,2479085
1975-01-01,Yukon,Population,21580
1975-01-01,Northwest Territories including Nunavut,Population,42139
1975-04-01,Canada,Population,23048990
1975-04-01,Newfoundland and Labrador,Population,554166
1975-04-01,Prince Edward Island,Population,117316
1975-04-01,Nova Scotia,Population,824791
1975-04-01,New Brunswick,Population,673918
1975-04-01,Quebec,Population,6310999
1975-04-01,Ontario,Population,8284503
1975-04-01,Manitoba,Population,1021824
1975-04-01,Saskatchewan,Population,913118
1975-04-01,Alberta,Population,1795097
1975-04-01,British Columbia,Population,2489116
1975-04-01,Yukon,Population,21692
1975-04-01,Northwest Territories including Nunavut,Population,42450
1975-07-01,Canada,Population,23143275
1975-07-01,Newfoundland and Labrador,Population,556496
1975-07-01,Prince Edward Island,Population,117724
1975-07-01,Nova Scotia,Population,826549
1975-07-01,New Brunswick,Population,677008
1975-07-01,Quebec,Population,6330303
1975-07-01,Ontario,Population,8319795
1975-07-01,Manitoba,Population,1024975
1975-07-01,Saskatchewan,Population,917415
1975-07-01,Alberta,Population,1808689
1975-07-01,British Columbia,Population,2499564
1975-07-01,Yukon,Population,21908
1975-07-01,Northwest Territories including Nunavut,Population,42849
1975-10-01,Canada,Population,23240585
1975-10-01,Newfoundland and Labrador,Population,558900
1975-10-01,Prince Edward Island,Population,118009
1975-10-01,Nova Scotia,Population,830351
1975-10-01,New Brunswick,Population,682086
1975-10-01,Quebec,Population,6348244
1975-10-01,Ontario,Population,8352911
1975-10-01,Manitoba,Population,1026093
1975-10-01,Saskatchewan,Population,922468
1975-10-01,Alberta,Population,1825051
1975-10-01,British Columbia,Population,2510751
1975-10-01,Yukon,Population,22214
1975-10-01,Northwest Territories including Nunavut,Population,43507
1976-01-01,Canada,Population,23304197
1976-01-01,Newfoundland and Labrador,Population,560024
1976-01-01,Prince Edward Island,Population,118264
1976-01-01,Nova Scotia,Population,832765
1976-01-01,New Brunswick,Population,685155
1976-01-01,Quebec,Population,6362125
1976-01-01,Ontario,Population,8366498
1976-01-01,Manitoba,Population,1028134
1976-01-01,Saskatchewan,Population,925570
1976-01-01,Alberta,Population,1839191
1976-01-01,British Columbia,Population,2520425
1976-01-01,Yukon,Population,22259
1976-01-01,Northwest Territories including Nunavut,Population,43787
1976-04-01,Canada,Population,23369845
1976-04-01,Newfoundland and Labrador,Population,560856
1976-04-01,Prince Edward Island,Population,118298
1976-04-01,Nova Scotia,Population,833741
1976-04-01,New Brunswick,Population,687521
1976-04-01,Quebec,Population,6377976
1976-04-01,Ontario,Population,8387985
1976-04-01,Manitoba,Population,1030093
1976-04-01,Saskatchewan,Population,928697
1976-04-01,Alberta,Population,1852651
1976-04-01,British Columbia,Population,2525812
1976-04-01,Yukon,Population,22263
1976-04-01,Northwest Territories including Nunavut,Population,43952
1976-07-01,Canada,Population,23449808
1976-07-01,Newfoundland and Labrador,Population,562639
1976-07-01,Prince Edward Island,Population,118648
1976-07-01,Nova Scotia,Population,835166
1976-07-01,New Brunswick,Population,689494
1976-07-01,Quebec,Population,6396761
1976-07-01,Ontario,Population,8413779
1976-07-01,Manitoba,Population,1031758
1976-07-01,Saskatchewan,Population,931612
1976-07-01,Alberta,Population,1869287
1976-07-01,British Columbia,Population,2533899
1976-07-01,Yukon,Population,22441
1976-07-01,Northwest Territories including Nunavut,Population,44324
1976-10-01,Canada,Population,23533565
1976-10-01,Newfoundland and Labrador,Population,563591
1976-10-01,Prince Edward Island,Population,118925
1976-10-01,Nova Scotia,Population,837578
1976-10-01,New Brunswick,Population,690936
1976-10-01,Quebec,Population,6404158
1976-10-01,Ontario,Population,8438765
1976-10-01,Manitoba,Population,1033171
1976-10-01,Saskatchewan,Population,936235
1976-10-01,Alberta,Population,1896466
1976-10-01,British Columbia,Population,2546813
1976-10-01,Yukon,Population,22509
1976-10-01,Northwest Territories including Nunavut,Population,44418
1977-01-01,Canada,Population,23591713
1977-01-01,Newfoundland and Labrador,Population,563387
1977-01-01,Prince Edward Island,Population,119121
1977-01-01,Nova Scotia,Population,838385
1977-01-01,New Brunswick,Population,691810
1977-01-01,Quebec,Population,6412575
1977-01-01,Ontario,Population,8458617
1977-01-01,Manitoba,Population,1034113
1977-01-01,Saskatchewan,Population,938455
1977-01-01,Alberta,Population,1914570
1977-01-01,British Columbia,Population,2554051
1977-01-01,Yukon,Population,22262
1977-01-01,Northwest Territories including Nunavut,Population,44367
1977-04-01,Canada,Population,23656739
1977-04-01,Newfoundland and Labrador,Population,564217
1977-04-01,Prince Edward Island,Population,119297
1977-04-01,Nova Scotia,Population,839315
1977-04-01,New Brunswick,Population,693580
1977-04-01,Quebec,Population,6423152
1977-04-01,Ontario,Population,8481322
1977-04-01,Manitoba,Population,1035920
1977-04-01,Saskatchewan,Population,941297
1977-04-01,Alberta,Population,1931214
1977-04-01,British Columbia,Population,2560711
1977-04-01,Yukon,Population,22308
1977-04-01,Northwest Territories including Nunavut,Population,44406
1977-07-01,Canada,Population,23725843
1977-07-01,Newfoundland and Labrador,Population,565348
1977-07-01,Prince Edward Island,Population,119902
1977-07-01,Nova Scotia,Population,840028
1977-07-01,New Brunswick,Population,695843
1977-07-01,Quebec,Population,6433133
1977-07-01,Ontario,Population,8504080
1977-07-01,Manitoba,Population,1037369
1977-07-01,Saskatchewan,Population,944621
1977-07-01,Alberta,Population,1948263
1977-07-01,British Columbia,Population,2570315
1977-07-01,Yukon,Population,22462
1977-07-01,Northwest Territories including Nunavut,Population,44479
1977-10-01,Canada,Population,23801445
1977-10-01,Newfoundland and Labrador,Population,566116
1977-10-01,Prince Edward Island,Population,120459
1977-10-01,Nova Scotia,Population,842051
1977-10-01,New Brunswick,Population,696378
1977-10-01,Quebec,Population,6431509
1977-10-01,Ontario,Population,8530102
1977-10-01,Manitoba,Population,1038470
1977-10-01,Saskatchewan,Population,947400
1977-10-01,Alberta,Population,1974721
1977-10-01,British Columbia,Population,2586668
1977-10-01,Yukon,Population,22747
1977-10-01,Northwest Territories including Nunavut,Population,44824
1978-01-01,Canada,Population,23849503
1978-01-01,Newfoundland and Labrador,Population,565981
1978-01-01,Prince Edward Island,Population,120764
1978-01-01,Nova Scotia,Population,842961
1978-01-01,New Brunswick,Population,696872
1978-01-01,Quebec,Population,6432019
1978-01-01,Ontario,Population,8548453
1978-01-01,Manitoba,Population,1038859
1978-01-01,Saskatchewan,Population,948753
1978-01-01,Alberta,Population,1991454
1978-01-01,British Columbia,Population,2595858
1978-01-01,Yukon,Population,22668
1978-01-01,Northwest Territories including Nunavut,Population,44861
1978-04-01,Canada,Population,23903687
1978-04-01,Newfoundland and Labrador,Population,566671
1978-04-01,Prince Edward Island,Population,121014
1978-04-01,Nova Scotia,Population,843663
1978-04-01,New Brunswick,Population,697851
1978-04-01,Quebec,Population,6436705
1978-04-01,Ontario,Population,8569298
1978-04-01,Manitoba,Population,1040028
1978-04-01,Saskatchewan,Population,950365
1978-04-01,Alberta,Population,2006745
1978-04-01,British Columbia,Population,2603502
1978-04-01,Yukon,Population,22834
1978-04-01,Northwest Territories including Nunavut,Population,45011
1978-07-01,Canada,Population,23963203
1978-07-01,Newfoundland and Labrador,Population,567639
1978-07-01,Prince Edward Island,Population,121684
1978-07-01,Nova Scotia,Population,844628
1978-07-01,New Brunswick,Population,699514
1978-07-01,Quebec,Population,6440459
1978-07-01,Ontario,Population,8590144
1978-07-01,Manitoba,Population,1040881
1978-07-01,Saskatchewan,Population,952430
1978-07-01,Alberta,Population,2022241
1978-07-01,British Columbia,Population,2615162
1978-07-01,Yukon,Population,23157
1978-07-01,Northwest Territories including Nunavut,Population,45264
1978-10-01,Canada,Population,24025447
1978-10-01,Newfoundland and Labrador,Population,568417
1978-10-01,Prince Edward Island,Population,121952
1978-10-01,Nova Scotia,Population,846612
1978-10-01,New Brunswick,Population,699937
1978-10-01,Quebec,Population,6442774
1978-10-01,Ontario,Population,8604263
1978-10-01,Manitoba,Population,1038528
1978-10-01,Saskatchewan,Population,954473
1978-10-01,Alberta,Population,2047919
1978-10-01,British Columbia,Population,2632020
1978-10-01,Yukon,Population,23120
1978-10-01,Northwest Territories including Nunavut,Population,45432
1979-01-01,Canada,Population,24071889
1979-01-01,Newfoundland and Labrador,Population,568329
1979-01-01,Prince Edward Island,Population,122104
1979-01-01,Nova Scotia,Population,847511
1979-01-01,New Brunswick,Population,700237
1979-01-01,Quebec,Population,6446529
1979-01-01,Ontario,Population,8619239
1979-01-01,Manitoba,Population,1037449
1979-01-01,Saskatchewan,Population,955552
1979-01-01,Alberta,Population,2064776
1979-01-01,British Columbia,Population,2641872
1979-01-01,Yukon,Population,22845
1979-01-01,Northwest Territories including Nunavut,Population,45446
1979-04-01,Canada,Population,24128180
1979-04-01,Newfoundland and Labrador,Population,569012
1979-04-01,Prince Edward Island,Population,122277
1979-04-01,Nova Scotia,Population,848272
1979-04-01,New Brunswick,Population,701261
1979-04-01,Quebec,Population,6455295
1979-04-01,Ontario,Population,8638099
1979-04-01,Manitoba,Population,1037417
1979-04-01,Saskatchewan,Population,957375
1979-04-01,Alberta,Population,2079840
1979-04-01,British Columbia,Population,2650940
1979-04-01,Yukon,Population,22845
1979-04-01,Northwest Territories including Nunavut,Population,45547
1979-07-01,Canada,Population,24201544
1979-07-01,Newfoundland and Labrador,Population,570075
1979-07-01,Prince Edward Island,Population,122885
1979-07-01,Nova Scotia,Population,849396
1979-07-01,New Brunswick,Population,703158
1979-07-01,Quebec,Population,6465996
1979-07-01,Ontario,Population,8662088
1979-07-01,Manitoba,Population,1037272
1979-07-01,Saskatchewan,Population,959735
1979-07-01,Alberta,Population,2096966
1979-07-01,British Columbia,Population,2665238
1979-07-01,Yukon,Population,22972
1979-07-01,Northwest Territories including Nunavut,Population,45763
1979-10-01,Canada,Population,24279044
1979-10-01,Newfoundland and Labrador,Population,570976
1979-10-01,Prince Edward Island,Population,123002
1979-10-01,Nova Scotia,Population,850336
1979-10-01,New Brunswick,Population,703038
1979-10-01,Quebec,Population,6472095
1979-10-01,Ontario,Population,8674941
1979-10-01,Manitoba,Population,1034189
1979-10-01,Saskatchewan,Population,961723
1979-10-01,Alberta,Population,2128647
1979-10-01,British Columbia,Population,2691121
1979-10-01,Yukon,Population,23036
1979-10-01,Northwest Territories including Nunavut,Population,45940
1980-01-01,Canada,Population,24345365
1980-01-01,Newfoundland and Labrador,Population,570899
1980-01-01,Prince Edward Island,Population,123109
1980-01-01,Nova Scotia,Population,850915
1980-01-01,New Brunswick,Population,703538
1980-01-01,Quebec,Population,6480428
1980-01-01,Ontario,Population,8693157
1980-01-01,Manitoba,Population,1033557
1980-01-01,Saskatchewan,Population,963231
1980-01-01,Alberta,Population,2149996
1980-01-01,British Columbia,Population,2707690
1980-01-01,Yukon,Population,22834
1980-01-01,Northwest Territories including Nunavut,Population,46011
1980-04-01,Canada,Population,24418295
1980-04-01,Newfoundland and Labrador,Population,571554
1980-04-01,Prince Edward Island,Population,123275
1980-04-01,Nova Scotia,Population,851541
1980-04-01,New Brunswick,Population,704475
1980-04-01,Quebec,Population,6492192
1980-04-01,Ontario,Population,8715218
1980-04-01,Manitoba,Population,1033985
1980-04-01,Saskatchewan,Population,965215
1980-04-01,Alberta,Population,2168863
1980-04-01,British Columbia,Population,2722921
1980-04-01,Yukon,Population,22876
1980-04-01,Northwest Territories including Nunavut,Population,46180
1980-07-01,Canada,Population,24515667
1980-07-01,Newfoundland and Labrador,Population,572759
1980-07-01,Prince Edward Island,Population,123735
1980-07-01,Nova Scotia,Population,852659
1980-07-01,New Brunswick,Population,706219
1980-07-01,Quebec,Population,6505997
1980-07-01,Ontario,Population,8746013
1980-07-01,Manitoba,Population,1034435
1980-07-01,Saskatchewan,Population,967548
1980-07-01,Alberta,Population,2191029
1980-07-01,British Columbia,Population,2745861
1980-07-01,Yukon,Population,23019
1980-07-01,Northwest Territories including Nunavut,Population,46393
1980-10-01,Canada,Population,24603534
1980-10-01,Newfoundland and Labrador,Population,573582
1980-10-01,Prince Edward Island,Population,123445
1980-10-01,Nova Scotia,Population,853389
1980-10-01,New Brunswick,Population,705237
1980-10-01,Quebec,Population,6515323
1980-10-01,Ontario,Population,8757388
1980-10-01,Manitoba,Population,1034017
1980-10-01,Saskatchewan,Population,970183
1980-10-01,Alberta,Population,2227159
1980-10-01,British Columbia,Population,2773680
1980-10-01,Yukon,Population,23380
1980-10-01,Northwest Territories including Nunavut,Population,46751
1981-01-01,Canada,Population,24665355
1981-01-01,Newfoundland and Labrador,Population,573420
1981-01-01,Prince Edward Island,Population,123315
1981-01-01,Nova Scotia,Population,853673
1981-01-01,New Brunswick,Population,704763
1981-01-01,Quebec,Population,6523258
1981-01-01,Ontario,Population,8770591
1981-01-01,Manitoba,Population,1033968
1981-01-01,Saskatchewan,Population,971544
1981-01-01,Alberta,Population,2249907
1981-01-01,British Columbia,Population,2790754
1981-01-01,Yukon,Population,23311
1981-01-01,Northwest Territories including Nunavut,Population,46851
1981-04-01,Canada,Population,24732826
1981-04-01,Newfoundland and Labrador,Population,574199
1981-04-01,Prince Edward Island,Population,123285
1981-04-01,Nova Scotia,Population,854024
1981-04-01,New Brunswick,Population,705241
1981-04-01,Quebec,Population,6534508
1981-04-01,Ontario,Population,8787156
1981-04-01,Manitoba,Population,1034805
1981-04-01,Saskatchewan,Population,973372
1981-04-01,Alberta,Population,2270227
1981-04-01,British Columbia,Population,2805394
1981-04-01,Yukon,Population,23517
1981-04-01,Northwest Territories including Nunavut,Population,47098
1981-07-01,Canada,Population,24819915
1981-07-01,Newfoundland and Labrador,Population,575302
1981-07-01,Prince Edward Island,Population,123551
1981-07-01,Nova Scotia,Population,854871
1981-07-01,New Brunswick,Population,706438
1981-07-01,Quebec,Population,6547207
1981-07-01,Ontario,Population,8812286
1981-07-01,Manitoba,Population,1035545
1981-07-01,Saskatchewan,Population,975759
1981-07-01,Alberta,Population,2291104
1981-07-01,British Columbia,Population,2826558
1981-07-01,Yukon,Population,23880
1981-07-01,Northwest Territories including Nunavut,Population,47414
1981-10-01,Canada,Population,24920120
1981-10-01,Newfoundland and Labrador,Population,575276
1981-10-01,Prince Edward Island,Population,123496
1981-10-01,Nova Scotia,Population,857038
1981-10-01,New Brunswick,Population,706008
1981-10-01,Quebec,Population,6558545
1981-10-01,Ontario,Population,8846005
1981-10-01,Manitoba,Population,1037183
1981-10-01,Saskatchewan,Population,979469
1981-10-01,Alberta,Population,2319715
1981-10-01,British Columbia,Population,2845212
1981-10-01,Yukon,Population,24120
1981-10-01,Northwest Territories including Nunavut,Population,48053
1982-01-01,Canada,Population,24979229
1982-01-01,Newfoundland and Labrador,Population,573343
1982-01-01,Prince Edward Island,Population,123335
1982-01-01,Nova Scotia,Population,857469
1982-01-01,New Brunswick,Population,705608
1982-01-01,Quebec,Population,6565745
1982-01-01,Ontario,Population,8865774
1982-01-01,Manitoba,Population,1039300
1982-01-01,Saskatchewan,Population,981559
1982-01-01,Alberta,Population,2337458
1982-01-01,British Columbia,Population,2857268
1982-01-01,Yukon,Population,24302
1982-01-01,Northwest Territories including Nunavut,Population,48068
1982-04-01,Canada,Population,25042069
1982-04-01,Newfoundland and Labrador,Population,573292
1982-04-01,Prince Edward Island,Population,123225
1982-04-01,Nova Scotia,Population,857592
1982-04-01,New Brunswick,Population,706179
1982-04-01,Quebec,Population,6572316
1982-04-01,Ontario,Population,8892646
1982-04-01,Manitoba,Population,1042251
1982-04-01,Saskatchewan,Population,983744
1982-04-01,Alberta,Population,2352042
1982-04-01,British Columbia,Population,2865557
1982-04-01,Yukon,Population,24571
1982-04-01,Northwest Territories including Nunavut,Population,48654
1982-07-01,Canada,Population,25116942
1982-07-01,Newfoundland and Labrador,Population,573795
1982-07-01,Prince Edward Island,Population,123588
1982-07-01,Nova Scotia,Population,859038
1982-07-01,New Brunswick,Population,707457
1982-07-01,Quebec,Population,6580631
1982-07-01,Ontario,Population,8920288
1982-07-01,Manitoba,Population,1045224
1982-07-01,Saskatchewan,Population,986582
1982-07-01,Alberta,Population,2369827
1982-07-01,British Columbia,Population,2876513
1982-07-01,Yukon,Population,24668
1982-07-01,Northwest Territories including Nunavut,Population,49331
1982-10-01,Canada,Population,25193538
1982-10-01,Newfoundland and Labrador,Population,575898
1982-10-01,Prince Edward Island,Population,123919
1982-10-01,Nova Scotia,Population,862255
1982-10-01,New Brunswick,Population,709894
1982-10-01,Quebec,Population,6584666
1982-10-01,Ontario,Population,8957042
1982-10-01,Manitoba,Population,1049816
1982-10-01,Saskatchewan,Population,991621
1982-10-01,Alberta,Population,2378405
1982-10-01,British Columbia,Population,2885875
1982-10-01,Yukon,Population,24320
1982-10-01,Northwest Territories including Nunavut,Population,49827
1983-01-01,Canada,Population,25242830
1983-01-01,Newfoundland and Labrador,Population,576813
1983-01-01,Prince Edward Island,Population,124181
1983-01-01,Nova Scotia,Population,864117
1983-01-01,New Brunswick,Population,711021
1983-01-01,Quebec,Population,6588636
1983-01-01,Ontario,Population,8982933
1983-01-01,Manitoba,Population,1052538
1983-01-01,Saskatchewan,Population,993810
1983-01-01,Alberta,Population,2383354
1983-01-01,British Columbia,Population,2891441
1983-01-01,Yukon,Population,23838
1983-01-01,Northwest Territories including Nunavut,Population,50148
1983-04-01,Canada,Population,25300372
1983-04-01,Newfoundland and Labrador,Population,577523
1983-04-01,Prince Edward Island,Population,124479
1983-04-01,Nova Scotia,Population,865796
1983-04-01,New Brunswick,Population,712338
1983-04-01,Quebec,Population,6595846
1983-04-01,Ontario,Population,9010994
1983-04-01,Manitoba,Population,1055586
1983-04-01,Saskatchewan,Population,997100
1983-04-01,Alberta,Population,2388090
1983-04-01,British Columbia,Population,2898574
1983-04-01,Yukon,Population,23702
1983-04-01,Northwest Territories including Nunavut,Population,50344
1983-07-01,Canada,Population,25366451
1983-07-01,Newfoundland and Labrador,Population,579164
1983-07-01,Prince Edward Island,Population,125102
1983-07-01,Nova Scotia,Population,868289
1983-07-01,New Brunswick,Population,714842
1983-07-01,Quebec,Population,6602976
1983-07-01,Ontario,Population,9039564
1983-07-01,Manitoba,Population,1059752
1983-07-01,Saskatchewan,Population,1001249
1983-07-01,Alberta,Population,2393587
1983-07-01,British Columbia,Population,2907502
1983-07-01,Yukon,Population,23664
1983-07-01,Northwest Territories including Nunavut,Population,50760
1983-10-01,Canada,Population,25434150
1983-10-01,Newfoundland and Labrador,Population,579603
1983-10-01,Prince Edward Island,Population,125634
1983-10-01,Nova Scotia,Population,872143
1983-10-01,New Brunswick,Population,716531
1983-10-01,Quebec,Population,6608417
1983-10-01,Ontario,Population,9074145
1983-10-01,Manitoba,Population,1063952
1983-10-01,Saskatchewan,Population,1005175
1983-10-01,Alberta,Population,2394239
1983-10-01,British Columbia,Population,2919166
1983-10-01,Yukon,Population,23760
1983-10-01,Northwest Territories including Nunavut,Population,51385
1984-01-01,Canada,Population,25482358
1984-01-01,Newfoundland and Labrador,Population,579558
1984-01-01,Prince Edward Island,Population,125906
1984-01-01,Nova Scotia,Population,874076
1984-01-01,New Brunswick,Population,717434
1984-01-01,Quebec,Population,6613628
1984-01-01,Ontario,Population,9100590
1984-01-01,Manitoba,Population,1066222
1984-01-01,Saskatchewan,Population,1007484
1984-01-01,Alberta,Population,2394892
1984-01-01,British Columbia,Population,2927258
1984-01-01,Yukon,Population,23544
1984-01-01,Northwest Territories including Nunavut,Population,51766
1984-04-01,Canada,Population,25539861
1984-04-01,Newfoundland and Labrador,Population,579810
1984-04-01,Prince Edward Island,Population,126184
1984-04-01,Nova Scotia,Population,875922
1984-04-01,New Brunswick,Population,718627
1984-04-01,Quebec,Population,6621748
1984-04-01,Ontario,Population,9129833
1984-04-01,Manitoba,Population,1069201
1984-04-01,Saskatchewan,Population,1010840
1984-04-01,Alberta,Population,2396706
1984-04-01,British Columbia,Population,2935384
1984-04-01,Yukon,Population,23603
1984-04-01,Northwest Territories including Nunavut,Population,52003
1984-07-01,Canada,Population,25607053
1984-07-01,Newfoundland and Labrador,Population,580065
1984-07-01,Prince Edward Island,Population,126563
1984-07-01,Nova Scotia,Population,877471
1984-07-01,New Brunswick,Population,720488
1984-07-01,Quebec,Population,6631220
1984-07-01,Ontario,Population,9167484
1984-07-01,Manitoba,Population,1071810
1984-07-01,Saskatchewan,Population,1014615
1984-07-01,Alberta,Population,2393907
1984-07-01,British Columbia,Population,2947181
1984-07-01,Yukon,Population,23921
1984-07-01,Northwest Territories including Nunavut,Population,52328
1984-10-01,Canada,Population,25677668
1984-10-01,Newfoundland and Labrador,Population,579356
1984-10-01,Prince Edward Island,Population,126877
1984-10-01,Nova Scotia,Population,881323
1984-10-01,New Brunswick,Population,721509
1984-10-01,Quebec,Population,6640276
1984-10-01,Ontario,Population,9210346
1984-10-01,Manitoba,Population,1075088
1984-10-01,Saskatchewan,Population,1018785
1984-10-01,Alberta,Population,2390913
1984-10-01,British Columbia,Population,2956332
1984-10-01,Yukon,Population,24168
1984-10-01,Northwest Territories including Nunavut,Population,52695
1985-01-01,Canada,Population,25721170
1985-01-01,Newfoundland and Labrador,Population,579043
1985-01-01,Prince Edward Island,Population,127330
1985-01-01,Nova Scotia,Population,883012
1985-01-01,New Brunswick,Population,721932
1985-01-01,Quebec,Population,6645778
1985-01-01,Ontario,Population,9230294
1985-01-01,Manitoba,Population,1078327
1985-01-01,Saskatchewan,Population,1020040
1985-01-01,Alberta,Population,2395813
1985-01-01,British Columbia,Population,2962108
1985-01-01,Yukon,Population,24156
1985-01-01,Northwest Territories including Nunavut,Population,53337
1985-04-01,Canada,Population,25774717
1985-04-01,Newfoundland and Labrador,Population,579320
1985-04-01,Prince Edward Island,Population,127486
1985-04-01,Nova Scotia,Population,884525
1985-04-01,New Brunswick,Population,722406
1985-04-01,Quebec,Population,6654729
1985-04-01,Ontario,Population,9256175
1985-04-01,Manitoba,Population,1081013
1985-04-01,Saskatchewan,Population,1021914
1985-04-01,Alberta,Population,2401499
1985-04-01,British Columbia,Population,2967584
1985-04-01,Yukon,Population,24245
1985-04-01,Northwest Territories including Nunavut,Population,53821
1985-07-01,Canada,Population,25842116
1985-07-01,Newfoundland and Labrador,Population,579275
1985-07-01,Prince Edward Island,Population,127619
1985-07-01,Nova Scotia,Population,885848
1985-07-01,New Brunswick,Population,723287
1985-07-01,Quebec,Population,6665802
1985-07-01,Ontario,Population,9294657
1985-07-01,Manitoba,Population,1082495
1985-07-01,Saskatchewan,Population,1024928
1985-07-01,Alberta,Population,2404490
1985-07-01,British Columbia,Population,2975131
1985-07-01,Yukon,Population,24375
1985-07-01,Northwest Territories including Nunavut,Population,54209
1985-10-01,Canada,Population,25914797
1985-10-01,Newfoundland and Labrador,Population,577784
1985-10-01,Prince Edward Island,Population,127864
1985-10-01,Nova Scotia,Population,887408
1985-10-01,New Brunswick,Population,723955
1985-10-01,Quebec,Population,6676959
1985-10-01,Ontario,Population,9338435
1985-10-01,Manitoba,Population,1085016
1985-10-01,Saskatchewan,Population,1027418
1985-10-01,Alberta,Population,2407001
1985-10-01,British Columbia,Population,2984237
1985-10-01,Yukon,Population,24458
1985-10-01,Northwest Territories including Nunavut,Population,54262
1986-01-01,Canada,Population,25962414
1986-01-01,Newfoundland and Labrador,Population,577248
1986-01-01,Prince Edward Island,Population,128256
1986-01-01,Nova Scotia,Population,887435
1986-01-01,New Brunswick,Population,724277
1986-01-01,Quebec,Population,6684699
1986-01-01,Ontario,Population,9362036
1986-01-01,Manitoba,Population,1087851
1986-01-01,Saskatchewan,Population,1027137
1986-01-01,Alberta,Population,2415590
1986-01-01,British Columbia,Population,2988964
1986-01-01,Yukon,Population,24359
1986-01-01,Northwest Territories including Nunavut,Population,54562
1986-04-01,Canada,Population,26019615
1986-04-01,Newfoundland and Labrador,Population,577105
1986-04-01,Prince Edward Island,Population,128403
1986-04-01,Nova Scotia,Population,888157
1986-04-01,New Brunswick,Population,724432
1986-04-01,Quebec,Population,6693133
1986-04-01,Ontario,Population,9391784
1986-04-01,Manitoba,Population,1090433
1986-04-01,Saskatchewan,Population,1027812
1986-04-01,Alberta,Population,2424950
1986-04-01,British Columbia,Population,2994267
1986-04-01,Yukon,Population,24364
1986-04-01,Northwest Territories including Nunavut,Population,54775
1986-07-01,Canada,Population,26100278
1986-07-01,Newfoundland and Labrador,Population,576306
1986-07-01,Prince Edward Island,Population,128436
1986-07-01,Nova Scotia,Population,889087
1986-07-01,New Brunswick,Population,725019
1986-07-01,Quebec,Population,6708170
1986-07-01,Ontario,Population,9437359
1986-07-01,Manitoba,Population,1091552
1986-07-01,Saskatchewan,Population,1028717
1986-07-01,Alberta,Population,2432930
1986-07-01,British Columbia,Population,3003621
1986-07-01,Yukon,Population,24430
1986-07-01,Northwest Territories including Nunavut,Population,54651
1986-10-01,Canada,Population,26187639
1986-10-01,Newfoundland and Labrador,Population,575396
1986-10-01,Prince Edward Island,Population,128281
1986-10-01,Nova Scotia,Population,891078
1986-10-01,New Brunswick,Population,725304
1986-10-01,Quebec,Population,6727250
1986-10-01,Ontario,Population,9493289
1986-10-01,Manitoba,Population,1092636
1986-10-01,Saskatchewan,Population,1029554
1986-10-01,Alberta,Population,2429949
1986-10-01,British Columbia,Population,3015876
1986-10-01,Yukon,Population,24782
1986-10-01,Northwest Territories including Nunavut,Population,54244
1987-01-01,Canada,Population,26256140
1987-01-01,Newfoundland and Labrador,Population,575586
1987-01-01,Prince Edward Island,Population,128429
1987-01-01,Nova Scotia,Population,891424
1987-01-01,New Brunswick,Population,725368
1987-01-01,Quebec,Population,6745101
1987-01-01,Ontario,Population,9531478
1987-01-01,Manitoba,Population,1094659
1987-01-01,Saskatchewan,Population,1029639
1987-01-01,Alberta,Population,2432958
1987-01-01,British Columbia,Population,3021900
1987-01-01,Yukon,Population,25125
1987-01-01,Northwest Territories including Nunavut,Population,54473
1987-04-01,Canada,Population,26346370
1987-04-01,Newfoundland and Labrador,Population,575802
1987-04-01,Prince Edward Island,Population,128645
1987-04-01,Nova Scotia,Population,891908
1987-04-01,New Brunswick,Population,726566
1987-04-01,Quebec,Population,6765059
1987-04-01,Ontario,Population,9577947
1987-04-01,Manitoba,Population,1097076
1987-04-01,Saskatchewan,Population,1031336
1987-04-01,Alberta,Population,2439074
1987-04-01,British Columbia,Population,3032807
1987-04-01,Yukon,Population,25386
1987-04-01,Northwest Territories including Nunavut,Population,54764
1987-07-01,Canada,Population,26446601
1987-07-01,Newfoundland and Labrador,Population,575242
1987-07-01,Prince Edward Island,Population,128641
1987-07-01,Nova Scotia,Population,893606
1987-07-01,New Brunswick,Population,727768
1987-07-01,Quebec,Population,6781984
1987-07-01,Ontario,Population,9637945
1987-07-01,Manitoba,Population,1098373
1987-07-01,Saskatchewan,Population,1032799
1987-07-01,Alberta,Population,2440877
1987-07-01,British Columbia,Population,3048651
1987-07-01,Yukon,Population,25706
1987-07-01,Northwest Territories including Nunavut,Population,55009
1987-10-01,Canada,Population,26542370
1987-10-01,Newfoundland and Labrador,Population,574094
1987-10-01,Prince Edward Island,Population,128758
1987-10-01,Nova Scotia,Population,894585
1987-10-01,New Brunswick,Population,728100
1987-10-01,Quebec,Population,6796640
1987-10-01,Ontario,Population,9702789
1987-10-01,Manitoba,Population,1098195
1987-10-01,Saskatchewan,Population,1031995
1987-10-01,Alberta,Population,2437537
1987-10-01,British Columbia,Population,3068995
1987-10-01,Yukon,Population,25808
1987-10-01,Northwest Territories including Nunavut,Population,54874
1988-01-01,Canada,Population,26602328
1988-01-01,Newfoundland and Labrador,Population,574543
1988-01-01,Prince Edward Island,Population,129152
1988-01-01,Nova Scotia,Population,894600
1988-01-01,New Brunswick,Population,728401
1988-01-01,Quebec,Population,6805203
1988-01-01,Ontario,Population,9735171
1988-01-01,Manitoba,Population,1099782
1988-01-01,Saskatchewan,Population,1029527
1988-01-01,Alberta,Population,2443396
1988-01-01,British Columbia,Population,3081368
1988-01-01,Yukon,Population,25902
1988-01-01,Northwest Territories including Nunavut,Population,55283
1988-04-01,Canada,Population,26679165
1988-04-01,Newfoundland and Labrador,Population,574912
1988-04-01,Prince Edward Island,Population,129242
1988-04-01,Nova Scotia,Population,895638
1988-04-01,New Brunswick,Population,729079
1988-04-01,Quebec,Population,6818248
1988-04-01,Ontario,Population,9774964
1988-04-01,Manitoba,Population,1101404
1988-04-01,Saskatchewan,Population,1028590
1988-04-01,Alberta,Population,2450646
1988-04-01,British Columbia,Population,3094274
1988-04-01,Yukon,Population,26335
1988-04-01,Northwest Territories including Nunavut,Population,55833
1988-07-01,Canada,Population,26791747
1988-07-01,Newfoundland and Labrador,Population,574982
1988-07-01,Prince Edward Island,Population,129289
1988-07-01,Nova Scotia,Population,897216
1988-07-01,New Brunswick,Population,730349
1988-07-01,Quebec,Population,6837077
1988-07-01,Ontario,Population,9838620
1988-07-01,Manitoba,Population,1102152
1988-07-01,Saskatchewan,Population,1028225
1988-07-01,Alberta,Population,2456614
1988-07-01,British Columbia,Population,3114761
1988-07-01,Yukon,Population,26653
1988-07-01,Northwest Territories including Nunavut,Population,55809
1988-10-01,Canada,Population,26932655
1988-10-01,Newfoundland and Labrador,Population,574645
1988-10-01,Prince Edward Island,Population,129327
1988-10-01,Nova Scotia,Population,899462
1988-10-01,New Brunswick,Population,731671
1988-10-01,Quebec,Population,6864044
1988-10-01,Ontario,Population,9917210
1988-10-01,Manitoba,Population,1101074
1988-10-01,Saskatchewan,Population,1025453
1988-10-01,Alberta,Population,2465242
1988-10-01,British Columbia,Population,3141854
1988-10-01,Yukon,Population,26582
1988-10-01,Northwest Territories including Nunavut,Population,56091
1989-01-01,Canada,Population,27032356
1989-01-01,Newfoundland and Labrador,Population,575626
1989-01-01,Prince Edward Island,Population,129984
1989-01-01,Nova Scotia,Population,900270
1989-01-01,New Brunswick,Population,732462
1989-01-01,Quebec,Population,6882602
1989-01-01,Ontario,Population,9969308
1989-01-01,Manitoba,Population,1101544
1989-01-01,Saskatchewan,Population,1021497
1989-01-01,Alberta,Population,2477533
1989-01-01,British Columbia,Population,3158092
1989-01-01,Yukon,Population,26898
1989-01-01,Northwest Territories including Nunavut,Population,56540
1989-04-01,Canada,Population,27147776
1989-04-01,Newfoundland and Labrador,Population,576458
1989-04-01,Prince Edward Island,Population,130192
1989-04-01,Nova Scotia,Population,901341
1989-04-01,New Brunswick,Population,733872
1989-04-01,Quebec,Population,6903228
1989-04-01,Ontario,Population,10031922
1989-04-01,Manitoba,Population,1102669
1989-04-01,Saskatchewan,Population,1020302
1989-04-01,Alberta,Population,2489032
1989-04-01,British Columbia,Population,3174623
1989-04-01,Yukon,Population,27053
1989-04-01,Northwest Territories including Nunavut,Population,57084
1989-07-01,Canada,Population,27276781
1989-07-01,Newfoundland and Labrador,Population,576551
1989-07-01,Prince Edward Island,Population,130153
1989-07-01,Nova Scotia,Population,903841
1989-07-01,New Brunswick,Population,735129
1989-07-01,Quebec,Population,6925128
1989-07-01,Ontario,Population,10103305
1989-07-01,Manitoba,Population,1103792
1989-07-01,Saskatchewan,Population,1019439
1989-07-01,Alberta,Population,2498325
1989-07-01,British Columbia,Population,3196725
1989-07-01,Yukon,Population,27167
1989-07-01,Northwest Territories including Nunavut,Population,57226
1989-10-01,Canada,Population,27402695
1989-10-01,Newfoundland and Labrador,Population,575594
1989-10-01,Prince Edward Island,Population,129900
1989-10-01,Nova Scotia,Population,906644
1989-10-01,New Brunswick,Population,736352
1989-10-01,Quebec,Population,6946945
1989-10-01,Ontario,Population,10167642
1989-10-01,Manitoba,Population,1102522
1989-10-01,Saskatchewan,Population,1016043
1989-10-01,Alberta,Population,2507203
1989-10-01,British Columbia,Population,3229220
1989-10-01,Yukon,Population,27197
1989-10-01,Northwest Territories including Nunavut,Population,57433
1990-01-01,Canada,Population,27463550
1990-01-01,Newfoundland and Labrador,Population,576278
1990-01-01,Prince Edward Island,Population,130336
1990-01-01,Nova Scotia,Population,907394
1990-01-01,New Brunswick,Population,737307
1990-01-01,Quebec,Population,6955119
1990-01-01,Ontario,Population,10189985
1990-01-01,Manitoba,Population,1102752
1990-01-01,Saskatchewan,Population,1011429
1990-01-01,Alberta,Population,2520056
1990-01-01,British Columbia,Population,3247419
1990-01-01,Yukon,Population,27605
1990-01-01,Northwest Territories including Nunavut,Population,57870
1990-04-01,Canada,Population,27567161
1990-04-01,Newfoundland and Labrador,Population,577167
1990-04-01,Prince Edward Island,Population,130468
1990-04-01,Nova Scotia,Population,908444
1990-04-01,New Brunswick,Population,738744
1990-04-01,Quebec,Population,6973762
1990-04-01,Ontario,Population,10238884
1990-04-01,Manitoba,Population,1103935
1990-04-01,Saskatchewan,Population,1009952
1990-04-01,Alberta,Population,2532621
1990-04-01,British Columbia,Population,3266888
1990-04-01,Yukon,Population,27824
1990-04-01,Northwest Territories including Nunavut,Population,58472
1990-07-01,Canada,Population,27691138
1990-07-01,Newfoundland and Labrador,Population,577368
1990-07-01,Prince Edward Island,Population,130404
1990-07-01,Nova Scotia,Population,910451
1990-07-01,New Brunswick,Population,740156
1990-07-01,Quebec,Population,6996986
1990-07-01,Ontario,Population,10295832
1990-07-01,Manitoba,Population,1105421
1990-07-01,Saskatchewan,Population,1007727
1990-07-01,Alberta,Population,2547788
1990-07-01,British Columbia,Population,3292111
1990-07-01,Yukon,Population,27957
1990-07-01,Northwest Territories including Nunavut,Population,58937
1990-10-01,Canada,Population,27807591
1990-10-01,Newfoundland and Labrador,Population,577113
1990-10-01,Prince Edward Island,Population,130367
1990-10-01,Nova Scotia,Population,911749
1990-10-01,New Brunswick,Population,741981
1990-10-01,Quebec,Population,7019039
1990-10-01,Ontario,Population,10344678
1990-10-01,Manitoba,Population,1105098
1990-10-01,Saskatchewan,Population,1004214
1990-10-01,Alberta,Population,2563142
1990-10-01,British Columbia,Population,3322896
1990-10-01,Yukon,Population,28023
1990-10-01,Northwest Territories including Nunavut,Population,59291
1991-01-01,Canada,Population,27854861
1991-01-01,Newfoundland and Labrador,Population,577377
1991-01-01,Prince Edward Island,Population,130477
1991-01-01,Nova Scotia,Population,912792
1991-01-01,New Brunswick,Population,743210
1991-01-01,Quebec,Population,7026241
1991-01-01,Ontario,Population,10355101
1991-01-01,Manitoba,Population,1106196
1991-01-01,Saskatchewan,Population,1002651
1991-01-01,Alberta,Population,2572947
1991-01-01,British Columbia,Population,3339935
1991-01-01,Yukon,Population,28223
1991-01-01,Northwest Territories including Nunavut,Population,59711
1991-04-01,Canada,Population,27928837
1991-04-01,Newfoundland and Labrador,Population,578397
1991-04-01,Prince Edward Island,Population,130453
1991-04-01,Nova Scotia,Population,912889
1991-04-01,New Brunswick,Population,744203
1991-04-01,Quebec,Population,7044395
1991-04-01,Ontario,Population,10385937
1991-04-01,Manitoba,Population,1107757
1991-04-01,Saskatchewan,Population,1002876
1991-04-01,Alberta,Population,2580625
1991-04-01,British Columbia,Population,3352585
1991-04-01,Yukon,Population,28494
1991-04-01,Northwest Territories including Nunavut,Population,60226
1991-07-01,Canada,Population,28037420
1991-07-01,Newfoundland and Labrador,Population,579644
1991-07-01,Prince Edward Island,Population,130369
1991-07-01,Nova Scotia,Population,914969
1991-07-01,New Brunswick,Population,745567
1991-07-01,Quebec,Population,7067396
1991-07-01,Ontario,Population,10431316
1991-07-01,Manitoba,Population,1109604
1991-07-01,Saskatchewan,Population,1002713
1991-07-01,Alberta,Population,2592306
1991-07-01,British Columbia,Population,3373787
1991-07-01,Yukon,Population,28871
1991-07-01,Northwest Territories including Nunavut,Population,60878
1991-07-01,Northwest Territories,Population,38724
1991-07-01,Nunavut,Population,22154
1991-10-01,Canada,Population,28127327
1991-10-01,Newfoundland and Labrador,Population,579549
1991-10-01,Prince Edward Island,Population,130360
1991-10-01,Nova Scotia,Population,916896
1991-10-01,New Brunswick,Population,745886
1991-10-01,Quebec,Population,7080336
1991-10-01,Ontario,Population,10465562
1991-10-01,Manitoba,Population,1109400
1991-10-01,Saskatchewan,Population,1000942
1991-10-01,Alberta,Population,2604031
1991-10-01,British Columbia,Population,3404049
1991-10-01,Yukon,Population,29142
1991-10-01,Northwest Territories,Population,38854
1991-10-01,Nunavut,Population,22320
1992-01-01,Canada,Population,28181477
1992-01-01,Newfoundland and Labrador,Population,579425
1992-01-01,Prince Edward Island,Population,130604
1992-01-01,Nova Scotia,Population,917302
1992-01-01,New Brunswick,Population,746571
1992-01-01,Quebec,Population,7082645
1992-01-01,Ontario,Population,10488022
1992-01-01,Manitoba,Population,1109978
1992-01-01,Saskatchewan,Population,1001136
1992-01-01,Alberta,Population,2611786
1992-01-01,British Columbia,Population,3423217
1992-01-01,Yukon,Population,29239
1992-01-01,Northwest Territories,Population,39055
1992-01-01,Nunavut,Population,22497
1992-04-01,Canada,Population,28269699
1992-04-01,Newfoundland and Labrador,Population,579761
1992-04-01,Prince Edward Island,Population,130812
1992-04-01,Nova Scotia,Population,917555
1992-04-01,New Brunswick,Population,747232
1992-04-01,Quebec,Population,7096705
1992-04-01,Ontario,Population,10528346
1992-04-01,Manitoba,Population,1111050
1992-04-01,Saskatchewan,Population,1002831
1992-04-01,Alberta,Population,2620771
1992-04-01,British Columbia,Population,3443237
1992-04-01,Yukon,Population,29510
1992-04-01,Northwest Territories,Population,39230
1992-04-01,Nunavut,Population,22659
1992-07-01,Canada,Population,28371264
1992-07-01,Newfoundland and Labrador,Population,580109
1992-07-01,Prince Edward Island,Population,130827
1992-07-01,Nova Scotia,Population,919451
1992-07-01,New Brunswick,Population,748121
1992-07-01,Quebec,Population,7110010
1992-07-01,Ontario,Population,10572205
1992-07-01,Manitoba,Population,1112689
1992-07-01,Saskatchewan,Population,1003995
1992-07-01,Alberta,Population,2632672
1992-07-01,British Columbia,Population,3468802
1992-07-01,Yukon,Population,30084
1992-07-01,Northwest Territories,Population,39416
1992-07-01,Nunavut,Population,22883
1992-10-01,Canada,Population,28474177
1992-10-01,Newfoundland and Labrador,Population,579624
1992-10-01,Prince Edward Island,Population,131201
1992-10-01,Nova Scotia,Population,921619
1992-10-01,New Brunswick,Population,747746
1992-10-01,Quebec,Population,7129062
1992-10-01,Ontario,Population,10610665
1992-10-01,Manitoba,Population,1113209
1992-10-01,Saskatchewan,Population,1002960
1992-10-01,Alberta,Population,2643421
1992-10-01,British Columbia,Population,3502209
1992-10-01,Yukon,Population,30034
1992-10-01,Northwest Territories,Population,39422
1992-10-01,Nunavut,Population,23005
1993-01-01,Canada,Population,28533602
1993-01-01,Newfoundland and Labrador,Population,580819
1993-01-01,Prince Edward Island,Population,131564
1993-01-01,Nova Scotia,Population,922128
1993-01-01,New Brunswick,Population,747892
1993-01-01,Quebec,Population,7137514
1993-01-01,Ontario,Population,10629994
1993-01-01,Manitoba,Population,1114180
1993-01-01,Saskatchewan,Population,1003443
1993-01-01,Alberta,Population,2650886
1993-01-01,British Columbia,Population,3522509
1993-01-01,Yukon,Population,29964
1993-01-01,Northwest Territories,Population,39538
1993-01-01,Nunavut,Population,23171
1993-04-01,Canada,Population,28600864
1993-04-01,Newfoundland and Labrador,Population,580369
1993-04-01,Prince Edward Island,Population,131833
1993-04-01,Nova Scotia,Population,922469
1993-04-01,New Brunswick,Population,748320
1993-04-01,Quebec,Population,7147047
1993-04-01,Ontario,Population,10656924
1993-04-01,Manitoba,Population,1115554
1993-04-01,Saskatchewan,Population,1005037
1993-04-01,Alberta,Population,2658293
1993-04-01,British Columbia,Population,3541936
1993-04-01,Yukon,Population,30112
1993-04-01,Northwest Territories,Population,39649
1993-04-01,Nunavut,Population,23321
1993-07-01,Canada,Population,28684764
1993-07-01,Newfoundland and Labrador,Population,579977
1993-07-01,Prince Edward Island,Population,132177
1993-07-01,Nova Scotia,Population,923925
1993-07-01,New Brunswick,Population,748812
1993-07-01,Quebec,Population,7156537
1993-07-01,Ontario,Population,10690038
1993-07-01,Manitoba,Population,1117618
1993-07-01,Saskatchewan,Population,1006900
1993-07-01,Alberta,Population,2667292
1993-07-01,British Columbia,Population,3567772
1993-07-01,Yukon,Population,30337
1993-07-01,Northwest Territories,Population,39820
1993-07-01,Nunavut,Population,23559
1993-10-01,Canada,Population,28786619
1993-10-01,Newfoundland and Labrador,Population,578194
1993-10-01,Prince Edward Island,Population,132467
1993-10-01,Nova Scotia,Population,925851
1993-10-01,New Brunswick,Population,749454
1993-10-01,Quebec,Population,7172016
1993-10-01,Ontario,Population,10728737
1993-10-01,Manitoba,Population,1118603
1993-10-01,Saskatchewan,Population,1007016
1993-10-01,Alberta,Population,2678623
1993-10-01,British Columbia,Population,3601746
1993-10-01,Yukon,Population,30016
1993-10-01,Northwest Territories,Population,40095
1993-10-01,Nunavut,Population,23801
1994-01-01,Canada,Population,28835772
1994-01-01,Newfoundland and Labrador,Population,577128
1994-01-01,Prince Edward Island,Population,132752
1994-01-01,Nova Scotia,Population,925852
1994-01-01,New Brunswick,Population,749531
1994-01-01,Quebec,Population,7177923
1994-01-01,Ontario,Population,10744762
1994-01-01,Manitoba,Population,1119284
1994-01-01,Saskatchewan,Population,1007554
1994-01-01,Alberta,Population,2683346
1994-01-01,British Columbia,Population,3623717
1994-01-01,Yukon,Population,29670
1994-01-01,Northwest Territories,Population,40273
1994-01-01,Nunavut,Population,23980
1994-04-01,Canada,Population,28907448
1994-04-01,Newfoundland and Labrador,Population,575670
1994-04-01,Prince Edward Island,Population,133030
1994-04-01,Nova Scotia,Population,926109
1994-04-01,New Brunswick,Population,749473
1994-04-01,Quebec,Population,7184599
1994-04-01,Ontario,Population,10776819
1994-04-01,Manitoba,Population,1120863
1994-04-01,Saskatchewan,Population,1008540
1994-04-01,Alberta,Population,2691443
1994-04-01,British Columbia,Population,3646632
1994-04-01,Yukon,Population,29682
1994-04-01,Northwest Territories,Population,40383
1994-04-01,Nunavut,Population,24205
1994-07-01,Canada,Population,29000663
1994-07-01,Newfoundland and Labrador,Population,574466
1994-07-01,Prince Edward Island,Population,133437
1994-07-01,Nova Scotia,Population,926871
1994-07-01,New Brunswick,Population,750185
1994-07-01,Quebec,Population,7192403
1994-07-01,Ontario,Population,10819146
1994-07-01,Manitoba,Population,1123230
1994-07-01,Saskatchewan,Population,1009575
1994-07-01,Alberta,Population,2700606
1994-07-01,British Columbia,Population,3676075
1994-07-01,Yukon,Population,29684
1994-07-01,Northwest Territories,Population,40578
1994-07-01,Nunavut,Population,24407
1994-10-01,Canada,Population,29096372
1994-10-01,Newfoundland and Labrador,Population,572068
1994-10-01,Prince Edward Island,Population,133800
1994-10-01,Nova Scotia,Population,927778
1994-10-01,New Brunswick,Population,750670
1994-10-01,Quebec,Population,7201106
1994-10-01,Ontario,Population,10860406
1994-10-01,Manitoba,Population,1124263
1994-10-01,Saskatchewan,Population,1010784
1994-10-01,Alberta,Population,2709011
1994-10-01,British Columbia,Population,3711468
1994-10-01,Yukon,Population,29606
1994-10-01,Northwest Territories,Population,40875
1994-10-01,Nunavut,Population,24537
1995-01-01,Canada,Population,29141902
1995-01-01,Newfoundland and Labrador,Population,570563
1995-01-01,Prince Edward Island,Population,134060
1995-01-01,Nova Scotia,Population,927395
1995-01-01,New Brunswick,Population,750819
1995-01-01,Quebec,Population,7205074
1995-01-01,Ontario,Population,10875308
1995-01-01,Manitoba,Population,1124947
1995-01-01,Saskatchewan,Population,1011784
1995-01-01,Alberta,Population,2715701
1995-01-01,British Columbia,Population,3730564
1995-01-01,Yukon,Population,29882
1995-01-01,Northwest Territories,Population,41114
1995-01-01,Nunavut,Population,24691
1995-04-01,Canada,Population,29211541
1995-04-01,Newfoundland and Labrador,Population,569068
1995-04-01,Prince Edward Island,Population,134175
1995-04-01,Nova Scotia,Population,927641
1995-04-01,New Brunswick,Population,750692
1995-04-01,Quebec,Population,7210305
1995-04-01,Ontario,Population,10906895
1995-04-01,Manitoba,Population,1127234
1995-04-01,Saskatchewan,Population,1012795
1995-04-01,Alberta,Population,2724946
1995-04-01,British Columbia,Population,3751377
1995-04-01,Yukon,Population,30143
1995-04-01,Northwest Territories,Population,41407
1995-04-01,Nunavut,Population,24863
1995-07-01,Canada,Population,29302311
1995-07-01,Newfoundland and Labrador,Population,567397
1995-07-01,Prince Edward Island,Population,134415
1995-07-01,Nova Scotia,Population,928120
1995-07-01,New Brunswick,Population,750943
1995-07-01,Quebec,Population,7219219
1995-07-01,Ontario,Population,10950119
1995-07-01,Manitoba,Population,1129150
1995-07-01,Saskatchewan,Population,1014187
1995-07-01,Alberta,Population,2734519
1995-07-01,British Columbia,Population,3777390
1995-07-01,Yukon,Population,30442
1995-07-01,Northwest Territories,Population,41432
1995-07-01,Nunavut,Population,24978
1995-10-01,Canada,Population,29396274
1995-10-01,Newfoundland and Labrador,Population,565008
1995-10-01,Prince Edward Island,Population,134971
1995-10-01,Nova Scotia,Population,930028
1995-10-01,New Brunswick,Population,751174
1995-10-01,Quebec,Population,7228600
1995-10-01,Ontario,Population,10993416
1995-10-01,Manitoba,Population,1129547
1995-10-01,Saskatchewan,Population,1015349
1995-10-01,Alberta,Population,2745255
1995-10-01,British Columbia,Population,3805461
1995-10-01,Yukon,Population,30875
1995-10-01,Northwest Territories,Population,41470
1995-10-01,Nunavut,Population,25120
1996-01-01,Canada,Population,29446857
1996-01-01,Newfoundland and Labrador,Population,563679
1996-01-01,Prince Edward Island,Population,135119
1996-01-01,Nova Scotia,Population,929782
1996-01-01,New Brunswick,Population,751581
1996-01-01,Quebec,Population,7232952
1996-01-01,Ontario,Population,11009307
1996-01-01,Manitoba,Population,1130288
1996-01-01,Saskatchewan,Population,1016198
1996-01-01,Alberta,Population,2753463
1996-01-01,British Columbia,Population,3826739
1996-01-01,Yukon,Population,30963
1996-01-01,Northwest Territories,Population,41495
1996-01-01,Nunavut,Population,25291
1996-04-01,Canada,Population,29514217
1996-04-01,Newfoundland and Labrador,Population,561646
1996-04-01,Prince Edward Island,Population,135311
1996-04-01,Nova Scotia,Population,929921
1996-04-01,New Brunswick,Population,751872
1996-04-01,Quebec,Population,7237307
1996-04-01,Ontario,Population,11037392
1996-04-01,Manitoba,Population,1132025
1996-04-01,Saskatchewan,Population,1017872
1996-04-01,Alberta,Population,2762903
1996-04-01,British Columbia,Population,3849847
1996-04-01,Yukon,Population,31142
1996-04-01,Northwest Territories,Population,41516
1996-04-01,Nunavut,Population,25463
1996-07-01,Canada,Population,29610218
1996-07-01,Newfoundland and Labrador,Population,559698
1996-07-01,Prince Edward Island,Population,135737
1996-07-01,Nova Scotia,Population,931327
1996-07-01,New Brunswick,Population,752268
1996-07-01,Quebec,Population,7246897
1996-07-01,Ontario,Population,11082903
1996-07-01,Manitoba,Population,1134196
1996-07-01,Saskatchewan,Population,1018945
1996-07-01,Alberta,Population,2775133
1996-07-01,British Columbia,Population,3874317
1996-07-01,Yukon,Population,31387
1996-07-01,Northwest Territories,Population,41741
1996-07-01,Nunavut,Population,25669
1996-10-01,Canada,Population,29708206
1996-10-01,Newfoundland and Labrador,Population,557281
1996-10-01,Prince Edward Island,Population,136004
1996-10-01,Nova Scotia,Population,932276
1996-10-01,New Brunswick,Population,752526
1996-10-01,Quebec,Population,7257616
1996-10-01,Ontario,Population,11130574
1996-10-01,Manitoba,Population,1134619
1996-10-01,Saskatchewan,Population,1019408
1996-10-01,Alberta,Population,2789691
1996-10-01,British Columbia,Population,3899256
1996-10-01,Yukon,Population,31596
1996-10-01,Northwest Territories,Population,41611
1996-10-01,Nunavut,Population,25748
1997-01-01,Canada,Population,29751536
1997-01-01,Newfoundland and Labrador,Population,555432
1997-01-01,Prince Edward Island,Population,135935
1997-01-01,Nova Scotia,Population,932349
1997-01-01,New Brunswick,Population,752334
1997-01-01,Quebec,Population,7262945
1997-01-01,Ontario,Population,11146270
1997-01-01,Manitoba,Population,1134997
1997-01-01,Saskatchewan,Population,1018326
1997-01-01,Alberta,Population,2799561
1997-01-01,British Columbia,Population,3914490
1997-01-01,Yukon,Population,31633
1997-01-01,Northwest Territories,Population,41528
1997-01-01,Nunavut,Population,25736
1997-04-01,Canada,Population,29818012
1997-04-01,Newfoundland and Labrador,Population,553115
1997-04-01,Prince Edward Island,Population,135931
1997-04-01,Nova Scotia,Population,931832
1997-04-01,New Brunswick,Population,752447
1997-04-01,Quebec,Population,7267820
1997-04-01,Ontario,Population,11179959
1997-04-01,Manitoba,Population,1135846
1997-04-01,Saskatchewan,Population,1017683
1997-04-01,Alberta,Population,2813157
1997-04-01,British Columbia,Population,3931056
1997-04-01,Yukon,Population,31659
1997-04-01,Northwest Territories,Population,41668
1997-04-01,Nunavut,Population,25839
1997-07-01,Canada,Population,29905948
1997-07-01,Newfoundland and Labrador,Population,550911
1997-07-01,Prince Edward Island,Population,136095
1997-07-01,Nova Scotia,Population,932402
1997-07-01,New Brunswick,Population,752511
1997-07-01,Quebec,Population,7274611
1997-07-01,Ontario,Population,11227651
1997-07-01,Manitoba,Population,1136128
1997-07-01,Saskatchewan,Population,1017902
1997-07-01,Alberta,Population,2829848
1997-07-01,British Columbia,Population,3948583
1997-07-01,Yukon,Population,31797
1997-07-01,Northwest Territories,Population,41625
1997-07-01,Nunavut,Population,25884
1997-10-01,Canada,Population,29994790
1997-10-01,Newfoundland and Labrador,Population,547639
1997-10-01,Prince Edward Island,Population,136165
1997-10-01,Nova Scotia,Population,932735
1997-10-01,New Brunswick,Population,752248
1997-10-01,Quebec,Population,7282871
1997-10-01,Ontario,Population,11278893
1997-10-01,Manitoba,Population,1135649
1997-10-01,Saskatchewan,Population,1017426
1997-10-01,Alberta,Population,2847526
1997-10-01,British Columbia,Population,3964677
1997-10-01,Yukon,Population,31556
1997-10-01,Northwest Territories,Population,41411
1997-10-01,Nunavut,Population,25994
1998-01-01,Canada,Population,30028506
1998-01-01,Newfoundland and Labrador,Population,545769
1998-01-01,Prince Edward Island,Population,135938
1998-01-01,Nova Scotia,Population,932549
1998-01-01,New Brunswick,Population,751969
1998-01-01,Quebec,Population,7286008
1998-01-01,Ontario,Population,11292059
1998-01-01,Manitoba,Population,1135770
1998-01-01,Saskatchewan,Population,1017504
1998-01-01,Alberta,Population,2859305
1998-01-01,British Columbia,Population,3972821
1998-01-01,Yukon,Population,31510
1998-01-01,Northwest Territories,Population,41222
1998-01-01,Nunavut,Population,26082
1998-04-01,Canada,Population,30080180
1998-04-01,Newfoundland and Labrador,Population,542479
1998-04-01,Prince Edward Island,Population,135635
1998-04-01,Nova Scotia,Population,932033
1998-04-01,New Brunswick,Population,751080
1998-04-01,Quebec,Population,7290497
1998-04-01,Ontario,Population,11322038
1998-04-01,Manitoba,Population,1136177
1998-04-01,Saskatchewan,Population,1017105
1998-04-01,Alberta,Population,2876753
1998-04-01,British Columbia,Population,3977912
1998-04-01,Yukon,Population,31320
1998-04-01,Northwest Territories,Population,40968
1998-04-01,Nunavut,Population,26183
1998-07-01,Canada,Population,30155173
1998-07-01,Newfoundland and Labrador,Population,539843
1998-07-01,Prince Edward Island,Population,135804
1998-07-01,Nova Scotia,Population,931836
1998-07-01,New Brunswick,Population,750530
1998-07-01,Quebec,Population,7295935
1998-07-01,Ontario,Population,11365901
1998-07-01,Manitoba,Population,1137489
1998-07-01,Saskatchewan,Population,1017332
1998-07-01,Alberta,Population,2899066
1998-07-01,British Columbia,Population,3983113
1998-07-01,Yukon,Population,31149
1998-07-01,Northwest Territories,Population,40802
1998-07-01,Nunavut,Population,26373
1998-10-01,Canada,Population,30231639
1998-10-01,Newfoundland and Labrador,Population,537908
1998-10-01,Prince Edward Island,Population,135908
1998-10-01,Nova Scotia,Population,932740
1998-10-01,New Brunswick,Population,750708
1998-10-01,Quebec,Population,7305302
1998-10-01,Ontario,Population,11408804
1998-10-01,Manitoba,Population,1138328
1998-10-01,Saskatchewan,Population,1017748
1998-10-01,Alberta,Population,2915781
1998-10-01,British Columbia,Population,3990451
1998-10-01,Yukon,Population,30877
1998-10-01,Northwest Territories,Population,40635
1998-10-01,Nunavut,Population,26449
1999-01-01,Canada,Population,30260117
1999-01-01,Newfoundland and Labrador,Population,536515
1999-01-01,Prince Edward Island,Population,135994
1999-01-01,Nova Scotia,Population,932145
1999-01-01,New Brunswick,Population,750127
1999-01-01,Quebec,Population,7310238
1999-01-01,Ontario,Population,11419589
1999-01-01,Manitoba,Population,1138946
1999-01-01,Saskatchewan,Population,1016883
1999-01-01,Alberta,Population,2926079
1999-01-01,British Columbia,Population,3995643
1999-01-01,Yukon,Population,30748
1999-01-01,Northwest Territories,Population,40635
1999-01-01,Nunavut,Population,26575
1999-04-01,Canada,Population,30314696
1999-04-01,Newfoundland and Labrador,Population,534498
1999-04-01,Prince Edward Island,Population,136025
1999-04-01,Nova Scotia,Population,932116
1999-04-01,New Brunswick,Population,750075
1999-04-01,Quebec,Population,7315053
1999-04-01,Ontario,Population,11452857
1999-04-01,Manitoba,Population,1140502
1999-04-01,Saskatchewan,Population,1015716
1999-04-01,Alberta,Population,2937393
1999-04-01,British Columbia,Population,4002433
1999-04-01,Yukon,Population,30602
1999-04-01,Northwest Territories,Population,40705
1999-04-01,Nunavut,Population,26721
1999-07-01,Canada,Population,30401286
1999-07-01,Newfoundland and Labrador,Population,533329
1999-07-01,Prince Edward Island,Population,136281
1999-07-01,Nova Scotia,Population,933784
1999-07-01,New Brunswick,Population,750601
1999-07-01,Quebec,Population,7323250
1999-07-01,Ontario,Population,11504759
1999-07-01,Manitoba,Population,1142448
1999-07-01,Saskatchewan,Population,1014524
1999-07-01,Alberta,Population,2952692
1999-07-01,British Columbia,Population,4011375
1999-07-01,Yukon,Population,30785
1999-07-01,Northwest Territories,Population,40638
1999-07-01,Nunavut,Population,26820
1999-10-01,Canada,Population,30492106
1999-10-01,Newfoundland and Labrador,Population,532246
1999-10-01,Prince Edward Island,Population,136424
1999-10-01,Nova Scotia,Population,935941
1999-10-01,New Brunswick,Population,750643
1999-10-01,Quebec,Population,7334722
1999-10-01,Ontario,Population,11559464
1999-10-01,Manitoba,Population,1143618
1999-10-01,Saskatchewan,Population,1012582
1999-10-01,Alberta,Population,2966682
1999-10-01,British Columbia,Population,4021600
1999-10-01,Yukon,Population,30608
1999-10-01,Northwest Territories,Population,40579
1999-10-01,Nunavut,Population,26997
2000-01-01,Canada,Population,30525872
2000-01-01,Newfoundland and Labrador,Population,531774
2000-01-01,Prince Edward Island,Population,136442
2000-01-01,Nova Scotia,Population,934594
2000-01-01,New Brunswick,Population,750786
2000-01-01,Quebec,Population,7340269
2000-01-01,Ontario,Population,11576994
2000-01-01,Manitoba,Population,1144428
2000-01-01,Saskatchewan,Population,1011141
2000-01-01,Alberta,Population,2974517
2000-01-01,British Columbia,Population,4026664
2000-01-01,Yukon,Population,30495
2000-01-01,Northwest Territories,Population,40623
2000-01-01,Nunavut,Population,27145
2000-04-01,Canada,Population,30594030
2000-04-01,Newfoundland and Labrador,Population,529574
2000-04-01,Prince Edward Island,Population,136289
2000-04-01,Nova Scotia,Population,934291
2000-04-01,New Brunswick,Population,750543
2000-04-01,Quebec,Population,7347179
2000-04-01,Ontario,Population,11621255
2000-04-01,Manitoba,Population,1145873
2000-04-01,Saskatchewan,Population,1009177
2000-04-01,Alberta,Population,2988465
2000-04-01,British Columbia,Population,4033319
2000-04-01,Yukon,Population,30382
2000-04-01,Northwest Territories,Population,40455
2000-04-01,Nunavut,Population,27228
2000-07-01,Canada,Population,30685730
2000-07-01,Newfoundland and Labrador,Population,527966
2000-07-01,Prince Edward Island,Population,136470
2000-07-01,Nova Scotia,Population,933821
2000-07-01,New Brunswick,Population,750517
2000-07-01,Quebec,Population,7356951
2000-07-01,Ontario,Population,11683290
2000-07-01,Manitoba,Population,1147313
2000-07-01,Saskatchewan,Population,1007565
2000-07-01,Alberta,Population,3004198
2000-07-01,British Columbia,Population,4039230
2000-07-01,Yukon,Population,30431
2000-07-01,Northwest Territories,Population,40480
2000-07-01,Nunavut,Population,27498
2000-10-01,Canada,Population,30783969
2000-10-01,Newfoundland and Labrador,Population,526732
2000-10-01,Prince Edward Island,Population,136400
2000-10-01,Nova Scotia,Population,934459
2000-10-01,New Brunswick,Population,750252
2000-10-01,Quebec,Population,7368772
2000-10-01,Ontario,Population,11748348
2000-10-01,Manitoba,Population,1148183
2000-10-01,Saskatchewan,Population,1006027
2000-10-01,Alberta,Population,3016947
2000-10-01,British Columbia,Population,4049297
2000-10-01,Yukon,Population,30294
2000-10-01,Northwest Territories,Population,40575
2000-10-01,Nunavut,Population,27683
2001-01-01,Canada,Population,30824441
2001-01-01,Newfoundland and Labrador,Population,525299
2001-01-01,Prince Edward Island,Population,136377
2001-01-01,Nova Scotia,Population,933463
2001-01-01,New Brunswick,Population,749715
2001-01-01,Quebec,Population,7373978
2001-01-01,Ontario,Population,11771945
2001-01-01,Manitoba,Population,1148456
2001-01-01,Saskatchewan,Population,1003469
2001-01-01,Alberta,Population,3027941
2001-01-01,British Columbia,Population,4055229
2001-01-01,Yukon,Population,30147
2001-01-01,Northwest Territories,Population,40624
2001-01-01,Nunavut,Population,27798
2001-04-01,Canada,Population,30910996
2001-04-01,Newfoundland and Labrador,Population,523235
2001-04-01,Prince Edward Island,Population,136499
2001-04-01,Nova Scotia,Population,932909
2001-04-01,New Brunswick,Population,749789
2001-04-01,Quebec,Population,7383844
2001-04-01,Ontario,Population,11827345
2001-04-01,Manitoba,Population,1149684
2001-04-01,Saskatchewan,Population,1001643
2001-04-01,Alberta,Population,3041238
2001-04-01,British Columbia,Population,4066132
2001-04-01,Yukon,Population,30124
2001-04-01,Northwest Territories,Population,40625
2001-04-01,Nunavut,Population,27929
2001-07-01,Canada,Population,31020855
2001-07-01,Newfoundland and Labrador,Population,522043
2001-07-01,Prince Edward Island,Population,136667
2001-07-01,Nova Scotia,Population,932483
2001-07-01,New Brunswick,Population,749823
2001-07-01,Quebec,Population,7396014
2001-07-01,Ontario,Population,11897473
2001-07-01,Manitoba,Population,1151451
2001-07-01,Saskatchewan,Population,1000307
2001-07-01,Alberta,Population,3058554
2001-07-01,British Columbia,Population,4076896
2001-07-01,Yukon,Population,30160
2001-07-01,Northwest Territories,Population,40850
2001-07-01,Nunavut,Population,28134
2001-10-01,Canada,Population,31128873
2001-10-01,Newfoundland and Labrador,Population,521583
2001-10-01,Prince Edward Island,Population,136876
2001-10-01,Nova Scotia,Population,933318
2001-10-01,New Brunswick,Population,749298
2001-10-01,Quebec,Population,7411084
2001-10-01,Ontario,Population,11961546
2001-10-01,Manitoba,Population,1152144
2001-10-01,Saskatchewan,Population,999241
2001-10-01,Alberta,Population,3078756
2001-10-01,British Columbia,Population,4085595
2001-10-01,Yukon,Population,30079
2001-10-01,Northwest Territories,Population,41175
2001-10-01,Nunavut,Population,28178
2002-01-01,Canada,Population,31168896
2002-01-01,Newfoundland and Labrador,Population,521414
2002-01-01,Prince Edward Island,Population,136858
2002-01-01,Nova Scotia,Population,933757
2002-01-01,New Brunswick,Population,748639
2002-01-01,Quebec,Population,7417456
2002-01-01,Ontario,Population,11979906
2002-01-01,Manitoba,Population,1152828
2002-01-01,Saskatchewan,Population,998742
2002-01-01,Alberta,Population,3092506
2002-01-01,British Columbia,Population,4087124
2002-01-01,Yukon,Population,30156
2002-01-01,Northwest Territories,Population,41176
2002-01-01,Nunavut,Population,28334
2002-04-01,Canada,Population,31252682
2002-04-01,Newfoundland and Labrador,Population,520176
2002-04-01,Prince Edward Island,Population,136893
2002-04-01,Nova Scotia,Population,934165
2002-04-01,New Brunswick,Population,748778
2002-04-01,Quebec,Population,7427639
2002-04-01,Ontario,Population,12029818
2002-04-01,Manitoba,Population,1154728
2002-04-01,Saskatchewan,Population,997792
2002-04-01,Alberta,Population,3108716
2002-04-01,British Columbia,Population,4094170
2002-04-01,Yukon,Population,30144
2002-04-01,Northwest Territories,Population,41280
2002-04-01,Nunavut,Population,28383
2002-07-01,Canada,Population,31359199
2002-07-01,Newfoundland and Labrador,Population,519411
2002-07-01,Prince Edward Island,Population,136882
2002-07-01,Nova Scotia,Population,935172
2002-07-01,New Brunswick,Population,749375
2002-07-01,Quebec,Population,7441305
2002-07-01,Ontario,Population,12093412
2002-07-01,Manitoba,Population,1156673
2002-07-01,Saskatchewan,Population,996854
2002-07-01,Alberta,Population,3128757
2002-07-01,British Columbia,Population,4100504
2002-07-01,Yukon,Population,30339
2002-07-01,Northwest Territories,Population,41698
2002-07-01,Nunavut,Population,28817
2002-10-01,Canada,Population,31450677
2002-10-01,Newfoundland and Labrador,Population,519387
2002-10-01,Prince Edward Island,Population,137082
2002-10-01,Nova Scotia,Population,935959
2002-10-01,New Brunswick,Population,749416
2002-10-01,Quebec,Population,7455548
2002-10-01,Ontario,Population,12145100
2002-10-01,Manitoba,Population,1157289
2002-10-01,Saskatchewan,Population,996324
2002-10-01,Alberta,Population,3145227
2002-10-01,British Columbia,Population,4108351
2002-10-01,Yukon,Population,30268
2002-10-01,Northwest Territories,Population,41874
2002-10-01,Nunavut,Population,28852
2003-01-01,Canada,Population,31479415
2003-01-01,Newfoundland and Labrador,Population,519140
2003-01-01,Prince Edward Island,Population,137079
2003-01-01,Nova Scotia,Population,935495
2003-01-01,New Brunswick,Population,749243
2003-01-01,Quebec,Population,7461162
2003-01-01,Ontario,Population,12155691
2003-01-01,Manitoba,Population,1158358
2003-01-01,Saskatchewan,Population,996286
2003-01-01,Alberta,Population,3155370
2003-01-01,British Columbia,Population,4110197
2003-01-01,Yukon,Population,30424
2003-01-01,Northwest Territories,Population,42007
2003-01-01,Nunavut,Population,28963
2003-04-01,Canada,Population,31549344
2003-04-01,Newfoundland and Labrador,Population,518735
2003-04-01,Prince Edward Island,Population,137124
2003-04-01,Nova Scotia,Population,935775
2003-04-01,New Brunswick,Population,749269
2003-04-01,Quebec,Population,7471463
2003-04-01,Ontario,Population,12194269
2003-04-01,Manitoba,Population,1160853
2003-04-01,Saskatchewan,Population,995785
2003-04-01,Alberta,Population,3169295
2003-04-01,British Columbia,Population,4114884
2003-04-01,Yukon,Population,30575
2003-04-01,Northwest Territories,Population,42218
2003-04-01,Nunavut,Population,29099
2003-07-01,Canada,Population,31642461
2003-07-01,Newfoundland and Labrador,Population,518389
2003-07-01,Prince Edward Island,Population,137231
2003-07-01,Nova Scotia,Population,937681
2003-07-01,New Brunswick,Population,749444
2003-07-01,Quebec,Population,7485488
2003-07-01,Ontario,Population,12243641
2003-07-01,Manitoba,Population,1163585
2003-07-01,Saskatchewan,Population,996422
2003-07-01,Alberta,Population,3183291
2003-07-01,British Columbia,Population,4124447
2003-07-01,Yukon,Population,30943
2003-07-01,Northwest Territories,Population,42598
2003-07-01,Nunavut,Population,29301
2003-10-01,Canada,Population,31736141
2003-10-01,Newfoundland and Labrador,Population,518718
2003-10-01,Prince Edward Island,Population,137430
2003-10-01,Nova Scotia,Population,938744
2003-10-01,New Brunswick,Population,749467
2003-10-01,Quebec,Population,7503483
2003-10-01,Ontario,Population,12290116
2003-10-01,Manitoba,Population,1165518
2003-10-01,Saskatchewan,Population,996585
2003-10-01,Alberta,Population,3198059
2003-10-01,British Columbia,Population,4134598
2003-10-01,Yukon,Population,31219
2003-10-01,Northwest Territories,Population,42855
2003-10-01,Nunavut,Population,29349
2004-01-01,Canada,Population,31775723
2004-01-01,Newfoundland and Labrador,Population,518677
2004-01-01,Prince Edward Island,Population,137512
2004-01-01,Nova Scotia,Population,938946
2004-01-01,New Brunswick,Population,749192
2004-01-01,Quebec,Population,7510218
2004-01-01,Ontario,Population,12303516
2004-01-01,Manitoba,Population,1167643
2004-01-01,Saskatchewan,Population,996586
2004-01-01,Alberta,Population,3209557
2004-01-01,British Columbia,Population,4139895
2004-01-01,Yukon,Population,31320
2004-01-01,Northwest Territories,Population,43166
2004-01-01,Nunavut,Population,29495
2004-04-01,Canada,Population,31844704
2004-04-01,Newfoundland and Labrador,Population,517888
2004-04-01,Prince Edward Island,Population,137631
2004-04-01,Nova Scotia,Population,938738
2004-04-01,New Brunswick,Population,749340
2004-04-01,Quebec,Population,7520109
2004-04-01,Ontario,Population,12339813
2004-04-01,Manitoba,Population,1170336
2004-04-01,Saskatchewan,Population,997106
2004-04-01,Alberta,Population,3223659
2004-04-01,British Columbia,Population,4145916
2004-04-01,Yukon,Population,31400
2004-04-01,Northwest Territories,Population,43208
2004-04-01,Nunavut,Population,29560
2004-07-01,Canada,Population,31938807
2004-07-01,Newfoundland and Labrador,Population,517375
2004-07-01,Prince Edward Island,Population,137682
2004-07-01,Nova Scotia,Population,939625
2004-07-01,New Brunswick,Population,749424
2004-07-01,Quebec,Population,7535483
2004-07-01,Ontario,Population,12389641
2004-07-01,Manitoba,Population,1173228
2004-07-01,Saskatchewan,Population,997305
2004-07-01,Alberta,Population,3238817
2004-07-01,British Columbia,Population,4155630
2004-07-01,Yukon,Population,31455
2004-07-01,Northwest Territories,Population,43306
2004-07-01,Nunavut,Population,29836
2004-10-01,Canada,Population,32038207
2004-10-01,Newfoundland and Labrador,Population,516863
2004-10-01,Prince Edward Island,Population,137697
2004-10-01,Nova Scotia,Population,939855
2004-10-01,New Brunswick,Population,749249
2004-10-01,Quebec,Population,7553578
2004-10-01,Ontario,Population,12435931
2004-10-01,Manitoba,Population,1174667
2004-10-01,Saskatchewan,Population,997010
2004-10-01,Alberta,Population,3260721
2004-10-01,British Columbia,Population,4167802
2004-10-01,Yukon,Population,31688
2004-10-01,Northwest Territories,Population,43354
2004-10-01,Nunavut,Population,29792
2005-01-01,Canada,Population,32075011
2005-01-01,Newfoundland and Labrador,Population,516750
2005-01-01,Prince Edward Island,Population,137691
2005-01-01,Nova Scotia,Population,939202
2005-01-01,New Brunswick,Population,749005
2005-01-01,Quebec,Population,7559576
2005-01-01,Ontario,Population,12444755
2005-01-01,Manitoba,Population,1176047
2005-01-01,Saskatchewan,Population,995914
2005-01-01,Alberta,Population,3276908
2005-01-01,British Columbia,Population,4174017
2005-01-01,Yukon,Population,31770
2005-01-01,Northwest Territories,Population,43440
2005-01-01,Nunavut,Population,29936
2005-04-01,Canada,Population,32140569
2005-04-01,Newfoundland and Labrador,Population,515324
2005-04-01,Prince Edward Island,Population,137790
2005-04-01,Nova Scotia,Population,937989
2005-04-01,New Brunswick,Population,748696
2005-04-01,Quebec,Population,7567277
2005-04-01,Ontario,Population,12476560
2005-04-01,Manitoba,Population,1177285
2005-04-01,Saskatchewan,Population,994902
2005-04-01,Alberta,Population,3296359
2005-04-01,British Columbia,Population,4182971
2005-04-01,Yukon,Population,31861
2005-04-01,Northwest Territories,Population,43456
2005-04-01,Nunavut,Population,30099
2005-07-01,Canada,Population,32242732
2005-07-01,Newfoundland and Labrador,Population,514310
2005-07-01,Prince Edward Island,Population,138067
2005-07-01,Nova Scotia,Population,937931
2005-07-01,New Brunswick,Population,748061
2005-07-01,Quebec,Population,7581467
2005-07-01,Ontario,Population,12527581
2005-07-01,Manitoba,Population,1178262
2005-07-01,Saskatchewan,Population,993510
2005-07-01,Alberta,Population,3321839
2005-07-01,British Columbia,Population,4196076
2005-07-01,Yukon,Population,31901
2005-07-01,Northwest Territories,Population,43399
2005-07-01,Nunavut,Population,30328
2005-10-01,Canada,Population,32353311
2005-10-01,Newfoundland and Labrador,Population,513725
2005-10-01,Prince Edward Island,Population,138133
2005-10-01,Nova Scotia,Population,938755
2005-10-01,New Brunswick,Population,747674
2005-10-01,Quebec,Population,7598880
2005-10-01,Ontario,Population,12578240
2005-10-01,Manitoba,Population,1179082
2005-10-01,Saskatchewan,Population,993299
2005-10-01,Alberta,Population,3346802
2005-10-01,British Columbia,Population,4212674
2005-10-01,Yukon,Population,32127
2005-10-01,Northwest Territories,Population,43523
2005-10-01,Nunavut,Population,30397
2006-01-01,Canada,Population,32394909
2006-01-01,Newfoundland and Labrador,Population,512554
2006-01-01,Prince Edward Island,Population,137908
2006-01-01,Nova Scotia,Population,938120
2006-01-01,New Brunswick,Population,746985
2006-01-01,Quebec,Population,7604228
2006-01-01,Ontario,Population,12587149
2006-01-01,Manitoba,Population,1179916
2006-01-01,Saskatchewan,Population,992246
2006-01-01,Alberta,Population,3371851
2006-01-01,British Columbia,Population,4217956
2006-01-01,Yukon,Population,32112
2006-01-01,Northwest Territories,Population,43315
2006-01-01,Nunavut,Population,30569
2006-04-01,Canada,Population,32470171
2006-04-01,Newfoundland and Labrador,Population,510959
2006-04-01,Prince Edward Island,Population,137847
2006-04-01,Nova Scotia,Population,937665
2006-04-01,New Brunswick,Population,746337
2006-04-01,Quebec,Population,7615496
2006-04-01,Ontario,Population,12618321
2006-04-01,Manitoba,Population,1181632
2006-04-01,Saskatchewan,Population,991231
2006-04-01,Alberta,Population,3396809
2006-04-01,British Columbia,Population,4227980
2006-04-01,Yukon,Population,32152
2006-04-01,Northwest Territories,Population,43101
2006-04-01,Nunavut,Population,30641
2006-07-01,Canada,Population,32571193
2006-07-01,Newfoundland and Labrador,Population,510593
2006-07-01,Prince Edward Island,Population,137869
2006-07-01,Nova Scotia,Population,937880
2006-07-01,New Brunswick,Population,745621
2006-07-01,Quebec,Population,7631901
2006-07-01,Ontario,Population,12661953
2006-07-01,Manitoba,Population,1183560
2006-07-01,Saskatchewan,Population,992313
2006-07-01,Alberta,Population,3421435
2006-07-01,British Columbia,Population,4241793
2006-07-01,Yukon,Population,32272
2006-07-01,Northwest Territories,Population,43185
2006-07-01,Nunavut,Population,30818
2006-10-01,Canada,Population,32680839
2006-10-01,Newfoundland and Labrador,Population,510325
2006-10-01,Prince Edward Island,Population,137898
2006-10-01,Nova Scotia,Population,937060
2006-10-01,New Brunswick,Population,744973
2006-10-01,Quebec,Population,7652881
2006-10-01,Ontario,Population,12701324
2006-10-01,Manitoba,Population,1183975
2006-10-01,Saskatchewan,Population,993359
2006-10-01,Alberta,Population,3453945
2006-10-01,British Columbia,Population,4258653
2006-10-01,Yukon,Population,32361
2006-10-01,Northwest Territories,Population,43205
2006-10-01,Nunavut,Population,30880
2007-01-01,Canada,Population,32717848
2007-01-01,Newfoundland and Labrador,Population,510329
2007-01-01,Prince Edward Island,Population,137777
2007-01-01,Nova Scotia,Population,936232
2007-01-01,New Brunswick,Population,744849
2007-01-01,Quebec,Population,7661201
2007-01-01,Ontario,Population,12703327
2007-01-01,Manitoba,Population,1184495
2007-01-01,Saskatchewan,Population,995170
2007-01-01,Alberta,Population,3472779
2007-01-01,British Columbia,Population,4265328
2007-01-01,Yukon,Population,32316
2007-01-01,Northwest Territories,Population,43088
2007-01-01,Nunavut,Population,30957
2007-04-01,Canada,Population,32785964
2007-04-01,Newfoundland and Labrador,Population,509126
2007-04-01,Prince Edward Island,Population,137707
2007-04-01,Nova Scotia,Population,935028
2007-04-01,New Brunswick,Population,744934
2007-04-01,Quebec,Population,7673938
2007-04-01,Ontario,Population,12727090
2007-04-01,Manitoba,Population,1186421
2007-04-01,Saskatchewan,Population,997541
2007-04-01,Alberta,Population,3490849
2007-04-01,British Columbia,Population,4276745
2007-04-01,Yukon,Population,32274
2007-04-01,Northwest Territories,Population,43127
2007-04-01,Nunavut,Population,31184
2007-07-01,Canada,Population,32888886
2007-07-01,Newfoundland and Labrador,Population,509047
2007-07-01,Prince Edward Island,Population,137709
2007-07-01,Nova Scotia,Population,935164
2007-07-01,New Brunswick,Population,745430
2007-07-01,Quebec,Population,7692400
2007-07-01,Ontario,Population,12765133
2007-07-01,Manitoba,Population,1189446
2007-07-01,Saskatchewan,Population,1002074
2007-07-01,Alberta,Population,3514151
2007-07-01,British Columbia,Population,4290987
2007-07-01,Yukon,Population,32555
2007-07-01,Northwest Territories,Population,43396
2007-07-01,Nunavut,Population,31394
2007-10-01,Canada,Population,33001918
2007-10-01,Newfoundland and Labrador,Population,510256
2007-10-01,Prince Edward Island,Population,138020
2007-10-01,Nova Scotia,Population,935433
2007-10-01,New Brunswick,Population,746136
2007-10-01,Quebec,Population,7712616
2007-10-01,Ontario,Population,12807497
2007-10-01,Manitoba,Population,1191684
2007-10-01,Saskatchewan,Population,1007305
2007-10-01,Alberta,Population,3533414
2007-10-01,British Columbia,Population,4312048
2007-10-01,Yukon,Population,32663
2007-10-01,Northwest Territories,Population,43286
2007-10-01,Nunavut,Population,31560
2008-01-01,Canada,Population,33050262
2008-01-01,Newfoundland and Labrador,Population,510989
2008-01-01,Prince Edward Island,Population,137990
2008-01-01,Nova Scotia,Population,935540
2008-01-01,New Brunswick,Population,746284
2008-01-01,Quebec,Population,7724885
2008-01-01,Ontario,Population,12814686
2008-01-01,Manitoba,Population,1193396
2008-01-01,Saskatchewan,Population,1010279
2008-01-01,Alberta,Population,3548804
2008-01-01,British Columbia,Population,4319657
2008-01-01,Yukon,Population,32752
2008-01-01,Northwest Territories,Population,43384
2008-01-01,Nunavut,Population,31616
2008-04-01,Canada,Population,33127394
2008-04-01,Newfoundland and Labrador,Population,511239
2008-04-01,Prince Edward Island,Population,138175
2008-04-01,Nova Scotia,Population,935704
2008-04-01,New Brunswick,Population,746529
2008-04-01,Quebec,Population,7739956
2008-04-01,Ontario,Population,12840482
2008-04-01,Manitoba,Population,1194653
2008-04-01,Saskatchewan,Population,1013449
2008-04-01,Alberta,Population,3567475
2008-04-01,British Columbia,Population,4331706
2008-04-01,Yukon,Population,32955
2008-04-01,Northwest Territories,Population,43388
2008-04-01,Nunavut,Population,31683
2008-07-01,Canada,Population,33247298
2008-07-01,Newfoundland and Labrador,Population,511569
2008-07-01,Prince Edward Island,Population,138736
2008-07-01,Nova Scotia,Population,935965
2008-07-01,New Brunswick,Population,746875
2008-07-01,Quebec,Population,7761614
2008-07-01,Ontario,Population,12883824
2008-07-01,Manitoba,Population,1197767
2008-07-01,Saskatchewan,Population,1017368
2008-07-01,Alberta,Population,3595875
2008-07-01,British Columbia,Population,4349338
2008-07-01,Yukon,Population,33084
2008-07-01,Northwest Territories,Population,43385
2008-07-01,Nunavut,Population,31898
2008-10-01,Canada,Population,33372978
2008-10-01,Newfoundland and Labrador,Population,513425
2008-10-01,Prince Edward Island,Population,139448
2008-10-01,Nova Scotia,Population,937108
2008-10-01,New Brunswick,Population,747767
2008-10-01,Quebec,Population,7786609
2008-10-01,Ontario,Population,12927520
2008-10-01,Manitoba,Population,1199551
2008-10-01,Saskatchewan,Population,1022511
2008-10-01,Alberta,Population,3619319
2008-10-01,British Columbia,Population,4371128
2008-10-01,Yukon,Population,33307
2008-10-01,Northwest Territories,Population,43315
2008-10-01,Nunavut,Population,31970
2009-01-01,Canada,Population,33427754
2009-01-01,Newfoundland and Labrador,Population,514210
2009-01-01,Prince Edward Island,Population,139114
2009-01-01,Nova Scotia,Population,937445
2009-01-01,New Brunswick,Population,748375
2009-01-01,Quebec,Population,7799271
2009-01-01,Ontario,Population,12932742
2009-01-01,Manitoba,Population,1201705
2009-01-01,Saskatchewan,Population,1025946
2009-01-01,Alberta,Population,3638505
2009-01-01,British Columbia,Population,4381832
2009-01-01,Yukon,Population,33405
2009-01-01,Northwest Territories,Population,43136
2009-01-01,Nunavut,Population,32068
2009-04-01,Canada,Population,33512305
2009-04-01,Newfoundland and Labrador,Population,514707
2009-04-01,Prince Edward Island,Population,139190
2009-04-01,Nova Scotia,Population,937489
2009-04-01,New Brunswick,Population,749165
2009-04-01,Quebec,Population,7817425
2009-04-01,Ontario,Population,12956924
2009-04-01,Manitoba,Population,1204013
2009-04-01,Saskatchewan,Population,1029862
2009-04-01,Alberta,Population,3659235
2009-04-01,British Columbia,Population,4395197
2009-04-01,Yukon,Population,33583
2009-04-01,Northwest Territories,Population,43122
2009-04-01,Nunavut,Population,32393
2009-07-01,Canada,Population,33630069
2009-07-01,Newfoundland and Labrador,Population,516741
2009-07-01,Prince Edward Island,Population,139873
2009-07-01,Nova Scotia,Population,938266
2009-07-01,New Brunswick,Population,749956
2009-07-01,Quebec,Population,7843915
2009-07-01,Ontario,Population,12998941
2009-07-01,Manitoba,Population,1208555
2009-07-01,Saskatchewan,Population,1034791
2009-07-01,Alberta,Population,3679010
2009-07-01,British Columbia,Population,4410513
2009-07-01,Yukon,Population,33733
2009-07-01,Northwest Territories,Population,43171
2009-07-01,Nunavut,Population,32604
2009-10-01,Canada,Population,33758581
2009-10-01,Newfoundland and Labrador,Population,518975
2009-10-01,Prince Edward Island,Population,140596
2009-10-01,Nova Scotia,Population,940558
2009-10-01,New Brunswick,Population,751066
2009-10-01,Quebec,Population,7871847
2009-10-01,Ontario,Population,13048442
2009-10-01,Manitoba,Population,1211881
2009-10-01,Saskatchewan,Population,1039530
2009-10-01,Alberta,Population,3694318
2009-10-01,British Columbia,Population,4431587
2009-10-01,Yukon,Population,34027
2009-10-01,Northwest Territories,Population,42938
2009-10-01,Nunavut,Population,32816
2010-01-01,Canada,Population,33809016
2010-01-01,Newfoundland and Labrador,Population,520276
2010-01-01,Prince Edward Island,Population,140598
2010-01-01,Nova Scotia,Population,940879
2010-01-01,New Brunswick,Population,751282
2010-01-01,Quebec,Population,7886127
2010-01-01,Ontario,Population,13059426
2010-01-01,Manitoba,Population,1213941
2010-01-01,Saskatchewan,Population,1042936
2010-01-01,Alberta,Population,3702290
2010-01-01,British Columbia,Population,4441345
2010-01-01,Yukon,Population,34009
2010-01-01,Northwest Territories,Population,42981
2010-01-01,Nunavut,Population,32926
2010-04-01,Canada,Population,33890461
2010-04-01,Newfoundland and Labrador,Population,521197
2010-04-01,Prince Edward Island,Population,140978
2010-04-01,Nova Scotia,Population,940967
2010-04-01,New Brunswick,Population,752020
2010-04-01,Quebec,Population,7903676
2010-04-01,Ontario,Population,13088924
2010-04-01,Manitoba,Population,1216618
2010-04-01,Saskatchewan,Population,1046779
2010-04-01,Alberta,Population,3714999
2010-04-01,British Columbia,Population,4453756
2010-04-01,Yukon,Population,34243
2010-04-01,Northwest Territories,Population,43161
2010-04-01,Nunavut,Population,33143
2010-07-01,Canada,Population,34005902
2010-07-01,Newfoundland and Labrador,Population,522002
2010-07-01,Prince Edward Island,Population,141644
2010-07-01,Nova Scotia,Population,942144
2010-07-01,New Brunswick,Population,753034
2010-07-01,Quebec,Population,7929479
2010-07-01,Ontario,Population,13136481
2010-07-01,Manitoba,Population,1220782
2010-07-01,Saskatchewan,Population,1051426
2010-07-01,Alberta,Population,3732104
2010-07-01,British Columbia,Population,4465557
2010-07-01,Yukon,Population,34598
2010-07-01,Northwest Territories,Population,43292
2010-07-01,Nunavut,Population,33359
2010-10-01,Canada,Population,34132531
2010-10-01,Newfoundland and Labrador,Population,522861
2010-10-01,Prince Edward Island,Population,142725
2010-10-01,Nova Scotia,Population,944201
2010-10-01,New Brunswick,Population,754287
2010-10-01,Quebec,Population,7955183
2010-10-01,Ontario,Population,13189987
2010-10-01,Manitoba,Population,1224663
2010-10-01,Saskatchewan,Population,1056102
2010-10-01,Alberta,Population,3747235
2010-10-01,British Columbia,Population,4483613
2010-10-01,Yukon,Population,34790
2010-10-01,Northwest Territories,Population,43307
2010-10-01,Nunavut,Population,33577
2011-01-01,Canada,Population,34166633
2011-01-01,Newfoundland and Labrador,Population,523723
2011-01-01,Prince Edward Island,Population,143016
2011-01-01,Nova Scotia,Population,944082
2011-01-01,New Brunswick,Population,754795
2011-01-01,Quebec,Population,7967270
2011-01-01,Ontario,Population,13199081
2011-01-01,Manitoba,Population,1227210
2011-01-01,Saskatchewan,Population,1058969
2011-01-01,Alberta,Population,3754422
2011-01-01,British Columbia,Population,4482262
2011-01-01,Yukon,Population,34802
2011-01-01,Northwest Territories,Population,43265
2011-01-01,Nunavut,Population,33736
2011-04-01,Canada,Population,34230555
2011-04-01,Newfoundland and Labrador,Population,524238
2011-04-01,Prince Edward Island,Population,143265
2011-04-01,Nova Scotia,Population,943921
2011-04-01,New Brunswick,Population,754843
2011-04-01,Quebec,Population,7982145
2011-04-01,Ontario,Population,13222146
2011-04-01,Manitoba,Population,1229058
2011-04-01,Saskatchewan,Population,1061484
2011-04-01,Alberta,Population,3768774
2011-04-01,British Columbia,Population,4488509
2011-04-01,Yukon,Population,34984
2011-04-01,Northwest Territories,Population,43263
2011-04-01,Nunavut,Population,33925
2011-07-01,Canada,Population,34339221
2011-07-01,Newfoundland and Labrador,Population,524955
2011-07-01,Prince Edward Island,Population,143918
2011-07-01,Nova Scotia,Population,944095
2011-07-01,New Brunswick,Population,755590
2011-07-01,Quebec,Population,8004736
2011-07-01,Ontario,Population,13262345
2011-07-01,Manitoba,Population,1233353
2011-07-01,Saskatchewan,Population,1065661
2011-07-01,Alberta,Population,3787705
2011-07-01,British Columbia,Population,4503819
2011-07-01,Yukon,Population,35366
2011-07-01,Northwest Territories,Population,43493
2011-07-01,Nunavut,Population,34185
2011-10-01,Canada,Population,34457713
2011-10-01,Newfoundland and Labrador,Population,525845
2011-10-01,Prince Edward Island,Population,144283
2011-10-01,Nova Scotia,Population,944645
2011-10-01,New Brunswick,Population,756187
2011-10-01,Quebec,Population,8021063
2011-10-01,Ontario,Population,13310604
2011-10-01,Manitoba,Population,1237390
2011-10-01,Saskatchewan,Population,1069950
2011-10-01,Alberta,Population,3805071
2011-10-01,British Columbia,Population,4529186
2011-10-01,Yukon,Population,35578
2011-10-01,Northwest Territories,Population,43576
2011-10-01,Nunavut,Population,34335
2012-01-01,Canada,Population,34516032
2012-01-01,Newfoundland and Labrador,Population,526115
2012-01-01,Prince Edward Island,Population,144208
2012-01-01,Nova Scotia,Population,943907
2012-01-01,New Brunswick,Population,757039
2012-01-01,Quebec,Population,8028516
2012-01-01,Ontario,Population,13325337
2012-01-01,Manitoba,Population,1241417
2012-01-01,Saskatchewan,Population,1073565
2012-01-01,Alberta,Population,3822425
2012-01-01,British Columbia,Population,4539775
2012-01-01,Yukon,Population,35695
2012-01-01,Northwest Territories,Population,43630
2012-01-01,Nunavut,Population,34403
2012-04-01,Canada,Population,34592192
2012-04-01,Newfoundland and Labrador,Population,525550
2012-04-01,Prince Edward Island,Population,144365
2012-04-01,Nova Scotia,Population,943317
2012-04-01,New Brunswick,Population,757024
2012-04-01,Quebec,Population,8038332
2012-04-01,Ontario,Population,13350123
2012-04-01,Manitoba,Population,1244884
2012-04-01,Saskatchewan,Population,1077170
2012-04-01,Alberta,Population,3845093
2012-04-01,British Columbia,Population,4552320
2012-04-01,Yukon,Population,35757
2012-04-01,Northwest Territories,Population,43678
2012-04-01,Nunavut,Population,34579
2012-07-01,Canada,Population,34713395
2012-07-01,Newfoundland and Labrador,Population,526235
2012-07-01,Prince Edward Island,Population,144415
2012-07-01,Nova Scotia,Population,943163
2012-07-01,New Brunswick,Population,758121
2012-07-01,Quebec,Population,8059752
2012-07-01,Ontario,Population,13392364
2012-07-01,Manitoba,Population,1249094
2012-07-01,Saskatchewan,Population,1083005
2012-07-01,Alberta,Population,3871947
2012-07-01,British Columbia,Population,4570866
2012-07-01,Yukon,Population,36151
2012-07-01,Northwest Territories,Population,43624
2012-07-01,Nunavut,Population,34658
2012-10-01,Canada,Population,34834973
2012-10-01,Newfoundland and Labrador,Population,527065
2012-10-01,Prince Edward Island,Population,144396
2012-10-01,Nova Scotia,Population,942829
2012-10-01,New Brunswick,Population,758408
2012-10-01,Quebec,Population,8076838
2012-10-01,Ontario,Population,13436625
2012-10-01,Manitoba,Population,1253210
2012-10-01,Saskatchewan,Population,1088177
2012-10-01,Alberta,Population,3897746
2012-10-01,British Columbia,Population,4594846
2012-10-01,Yukon,Population,36347
2012-10-01,Northwest Territories,Population,43656
2012-10-01,Nunavut,Population,34830
2013-01-01,Canada,Population,34881794
2013-01-01,Newfoundland and Labrador,Population,527129
2013-01-01,Prince Edward Island,Population,144041
2013-01-01,Nova Scotia,Population,942045
2013-01-01,New Brunswick,Population,758026
2013-01-01,Quebec,Population,8081006
2013-01-01,Ontario,Population,13446276
2013-01-01,Manitoba,Population,1256879
2013-01-01,Saskatchewan,Population,1090738
2013-01-01,Alberta,Population,3917941
2013-01-01,British Columbia,Population,4602742
2013-01-01,Yukon,Population,36299
2013-01-01,Northwest Territories,Population,43709
2013-01-01,Nunavut,Population,34963
2013-04-01,Canada,Population,34956567
2013-04-01,Newfoundland and Labrador,Population,527177
2013-04-01,Prince Edward Island,Population,143807
2013-04-01,Nova Scotia,Population,940647
2013-04-01,New Brunswick,Population,757854
2013-04-01,Quebec,Population,8089004
2013-04-01,Ontario,Population,13469151
2013-04-01,Manitoba,Population,1259693
2013-04-01,Saskatchewan,Population,1093549
2013-04-01,Alberta,Population,3944281
2013-04-01,British Columbia,Population,4616335
2013-04-01,Yukon,Population,36242
2013-04-01,Northwest Territories,Population,43840
2013-04-01,Nunavut,Population,34987
2013-07-01,Canada,Population,35080992
2013-07-01,Newfoundland and Labrador,Population,526960
2013-07-01,Prince Edward Island,Population,143942
2013-07-01,Nova Scotia,Population,939808
2013-07-01,New Brunswick,Population,758261
2013-07-01,Quebec,Population,8108825
2013-07-01,Ontario,Population,13511902
2013-07-01,Manitoba,Population,1263393
2013-07-01,Saskatchewan,Population,1098868
2013-07-01,Alberta,Population,3978532
2013-07-01,British Columbia,Population,4634943
2013-07-01,Yukon,Population,36454
2013-07-01,Northwest Territories,Population,43774
2013-07-01,Nunavut,Population,35330
2013-10-01,Canada,Population,35209597
2013-10-01,Newfoundland and Labrador,Population,527948
2013-10-01,Prince Edward Island,Population,143943
2013-10-01,Nova Scotia,Population,939442
2013-10-01,New Brunswick,Population,758379
2013-10-01,Quebec,Population,8122462
2013-10-01,Ontario,Population,13559499
2013-10-01,Manitoba,Population,1267105
2013-10-01,Saskatchewan,Population,1102832
2013-10-01,Alberta,Population,4008421
2013-10-01,British Columbia,Population,4663919
2013-10-01,Yukon,Population,36384
2013-10-01,Northwest Territories,Population,43727
2013-10-01,Nunavut,Population,35536
2014-01-01,Canada,Population,35247023
2014-01-01,Newfoundland and Labrador,Population,528065
2014-01-01,Prince Edward Island,Population,143828
2014-01-01,Nova Scotia,Population,939166
2014-01-01,New Brunswick,Population,758713
2014-01-01,Quebec,Population,8123138
2014-01-01,Ontario,Population,13563311
2014-01-01,Manitoba,Population,1270153
2014-01-01,Saskatchewan,Population,1105444
2014-01-01,Alberta,Population,4027497
2014-01-01,British Columbia,Population,4672025
2014-01-01,Yukon,Population,36333
2014-01-01,Northwest Territories,Population,43767
2014-01-01,Nunavut,Population,35583
2014-04-01,Canada,Population,35320540
2014-04-01,Newfoundland and Labrador,Population,527314
2014-04-01,Prince Edward Island,Population,143810
2014-04-01,Nova Scotia,Population,938175
2014-04-01,New Brunswick,Population,758570
2014-04-01,Quebec,Population,8129926
2014-04-01,Ontario,Population,13583220
2014-04-01,Manitoba,Population,1272914
2014-04-01,Saskatchewan,Population,1108674
2014-04-01,Alberta,Population,4051858
2014-04-01,British Columbia,Population,4689892
2014-04-01,Yukon,Population,36626
2014-04-01,Northwest Territories,Population,43760
2014-04-01,Nunavut,Population,35801
2014-07-01,Canada,Population,35434066
2014-07-01,Newfoundland and Labrador,Population,527970
2014-07-01,Prince Edward Island,Population,144095
2014-07-01,Nova Scotia,Population,937768
2014-07-01,New Brunswick,Population,758657
2014-07-01,Quebec,Population,8147535
2014-07-01,Ontario,Population,13617763
2014-07-01,Manitoba,Population,1277425
2014-07-01,Saskatchewan,Population,1111989
2014-07-01,Alberta,Population,4081271
2014-07-01,British Columbia,Population,4712691
2014-07-01,Yukon,Population,37085
2014-07-01,Northwest Territories,Population,43851
2014-07-01,Nunavut,Population,35966
2014-10-01,Canada,Population,35555305
2014-10-01,Newfoundland and Labrador,Population,528266
2014-10-01,Prince Edward Island,Population,144342
2014-10-01,Nova Scotia,Population,938157
2014-10-01,New Brunswick,Population,759192
2014-10-01,Quebec,Population,8162631
2014-10-01,Ontario,Population,13661282
2014-10-01,Manitoba,Population,1281690
2014-10-01,Saskatchewan,Population,1115184
2014-10-01,Alberta,Population,4103702
2014-10-01,British Columbia,Population,4743505
2014-10-01,Yukon,Population,37223
2014-10-01,Northwest Territories,Population,44031
2014-10-01,Nunavut,Population,36100
2015-01-01,Canada,Population,35571043
2015-01-01,Newfoundland and Labrador,Population,528161
2015-01-01,Prince Edward Island,Population,144162
2015-01-01,Nova Scotia,Population,937442
2015-01-01,New Brunswick,Population,759270
2015-01-01,Quebec,Population,8160176
2015-01-01,Ontario,Population,13657423
2015-01-01,Manitoba,Population,1284693
2015-01-01,Saskatchewan,Population,1117137
2015-01-01,Alberta,Population,4113697
2015-01-01,British Columbia,Population,4751439
2015-01-01,Yukon,Population,37123
2015-01-01,Northwest Territories,Population,44106
2015-01-01,Nunavut,Population,36214
2015-04-01,Canada,Population,35606734
2015-04-01,Newfoundland and Labrador,Population,527859
2015-04-01,Prince Edward Island,Population,144046
2015-04-01,Nova Scotia,Population,935380
2015-04-01,New Brunswick,Population,758579
2015-04-01,Quebec,Population,8159968
2015-04-01,Ontario,Population,13669290
2015-04-01,Manitoba,Population,1286250
2015-04-01,Saskatchewan,Population,1117736
2015-04-01,Alberta,Population,4125943
2015-04-01,British Columbia,Population,4763917
2015-04-01,Yukon,Population,37330
2015-04-01,Northwest Territories,Population,44159
2015-04-01,Nunavut,Population,36277
2015-07-01,Canada,Population,35704498
2015-07-01,Newfoundland and Labrador,Population,528348
2015-07-01,Prince Edward Island,Population,144636
2015-07-01,Nova Scotia,Population,937419
2015-07-01,New Brunswick,Population,759226
2015-07-01,Quebec,Population,8175743
2015-07-01,Ontario,Population,13709293
2015-07-01,Manitoba,Population,1293598
2015-07-01,Saskatchewan,Population,1122210
2015-07-01,Alberta,Population,4150147
2015-07-01,British Columbia,Population,4765472
2015-07-01,Yukon,Population,37669
2015-07-01,Northwest Territories,Population,44247
2015-07-01,Nunavut,Population,36490
2015-10-01,Canada,Population,35823591
2015-10-01,Newfoundland and Labrador,Population,528843
2015-10-01,Prince Edward Island,Population,144949
2015-10-01,Nova Scotia,Population,938914
2015-10-01,New Brunswick,Population,759971
2015-10-01,Quebec,Population,8190074
2015-10-01,Ontario,Population,13759762
2015-10-01,Manitoba,Population,1298120
2015-10-01,Saskatchewan,Population,1125588
2015-10-01,Alberta,Population,4163048
2015-10-01,British Columbia,Population,4795547
2015-10-01,Yukon,Population,37730
2015-10-01,Northwest Territories,Population,44443
2015-10-01,Nunavut,Population,36602
2016-01-01,Canada,Population,35871484
2016-01-01,Newfoundland and Labrador,Population,528903
2016-01-01,Prince Edward Island,Population,145238
2016-01-01,Nova Scotia,Population,938973
2016-01-01,New Brunswick,Population,760679
2016-01-01,Quebec,Population,8193831
2016-01-01,Ontario,Population,13774364
2016-01-01,Manitoba,Population,1302938
2016-01-01,Saskatchewan,Population,1128160
2016-01-01,Alberta,Population,4171847
2016-01-01,British Columbia,Population,4807562
2016-01-01,Yukon,Population,37756
2016-01-01,Northwest Territories,Population,44515
2016-01-01,Nunavut,Population,36718
2016-04-01,Canada,Population,35970407
2016-04-01,Newfoundland and Labrador,Population,529083
2016-04-01,Prince Edward Island,Population,145792
2016-04-01,Nova Scotia,Population,940471
2016-04-01,New Brunswick,Population,762317
2016-04-01,Quebec,Population,8204229
2016-04-01,Ontario,Population,13816652
2016-04-01,Manitoba,Population,1307797
2016-04-01,Saskatchewan,Population,1131285
2016-04-01,Alberta,Population,4182353
2016-04-01,British Columbia,Population,4831042
2016-04-01,Yukon,Population,38025
2016-04-01,Northwest Territories,Population,44595
2016-04-01,Nunavut,Population,36766
2016-07-01,Canada,Population,36110803
2016-07-01,Newfoundland and Labrador,Population,529586
2016-07-01,Prince Edward Island,Population,146891
2016-07-01,Nova Scotia,Population,942984
2016-07-01,New Brunswick,Population,763322
2016-07-01,Quebec,Population,8225036
2016-07-01,Ontario,Population,13876500
2016-07-01,Manitoba,Population,1314140
2016-07-01,Saskatchewan,Population,1135496
2016-07-01,Alberta,Population,4195427
2016-07-01,British Columbia,Population,4861269
2016-07-01,Yukon,Population,38549
2016-07-01,Northwest Territories,Population,44624
2016-07-01,Nunavut,Population,36979
2016-10-01,Canada,Population,36257421
2016-10-01,Newfoundland and Labrador,Population,530368
2016-10-01,Prince Edward Island,Population,147699
2016-10-01,Nova Scotia,Population,946623
2016-10-01,New Brunswick,Population,764820
2016-10-01,Quebec,Population,8246383
2016-10-01,Ontario,Population,13948180
2016-10-01,Manitoba,Population,1319800
2016-10-01,Saskatchewan,Population,1139492
2016-10-01,Alberta,Population,4207139
2016-10-01,British Columbia,Population,4886638
2016-10-01,Yukon,Population,38724
2016-10-01,Northwest Territories,Population,44471
2016-10-01,Nunavut,Population,37084
2017-01-01,Canada,Population,36313068
2017-01-01,Newfoundland and Labrador,Population,530175
2017-01-01,Prince Edward Island,Population,147811
2017-01-01,Nova Scotia,Population,947023
2017-01-01,New Brunswick,Population,764612
2017-01-01,Quebec,Population,8252179
2017-01-01,Ontario,Population,13975516
2017-01-01,Manitoba,Population,1324044
2017-01-01,Saskatchewan,Population,1141537
2017-01-01,Alberta,Population,4215506
2017-01-01,British Columbia,Population,4894147
2017-01-01,Yukon,Population,38801
2017-01-01,Northwest Territories,Population,44471
2017-01-01,Nunavut,Population,37246
2017-04-01,Canada,Population,36397141
2017-04-01,Newfoundland and Labrador,Population,529700
2017-04-01,Prince Edward Island,Population,148354
2017-04-01,Nova Scotia,Population,948945
2017-04-01,New Brunswick,Population,764859
2017-04-01,Quebec,Population,8265839
2017-04-01,Ontario,Population,14012209
2017-04-01,Manitoba,Population,1328337
2017-04-01,Saskatchewan,Population,1143829
2017-04-01,Alberta,Population,4224933
2017-04-01,British Columbia,Population,4908971
2017-04-01,Yukon,Population,39108
2017-04-01,Northwest Territories,Population,44626
2017-04-01,Nunavut,Population,37431
2017-07-01,Canada,Population,36545075
2017-07-01,Newfoundland and Labrador,Population,529742
2017-07-01,Prince Edward Island,Population,149740
2017-07-01,Nova Scotia,Population,952159
2017-07-01,New Brunswick,Population,766697
2017-07-01,Quebec,Population,8292832
2017-07-01,Ontario,Population,14078499
2017-07-01,Manitoba,Population,1334734
2017-07-01,Saskatchewan,Population,1147315
2017-07-01,Alberta,Population,4237310
2017-07-01,British Columbia,Population,4934202
2017-07-01,Yukon,Population,39533
2017-07-01,Northwest Territories,Population,44656
2017-07-01,Nunavut,Population,37656
2017-10-01,Canada,Population,36722075
2017-10-01,Newfoundland and Labrador,Population,530153
2017-10-01,Prince Edward Island,Population,150595
2017-10-01,Nova Scotia,Population,956074
2017-10-01,New Brunswick,Population,768029
2017-10-01,Quebec,Population,8326075
2017-10-01,Ontario,Population,14161084
2017-10-01,Manitoba,Population,1340426
2017-10-01,Saskatchewan,Population,1151044
2017-10-01,Alberta,Population,4253530
2017-10-01,British Columbia,Population,4962706
2017-10-01,Yukon,Population,39705
2017-10-01,Northwest Territories,Population,44825
2017-10-01,Nunavut,Population,37829
2018-01-01,Canada,Population,36801579
2018-01-01,Newfoundland and Labrador,Population,529743
2018-01-01,Prince Edward Island,Population,150619
2018-01-01,Nova Scotia,Population,956711
2018-01-01,New Brunswick,Population,768146
2018-01-01,Quebec,Population,8338883
2018-01-01,Ontario,Population,14199811
2018-01-01,Manitoba,Population,1344198
2018-01-01,Saskatchewan,Population,1152366
2018-01-01,Alberta,Population,4263957
2018-01-01,British Columbia,Population,4974712
2018-01-01,Yukon,Population,39873
2018-01-01,Northwest Territories,Population,44730
2018-01-01,Nunavut,Population,37830
2018-04-01,Canada,Population,36903671
2018-04-01,Newfoundland and Labrador,Population,528924
2018-04-01,Prince Edward Island,Population,151008
2018-04-01,Nova Scotia,Population,957883
2018-04-01,New Brunswick,Population,768707
2018-04-01,Quebec,Population,8354460
2018-04-01,Ontario,Population,14251136
2018-04-01,Manitoba,Population,1346916
2018-04-01,Saskatchewan,Population,1153530
2018-04-01,Alberta,Population,4276444
2018-04-01,British Columbia,Population,4991716
2018-04-01,Yukon,Population,40037
2018-04-01,Northwest Territories,Population,44934
2018-04-01,Nunavut,Population,37976
2018-07-01,Canada,Population,37072620
2018-07-01,Newfoundland and Labrador,Population,528402
2018-07-01,Prince Edward Island,Population,152259
2018-07-01,Nova Scotia,Population,962072
2018-07-01,New Brunswick,Population,770497
2018-07-01,Quebec,Population,8386951
2018-07-01,Ontario,Population,14326746
2018-07-01,Manitoba,Population,1352687
2018-07-01,Saskatchewan,Population,1156210
2018-07-01,Alberta,Population,4292556
2018-07-01,British Columbia,Population,5020979
2018-07-01,Yukon,Population,40403
2018-07-01,Northwest Territories,Population,44536
2018-07-01,Nunavut,Population,38322
2018-10-01,Canada,Population,37259485
2018-10-01,Newfoundland and Labrador,Population,528926
2018-10-01,Prince Edward Island,Population,153906
2018-10-01,Nova Scotia,Population,967578
2018-10-01,New Brunswick,Population,772793
2018-10-01,Quebec,Population,8418646
2018-10-01,Ontario,Population,14413055
2018-10-01,Manitoba,Population,1357856
2018-10-01,Saskatchewan,Population,1159648
2018-10-01,Alberta,Population,4311439
2018-10-01,British Columbia,Population,5052131
2018-10-01,Yukon,Population,40533
2018-10-01,Northwest Territories,Population,44487
2018-10-01,Nunavut,Population,38487
2019-01-01,Canada,Population,37336956
2019-01-01,Newfoundland and Labrador,Population,528326
2019-01-01,Prince Edward Island,Population,153881
2019-01-01,Nova Scotia,Population,968724
2019-01-01,New Brunswick,Population,773059
2019-01-01,Quebec,Population,8430363
2019-01-01,Ontario,Population,14449986
2019-01-01,Manitoba,Population,1361737
2019-01-01,Saskatchewan,Population,1161529
2019-01-01,Alberta,Population,4324254
2019-01-01,British Columbia,Population,5061132
2019-01-01,Yukon,Population,40716
2019-01-01,Northwest Territories,Population,44675
2019-01-01,Nunavut,Population,38574
2019-04-01,Canada,Population,37437243
2019-04-01,Newfoundland and Labrador,Population,527993
2019-04-01,Prince Edward Island,Population,154409
2019-04-01,Nova Scotia,Population,970680
2019-04-01,New Brunswick,Population,774277
2019-04-01,Quebec,Population,8447632
2019-04-01,Ontario,Population,14493612
2019-04-01,Manitoba,Population,1364666
2019-04-01,Saskatchewan,Population,1161787
2019-04-01,Alberta,Population,4337569
2019-04-01,British Columbia,Population,5080515
2019-04-01,Yukon,Population,40779
2019-04-01,Northwest Territories,Population,44560
2019-04-01,Nunavut,Population,38764
2019-07-01,Canada,Population,37618495
2019-07-01,Newfoundland and Labrador,Population,527643
2019-07-01,Prince Edward Island,Population,155792
2019-07-01,Nova Scotia,Population,975799
2019-07-01,New Brunswick,Population,777387
2019-07-01,Quebec,Population,8483186
2019-07-01,Ontario,Population,14573565
2019-07-01,Manitoba,Population,1370033
2019-07-01,Saskatchewan,Population,1164223
2019-07-01,Alberta,Population,4355377
2019-07-01,British Columbia,Population,5111022
2019-07-01,Yukon,Population,41187
2019-07-01,Northwest Territories,Population,44442
2019-07-01,Nunavut,Population,38839
2019-10-01,Canada,Population,37828162
2019-10-01,Newfoundland and Labrador,Population,528442
2019-10-01,Prince Edward Island,Population,157025
2019-10-01,Nova Scotia,Population,982592
2019-10-01,New Brunswick,Population,780907
2019-10-01,Quebec,Population,8521542
2019-10-01,Ontario,Population,14666727
2019-10-01,Manitoba,Population,1373884
2019-10-01,Saskatchewan,Population,1167271
2019-10-01,Alberta,Population,4376860
2019-10-01,British Columbia,Population,5148047
2019-10-01,Yukon,Population,41460
2019-10-01,Northwest Territories,Population,44512
2019-10-01,Nunavut,Population,38893
2020-01-01,Canada,Population,37928208
2020-01-01,Newfoundland and Labrador,Population,528231
2020-01-01,Prince Edward Island,Population,157494
2020-01-01,Nova Scotia,Population,984130
2020-01-01,New Brunswick,Population,781054
2020-01-01,Quebec,Population,8537376
2020-01-01,Ontario,Population,14718155
2020-01-01,Manitoba,Population,1377283
2020-01-01,Saskatchewan,Population,1169426
2020-01-01,Alberta,Population,4392958
2020-01-01,British Columbia,Population,5157053
2020-01-01,Yukon,Population,41505
2020-01-01,Northwest Territories,Population,44533
2020-01-01,Nunavut,Population,39010
2020-04-01,Canada,Population,38006941
2020-04-01,Newfoundland and Labrador,Population,527733
2020-04-01,Prince Edward Island,Population,158401
2020-04-01,Nova Scotia,Population,986204
2020-04-01,New Brunswick,Population,782512
2020-04-01,Quebec,Population,8550900
2020-04-01,Ontario,Population,14752374
2020-04-01,Manitoba,Population,1379280
2020-04-01,Saskatchewan,Population,1169038
2020-04-01,Alberta,Population,4405455
2020-04-01,British Columbia,Population,5169535
2020-04-01,Yukon,Population,41807
2020-04-01,Northwest Territories,Population,44565
2020-04-01,Nunavut,Population,39137
2020-07-01,Canada,Population,38028638
2020-07-01,Newfoundland and Labrador,Population,526884
2020-07-01,Prince Edward Island,Population,159193
2020-07-01,Nova Scotia,Population,989168
2020-07-01,New Brunswick,Population,783432
2020-07-01,Quebec,Population,8551095
2020-07-01,Ontario,Population,14761811
2020-07-01,Manitoba,Population,1380132
2020-07-01,Saskatchewan,Population,1167386
2020-07-01,Alberta,Population,4407495
2020-07-01,British Columbia,Population,5176101
2020-07-01,Yukon,Population,41958
2020-07-01,Northwest Territories,Population,44504
2020-07-01,Nunavut,Population,39479
2020-10-01,Canada,Population,38027406
2020-10-01,Newfoundland and Labrador,Population,526046
2020-10-01,Prince Edward Island,Population,159179
2020-10-01,Nova Scotia,Population,989154
2020-10-01,New Brunswick,Population,783814
2020-10-01,Quebec,Population,8551865
2020-10-01,Ontario,Population,14757582
2020-10-01,Manitoba,Population,1381809
2020-10-01,Saskatchewan,Population,1165963
2020-10-01,Alberta,Population,4412013
2020-10-01,British Columbia,Population,5173896
2020-10-01,Yukon,Population,42109
2020-10-01,Northwest Territories,Population,44395
2020-10-01,Nunavut,Population,39581
2021-01-01,Canada,Population,38058291
2021-01-01,Newfoundland and Labrador,Population,525895
2021-01-01,Prince Edward Island,Population,159240
2021-01-01,Nova Scotia,Population,990025
2021-01-01,New Brunswick,Population,784950
2021-01-01,Quebec,Population,8550561
2021-01-01,Ontario,Population,14772726
2021-01-01,Manitoba,Population,1383854
2021-01-01,Saskatchewan,Population,1166348
2021-01-01,Alberta,Population,4418338
2021-01-01,British Columbia,Population,5180015
2021-01-01,Yukon,Population,42157
2021-01-01,Northwest Territories,Population,44432
2021-01-01,Nunavut,Population,39750
2021-04-01,Canada,Population,38140918
2021-04-01,Newfoundland and Labrador,Population,526195
2021-04-01,Prince Edward Island,Population,160334
2021-04-01,Nova Scotia,Population,993946
2021-04-01,New Brunswick,Population,787002
2021-04-01,Quebec,Population,8556015
2021-04-01,Ontario,Population,14808093
2021-04-01,Manitoba,Population,1388611
2021-04-01,Saskatchewan,Population,1167711
2021-04-01,Alberta,Population,4425617
2021-04-01,British Columbia,Population,5200393
2021-04-01,Yukon,Population,42443
2021-04-01,Northwest Territories,Population,44679
2021-04-01,Nunavut,Population,39879
2021-07-01,Canada,Population,38239864
2021-07-01,Newfoundland and Labrador,Population,527056
2021-07-01,Prince Edward Island,Population,162133
2021-07-01,Nova Scotia,Population,999908
2021-07-01,New Brunswick,Population,790802
2021-07-01,Quebec,Population,8572020
2021-07-01,Ontario,Population,14842488
2021-07-01,Manitoba,Population,1391924
2021-07-01,Saskatchewan,Population,1167711
2021-07-01,Alberta,Population,4431531
2021-07-01,British Columbia,Population,5226665
2021-07-01,Yukon,Population,42961
2021-07-01,Northwest Territories,Population,44579
2021-07-01,Nunavut,Population,40086
2021-10-01,Canada,Population,38462457
2021-10-01,Newfoundland and Labrador,Population,528356
2021-10-01,Prince Edward Island,Population,163690
2021-10-01,Nova Scotia,Population,1006740
2021-10-01,New Brunswick,Population,795754
2021-10-01,Quebec,Population,8605817
2021-10-01,Ontario,Population,14947557
2021-10-01,Manitoba,Population,1396406
2021-10-01,Saskatchewan,Population,1168966
2021-10-01,Alberta,Population,4451077
2021-10-01,British Columbia,Population,5270096
2021-10-01,Yukon,Population,43155
2021-10-01,Northwest Territories,Population,44587
2021-10-01,Nunavut,Population,40256
2022-01-01,Canada,Population,38559788
2022-01-01,Newfoundland and Labrador,Population,528888
2022-01-01,Prince Edward Island,Population,164203
2022-01-01,Nova Scotia,Population,1009517
2022-01-01,New Brunswick,Population,798399
2022-01-01,Quebec,Population,8611897
2022-01-01,Ontario,Population,14996160
2022-01-01,Manitoba,Population,1399737
2022-01-01,Saskatchewan,Population,1171110
2022-01-01,Alberta,Population,4465845
2022-01-01,British Columbia,Population,5285835
2022-01-01,Yukon,Population,43086
2022-01-01,Northwest Territories,Population,44754
2022-01-01,Nunavut,Population,40357
2022-04-01,Canada,Population,38678014
2022-04-01,Newfoundland and Labrador,Population,528919
2022-04-01,Prince Edward Island,Population,165481
2022-04-01,Nova Scotia,Population,1013284
2022-04-01,New Brunswick,Population,801175
2022-04-01,Quebec,Population,8625141
2022-04-01,Ontario,Population,15046020
2022-04-01,Manitoba,Population,1404046
2022-04-01,Saskatchewan,Population,1173416
2022-04-01,Alberta,Population,4481521
2022-04-01,British Columbia,Population,5310232
2022-04-01,Yukon,Population,43430
2022-04-01,Northwest Territories,Population,44764
2022-04-01,Nunavut,Population,40585
2022-07-01,Canada,Population,38945628
2022-07-01,Newfoundland and Labrador,Population,531061
2022-07-01,Prince Edward Island,Population,167147
2022-07-01,Nova Scotia,Population,1024306
2022-07-01,New Brunswick,Population,808587
2022-07-01,Quebec,Population,8667648
2022-07-01,Ontario,Population,15155192
2022-07-01,Manitoba,Population,1413346
2022-07-01,Saskatchewan,Population,1178761
2022-07-01,Alberta,Population,4513589
2022-07-01,British Columbia,Population,5356870
2022-07-01,Yukon,Population,43891
2022-07-01,Northwest Territories,Population,44626
2022-07-01,Nunavut,Population,40604
2022-10-01,Canada,Population,39278574
2022-10-01,Newfoundland and Labrador,Population,533006
2022-10-01,Prince Edward Island,Population,168882
2022-10-01,Nova Scotia,Population,1033481
2022-10-01,New Brunswick,Population,816074
2022-10-01,Quebec,Population,8719641
2022-10-01,Ontario,Population,15301418
2022-10-01,Manitoba,Population,1423845
2022-10-01,Saskatchewan,Population,1188150
2022-10-01,Alberta,Population,4560790
2022-10-01,British Columbia,Population,5403857
2022-10-01,Yukon,Population,44208
2022-10-01,Northwest Territories,Population,44541
2022-10-01,Nunavut,Population,40681
2023-01-01,Canada,Population,39477134
2023-01-01,Newfoundland and Labrador,Population,534474
2023-01-01,Prince Edward Island,Population,169731
2023-01-01,Nova Scotia,Population,1036706
2023-01-01,New Brunswick,Population,818845
2023-01-01,Quebec,Population,8741980
2023-01-01,Ontario,Population,15394843
2023-01-01,Manitoba,Population,1431771
2023-01-01,Saskatchewan,Population,1195268
2023-01-01,Alberta,Population,4596048
2023-01-01,British Columbia,Population,5427786
2023-01-01,Yukon,Population,44482
2023-01-01,Northwest Territories,Population,44391
2023-01-01,Nunavut,Population,40809
2023-04-01,Canada,Population,39684191
2023-04-01,Newfoundland and Labrador,Population,535814
2023-04-01,Prince Edward Island,Population,171399
2023-04-01,Nova Scotia,Population,1042847
2023-04-01,New Brunswick,Population,823226
2023-04-01,Quebec,Population,8768409
2023-04-01,Ontario,Population,15472222
2023-04-01,Manitoba,Population,1441680
2023-04-01,Saskatchewan,Population,1200708
2023-04-01,Alberta,Population,4639471
2023-04-01,British Columbia,Population,5458417
2023-04-01,Yukon,Population,44823
2023-04-01,Northwest Territories,Population,44379
2023-04-01,Nunavut,Population,40796
2023-07-01,Canada,Population,40022704
2023-07-01,Newfoundland and Labrador,Population,538041
2023-07-01,Prince Edward Island,Population,173270
2023-07-01,Nova Scotia,Population,1052601
2023-07-01,New Brunswick,Population,829937
2023-07-01,Quebec,Population,8818050
2023-07-01,Ontario,Population,15618269
2023-07-01,Manitoba,Population,1452054
2023-07-01,Saskatchewan,Population,1209273
2023-07-01,Alberta,Population,4688032
2023-07-01,British Columbia,Population,5512217
2023-07-01,Yukon,Population,45410
2023-07-01,Northwest Territories,Population,44611
2023-07-01,Nunavut,Population,40939
2023-10-01,Canada,Population,40439108
2023-10-01,Newfoundland and Labrador,Population,540408
2023-10-01,Prince Edward Island,Population,175675
2023-10-01,Nova Scotia,Population,1062411
2023-10-01,New Brunswick,Population,839183
2023-10-01,Quebec,Population,8881058
2023-10-01,Ontario,Population,15806578
2023-10-01,Manitoba,Population,1460624
2023-10-01,Saskatchewan,Population,1220864
2023-10-01,Alberta,Population,4750739
2023-10-01,British Columbia,Population,5569929
2023-10-01,Yukon,Population,45938
2023-10-01,Northwest Territories,Population,44588
2023-10-01,Nunavut,Population,41113
2024-01-01,Canada,Population,40670178
2024-01-01,Newfoundland and Labrador,Population,541114
2024-01-01,Prince Edward Island,Population,176134
2024-01-01,Nova Scotia,Population,1066827
2024-01-01,New Brunswick,Population,843651
2024-01-01,Quebec,Population,8904100
2024-01-01,Ontario,Population,15916758
2024-01-01,Manitoba,Population,1468946
2024-01-01,Saskatchewan,Population,1228473
2024-01-01,Alberta,Population,4797611
2024-01-01,British Columbia,Population,5594479
2024-01-01,Yukon,Population,46296
2024-01-01,Northwest Territories,Population,44707
2024-01-01,Nunavut,Population,41082
2024-04-01,Canada,Population,40912561
2024-04-01,Newfoundland and Labrador,Population,542705
2024-04-01,Prince Edward Island,Population,177269
2024-04-01,Nova Scotia,Population,1072232
2024-04-01,New Brunswick,Population,849819
2024-04-01,Quebec,Population,8937098
2024-04-01,Ontario,Population,16003875
2024-04-01,Manitoba,Population,1479792
2024-04-01,Saskatchewan,Population,1236277
2024-04-01,Alberta,Population,4852191
2024-04-01,British Columbia,Population,5628073
2024-04-01,Yukon,Population,47010
2024-04-01,Northwest Territories,Population,45050
2024-04-01,Nunavut,Population,41170
2024-07-01,Canada,Population,41162593
2024-07-01,Newfoundland and Labrador,Population,545080
2024-07-01,Prince Edward Island,Population,178869
2024-07-01,Nova Scotia,Population,1080310
2024-07-01,New Brunswick,Population,857114
2024-07-01,Quebec,Population,8982312
2024-07-01,Ontario,Population,16090358
2024-07-01,Manitoba,Population,1487953
2024-07-01,Saskatchewan,Population,1245196
2024-07-01,Alberta,Population,4901795
2024-07-01,British Columbia,Population,5659205
2024-07-01,Yukon,Population,47683
2024-07-01,Northwest Territories,Population,45274
2024-07-01,Nunavut,Population,41444
2024-10-01,Canada,Population,41373096
2024-10-01,Newfoundland and Labrador,Population,546785
2024-10-01,Prince Edward Island,Population,179997
2024-10-01,Nova Scotia,Population,1086377
2024-10-01,New Brunswick,Population,863674
2024-10-01,Quebec,Population,9026416
2024-10-01,Ontario,Population,16154989
2024-10-01,Manitoba,Population,1495180
2024-10-01,Saskatchewan,Population,1253962
2024-10-01,Alberta,Population,4945710
2024-10-01,British Columbia,Population,5684774
2024-10-01,Yukon,Population,48089
2024-10-01,Northwest Territories,Population,45526
2024-10-01,Nunavut,Population,41617
2025-01-01,Canada,Population,41435888
2025-01-01,Newfoundland and Labrador,Population,547237
2025-01-01,Prince Edward Island,Population,179816
2025-01-01,Nova Scotia,Population,1087432
2025-01-01,New Brunswick,Population,866560
2025-01-01,Quebec,Population,9029220
2025-01-01,Ontario,Population,16173041
2025-01-01,Manitoba,Population,1499649
2025-01-01,Saskatchewan,Population,1258722
2025-01-01,Alberta,Population,4973853
2025-01-01,British Columbia,Population,5684439
2025-01-01,Yukon,Population,48425
2025-01-01,Northwest Territories,Population,45700
2025-01-01,Nunavut,Population,41794
2025-04-01,Canada,Population,41495432
2025-04-01,Newfoundland and Labrador,Population,548205
2025-04-01,Prince Edward Island,Population,180457
2025-04-01,Nova Scotia,Population,1090485
2025-04-01,New Brunswick,Population,869777
2025-04-01,Quebec,Population,9028682
2025-04-01,Ontario,Population,16189877
2025-04-01,Manitoba,Population,1503773
2025-04-01,Saskatchewan,Population,1263752
2025-04-01,Alberta,Population,4996457
2025-04-01,British Columbia,Population,5687504
2025-04-01,Yukon,Population,48584
2025-04-01,Northwest Territories,Population,45892
2025-04-01,Nunavut,Population,41987
2025-07-01,Canada,Population,41608982
2025-07-01,Newfoundland and Labrador,Population,550202
2025-07-01,Prince Edward Island,Population,181594
2025-07-01,Nova Scotia,Population,1095157
2025-07-01,New Brunswick,Population,874711
2025-07-01,Quebec,Population,9051022
2025-07-01,Ontario,Population,16216961
2025-07-01,Manitoba,Population,1508582
2025-07-01,Saskatchewan,Population,1266289
2025-07-01,Alberta,Population,5024631
2025-07-01,British Columbia,Population,5702544
2025-07-01,Yukon,Population,49150
2025-07-01,Northwest Territories,Population,46031
2025-07-01,Nunavut,Population,42108
2025-10-01,Canada,Population,41723923
2025-10-01,Newfoundland and Labrador,Population,551526
2025-10-01,Prince Edward Island,Population,182588
2025-10-01,Nova Scotia,Population,1098342
2025-10-01,New Brunswick,Population,877969
2025-10-01,Quebec,Population,9071310
2025-10-01,Ontario,Population,16253023
2025-10-01,Manitoba,Population,1512567
2025-10-01,Saskatchewan,Population,1269970
2025-10-01,Alberta,Population,5052333
2025-10-01,British Columbia,Population,5716602
2025-10-01,Yukon,Population,49422
2025-10-01,Northwest Territories,Population,46038
2025-10-01,Nunavut,Population,42233
2026-01-01,Canada,Population,41716698
2026-01-01,Newfoundland and Labrador,Population,551564
2026-01-01,Prince Edward Island,Population,182576
2026-01-01,Nova Scotia,Population,1098558
2026-01-01,New Brunswick,Population,878596
2026-01-01,Quebec,Population,9057967
2026-01-01,Ontario,Population,16249344
2026-01-01,Manitoba,Population,1514362
2026-01-01,Saskatchewan,Population,1271629
2026-01-01,Alberta,Population,5067862
2026-01-01,British Columbia,Population,5706331
2026-01-01,Yukon,Population,49546
2026-01-01,Northwest Territories,Population,46046
2026-01-01,Nunavut,Population,42317
2026-04-01,Canada,Population,41718064
2026-04-01,Newfoundland and Labrador,Population,550881
2026-04-01,Prince Edward Island,Population,182700
2026-04-01,Nova Scotia,Population,1099399
2026-04-01,New Brunswick,Population,878549
2026-04-01,Quebec,Population,9053814
2026-04-01,Ontario,Population,16244194
2026-04-01,Manitoba,Population,1514157
2026-04-01,Saskatchewan,Population,1272936
2026-04-01,Alberta,Population,5079176
2026-04-01,British Columbia,Population,5703683
2026-04-01,Yukon,Population,49862
2026-04-01,Northwest Territories,Population,46071
2026-04-01,Nunavut,Population,42642
2026-07-01,Canada,Population,41798407
2026-07-01,Newfoundland and Labrador,Population,552462
2026-07-01,Prince Edward Island,Population,182989
2026-07-01,Nova Scotia,Population,1103419
2026-07-01,New Brunswick,Population,883522
2026-07-01,Quebec,Population,9067114
2026-07-01,Ontario,Population,16262121
2026-07-01,Manitoba,Population,1517379
2026-07-01,Saskatchewan,Population,1278402
2026-07-01,Alberta,Population,5101050
2026-07-01,British Columbia,Population,5710598
2026-07-01,Yukon,Population,50356
2026-07-01,Northwest Territories,Population,45904
2026-07-01,Nunavut,Population,43091
