date,geography,indicator,value
2001-01,Canada,Average weekly earnings including overtime for all employees,656.88
2001-01,Newfoundland and Labrador,Average weekly earnings including overtime for all employees,593.77
2001-01,Prince Edward Island,Average weekly earnings including overtime for all employees,524.16
2001-01,Nova Scotia,Average weekly earnings including overtime for all employees,569.08
2001-01,New Brunswick,Average weekly earnings including overtime for all employees,580.01
2001-01,Quebec,Average weekly earnings including overtime for all employees,627.63
2001-01,Ontario,Average weekly earnings including overtime for all employees,697.75
2001-01,Manitoba,Average weekly earnings including overtime for all employees,577.93
2001-01,Saskatchewan,Average weekly earnings including overtime for all employees,590.84
2001-01,Alberta,Average weekly earnings including overtime for all employees,663.82
2001-01,British Columbia,Average weekly earnings including overtime for all employees,656.81
2001-01,Yukon,Average weekly earnings including overtime for all employees,716.31
2001-01,Northwest Territories,Average weekly earnings including overtime for all employees,893.76
2001-01,Nunavut,Average weekly earnings including overtime for all employees,864.96
2001-02,Canada,Average weekly earnings including overtime for all employees,653.23
2001-02,Newfoundland and Labrador,Average weekly earnings including overtime for all employees,590.57
2001-02,Prince Edward Island,Average weekly earnings including overtime for all employees,527.8
2001-02,Nova Scotia,Average weekly earnings including overtime for all employees,570.91
2001-02,New Brunswick,Average weekly earnings including overtime for all employees,581.66
2001-02,Quebec,Average weekly earnings including overtime for all employees,625.45
2001-02,Ontario,Average weekly earnings including overtime for all employees,691.7
2001-02,Manitoba,Average weekly earnings including overtime for all employees,578.79
2001-02,Saskatchewan,Average weekly earnings including overtime for all employees,592.97
2001-02,Alberta,Average weekly earnings including overtime for all employees,661.91
2001-02,British Columbia,Average weekly earnings including overtime for all employees,653.24
2001-02,Yukon,Average weekly earnings including overtime for all employees,718.69
2001-02,Northwest Territories,Average weekly earnings including overtime for all employees,883.8
2001-02,Nunavut,Average weekly earnings including overtime for all employees,875.63
2001-03,Canada,Average weekly earnings including overtime for all employees,655.25
2001-03,Newfoundland and Labrador,Average weekly earnings including overtime for all employees,593.47
2001-03,Prince Edward Island,Average weekly earnings including overtime for all employees,528.67
2001-03,Nova Scotia,Average weekly earnings including overtime for all employees,571.19
2001-03,New Brunswick,Average weekly earnings including overtime for all employees,583.43
2001-03,Quebec,Average weekly earnings including overtime for all employees,623.31
2001-03,Ontario,Average weekly earnings including overtime for all employees,695.77
2001-03,Manitoba,Average weekly earnings including overtime for all employees,579.96
2001-03,Saskatchewan,Average weekly earnings including overtime for all employees,594.2
2001-03,Alberta,Average weekly earnings including overtime for all employees,668.04
2001-03,British Columbia,Average weekly earnings including overtime for all employees,652.61
2001-03,Yukon,Average weekly earnings including overtime for all employees,723.32
2001-03,Northwest Territories,Average weekly earnings including overtime for all employees,892.75
2001-03,Nunavut,Average weekly earnings including overtime for all employees,869.81
2001-04,Canada,Average weekly earnings including overtime for all employees,652.41
2001-04,Newfoundland and Labrador,Average weekly earnings including overtime for all employees,589.61
2001-04,Prince Edward Island,Average weekly earnings including overtime for all employees,521.6
2001-04,Nova Scotia,Average weekly earnings including overtime for all employees,568.54
2001-04,New Brunswick,Average weekly earnings including overtime for all employees,581.25
2001-04,Quebec,Average weekly earnings including overtime for all employees,620.24
2001-04,Ontario,Average weekly earnings including overtime for all employees,691.91
2001-04,Manitoba,Average weekly earnings including overtime for all employees,579.41
2001-04,Saskatchewan,Average weekly earnings including overtime for all employees,592.76
2001-04,Alberta,Average weekly earnings including overtime for all employees,669.34
2001-04,British Columbia,Average weekly earnings including overtime for all employees,653.63
2001-04,Yukon,Average weekly earnings including overtime for all employees,721.56
2001-04,Northwest Territories,Average weekly earnings including overtime for all employees,895.81
2001-04,Nunavut,Average weekly earnings including overtime for all employees,861.72
2001-05,Canada,Average weekly earnings including overtime for all employees,652.19
2001-05,Newfoundland and Labrador,Average weekly earnings including overtime for all employees,584.46
2001-05,Prince Edward Island,Average weekly earnings including overtime for all employees,520.5
2001-05,Nova Scotia,Average weekly earnings including overtime for all employees,564.98
2001-05,New Brunswick,Average weekly earnings including overtime for all employees,580.63
2001-05,Quebec,Average weekly earnings including overtime for all employees,610.5
2001-05,Ontario,Average weekly earnings including overtime for all employees,690.65
2001-05,Manitoba,Average weekly earnings including overtime for all employees,581.23
2001-05,Saskatchewan,Average weekly earnings including overtime for all employees,596.17
2001-05,Alberta,Average weekly earnings including overtime for all employees,672.01
2001-05,British Columbia,Average weekly earnings including overtime for all employees,661.22
2001-05,Yukon,Average weekly earnings including overtime for all employees,719.36
2001-05,Northwest Territories,Average weekly earnings including overtime for all employees,892.8
2001-05,Nunavut,Average weekly earnings including overtime for all employees,853.59
2001-06,Canada,Average weekly earnings including overtime for all employees,656.72
2001-06,Newfoundland and Labrador,Average weekly earnings including overtime for all employees,589.74
2001-06,Prince Edward Island,Average weekly earnings including overtime for all employees,525.69
2001-06,Nova Scotia,Average weekly earnings including overtime for all employees,571.94
2001-06,New Brunswick,Average weekly earnings including overtime for all employees,583.76
2001-06,Quebec,Average weekly earnings including overtime for all employees,625.76
2001-06,Ontario,Average weekly earnings including overtime for all employees,695.09
2001-06,Manitoba,Average weekly earnings including overtime for all employees,585.51
2001-06,Saskatchewan,Average weekly earnings including overtime for all employees,594.05
2001-06,Alberta,Average weekly earnings including overtime for all employees,675.01
2001-06,British Columbia,Average weekly earnings including overtime for all employees,656.29
2001-06,Yukon,Average weekly earnings including overtime for all employees,708.11
2001-06,Northwest Territories,Average weekly earnings including overtime for all employees,893.49
2001-06,Nunavut,Average weekly earnings including overtime for all employees,865.34
2001-07,Canada,Average weekly earnings including overtime for all employees,657.14
2001-07,Newfoundland and Labrador,Average weekly earnings including overtime for all employees,588.96
2001-07,Prince Edward Island,Average weekly earnings including overtime for all employees,526.65
2001-07,Nova Scotia,Average weekly earnings including overtime for all employees,574.79
2001-07,New Brunswick,Average weekly earnings including overtime for all employees,583.68
2001-07,Quebec,Average weekly earnings including overtime for all employees,622.48
2001-07,Ontario,Average weekly earnings including overtime for all employees,696.28
2001-07,Manitoba,Average weekly earnings including overtime for all employees,588.53
2001-07,Saskatchewan,Average weekly earnings including overtime for all employees,593.23
2001-07,Alberta,Average weekly earnings including overtime for all employees,674.35
2001-07,British Columbia,Average weekly earnings including overtime for all employees,658.82
2001-07,Yukon,Average weekly earnings including overtime for all employees,711.6
2001-07,Northwest Territories,Average weekly earnings including overtime for all employees,874.45
2001-07,Nunavut,Average weekly earnings including overtime for all employees,860.0
2001-08,Canada,Average weekly earnings including overtime for all employees,659.47
2001-08,Newfoundland and Labrador,Average weekly earnings including overtime for all employees,595.79
2001-08,Prince Edward Island,Average weekly earnings including overtime for all employees,550.83
2001-08,Nova Scotia,Average weekly earnings including overtime for all employees,580.43
2001-08,New Brunswick,Average weekly earnings including overtime for all employees,608.55
2001-08,Quebec,Average weekly earnings including overtime for all employees,624.76
2001-08,Ontario,Average weekly earnings including overtime for all employees,695.53
2001-08,Manitoba,Average weekly earnings including overtime for all employees,593.48
2001-08,Saskatchewan,Average weekly earnings including overtime for all employees,604.51
2001-08,Alberta,Average weekly earnings including overtime for all employees,679.33
2001-08,British Columbia,Average weekly earnings including overtime for all employees,661.31
2001-08,Yukon,Average weekly earnings including overtime for all employees,712.46
2001-08,Northwest Territories,Average weekly earnings including overtime for all employees,886.82
2001-08,Nunavut,Average weekly earnings including overtime for all employees,864.3
2001-09,Canada,Average weekly earnings including overtime for all employees,659.92
2001-09,Newfoundland and Labrador,Average weekly earnings including overtime for all employees,601.94
2001-09,Prince Edward Island,Average weekly earnings including overtime for all employees,536.43
2001-09,Nova Scotia,Average weekly earnings including overtime for all employees,580.0
2001-09,New Brunswick,Average weekly earnings including overtime for all employees,593.38
2001-09,Quebec,Average weekly earnings including overtime for all employees,625.05
2001-09,Ontario,Average weekly earnings including overtime for all employees,698.91
2001-09,Manitoba,Average weekly earnings including overtime for all employees,589.95
2001-09,Saskatchewan,Average weekly earnings including overtime for all employees,599.52
2001-09,Alberta,Average weekly earnings including overtime for all employees,686.34
2001-09,British Columbia,Average weekly earnings including overtime for all employees,659.61
2001-09,Yukon,Average weekly earnings including overtime for all employees,710.23
2001-09,Northwest Territories,Average weekly earnings including overtime for all employees,875.32
2001-09,Nunavut,Average weekly earnings including overtime for all employees,884.64
2001-10,Canada,Average weekly earnings including overtime for all employees,660.91
2001-10,Newfoundland and Labrador,Average weekly earnings including overtime for all employees,596.51
2001-10,Prince Edward Island,Average weekly earnings including overtime for all employees,538.07
2001-10,Nova Scotia,Average weekly earnings including overtime for all employees,584.9
2001-10,New Brunswick,Average weekly earnings including overtime for all employees,592.97
2001-10,Quebec,Average weekly earnings including overtime for all employees,624.7
2001-10,Ontario,Average weekly earnings including overtime for all employees,697.46
2001-10,Manitoba,Average weekly earnings including overtime for all employees,589.03
2001-10,Saskatchewan,Average weekly earnings including overtime for all employees,602.95
2001-10,Alberta,Average weekly earnings including overtime for all employees,687.07
2001-10,British Columbia,Average weekly earnings including overtime for all employees,662.84
2001-10,Yukon,Average weekly earnings including overtime for all employees,730.72
2001-10,Northwest Territories,Average weekly earnings including overtime for all employees,881.62
2001-10,Nunavut,Average weekly earnings including overtime for all employees,893.82
2001-11,Canada,Average weekly earnings including overtime for all employees,659.71
2001-11,Newfoundland and Labrador,Average weekly earnings including overtime for all employees,590.36
2001-11,Prince Edward Island,Average weekly earnings including overtime for all employees,533.43
2001-11,Nova Scotia,Average weekly earnings including overtime for all employees,586.67
2001-11,New Brunswick,Average weekly earnings including overtime for all employees,595.48
2001-11,Quebec,Average weekly earnings including overtime for all employees,624.06
2001-11,Ontario,Average weekly earnings including overtime for all employees,700.87
2001-11,Manitoba,Average weekly earnings including overtime for all employees,585.98
2001-11,Saskatchewan,Average weekly earnings including overtime for all employees,595.6
2001-11,Alberta,Average weekly earnings including overtime for all employees,676.37
2001-11,British Columbia,Average weekly earnings including overtime for all employees,654.68
2001-11,Yukon,Average weekly earnings including overtime for all employees,725.82
2001-11,Northwest Territories,Average weekly earnings including overtime for all employees,871.54
2001-11,Nunavut,Average weekly earnings including overtime for all employees,881.92
2001-12,Canada,Average weekly earnings including overtime for all employees,660.39
2001-12,Newfoundland and Labrador,Average weekly earnings including overtime for all employees,596.07
2001-12,Prince Edward Island,Average weekly earnings including overtime for all employees,546.97
2001-12,Nova Scotia,Average weekly earnings including overtime for all employees,589.45
2001-12,New Brunswick,Average weekly earnings including overtime for all employees,598.93
2001-12,Quebec,Average weekly earnings including overtime for all employees,628.01
2001-12,Ontario,Average weekly earnings including overtime for all employees,698.38
2001-12,Manitoba,Average weekly earnings including overtime for all employees,590.3
2001-12,Saskatchewan,Average weekly earnings including overtime for all employees,603.83
2001-12,Alberta,Average weekly earnings including overtime for all employees,677.16
2001-12,British Columbia,Average weekly earnings including overtime for all employees,658.95
2001-12,Yukon,Average weekly earnings including overtime for all employees,740.53
2001-12,Northwest Territories,Average weekly earnings including overtime for all employees,886.76
2001-12,Nunavut,Average weekly earnings including overtime for all employees,887.83
2002-01,Canada,Average weekly earnings including overtime for all employees,662.86
2002-01,Newfoundland and Labrador,Average weekly earnings including overtime for all employees,598.51
2002-01,Prince Edward Island,Average weekly earnings including overtime for all employees,550.72
2002-01,Nova Scotia,Average weekly earnings including overtime for all employees,590.06
2002-01,New Brunswick,Average weekly earnings including overtime for all employees,594.5
2002-01,Quebec,Average weekly earnings including overtime for all employees,632.94
2002-01,Ontario,Average weekly earnings including overtime for all employees,697.67
2002-01,Manitoba,Average weekly earnings including overtime for all employees,590.46
2002-01,Saskatchewan,Average weekly earnings including overtime for all employees,605.03
2002-01,Alberta,Average weekly earnings including overtime for all employees,683.2
2002-01,British Columbia,Average weekly earnings including overtime for all employees,659.72
2002-01,Yukon,Average weekly earnings including overtime for all employees,738.59
2002-01,Northwest Territories,Average weekly earnings including overtime for all employees,889.48
2002-01,Nunavut,Average weekly earnings including overtime for all employees,877.53
2002-02,Canada,Average weekly earnings including overtime for all employees,659.68
2002-02,Newfoundland and Labrador,Average weekly earnings including overtime for all employees,588.8
2002-02,Prince Edward Island,Average weekly earnings including overtime for all employees,546.62
2002-02,Nova Scotia,Average weekly earnings including overtime for all employees,587.49
2002-02,New Brunswick,Average weekly earnings including overtime for all employees,592.52
2002-02,Quebec,Average weekly earnings including overtime for all employees,626.68
2002-02,Ontario,Average weekly earnings including overtime for all employees,696.62
2002-02,Manitoba,Average weekly earnings including overtime for all employees,592.29
2002-02,Saskatchewan,Average weekly earnings including overtime for all employees,598.21
2002-02,Alberta,Average weekly earnings including overtime for all employees,679.11
2002-02,British Columbia,Average weekly earnings including overtime for all employees,658.24
2002-02,Yukon,Average weekly earnings including overtime for all employees,732.79
2002-02,Northwest Territories,Average weekly earnings including overtime for all employees,889.38
2002-02,Nunavut,Average weekly earnings including overtime for all employees,882.4
2002-03,Canada,Average weekly earnings including overtime for all employees,667.09
2002-03,Newfoundland and Labrador,Average weekly earnings including overtime for all employees,600.29
2002-03,Prince Edward Island,Average weekly earnings including overtime for all employees,559.51
2002-03,Nova Scotia,Average weekly earnings including overtime for all employees,590.73
2002-03,New Brunswick,Average weekly earnings including overtime for all employees,600.46
2002-03,Quebec,Average weekly earnings including overtime for all employees,633.57
2002-03,Ontario,Average weekly earnings including overtime for all employees,703.95
2002-03,Manitoba,Average weekly earnings including overtime for all employees,595.65
2002-03,Saskatchewan,Average weekly earnings including overtime for all employees,603.61
2002-03,Alberta,Average weekly earnings including overtime for all employees,687.73
2002-03,British Columbia,Average weekly earnings including overtime for all employees,671.64
2002-03,Yukon,Average weekly earnings including overtime for all employees,741.56
2002-03,Northwest Territories,Average weekly earnings including overtime for all employees,918.96
2002-03,Nunavut,Average weekly earnings including overtime for all employees,905.29
2002-04,Canada,Average weekly earnings including overtime for all employees,672.33
2002-04,Newfoundland and Labrador,Average weekly earnings including overtime for all employees,602.15
2002-04,Prince Edward Island,Average weekly earnings including overtime for all employees,557.38
2002-04,Nova Scotia,Average weekly earnings including overtime for all employees,595.6
2002-04,New Brunswick,Average weekly earnings including overtime for all employees,604.27
2002-04,Quebec,Average weekly earnings including overtime for all employees,640.58
2002-04,Ontario,Average weekly earnings including overtime for all employees,709.06
2002-04,Manitoba,Average weekly earnings including overtime for all employees,602.8
2002-04,Saskatchewan,Average weekly earnings including overtime for all employees,613.42
2002-04,Alberta,Average weekly earnings including overtime for all employees,691.1
2002-04,British Columbia,Average weekly earnings including overtime for all employees,673.25
2002-04,Yukon,Average weekly earnings including overtime for all employees,758.14
2002-04,Northwest Territories,Average weekly earnings including overtime for all employees,907.44
2002-04,Nunavut,Average weekly earnings including overtime for all employees,929.4
2002-05,Canada,Average weekly earnings including overtime for all employees,671.43
2002-05,Newfoundland and Labrador,Average weekly earnings including overtime for all employees,607.23
2002-05,Prince Edward Island,Average weekly earnings including overtime for all employees,558.41
2002-05,Nova Scotia,Average weekly earnings including overtime for all employees,595.54
2002-05,New Brunswick,Average weekly earnings including overtime for all employees,605.18
2002-05,Quebec,Average weekly earnings including overtime for all employees,638.68
2002-05,Ontario,Average weekly earnings including overtime for all employees,708.39
2002-05,Manitoba,Average weekly earnings including overtime for all employees,603.54
2002-05,Saskatchewan,Average weekly earnings including overtime for all employees,605.32
2002-05,Alberta,Average weekly earnings including overtime for all employees,687.77
2002-05,British Columbia,Average weekly earnings including overtime for all employees,668.92
2002-05,Yukon,Average weekly earnings including overtime for all employees,740.85
2002-05,Northwest Territories,Average weekly earnings including overtime for all employees,905.89
2002-05,Nunavut,Average weekly earnings including overtime for all employees,898.22
2002-06,Canada,Average weekly earnings including overtime for all employees,670.32
2002-06,Newfoundland and Labrador,Average weekly earnings including overtime for all employees,604.95
2002-06,Prince Edward Island,Average weekly earnings including overtime for all employees,559.16
2002-06,Nova Scotia,Average weekly earnings including overtime for all employees,597.03
2002-06,New Brunswick,Average weekly earnings including overtime for all employees,604.85
2002-06,Quebec,Average weekly earnings including overtime for all employees,635.37
2002-06,Ontario,Average weekly earnings including overtime for all employees,708.94
2002-06,Manitoba,Average weekly earnings including overtime for all employees,602.69
2002-06,Saskatchewan,Average weekly earnings including overtime for all employees,605.27
2002-06,Alberta,Average weekly earnings including overtime for all employees,695.02
2002-06,British Columbia,Average weekly earnings including overtime for all employees,669.21
2002-06,Yukon,Average weekly earnings including overtime for all employees,752.23
2002-06,Northwest Territories,Average weekly earnings including overtime for all employees,909.85
2002-06,Nunavut,Average weekly earnings including overtime for all employees,881.07
2002-07,Canada,Average weekly earnings including overtime for all employees,677.47
2002-07,Newfoundland and Labrador,Average weekly earnings including overtime for all employees,605.63
2002-07,Prince Edward Island,Average weekly earnings including overtime for all employees,558.14
2002-07,Nova Scotia,Average weekly earnings including overtime for all employees,603.57
2002-07,New Brunswick,Average weekly earnings including overtime for all employees,608.11
2002-07,Quebec,Average weekly earnings including overtime for all employees,641.4
2002-07,Ontario,Average weekly earnings including overtime for all employees,716.27
2002-07,Manitoba,Average weekly earnings including overtime for all employees,609.94
2002-07,Saskatchewan,Average weekly earnings including overtime for all employees,614.93
2002-07,Alberta,Average weekly earnings including overtime for all employees,695.72
2002-07,British Columbia,Average weekly earnings including overtime for all employees,674.17
2002-07,Yukon,Average weekly earnings including overtime for all employees,753.45
2002-07,Northwest Territories,Average weekly earnings including overtime for all employees,919.77
2002-07,Nunavut,Average weekly earnings including overtime for all employees,892.34
2002-08,Canada,Average weekly earnings including overtime for all employees,672.17
2002-08,Newfoundland and Labrador,Average weekly earnings including overtime for all employees,606.68
2002-08,Prince Edward Island,Average weekly earnings including overtime for all employees,557.45
2002-08,Nova Scotia,Average weekly earnings including overtime for all employees,594.02
2002-08,New Brunswick,Average weekly earnings including overtime for all employees,604.13
2002-08,Quebec,Average weekly earnings including overtime for all employees,638.89
2002-08,Ontario,Average weekly earnings including overtime for all employees,712.09
2002-08,Manitoba,Average weekly earnings including overtime for all employees,603.87
2002-08,Saskatchewan,Average weekly earnings including overtime for all employees,607.65
2002-08,Alberta,Average weekly earnings including overtime for all employees,689.5
2002-08,British Columbia,Average weekly earnings including overtime for all employees,666.52
2002-08,Yukon,Average weekly earnings including overtime for all employees,723.63
2002-08,Northwest Territories,Average weekly earnings including overtime for all employees,904.31
2002-08,Nunavut,Average weekly earnings including overtime for all employees,884.91
2002-09,Canada,Average weekly earnings including overtime for all employees,674.17
2002-09,Newfoundland and Labrador,Average weekly earnings including overtime for all employees,613.78
2002-09,Prince Edward Island,Average weekly earnings including overtime for all employees,554.46
2002-09,Nova Scotia,Average weekly earnings including overtime for all employees,594.99
2002-09,New Brunswick,Average weekly earnings including overtime for all employees,601.4
2002-09,Quebec,Average weekly earnings including overtime for all employees,637.58
2002-09,Ontario,Average weekly earnings including overtime for all employees,715.54
2002-09,Manitoba,Average weekly earnings including overtime for all employees,605.67
2002-09,Saskatchewan,Average weekly earnings including overtime for all employees,614.64
2002-09,Alberta,Average weekly earnings including overtime for all employees,689.71
2002-09,British Columbia,Average weekly earnings including overtime for all employees,674.46
2002-09,Yukon,Average weekly earnings including overtime for all employees,752.55
2002-09,Northwest Territories,Average weekly earnings including overtime for all employees,919.5
2002-09,Nunavut,Average weekly earnings including overtime for all employees,879.18
2002-10,Canada,Average weekly earnings including overtime for all employees,679.35
2002-10,Newfoundland and Labrador,Average weekly earnings including overtime for all employees,618.31
2002-10,Prince Edward Island,Average weekly earnings including overtime for all employees,560.54
2002-10,Nova Scotia,Average weekly earnings including overtime for all employees,601.54
2002-10,New Brunswick,Average weekly earnings including overtime for all employees,611.15
2002-10,Quebec,Average weekly earnings including overtime for all employees,645.18
2002-10,Ontario,Average weekly earnings including overtime for all employees,719.4
2002-10,Manitoba,Average weekly earnings including overtime for all employees,608.26
2002-10,Saskatchewan,Average weekly earnings including overtime for all employees,616.81
2002-10,Alberta,Average weekly earnings including overtime for all employees,695.4
2002-10,British Columbia,Average weekly earnings including overtime for all employees,673.44
2002-10,Yukon,Average weekly earnings including overtime for all employees,759.59
2002-10,Northwest Territories,Average weekly earnings including overtime for all employees,931.22
2002-10,Nunavut,Average weekly earnings including overtime for all employees,885.42
2002-11,Canada,Average weekly earnings including overtime for all employees,680.45
2002-11,Newfoundland and Labrador,Average weekly earnings including overtime for all employees,627.52
2002-11,Prince Edward Island,Average weekly earnings including overtime for all employees,562.79
2002-11,Nova Scotia,Average weekly earnings including overtime for all employees,602.34
2002-11,New Brunswick,Average weekly earnings including overtime for all employees,607.13
2002-11,Quebec,Average weekly earnings including overtime for all employees,646.4
2002-11,Ontario,Average weekly earnings including overtime for all employees,720.22
2002-11,Manitoba,Average weekly earnings including overtime for all employees,617.5
2002-11,Saskatchewan,Average weekly earnings including overtime for all employees,618.16
2002-11,Alberta,Average weekly earnings including overtime for all employees,697.97
2002-11,British Columbia,Average weekly earnings including overtime for all employees,676.17
2002-11,Yukon,Average weekly earnings including overtime for all employees,748.36
2002-11,Northwest Territories,Average weekly earnings including overtime for all employees,931.68
2002-11,Nunavut,Average weekly earnings including overtime for all employees,905.98
2002-12,Canada,Average weekly earnings including overtime for all employees,685.21
2002-12,Newfoundland and Labrador,Average weekly earnings including overtime for all employees,632.05
2002-12,Prince Edward Island,Average weekly earnings including overtime for all employees,565.31
2002-12,Nova Scotia,Average weekly earnings including overtime for all employees,605.77
2002-12,New Brunswick,Average weekly earnings including overtime for all employees,607.75
2002-12,Quebec,Average weekly earnings including overtime for all employees,649.59
2002-12,Ontario,Average weekly earnings including overtime for all employees,722.68
2002-12,Manitoba,Average weekly earnings including overtime for all employees,621.08
2002-12,Saskatchewan,Average weekly earnings including overtime for all employees,624.64
2002-12,Alberta,Average weekly earnings including overtime for all employees,705.7
2002-12,British Columbia,Average weekly earnings including overtime for all employees,686.38
2002-12,Yukon,Average weekly earnings including overtime for all employees,775.04
2002-12,Northwest Territories,Average weekly earnings including overtime for all employees,968.07
2002-12,Nunavut,Average weekly earnings including overtime for all employees,905.64
2003-01,Canada,Average weekly earnings including overtime for all employees,680.23
2003-01,Newfoundland and Labrador,Average weekly earnings including overtime for all employees,624.44
2003-01,Prince Edward Island,Average weekly earnings including overtime for all employees,563.64
2003-01,Nova Scotia,Average weekly earnings including overtime for all employees,605.71
2003-01,New Brunswick,Average weekly earnings including overtime for all employees,607.89
2003-01,Quebec,Average weekly earnings including overtime for all employees,646.49
2003-01,Ontario,Average weekly earnings including overtime for all employees,715.27
2003-01,Manitoba,Average weekly earnings including overtime for all employees,614.67
2003-01,Saskatchewan,Average weekly earnings including overtime for all employees,621.26
2003-01,Alberta,Average weekly earnings including overtime for all employees,703.82
2003-01,British Columbia,Average weekly earnings including overtime for all employees,679.54
2003-01,Yukon,Average weekly earnings including overtime for all employees,750.99
2003-01,Northwest Territories,Average weekly earnings including overtime for all employees,950.25
2003-01,Nunavut,Average weekly earnings including overtime for all employees,908.97
2003-02,Canada,Average weekly earnings including overtime for all employees,686.95
2003-02,Newfoundland and Labrador,Average weekly earnings including overtime for all employees,635.42
2003-02,Prince Edward Island,Average weekly earnings including overtime for all employees,571.43
2003-02,Nova Scotia,Average weekly earnings including overtime for all employees,608.28
2003-02,New Brunswick,Average weekly earnings including overtime for all employees,610.62
2003-02,Quebec,Average weekly earnings including overtime for all employees,652.79
2003-02,Ontario,Average weekly earnings including overtime for all employees,724.14
2003-02,Manitoba,Average weekly earnings including overtime for all employees,616.47
2003-02,Saskatchewan,Average weekly earnings including overtime for all employees,630.89
2003-02,Alberta,Average weekly earnings including overtime for all employees,711.23
2003-02,British Columbia,Average weekly earnings including overtime for all employees,682.47
2003-02,Yukon,Average weekly earnings including overtime for all employees,758.77
2003-02,Northwest Territories,Average weekly earnings including overtime for all employees,966.76
2003-02,Nunavut,Average weekly earnings including overtime for all employees,903.48
2003-03,Canada,Average weekly earnings including overtime for all employees,682.41
2003-03,Newfoundland and Labrador,Average weekly earnings including overtime for all employees,629.42
2003-03,Prince Edward Island,Average weekly earnings including overtime for all employees,559.02
2003-03,Nova Scotia,Average weekly earnings including overtime for all employees,605.84
2003-03,New Brunswick,Average weekly earnings including overtime for all employees,609.54
2003-03,Quebec,Average weekly earnings including overtime for all employees,649.41
2003-03,Ontario,Average weekly earnings including overtime for all employees,720.48
2003-03,Manitoba,Average weekly earnings including overtime for all employees,615.63
2003-03,Saskatchewan,Average weekly earnings including overtime for all employees,627.02
2003-03,Alberta,Average weekly earnings including overtime for all employees,703.32
2003-03,British Columbia,Average weekly earnings including overtime for all employees,678.27
2003-03,Yukon,Average weekly earnings including overtime for all employees,748.58
2003-03,Northwest Territories,Average weekly earnings including overtime for all employees,951.47
2003-03,Nunavut,Average weekly earnings including overtime for all employees,902.39
2003-04,Canada,Average weekly earnings including overtime for all employees,685.79
2003-04,Newfoundland and Labrador,Average weekly earnings including overtime for all employees,632.97
2003-04,Prince Edward Island,Average weekly earnings including overtime for all employees,562.88
2003-04,Nova Scotia,Average weekly earnings including overtime for all employees,611.53
2003-04,New Brunswick,Average weekly earnings including overtime for all employees,614.27
2003-04,Quebec,Average weekly earnings including overtime for all employees,650.96
2003-04,Ontario,Average weekly earnings including overtime for all employees,721.21
2003-04,Manitoba,Average weekly earnings including overtime for all employees,617.16
2003-04,Saskatchewan,Average weekly earnings including overtime for all employees,633.3
2003-04,Alberta,Average weekly earnings including overtime for all employees,712.73
2003-04,British Columbia,Average weekly earnings including overtime for all employees,683.88
2003-04,Yukon,Average weekly earnings including overtime for all employees,745.39
2003-04,Northwest Territories,Average weekly earnings including overtime for all employees,959.15
2003-04,Nunavut,Average weekly earnings including overtime for all employees,909.66
2003-05,Canada,Average weekly earnings including overtime for all employees,684.85
2003-05,Newfoundland and Labrador,Average weekly earnings including overtime for all employees,638.4
2003-05,Prince Edward Island,Average weekly earnings including overtime for all employees,566.9
2003-05,Nova Scotia,Average weekly earnings including overtime for all employees,610.48
2003-05,New Brunswick,Average weekly earnings including overtime for all employees,613.41
2003-05,Quebec,Average weekly earnings including overtime for all employees,652.19
2003-05,Ontario,Average weekly earnings including overtime for all employees,722.77
2003-05,Manitoba,Average weekly earnings including overtime for all employees,614.57
2003-05,Saskatchewan,Average weekly earnings including overtime for all employees,627.76
2003-05,Alberta,Average weekly earnings including overtime for all employees,704.12
2003-05,British Columbia,Average weekly earnings including overtime for all employees,675.58
2003-05,Yukon,Average weekly earnings including overtime for all employees,743.08
2003-05,Northwest Territories,Average weekly earnings including overtime for all employees,938.65
2003-05,Nunavut,Average weekly earnings including overtime for all employees,899.15
2003-06,Canada,Average weekly earnings including overtime for all employees,691.5
2003-06,Newfoundland and Labrador,Average weekly earnings including overtime for all employees,646.34
2003-06,Prince Edward Island,Average weekly earnings including overtime for all employees,568.19
2003-06,Nova Scotia,Average weekly earnings including overtime for all employees,610.23
2003-06,New Brunswick,Average weekly earnings including overtime for all employees,618.05
2003-06,Quebec,Average weekly earnings including overtime for all employees,655.7
2003-06,Ontario,Average weekly earnings including overtime for all employees,728.74
2003-06,Manitoba,Average weekly earnings including overtime for all employees,618.71
2003-06,Saskatchewan,Average weekly earnings including overtime for all employees,641.75
2003-06,Alberta,Average weekly earnings including overtime for all employees,716.91
2003-06,British Columbia,Average weekly earnings including overtime for all employees,689.85
2003-06,Yukon,Average weekly earnings including overtime for all employees,760.55
2003-06,Northwest Territories,Average weekly earnings including overtime for all employees,950.86
2003-06,Nunavut,Average weekly earnings including overtime for all employees,904.61
2003-07,Canada,Average weekly earnings including overtime for all employees,691.46
2003-07,Newfoundland and Labrador,Average weekly earnings including overtime for all employees,650.66
2003-07,Prince Edward Island,Average weekly earnings including overtime for all employees,567.08
2003-07,Nova Scotia,Average weekly earnings including overtime for all employees,609.49
2003-07,New Brunswick,Average weekly earnings including overtime for all employees,623.55
2003-07,Quebec,Average weekly earnings including overtime for all employees,656.51
2003-07,Ontario,Average weekly earnings including overtime for all employees,726.86
2003-07,Manitoba,Average weekly earnings including overtime for all employees,618.34
2003-07,Saskatchewan,Average weekly earnings including overtime for all employees,635.9
2003-07,Alberta,Average weekly earnings including overtime for all employees,720.08
2003-07,British Columbia,Average weekly earnings including overtime for all employees,684.17
2003-07,Yukon,Average weekly earnings including overtime for all employees,739.28
2003-07,Northwest Territories,Average weekly earnings including overtime for all employees,953.81
2003-07,Nunavut,Average weekly earnings including overtime for all employees,914.52
2003-08,Canada,Average weekly earnings including overtime for all employees,694.25
2003-08,Newfoundland and Labrador,Average weekly earnings including overtime for all employees,653.6
2003-08,Prince Edward Island,Average weekly earnings including overtime for all employees,575.61
2003-08,Nova Scotia,Average weekly earnings including overtime for all employees,612.3
2003-08,New Brunswick,Average weekly earnings including overtime for all employees,625.94
2003-08,Quebec,Average weekly earnings including overtime for all employees,657.83
2003-08,Ontario,Average weekly earnings including overtime for all employees,734.62
2003-08,Manitoba,Average weekly earnings including overtime for all employees,621.81
2003-08,Saskatchewan,Average weekly earnings including overtime for all employees,636.07
2003-08,Alberta,Average weekly earnings including overtime for all employees,722.06
2003-08,British Columbia,Average weekly earnings including overtime for all employees,688.05
2003-08,Yukon,Average weekly earnings including overtime for all employees,746.18
2003-08,Northwest Territories,Average weekly earnings including overtime for all employees,943.72
2003-08,Nunavut,Average weekly earnings including overtime for all employees,919.57
2003-09,Canada,Average weekly earnings including overtime for all employees,697.73
2003-09,Newfoundland and Labrador,Average weekly earnings including overtime for all employees,644.18
2003-09,Prince Edward Island,Average weekly earnings including overtime for all employees,580.62
2003-09,Nova Scotia,Average weekly earnings including overtime for all employees,613.51
2003-09,New Brunswick,Average weekly earnings including overtime for all employees,625.97
2003-09,Quebec,Average weekly earnings including overtime for all employees,661.99
2003-09,Ontario,Average weekly earnings including overtime for all employees,736.52
2003-09,Manitoba,Average weekly earnings including overtime for all employees,626.22
2003-09,Saskatchewan,Average weekly earnings including overtime for all employees,644.47
2003-09,Alberta,Average weekly earnings including overtime for all employees,724.18
2003-09,British Columbia,Average weekly earnings including overtime for all employees,689.46
2003-09,Yukon,Average weekly earnings including overtime for all employees,762.22
2003-09,Northwest Territories,Average weekly earnings including overtime for all employees,973.67
2003-09,Nunavut,Average weekly earnings including overtime for all employees,913.89
2003-10,Canada,Average weekly earnings including overtime for all employees,696.98
2003-10,Newfoundland and Labrador,Average weekly earnings including overtime for all employees,629.6
2003-10,Prince Edward Island,Average weekly earnings including overtime for all employees,576.55
2003-10,Nova Scotia,Average weekly earnings including overtime for all employees,612.82
2003-10,New Brunswick,Average weekly earnings including overtime for all employees,623.34
2003-10,Quebec,Average weekly earnings including overtime for all employees,664.08
2003-10,Ontario,Average weekly earnings including overtime for all employees,736.24
2003-10,Manitoba,Average weekly earnings including overtime for all employees,624.09
2003-10,Saskatchewan,Average weekly earnings including overtime for all employees,639.53
2003-10,Alberta,Average weekly earnings including overtime for all employees,717.65
2003-10,British Columbia,Average weekly earnings including overtime for all employees,689.7
2003-10,Yukon,Average weekly earnings including overtime for all employees,738.98
2003-10,Northwest Territories,Average weekly earnings including overtime for all employees,954.52
2003-10,Nunavut,Average weekly earnings including overtime for all employees,905.49
2003-11,Canada,Average weekly earnings including overtime for all employees,700.21
2003-11,Newfoundland and Labrador,Average weekly earnings including overtime for all employees,646.53
2003-11,Prince Edward Island,Average weekly earnings including overtime for all employees,578.42
2003-11,Nova Scotia,Average weekly earnings including overtime for all employees,614.1
2003-11,New Brunswick,Average weekly earnings including overtime for all employees,627.88
2003-11,Quebec,Average weekly earnings including overtime for all employees,668.24
2003-11,Ontario,Average weekly earnings including overtime for all employees,737.35
2003-11,Manitoba,Average weekly earnings including overtime for all employees,625.99
2003-11,Saskatchewan,Average weekly earnings including overtime for all employees,645.5
2003-11,Alberta,Average weekly earnings including overtime for all employees,728.76
2003-11,British Columbia,Average weekly earnings including overtime for all employees,698.79
2003-11,Yukon,Average weekly earnings including overtime for all employees,757.26
2003-11,Northwest Territories,Average weekly earnings including overtime for all employees,971.45
2003-11,Nunavut,Average weekly earnings including overtime for all employees,926.78
2003-12,Canada,Average weekly earnings including overtime for all employees,698.61
2003-12,Newfoundland and Labrador,Average weekly earnings including overtime for all employees,641.78
2003-12,Prince Edward Island,Average weekly earnings including overtime for all employees,571.83
2003-12,Nova Scotia,Average weekly earnings including overtime for all employees,614.74
2003-12,New Brunswick,Average weekly earnings including overtime for all employees,619.66
2003-12,Quebec,Average weekly earnings including overtime for all employees,666.95
2003-12,Ontario,Average weekly earnings including overtime for all employees,737.23
2003-12,Manitoba,Average weekly earnings including overtime for all employees,628.9
2003-12,Saskatchewan,Average weekly earnings including overtime for all employees,643.18
2003-12,Alberta,Average weekly earnings including overtime for all employees,723.03
2003-12,British Columbia,Average weekly earnings including overtime for all employees,685.77
2003-12,Yukon,Average weekly earnings including overtime for all employees,745.36
2003-12,Northwest Territories,Average weekly earnings including overtime for all employees,959.05
2003-12,Nunavut,Average weekly earnings including overtime for all employees,933.52
2004-01,Canada,Average weekly earnings including overtime for all employees,701.73
2004-01,Newfoundland and Labrador,Average weekly earnings including overtime for all employees,645.88
2004-01,Prince Edward Island,Average weekly earnings including overtime for all employees,578.58
2004-01,Nova Scotia,Average weekly earnings including overtime for all employees,613.74
2004-01,New Brunswick,Average weekly earnings including overtime for all employees,626.76
2004-01,Quebec,Average weekly earnings including overtime for all employees,663.6
2004-01,Ontario,Average weekly earnings including overtime for all employees,744.15
2004-01,Manitoba,Average weekly earnings including overtime for all employees,630.25
2004-01,Saskatchewan,Average weekly earnings including overtime for all employees,639.7
2004-01,Alberta,Average weekly earnings including overtime for all employees,730.42
2004-01,British Columbia,Average weekly earnings including overtime for all employees,689.9
2004-01,Yukon,Average weekly earnings including overtime for all employees,755.72
2004-01,Northwest Territories,Average weekly earnings including overtime for all employees,963.29
2004-01,Nunavut,Average weekly earnings including overtime for all employees,918.6
2004-02,Canada,Average weekly earnings including overtime for all employees,701.71
2004-02,Newfoundland and Labrador,Average weekly earnings including overtime for all employees,652.85
2004-02,Prince Edward Island,Average weekly earnings including overtime for all employees,571.5
2004-02,Nova Scotia,Average weekly earnings including overtime for all employees,611.7
2004-02,New Brunswick,Average weekly earnings including overtime for all employees,622.62
2004-02,Quebec,Average weekly earnings including overtime for all employees,665.6
2004-02,Ontario,Average weekly earnings including overtime for all employees,742.48
2004-02,Manitoba,Average weekly earnings including overtime for all employees,631.59
2004-02,Saskatchewan,Average weekly earnings including overtime for all employees,642.15
2004-02,Alberta,Average weekly earnings including overtime for all employees,730.43
2004-02,British Columbia,Average weekly earnings including overtime for all employees,693.29
2004-02,Yukon,Average weekly earnings including overtime for all employees,760.01
2004-02,Northwest Territories,Average weekly earnings including overtime for all employees,977.28
2004-02,Nunavut,Average weekly earnings including overtime for all employees,925.42
2004-03,Canada,Average weekly earnings including overtime for all employees,705.2
2004-03,Newfoundland and Labrador,Average weekly earnings including overtime for all employees,655.94
2004-03,Prince Edward Island,Average weekly earnings including overtime for all employees,576.19
2004-03,Nova Scotia,Average weekly earnings including overtime for all employees,618.18
2004-03,New Brunswick,Average weekly earnings including overtime for all employees,620.84
2004-03,Quebec,Average weekly earnings including overtime for all employees,666.42
2004-03,Ontario,Average weekly earnings including overtime for all employees,744.72
2004-03,Manitoba,Average weekly earnings including overtime for all employees,630.26
2004-03,Saskatchewan,Average weekly earnings including overtime for all employees,648.71
2004-03,Alberta,Average weekly earnings including overtime for all employees,738.33
2004-03,British Columbia,Average weekly earnings including overtime for all employees,696.54
2004-03,Yukon,Average weekly earnings including overtime for all employees,759.43
2004-03,Northwest Territories,Average weekly earnings including overtime for all employees,985.23
2004-03,Nunavut,Average weekly earnings including overtime for all employees,924.13
2004-04,Canada,Average weekly earnings including overtime for all employees,704.12
2004-04,Newfoundland and Labrador,Average weekly earnings including overtime for all employees,638.61
2004-04,Prince Edward Island,Average weekly earnings including overtime for all employees,582.89
2004-04,Nova Scotia,Average weekly earnings including overtime for all employees,620.45
2004-04,New Brunswick,Average weekly earnings including overtime for all employees,620.86
2004-04,Quebec,Average weekly earnings including overtime for all employees,669.1
2004-04,Ontario,Average weekly earnings including overtime for all employees,746.72
2004-04,Manitoba,Average weekly earnings including overtime for all employees,630.34
2004-04,Saskatchewan,Average weekly earnings including overtime for all employees,641.17
2004-04,Alberta,Average weekly earnings including overtime for all employees,728.14
2004-04,British Columbia,Average weekly earnings including overtime for all employees,687.28
2004-04,Yukon,Average weekly earnings including overtime for all employees,756.28
2004-04,Northwest Territories,Average weekly earnings including overtime for all employees,961.87
2004-04,Nunavut,Average weekly earnings including overtime for all employees,921.23
2004-05,Canada,Average weekly earnings including overtime for all employees,710.06
2004-05,Newfoundland and Labrador,Average weekly earnings including overtime for all employees,668.34
2004-05,Prince Edward Island,Average weekly earnings including overtime for all employees,602.72
2004-05,Nova Scotia,Average weekly earnings including overtime for all employees,627.48
2004-05,New Brunswick,Average weekly earnings including overtime for all employees,630.3
2004-05,Quebec,Average weekly earnings including overtime for all employees,674.8
2004-05,Ontario,Average weekly earnings including overtime for all employees,752.13
2004-05,Manitoba,Average weekly earnings including overtime for all employees,640.63
2004-05,Saskatchewan,Average weekly earnings including overtime for all employees,660.98
2004-05,Alberta,Average weekly earnings including overtime for all employees,737.5
2004-05,British Columbia,Average weekly earnings including overtime for all employees,693.21
2004-05,Yukon,Average weekly earnings including overtime for all employees,773.89
2004-05,Northwest Territories,Average weekly earnings including overtime for all employees,997.94
2004-05,Nunavut,Average weekly earnings including overtime for all employees,936.41
2004-06,Canada,Average weekly earnings including overtime for all employees,705.85
2004-06,Newfoundland and Labrador,Average weekly earnings including overtime for all employees,655.98
2004-06,Prince Edward Island,Average weekly earnings including overtime for all employees,586.04
2004-06,Nova Scotia,Average weekly earnings including overtime for all employees,622.72
2004-06,New Brunswick,Average weekly earnings including overtime for all employees,626.2
2004-06,Quebec,Average weekly earnings including overtime for all employees,674.62
2004-06,Ontario,Average weekly earnings including overtime for all employees,745.69
2004-06,Manitoba,Average weekly earnings including overtime for all employees,630.94
2004-06,Saskatchewan,Average weekly earnings including overtime for all employees,648.18
2004-06,Alberta,Average weekly earnings including overtime for all employees,730.21
2004-06,British Columbia,Average weekly earnings including overtime for all employees,689.65
2004-06,Yukon,Average weekly earnings including overtime for all employees,765.36
2004-06,Northwest Territories,Average weekly earnings including overtime for all employees,988.5
2004-06,Nunavut,Average weekly earnings including overtime for all employees,939.78
2004-07,Canada,Average weekly earnings including overtime for all employees,709.13
2004-07,Newfoundland and Labrador,Average weekly earnings including overtime for all employees,660.01
2004-07,Prince Edward Island,Average weekly earnings including overtime for all employees,586.25
2004-07,Nova Scotia,Average weekly earnings including overtime for all employees,626.35
2004-07,New Brunswick,Average weekly earnings including overtime for all employees,626.44
2004-07,Quebec,Average weekly earnings including overtime for all employees,668.26
2004-07,Ontario,Average weekly earnings including overtime for all employees,749.95
2004-07,Manitoba,Average weekly earnings including overtime for all employees,634.69
2004-07,Saskatchewan,Average weekly earnings including overtime for all employees,660.57
2004-07,Alberta,Average weekly earnings including overtime for all employees,738.97
2004-07,British Columbia,Average weekly earnings including overtime for all employees,698.07
2004-07,Yukon,Average weekly earnings including overtime for all employees,780.7
2004-07,Northwest Territories,Average weekly earnings including overtime for all employees,998.85
2004-07,Nunavut,Average weekly earnings including overtime for all employees,931.99
2004-08,Canada,Average weekly earnings including overtime for all employees,711.46
2004-08,Newfoundland and Labrador,Average weekly earnings including overtime for all employees,655.6
2004-08,Prince Edward Island,Average weekly earnings including overtime for all employees,580.36
2004-08,Nova Scotia,Average weekly earnings including overtime for all employees,627.69
2004-08,New Brunswick,Average weekly earnings including overtime for all employees,626.86
2004-08,Quebec,Average weekly earnings including overtime for all employees,674.21
2004-08,Ontario,Average weekly earnings including overtime for all employees,750.17
2004-08,Manitoba,Average weekly earnings including overtime for all employees,639.41
2004-08,Saskatchewan,Average weekly earnings including overtime for all employees,659.31
2004-08,Alberta,Average weekly earnings including overtime for all employees,746.4
2004-08,British Columbia,Average weekly earnings including overtime for all employees,702.8
2004-08,Yukon,Average weekly earnings including overtime for all employees,795.95
2004-08,Northwest Territories,Average weekly earnings including overtime for all employees,1011.75
2004-08,Nunavut,Average weekly earnings including overtime for all employees,948.44
2004-09,Canada,Average weekly earnings including overtime for all employees,710.99
2004-09,Newfoundland and Labrador,Average weekly earnings including overtime for all employees,651.3
2004-09,Prince Edward Island,Average weekly earnings including overtime for all employees,582.36
2004-09,Nova Scotia,Average weekly earnings including overtime for all employees,630.42
2004-09,New Brunswick,Average weekly earnings including overtime for all employees,627.85
2004-09,Quebec,Average weekly earnings including overtime for all employees,685.09
2004-09,Ontario,Average weekly earnings including overtime for all employees,744.37
2004-09,Manitoba,Average weekly earnings including overtime for all employees,638.73
2004-09,Saskatchewan,Average weekly earnings including overtime for all employees,658.9
2004-09,Alberta,Average weekly earnings including overtime for all employees,743.66
2004-09,British Columbia,Average weekly earnings including overtime for all employees,698.17
2004-09,Yukon,Average weekly earnings including overtime for all employees,779.53
2004-09,Northwest Territories,Average weekly earnings including overtime for all employees,987.39
2004-09,Nunavut,Average weekly earnings including overtime for all employees,951.63
2004-10,Canada,Average weekly earnings including overtime for all employees,712.2
2004-10,Newfoundland and Labrador,Average weekly earnings including overtime for all employees,660.23
2004-10,Prince Edward Island,Average weekly earnings including overtime for all employees,588.18
2004-10,Nova Scotia,Average weekly earnings including overtime for all employees,633.98
2004-10,New Brunswick,Average weekly earnings including overtime for all employees,629.05
2004-10,Quebec,Average weekly earnings including overtime for all employees,677.48
2004-10,Ontario,Average weekly earnings including overtime for all employees,750.74
2004-10,Manitoba,Average weekly earnings including overtime for all employees,649.35
2004-10,Saskatchewan,Average weekly earnings including overtime for all employees,657.9
2004-10,Alberta,Average weekly earnings including overtime for all employees,742.02
2004-10,British Columbia,Average weekly earnings including overtime for all employees,702.58
2004-10,Yukon,Average weekly earnings including overtime for all employees,771.42
2004-10,Northwest Territories,Average weekly earnings including overtime for all employees,988.55
2004-10,Nunavut,Average weekly earnings including overtime for all employees,954.69
2004-11,Canada,Average weekly earnings including overtime for all employees,716.86
2004-11,Newfoundland and Labrador,Average weekly earnings including overtime for all employees,660.79
2004-11,Prince Edward Island,Average weekly earnings including overtime for all employees,590.59
2004-11,Nova Scotia,Average weekly earnings including overtime for all employees,630.62
2004-11,New Brunswick,Average weekly earnings including overtime for all employees,630.84
2004-11,Quebec,Average weekly earnings including overtime for all employees,678.71
2004-11,Ontario,Average weekly earnings including overtime for all employees,755.09
2004-11,Manitoba,Average weekly earnings including overtime for all employees,649.72
2004-11,Saskatchewan,Average weekly earnings including overtime for all employees,670.13
2004-11,Alberta,Average weekly earnings including overtime for all employees,753.63
2004-11,British Columbia,Average weekly earnings including overtime for all employees,705.06
2004-11,Yukon,Average weekly earnings including overtime for all employees,790.38
2004-11,Northwest Territories,Average weekly earnings including overtime for all employees,1009.12
2004-11,Nunavut,Average weekly earnings including overtime for all employees,935.38
2004-12,Canada,Average weekly earnings including overtime for all employees,719.66
2004-12,Newfoundland and Labrador,Average weekly earnings including overtime for all employees,661.41
2004-12,Prince Edward Island,Average weekly earnings including overtime for all employees,593.57
2004-12,Nova Scotia,Average weekly earnings including overtime for all employees,639.81
2004-12,New Brunswick,Average weekly earnings including overtime for all employees,638.93
2004-12,Quebec,Average weekly earnings including overtime for all employees,680.47
2004-12,Ontario,Average weekly earnings including overtime for all employees,759.14
2004-12,Manitoba,Average weekly earnings including overtime for all employees,645.73
2004-12,Saskatchewan,Average weekly earnings including overtime for all employees,668.44
2004-12,Alberta,Average weekly earnings including overtime for all employees,755.12
2004-12,British Columbia,Average weekly earnings including overtime for all employees,707.51
2004-12,Yukon,Average weekly earnings including overtime for all employees,783.52
2004-12,Northwest Territories,Average weekly earnings including overtime for all employees,983.11
2004-12,Nunavut,Average weekly earnings including overtime for all employees,941.28
2005-01,Canada,Average weekly earnings including overtime for all employees,725.18
2005-01,Newfoundland and Labrador,Average weekly earnings including overtime for all employees,672.97
2005-01,Prince Edward Island,Average weekly earnings including overtime for all employees,592.82
2005-01,Nova Scotia,Average weekly earnings including overtime for all employees,646.98
2005-01,New Brunswick,Average weekly earnings including overtime for all employees,647.69
2005-01,Quebec,Average weekly earnings including overtime for all employees,689.43
2005-01,Ontario,Average weekly earnings including overtime for all employees,763.06
2005-01,Manitoba,Average weekly earnings including overtime for all employees,657.46
2005-01,Saskatchewan,Average weekly earnings including overtime for all employees,678.1
2005-01,Alberta,Average weekly earnings including overtime for all employees,760.32
2005-01,British Columbia,Average weekly earnings including overtime for all employees,713.39
2005-01,Yukon,Average weekly earnings including overtime for all employees,801.29
2005-01,Northwest Territories,Average weekly earnings including overtime for all employees,1005.71
2005-01,Nunavut,Average weekly earnings including overtime for all employees,972.01
2005-02,Canada,Average weekly earnings including overtime for all employees,731.91
2005-02,Newfoundland and Labrador,Average weekly earnings including overtime for all employees,675.75
2005-02,Prince Edward Island,Average weekly earnings including overtime for all employees,603.51
2005-02,Nova Scotia,Average weekly earnings including overtime for all employees,655.04
2005-02,New Brunswick,Average weekly earnings including overtime for all employees,649.47
2005-02,Quebec,Average weekly earnings including overtime for all employees,693.18
2005-02,Ontario,Average weekly earnings including overtime for all employees,770.01
2005-02,Manitoba,Average weekly earnings including overtime for all employees,656.7
2005-02,Saskatchewan,Average weekly earnings including overtime for all employees,679.78
2005-02,Alberta,Average weekly earnings including overtime for all employees,774.12
2005-02,British Columbia,Average weekly earnings including overtime for all employees,717.6
2005-02,Yukon,Average weekly earnings including overtime for all employees,794.59
2005-02,Northwest Territories,Average weekly earnings including overtime for all employees,1013.02
2005-02,Nunavut,Average weekly earnings including overtime for all employees,970.0
2005-03,Canada,Average weekly earnings including overtime for all employees,725.15
2005-03,Newfoundland and Labrador,Average weekly earnings including overtime for all employees,663.59
2005-03,Prince Edward Island,Average weekly earnings including overtime for all employees,597.2
2005-03,Nova Scotia,Average weekly earnings including overtime for all employees,647.26
2005-03,New Brunswick,Average weekly earnings including overtime for all employees,647.52
2005-03,Quebec,Average weekly earnings including overtime for all employees,689.75
2005-03,Ontario,Average weekly earnings including overtime for all employees,764.02
2005-03,Manitoba,Average weekly earnings including overtime for all employees,659.98
2005-03,Saskatchewan,Average weekly earnings including overtime for all employees,668.78
2005-03,Alberta,Average weekly earnings including overtime for all employees,752.82
2005-03,British Columbia,Average weekly earnings including overtime for all employees,708.77
2005-03,Yukon,Average weekly earnings including overtime for all employees,799.91
2005-03,Northwest Territories,Average weekly earnings including overtime for all employees,973.05
2005-03,Nunavut,Average weekly earnings including overtime for all employees,950.25
2005-04,Canada,Average weekly earnings including overtime for all employees,728.86
2005-04,Newfoundland and Labrador,Average weekly earnings including overtime for all employees,672.38
2005-04,Prince Edward Island,Average weekly earnings including overtime for all employees,598.42
2005-04,Nova Scotia,Average weekly earnings including overtime for all employees,647.13
2005-04,New Brunswick,Average weekly earnings including overtime for all employees,649.6
2005-04,Quebec,Average weekly earnings including overtime for all employees,689.36
2005-04,Ontario,Average weekly earnings including overtime for all employees,770.68
2005-04,Manitoba,Average weekly earnings including overtime for all employees,657.6
2005-04,Saskatchewan,Average weekly earnings including overtime for all employees,668.42
2005-04,Alberta,Average weekly earnings including overtime for all employees,764.45
2005-04,British Columbia,Average weekly earnings including overtime for all employees,714.57
2005-04,Yukon,Average weekly earnings including overtime for all employees,796.94
2005-04,Northwest Territories,Average weekly earnings including overtime for all employees,993.93
2005-04,Nunavut,Average weekly earnings including overtime for all employees,978.43
2005-05,Canada,Average weekly earnings including overtime for all employees,733.11
2005-05,Newfoundland and Labrador,Average weekly earnings including overtime for all employees,678.2
2005-05,Prince Edward Island,Average weekly earnings including overtime for all employees,594.88
2005-05,Nova Scotia,Average weekly earnings including overtime for all employees,651.06
2005-05,New Brunswick,Average weekly earnings including overtime for all employees,649.09
2005-05,Quebec,Average weekly earnings including overtime for all employees,687.65
2005-05,Ontario,Average weekly earnings including overtime for all employees,773.58
2005-05,Manitoba,Average weekly earnings including overtime for all employees,666.76
2005-05,Saskatchewan,Average weekly earnings including overtime for all employees,682.98
2005-05,Alberta,Average weekly earnings including overtime for all employees,778.54
2005-05,British Columbia,Average weekly earnings including overtime for all employees,722.29
2005-05,Yukon,Average weekly earnings including overtime for all employees,803.0
2005-05,Northwest Territories,Average weekly earnings including overtime for all employees,1034.2
2005-05,Nunavut,Average weekly earnings including overtime for all employees,998.64
2005-06,Canada,Average weekly earnings including overtime for all employees,735.61
2005-06,Newfoundland and Labrador,Average weekly earnings including overtime for all employees,679.93
2005-06,Prince Edward Island,Average weekly earnings including overtime for all employees,593.75
2005-06,Nova Scotia,Average weekly earnings including overtime for all employees,653.18
2005-06,New Brunswick,Average weekly earnings including overtime for all employees,651.64
2005-06,Quebec,Average weekly earnings including overtime for all employees,688.17
2005-06,Ontario,Average weekly earnings including overtime for all employees,777.47
2005-06,Manitoba,Average weekly earnings including overtime for all employees,669.4
2005-06,Saskatchewan,Average weekly earnings including overtime for all employees,682.31
2005-06,Alberta,Average weekly earnings including overtime for all employees,776.46
2005-06,British Columbia,Average weekly earnings including overtime for all employees,724.18
2005-06,Yukon,Average weekly earnings including overtime for all employees,799.77
2005-06,Northwest Territories,Average weekly earnings including overtime for all employees,1016.15
2005-06,Nunavut,Average weekly earnings including overtime for all employees,986.3
2005-07,Canada,Average weekly earnings including overtime for all employees,736.1
2005-07,Newfoundland and Labrador,Average weekly earnings including overtime for all employees,687.4
2005-07,Prince Edward Island,Average weekly earnings including overtime for all employees,608.7
2005-07,Nova Scotia,Average weekly earnings including overtime for all employees,653.63
2005-07,New Brunswick,Average weekly earnings including overtime for all employees,652.77
2005-07,Quebec,Average weekly earnings including overtime for all employees,699.24
2005-07,Ontario,Average weekly earnings including overtime for all employees,775.07
2005-07,Manitoba,Average weekly earnings including overtime for all employees,667.28
2005-07,Saskatchewan,Average weekly earnings including overtime for all employees,676.8
2005-07,Alberta,Average weekly earnings including overtime for all employees,776.96
2005-07,British Columbia,Average weekly earnings including overtime for all employees,719.17
2005-07,Yukon,Average weekly earnings including overtime for all employees,806.47
2005-07,Northwest Territories,Average weekly earnings including overtime for all employees,998.16
2005-07,Nunavut,Average weekly earnings including overtime for all employees,966.88
2005-08,Canada,Average weekly earnings including overtime for all employees,741.45
2005-08,Newfoundland and Labrador,Average weekly earnings including overtime for all employees,688.84
2005-08,Prince Edward Island,Average weekly earnings including overtime for all employees,606.16
2005-08,Nova Scotia,Average weekly earnings including overtime for all employees,658.76
2005-08,New Brunswick,Average weekly earnings including overtime for all employees,655.15
2005-08,Quebec,Average weekly earnings including overtime for all employees,698.76
2005-08,Ontario,Average weekly earnings including overtime for all employees,780.54
2005-08,Manitoba,Average weekly earnings including overtime for all employees,672.44
2005-08,Saskatchewan,Average weekly earnings including overtime for all employees,688.98
2005-08,Alberta,Average weekly earnings including overtime for all employees,788.5
2005-08,British Columbia,Average weekly earnings including overtime for all employees,725.12
2005-08,Yukon,Average weekly earnings including overtime for all employees,800.67
2005-08,Northwest Territories,Average weekly earnings including overtime for all employees,1022.2
2005-08,Nunavut,Average weekly earnings including overtime for all employees,964.94
2005-09,Canada,Average weekly earnings including overtime for all employees,749.99
2005-09,Newfoundland and Labrador,Average weekly earnings including overtime for all employees,689.47
2005-09,Prince Edward Island,Average weekly earnings including overtime for all employees,608.19
2005-09,Nova Scotia,Average weekly earnings including overtime for all employees,670.96
2005-09,New Brunswick,Average weekly earnings including overtime for all employees,662.01
2005-09,Quebec,Average weekly earnings including overtime for all employees,709.82
2005-09,Ontario,Average weekly earnings including overtime for all employees,790.07
2005-09,Manitoba,Average weekly earnings including overtime for all employees,675.97
2005-09,Saskatchewan,Average weekly earnings including overtime for all employees,686.76
2005-09,Alberta,Average weekly earnings including overtime for all employees,796.05
2005-09,British Columbia,Average weekly earnings including overtime for all employees,732.05
2005-09,Yukon,Average weekly earnings including overtime for all employees,813.18
2005-09,Northwest Territories,Average weekly earnings including overtime for all employees,1027.13
2005-09,Nunavut,Average weekly earnings including overtime for all employees,972.94
2005-10,Canada,Average weekly earnings including overtime for all employees,745.56
2005-10,Newfoundland and Labrador,Average weekly earnings including overtime for all employees,694.98
2005-10,Prince Edward Island,Average weekly earnings including overtime for all employees,609.71
2005-10,Nova Scotia,Average weekly earnings including overtime for all employees,669.43
2005-10,New Brunswick,Average weekly earnings including overtime for all employees,662.25
2005-10,Quebec,Average weekly earnings including overtime for all employees,701.81
2005-10,Ontario,Average weekly earnings including overtime for all employees,784.3
2005-10,Manitoba,Average weekly earnings including overtime for all employees,673.94
2005-10,Saskatchewan,Average weekly earnings including overtime for all employees,694.45
2005-10,Alberta,Average weekly earnings including overtime for all employees,801.65
2005-10,British Columbia,Average weekly earnings including overtime for all employees,726.95
2005-10,Yukon,Average weekly earnings including overtime for all employees,829.75
2005-10,Northwest Territories,Average weekly earnings including overtime for all employees,1019.95
2005-10,Nunavut,Average weekly earnings including overtime for all employees,987.1
2005-11,Canada,Average weekly earnings including overtime for all employees,744.35
2005-11,Newfoundland and Labrador,Average weekly earnings including overtime for all employees,692.48
2005-11,Prince Edward Island,Average weekly earnings including overtime for all employees,609.1
2005-11,Nova Scotia,Average weekly earnings including overtime for all employees,667.85
2005-11,New Brunswick,Average weekly earnings including overtime for all employees,660.93
2005-11,Quebec,Average weekly earnings including overtime for all employees,695.17
2005-11,Ontario,Average weekly earnings including overtime for all employees,782.19
2005-11,Manitoba,Average weekly earnings including overtime for all employees,671.8
2005-11,Saskatchewan,Average weekly earnings including overtime for all employees,691.94
2005-11,Alberta,Average weekly earnings including overtime for all employees,807.17
2005-11,British Columbia,Average weekly earnings including overtime for all employees,733.68
2005-11,Yukon,Average weekly earnings including overtime for all employees,826.89
2005-11,Northwest Territories,Average weekly earnings including overtime for all employees,1031.71
2005-11,Nunavut,Average weekly earnings including overtime for all employees,983.88
2005-12,Canada,Average weekly earnings including overtime for all employees,743.96
2005-12,Newfoundland and Labrador,Average weekly earnings including overtime for all employees,690.81
2005-12,Prince Edward Island,Average weekly earnings including overtime for all employees,612.3
2005-12,Nova Scotia,Average weekly earnings including overtime for all employees,660.87
2005-12,New Brunswick,Average weekly earnings including overtime for all employees,659.52
2005-12,Quebec,Average weekly earnings including overtime for all employees,697.4
2005-12,Ontario,Average weekly earnings including overtime for all employees,781.8
2005-12,Manitoba,Average weekly earnings including overtime for all employees,669.35
2005-12,Saskatchewan,Average weekly earnings including overtime for all employees,688.26
2005-12,Alberta,Average weekly earnings including overtime for all employees,803.13
2005-12,British Columbia,Average weekly earnings including overtime for all employees,729.6
2005-12,Yukon,Average weekly earnings including overtime for all employees,825.38
2005-12,Northwest Territories,Average weekly earnings including overtime for all employees,1009.69
2005-12,Nunavut,Average weekly earnings including overtime for all employees,974.54
2006-01,Canada,Average weekly earnings including overtime for all employees,745.59
2006-01,Newfoundland and Labrador,Average weekly earnings including overtime for all employees,697.46
2006-01,Prince Edward Island,Average weekly earnings including overtime for all employees,614.67
2006-01,Nova Scotia,Average weekly earnings including overtime for all employees,670.39
2006-01,New Brunswick,Average weekly earnings including overtime for all employees,663.66
2006-01,Quebec,Average weekly earnings including overtime for all employees,697.52
2006-01,Ontario,Average weekly earnings including overtime for all employees,782.93
2006-01,Manitoba,Average weekly earnings including overtime for all employees,673.36
2006-01,Saskatchewan,Average weekly earnings including overtime for all employees,697.33
2006-01,Alberta,Average weekly earnings including overtime for all employees,803.37
2006-01,British Columbia,Average weekly earnings including overtime for all employees,733.58
2006-01,Yukon,Average weekly earnings including overtime for all employees,840.3
2006-01,Northwest Territories,Average weekly earnings including overtime for all employees,1009.87
2006-01,Nunavut,Average weekly earnings including overtime for all employees,989.79
2006-02,Canada,Average weekly earnings including overtime for all employees,745.61
2006-02,Newfoundland and Labrador,Average weekly earnings including overtime for all employees,694.68
2006-02,Prince Edward Island,Average weekly earnings including overtime for all employees,608.55
2006-02,Nova Scotia,Average weekly earnings including overtime for all employees,668.57
2006-02,New Brunswick,Average weekly earnings including overtime for all employees,662.62
2006-02,Quebec,Average weekly earnings including overtime for all employees,697.06
2006-02,Ontario,Average weekly earnings including overtime for all employees,780.53
2006-02,Manitoba,Average weekly earnings including overtime for all employees,673.06
2006-02,Saskatchewan,Average weekly earnings including overtime for all employees,696.01
2006-02,Alberta,Average weekly earnings including overtime for all employees,807.49
2006-02,British Columbia,Average weekly earnings including overtime for all employees,737.67
2006-02,Yukon,Average weekly earnings including overtime for all employees,838.24
2006-02,Northwest Territories,Average weekly earnings including overtime for all employees,1005.42
2006-02,Nunavut,Average weekly earnings including overtime for all employees,976.94
2006-03,Canada,Average weekly earnings including overtime for all employees,748.21
2006-03,Newfoundland and Labrador,Average weekly earnings including overtime for all employees,695.37
2006-03,Prince Edward Island,Average weekly earnings including overtime for all employees,615.23
2006-03,Nova Scotia,Average weekly earnings including overtime for all employees,669.4
2006-03,New Brunswick,Average weekly earnings including overtime for all employees,663.61
2006-03,Quebec,Average weekly earnings including overtime for all employees,702.57
2006-03,Ontario,Average weekly earnings including overtime for all employees,783.45
2006-03,Manitoba,Average weekly earnings including overtime for all employees,675.27
2006-03,Saskatchewan,Average weekly earnings including overtime for all employees,699.48
2006-03,Alberta,Average weekly earnings including overtime for all employees,809.14
2006-03,British Columbia,Average weekly earnings including overtime for all employees,735.62
2006-03,Yukon,Average weekly earnings including overtime for all employees,835.17
2006-03,Northwest Territories,Average weekly earnings including overtime for all employees,995.94
2006-03,Nunavut,Average weekly earnings including overtime for all employees,984.18
2006-04,Canada,Average weekly earnings including overtime for all employees,750.45
2006-04,Newfoundland and Labrador,Average weekly earnings including overtime for all employees,702.13
2006-04,Prince Edward Island,Average weekly earnings including overtime for all employees,615.49
2006-04,Nova Scotia,Average weekly earnings including overtime for all employees,668.2
2006-04,New Brunswick,Average weekly earnings including overtime for all employees,667.48
2006-04,Quebec,Average weekly earnings including overtime for all employees,703.37
2006-04,Ontario,Average weekly earnings including overtime for all employees,782.54
2006-04,Manitoba,Average weekly earnings including overtime for all employees,679.65
2006-04,Saskatchewan,Average weekly earnings including overtime for all employees,708.81
2006-04,Alberta,Average weekly earnings including overtime for all employees,819.32
2006-04,British Columbia,Average weekly earnings including overtime for all employees,742.9
2006-04,Yukon,Average weekly earnings including overtime for all employees,835.46
2006-04,Northwest Territories,Average weekly earnings including overtime for all employees,1019.58
2006-04,Nunavut,Average weekly earnings including overtime for all employees,994.54
2006-05,Canada,Average weekly earnings including overtime for all employees,751.0
2006-05,Newfoundland and Labrador,Average weekly earnings including overtime for all employees,703.64
2006-05,Prince Edward Island,Average weekly earnings including overtime for all employees,622.2
2006-05,Nova Scotia,Average weekly earnings including overtime for all employees,658.59
2006-05,New Brunswick,Average weekly earnings including overtime for all employees,667.5
2006-05,Quebec,Average weekly earnings including overtime for all employees,699.25
2006-05,Ontario,Average weekly earnings including overtime for all employees,783.46
2006-05,Manitoba,Average weekly earnings including overtime for all employees,678.38
2006-05,Saskatchewan,Average weekly earnings including overtime for all employees,708.18
2006-05,Alberta,Average weekly earnings including overtime for all employees,824.51
2006-05,British Columbia,Average weekly earnings including overtime for all employees,746.17
2006-05,Yukon,Average weekly earnings including overtime for all employees,837.04
2006-05,Northwest Territories,Average weekly earnings including overtime for all employees,1025.68
2006-05,Nunavut,Average weekly earnings including overtime for all employees,1013.59
2006-06,Canada,Average weekly earnings including overtime for all employees,751.83
2006-06,Newfoundland and Labrador,Average weekly earnings including overtime for all employees,701.3
2006-06,Prince Edward Island,Average weekly earnings including overtime for all employees,626.17
2006-06,Nova Scotia,Average weekly earnings including overtime for all employees,673.25
2006-06,New Brunswick,Average weekly earnings including overtime for all employees,673.01
2006-06,Quebec,Average weekly earnings including overtime for all employees,708.96
2006-06,Ontario,Average weekly earnings including overtime for all employees,781.74
2006-06,Manitoba,Average weekly earnings including overtime for all employees,686.8
2006-06,Saskatchewan,Average weekly earnings including overtime for all employees,709.89
2006-06,Alberta,Average weekly earnings including overtime for all employees,813.56
2006-06,British Columbia,Average weekly earnings including overtime for all employees,739.89
2006-06,Yukon,Average weekly earnings including overtime for all employees,825.64
2006-06,Northwest Territories,Average weekly earnings including overtime for all employees,1021.53
2006-06,Nunavut,Average weekly earnings including overtime for all employees,1020.42
2006-07,Canada,Average weekly earnings including overtime for all employees,754.55
2006-07,Newfoundland and Labrador,Average weekly earnings including overtime for all employees,702.99
2006-07,Prince Edward Island,Average weekly earnings including overtime for all employees,621.24
2006-07,Nova Scotia,Average weekly earnings including overtime for all employees,673.54
2006-07,New Brunswick,Average weekly earnings including overtime for all employees,669.26
2006-07,Quebec,Average weekly earnings including overtime for all employees,707.21
2006-07,Ontario,Average weekly earnings including overtime for all employees,787.37
2006-07,Manitoba,Average weekly earnings including overtime for all employees,686.72
2006-07,Saskatchewan,Average weekly earnings including overtime for all employees,714.22
2006-07,Alberta,Average weekly earnings including overtime for all employees,820.25
2006-07,British Columbia,Average weekly earnings including overtime for all employees,744.45
2006-07,Yukon,Average weekly earnings including overtime for all employees,834.25
2006-07,Northwest Territories,Average weekly earnings including overtime for all employees,1024.8
2006-07,Nunavut,Average weekly earnings including overtime for all employees,1028.45
2006-08,Canada,Average weekly earnings including overtime for all employees,758.87
2006-08,Newfoundland and Labrador,Average weekly earnings including overtime for all employees,707.01
2006-08,Prince Edward Island,Average weekly earnings including overtime for all employees,623.96
2006-08,Nova Scotia,Average weekly earnings including overtime for all employees,677.07
2006-08,New Brunswick,Average weekly earnings including overtime for all employees,671.68
2006-08,Quebec,Average weekly earnings including overtime for all employees,715.44
2006-08,Ontario,Average weekly earnings including overtime for all employees,790.05
2006-08,Manitoba,Average weekly earnings including overtime for all employees,685.83
2006-08,Saskatchewan,Average weekly earnings including overtime for all employees,711.39
2006-08,Alberta,Average weekly earnings including overtime for all employees,825.29
2006-08,British Columbia,Average weekly earnings including overtime for all employees,745.26
2006-08,Yukon,Average weekly earnings including overtime for all employees,838.81
2006-08,Northwest Territories,Average weekly earnings including overtime for all employees,1035.03
2006-08,Nunavut,Average weekly earnings including overtime for all employees,1022.68
2006-09,Canada,Average weekly earnings including overtime for all employees,757.15
2006-09,Newfoundland and Labrador,Average weekly earnings including overtime for all employees,715.72
2006-09,Prince Edward Island,Average weekly earnings including overtime for all employees,631.79
2006-09,Nova Scotia,Average weekly earnings including overtime for all employees,678.43
2006-09,New Brunswick,Average weekly earnings including overtime for all employees,679.18
2006-09,Quebec,Average weekly earnings including overtime for all employees,707.79
2006-09,Ontario,Average weekly earnings including overtime for all employees,794.53
2006-09,Manitoba,Average weekly earnings including overtime for all employees,691.7
2006-09,Saskatchewan,Average weekly earnings including overtime for all employees,704.14
2006-09,Alberta,Average weekly earnings including overtime for all employees,819.75
2006-09,British Columbia,Average weekly earnings including overtime for all employees,740.87
2006-09,Yukon,Average weekly earnings including overtime for all employees,822.92
2006-09,Northwest Territories,Average weekly earnings including overtime for all employees,1019.17
2006-09,Nunavut,Average weekly earnings including overtime for all employees,1027.47
2006-10,Canada,Average weekly earnings including overtime for all employees,762.11
2006-10,Newfoundland and Labrador,Average weekly earnings including overtime for all employees,714.27
2006-10,Prince Edward Island,Average weekly earnings including overtime for all employees,627.05
2006-10,Nova Scotia,Average weekly earnings including overtime for all employees,676.47
2006-10,New Brunswick,Average weekly earnings including overtime for all employees,679.4
2006-10,Quebec,Average weekly earnings including overtime for all employees,710.3
2006-10,Ontario,Average weekly earnings including overtime for all employees,796.51
2006-10,Manitoba,Average weekly earnings including overtime for all employees,692.29
2006-10,Saskatchewan,Average weekly earnings including overtime for all employees,715.63
2006-10,Alberta,Average weekly earnings including overtime for all employees,835.52
2006-10,British Columbia,Average weekly earnings including overtime for all employees,749.64
2006-10,Yukon,Average weekly earnings including overtime for all employees,843.7
2006-10,Northwest Territories,Average weekly earnings including overtime for all employees,1046.47
2006-10,Nunavut,Average weekly earnings including overtime for all employees,1026.9
2006-11,Canada,Average weekly earnings including overtime for all employees,760.4
2006-11,Newfoundland and Labrador,Average weekly earnings including overtime for all employees,709.06
2006-11,Prince Edward Island,Average weekly earnings including overtime for all employees,629.12
2006-11,Nova Scotia,Average weekly earnings including overtime for all employees,680.81
2006-11,New Brunswick,Average weekly earnings including overtime for all employees,685.14
2006-11,Quebec,Average weekly earnings including overtime for all employees,718.1
2006-11,Ontario,Average weekly earnings including overtime for all employees,793.3
2006-11,Manitoba,Average weekly earnings including overtime for all employees,696.07
2006-11,Saskatchewan,Average weekly earnings including overtime for all employees,715.5
2006-11,Alberta,Average weekly earnings including overtime for all employees,823.91
2006-11,British Columbia,Average weekly earnings including overtime for all employees,743.12
2006-11,Yukon,Average weekly earnings including overtime for all employees,834.87
2006-11,Northwest Territories,Average weekly earnings including overtime for all employees,1014.74
2006-11,Nunavut,Average weekly earnings including overtime for all employees,994.58
2006-12,Canada,Average weekly earnings including overtime for all employees,772.6
2006-12,Newfoundland and Labrador,Average weekly earnings including overtime for all employees,728.62
2006-12,Prince Edward Island,Average weekly earnings including overtime for all employees,635.21
2006-12,Nova Scotia,Average weekly earnings including overtime for all employees,681.69
2006-12,New Brunswick,Average weekly earnings including overtime for all employees,694.45
2006-12,Quebec,Average weekly earnings including overtime for all employees,722.61
2006-12,Ontario,Average weekly earnings including overtime for all employees,806.28
2006-12,Manitoba,Average weekly earnings including overtime for all employees,713.36
2006-12,Saskatchewan,Average weekly earnings including overtime for all employees,720.17
2006-12,Alberta,Average weekly earnings including overtime for all employees,847.28
2006-12,British Columbia,Average weekly earnings including overtime for all employees,760.42
2006-12,Yukon,Average weekly earnings including overtime for all employees,845.6
2006-12,Northwest Territories,Average weekly earnings including overtime for all employees,1044.79
2006-12,Nunavut,Average weekly earnings including overtime for all employees,1018.2
2007-01,Canada,Average weekly earnings including overtime for all employees,773.77
2007-01,Newfoundland and Labrador,Average weekly earnings including overtime for all employees,730.62
2007-01,Prince Edward Island,Average weekly earnings including overtime for all employees,634.59
2007-01,Nova Scotia,Average weekly earnings including overtime for all employees,681.98
2007-01,New Brunswick,Average weekly earnings including overtime for all employees,692.86
2007-01,Quebec,Average weekly earnings including overtime for all employees,722.85
2007-01,Ontario,Average weekly earnings including overtime for all employees,806.1
2007-01,Manitoba,Average weekly earnings including overtime for all employees,707.32
2007-01,Saskatchewan,Average weekly earnings including overtime for all employees,727.66
2007-01,Alberta,Average weekly earnings including overtime for all employees,848.81
2007-01,British Columbia,Average weekly earnings including overtime for all employees,760.23
2007-01,Yukon,Average weekly earnings including overtime for all employees,842.53
2007-01,Northwest Territories,Average weekly earnings including overtime for all employees,1052.32
2007-01,Nunavut,Average weekly earnings including overtime for all employees,1042.3
2007-02,Canada,Average weekly earnings including overtime for all employees,770.86
2007-02,Newfoundland and Labrador,Average weekly earnings including overtime for all employees,718.44
2007-02,Prince Edward Island,Average weekly earnings including overtime for all employees,637.51
2007-02,Nova Scotia,Average weekly earnings including overtime for all employees,686.01
2007-02,New Brunswick,Average weekly earnings including overtime for all employees,695.76
2007-02,Quebec,Average weekly earnings including overtime for all employees,727.32
2007-02,Ontario,Average weekly earnings including overtime for all employees,801.57
2007-02,Manitoba,Average weekly earnings including overtime for all employees,711.44
2007-02,Saskatchewan,Average weekly earnings including overtime for all employees,731.67
2007-02,Alberta,Average weekly earnings including overtime for all employees,839.69
2007-02,British Columbia,Average weekly earnings including overtime for all employees,752.17
2007-02,Yukon,Average weekly earnings including overtime for all employees,843.15
2007-02,Northwest Territories,Average weekly earnings including overtime for all employees,1045.7
2007-02,Nunavut,Average weekly earnings including overtime for all employees,1049.36
2007-03,Canada,Average weekly earnings including overtime for all employees,780.6
2007-03,Newfoundland and Labrador,Average weekly earnings including overtime for all employees,728.97
2007-03,Prince Edward Island,Average weekly earnings including overtime for all employees,656.33
2007-03,Nova Scotia,Average weekly earnings including overtime for all employees,702.66
2007-03,New Brunswick,Average weekly earnings including overtime for all employees,705.68
2007-03,Quebec,Average weekly earnings including overtime for all employees,735.92
2007-03,Ontario,Average weekly earnings including overtime for all employees,812.79
2007-03,Manitoba,Average weekly earnings including overtime for all employees,721.26
2007-03,Saskatchewan,Average weekly earnings including overtime for all employees,741.74
2007-03,Alberta,Average weekly earnings including overtime for all employees,848.31
2007-03,British Columbia,Average weekly earnings including overtime for all employees,758.93
2007-03,Yukon,Average weekly earnings including overtime for all employees,846.22
2007-03,Northwest Territories,Average weekly earnings including overtime for all employees,1052.96
2007-03,Nunavut,Average weekly earnings including overtime for all employees,1074.16
2007-04,Canada,Average weekly earnings including overtime for all employees,781.42
2007-04,Newfoundland and Labrador,Average weekly earnings including overtime for all employees,734.4
2007-04,Prince Edward Island,Average weekly earnings including overtime for all employees,640.19
2007-04,Nova Scotia,Average weekly earnings including overtime for all employees,690.52
2007-04,New Brunswick,Average weekly earnings including overtime for all employees,702.69
2007-04,Quebec,Average weekly earnings including overtime for all employees,732.38
2007-04,Ontario,Average weekly earnings including overtime for all employees,814.55
2007-04,Manitoba,Average weekly earnings including overtime for all employees,722.51
2007-04,Saskatchewan,Average weekly earnings including overtime for all employees,737.2
2007-04,Alberta,Average weekly earnings including overtime for all employees,853.97
2007-04,British Columbia,Average weekly earnings including overtime for all employees,762.27
2007-04,Yukon,Average weekly earnings including overtime for all employees,862.77
2007-04,Northwest Territories,Average weekly earnings including overtime for all employees,1075.51
2007-04,Nunavut,Average weekly earnings including overtime for all employees,1079.5
2007-05,Canada,Average weekly earnings including overtime for all employees,785.96
2007-05,Newfoundland and Labrador,Average weekly earnings including overtime for all employees,725.63
2007-05,Prince Edward Island,Average weekly earnings including overtime for all employees,637.34
2007-05,Nova Scotia,Average weekly earnings including overtime for all employees,697.07
2007-05,New Brunswick,Average weekly earnings including overtime for all employees,710.58
2007-05,Quebec,Average weekly earnings including overtime for all employees,741.94
2007-05,Ontario,Average weekly earnings including overtime for all employees,817.01
2007-05,Manitoba,Average weekly earnings including overtime for all employees,722.33
2007-05,Saskatchewan,Average weekly earnings including overtime for all employees,747.88
2007-05,Alberta,Average weekly earnings including overtime for all employees,858.48
2007-05,British Columbia,Average weekly earnings including overtime for all employees,764.07
2007-05,Yukon,Average weekly earnings including overtime for all employees,872.78
2007-05,Northwest Territories,Average weekly earnings including overtime for all employees,1069.47
2007-05,Nunavut,Average weekly earnings including overtime for all employees,1059.85
2007-06,Canada,Average weekly earnings including overtime for all employees,790.68
2007-06,Newfoundland and Labrador,Average weekly earnings including overtime for all employees,739.78
2007-06,Prince Edward Island,Average weekly earnings including overtime for all employees,644.14
2007-06,Nova Scotia,Average weekly earnings including overtime for all employees,700.22
2007-06,New Brunswick,Average weekly earnings including overtime for all employees,711.17
2007-06,Quebec,Average weekly earnings including overtime for all employees,736.48
2007-06,Ontario,Average weekly earnings including overtime for all employees,824.64
2007-06,Manitoba,Average weekly earnings including overtime for all employees,728.46
2007-06,Saskatchewan,Average weekly earnings including overtime for all employees,750.75
2007-06,Alberta,Average weekly earnings including overtime for all employees,873.12
2007-06,British Columbia,Average weekly earnings including overtime for all employees,774.25
2007-06,Yukon,Average weekly earnings including overtime for all employees,899.07
2007-06,Northwest Territories,Average weekly earnings including overtime for all employees,1069.6
2007-06,Nunavut,Average weekly earnings including overtime for all employees,1064.36
2007-07,Canada,Average weekly earnings including overtime for all employees,791.72
2007-07,Newfoundland and Labrador,Average weekly earnings including overtime for all employees,738.03
2007-07,Prince Edward Island,Average weekly earnings including overtime for all employees,637.77
2007-07,Nova Scotia,Average weekly earnings including overtime for all employees,691.79
2007-07,New Brunswick,Average weekly earnings including overtime for all employees,702.42
2007-07,Quebec,Average weekly earnings including overtime for all employees,737.25
2007-07,Ontario,Average weekly earnings including overtime for all employees,824.49
2007-07,Manitoba,Average weekly earnings including overtime for all employees,728.54
2007-07,Saskatchewan,Average weekly earnings including overtime for all employees,750.73
2007-07,Alberta,Average weekly earnings including overtime for all employees,880.2
2007-07,British Columbia,Average weekly earnings including overtime for all employees,774.63
2007-07,Yukon,Average weekly earnings including overtime for all employees,885.32
2007-07,Northwest Territories,Average weekly earnings including overtime for all employees,1088.71
2007-07,Nunavut,Average weekly earnings including overtime for all employees,1092.65
2007-08,Canada,Average weekly earnings including overtime for all employees,789.25
2007-08,Newfoundland and Labrador,Average weekly earnings including overtime for all employees,733.29
2007-08,Prince Edward Island,Average weekly earnings including overtime for all employees,644.87
2007-08,Nova Scotia,Average weekly earnings including overtime for all employees,697.75
2007-08,New Brunswick,Average weekly earnings including overtime for all employees,706.85
2007-08,Quebec,Average weekly earnings including overtime for all employees,737.73
2007-08,Ontario,Average weekly earnings including overtime for all employees,821.01
2007-08,Manitoba,Average weekly earnings including overtime for all employees,728.34
2007-08,Saskatchewan,Average weekly earnings including overtime for all employees,746.58
2007-08,Alberta,Average weekly earnings including overtime for all employees,871.65
2007-08,British Columbia,Average weekly earnings including overtime for all employees,769.7
2007-08,Yukon,Average weekly earnings including overtime for all employees,857.05
2007-08,Northwest Territories,Average weekly earnings including overtime for all employees,1070.33
2007-08,Nunavut,Average weekly earnings including overtime for all employees,1087.84
2007-09,Canada,Average weekly earnings including overtime for all employees,791.33
2007-09,Newfoundland and Labrador,Average weekly earnings including overtime for all employees,742.35
2007-09,Prince Edward Island,Average weekly earnings including overtime for all employees,644.98
2007-09,Nova Scotia,Average weekly earnings including overtime for all employees,691.29
2007-09,New Brunswick,Average weekly earnings including overtime for all employees,706.03
2007-09,Quebec,Average weekly earnings including overtime for all employees,740.85
2007-09,Ontario,Average weekly earnings including overtime for all employees,821.6
2007-09,Manitoba,Average weekly earnings including overtime for all employees,727.59
2007-09,Saskatchewan,Average weekly earnings including overtime for all employees,760.18
2007-09,Alberta,Average weekly earnings including overtime for all employees,885.79
2007-09,British Columbia,Average weekly earnings including overtime for all employees,774.28
2007-09,Yukon,Average weekly earnings including overtime for all employees,874.12
2007-09,Northwest Territories,Average weekly earnings including overtime for all employees,1113.28
2007-09,Nunavut,Average weekly earnings including overtime for all employees,1078.66
2007-10,Canada,Average weekly earnings including overtime for all employees,793.89
2007-10,Newfoundland and Labrador,Average weekly earnings including overtime for all employees,744.04
2007-10,Prince Edward Island,Average weekly earnings including overtime for all employees,643.74
2007-10,Nova Scotia,Average weekly earnings including overtime for all employees,691.46
2007-10,New Brunswick,Average weekly earnings including overtime for all employees,712.41
2007-10,Quebec,Average weekly earnings including overtime for all employees,738.24
2007-10,Ontario,Average weekly earnings including overtime for all employees,823.55
2007-10,Manitoba,Average weekly earnings including overtime for all employees,732.53
2007-10,Saskatchewan,Average weekly earnings including overtime for all employees,756.72
2007-10,Alberta,Average weekly earnings including overtime for all employees,890.53
2007-10,British Columbia,Average weekly earnings including overtime for all employees,776.26
2007-10,Yukon,Average weekly earnings including overtime for all employees,877.78
2007-10,Northwest Territories,Average weekly earnings including overtime for all employees,1103.09
2007-10,Nunavut,Average weekly earnings including overtime for all employees,1069.44
2007-11,Canada,Average weekly earnings including overtime for all employees,799.03
2007-11,Newfoundland and Labrador,Average weekly earnings including overtime for all employees,744.01
2007-11,Prince Edward Island,Average weekly earnings including overtime for all employees,657.03
2007-11,Nova Scotia,Average weekly earnings including overtime for all employees,702.7
2007-11,New Brunswick,Average weekly earnings including overtime for all employees,717.74
2007-11,Quebec,Average weekly earnings including overtime for all employees,745.06
2007-11,Ontario,Average weekly earnings including overtime for all employees,831.64
2007-11,Manitoba,Average weekly earnings including overtime for all employees,741.82
2007-11,Saskatchewan,Average weekly earnings including overtime for all employees,760.39
2007-11,Alberta,Average weekly earnings including overtime for all employees,886.59
2007-11,British Columbia,Average weekly earnings including overtime for all employees,778.75
2007-11,Yukon,Average weekly earnings including overtime for all employees,877.1
2007-11,Northwest Territories,Average weekly earnings including overtime for all employees,1099.93
2007-11,Nunavut,Average weekly earnings including overtime for all employees,1068.58
2007-12,Canada,Average weekly earnings including overtime for all employees,798.33
2007-12,Newfoundland and Labrador,Average weekly earnings including overtime for all employees,743.26
2007-12,Prince Edward Island,Average weekly earnings including overtime for all employees,653.86
2007-12,Nova Scotia,Average weekly earnings including overtime for all employees,697.13
2007-12,New Brunswick,Average weekly earnings including overtime for all employees,720.11
2007-12,Quebec,Average weekly earnings including overtime for all employees,747.52
2007-12,Ontario,Average weekly earnings including overtime for all employees,827.34
2007-12,Manitoba,Average weekly earnings including overtime for all employees,736.04
2007-12,Saskatchewan,Average weekly earnings including overtime for all employees,768.65
2007-12,Alberta,Average weekly earnings including overtime for all employees,892.89
2007-12,British Columbia,Average weekly earnings including overtime for all employees,778.91
2007-12,Yukon,Average weekly earnings including overtime for all employees,884.09
2007-12,Northwest Territories,Average weekly earnings including overtime for all employees,1100.25
2007-12,Nunavut,Average weekly earnings including overtime for all employees,1092.88
2008-01,Canada,Average weekly earnings including overtime for all employees,798.03
2008-01,Newfoundland and Labrador,Average weekly earnings including overtime for all employees,742.89
2008-01,Prince Edward Island,Average weekly earnings including overtime for all employees,650.61
2008-01,Nova Scotia,Average weekly earnings including overtime for all employees,703.17
2008-01,New Brunswick,Average weekly earnings including overtime for all employees,714.69
2008-01,Quebec,Average weekly earnings including overtime for all employees,747.72
2008-01,Ontario,Average weekly earnings including overtime for all employees,828.4
2008-01,Manitoba,Average weekly earnings including overtime for all employees,729.9
2008-01,Saskatchewan,Average weekly earnings including overtime for all employees,760.03
2008-01,Alberta,Average weekly earnings including overtime for all employees,889.07
2008-01,British Columbia,Average weekly earnings including overtime for all employees,775.23
2008-01,Yukon,Average weekly earnings including overtime for all employees,873.03
2008-01,Northwest Territories,Average weekly earnings including overtime for all employees,1091.06
2008-01,Nunavut,Average weekly earnings including overtime for all employees,1085.91
2008-02,Canada,Average weekly earnings including overtime for all employees,803.1
2008-02,Newfoundland and Labrador,Average weekly earnings including overtime for all employees,747.37
2008-02,Prince Edward Island,Average weekly earnings including overtime for all employees,651.97
2008-02,Nova Scotia,Average weekly earnings including overtime for all employees,703.44
2008-02,New Brunswick,Average weekly earnings including overtime for all employees,720.29
2008-02,Quebec,Average weekly earnings including overtime for all employees,742.61
2008-02,Ontario,Average weekly earnings including overtime for all employees,834.88
2008-02,Manitoba,Average weekly earnings including overtime for all employees,743.52
2008-02,Saskatchewan,Average weekly earnings including overtime for all employees,770.5
2008-02,Alberta,Average weekly earnings including overtime for all employees,904.91
2008-02,British Columbia,Average weekly earnings including overtime for all employees,783.12
2008-02,Yukon,Average weekly earnings including overtime for all employees,877.19
2008-02,Northwest Territories,Average weekly earnings including overtime for all employees,1103.04
2008-02,Nunavut,Average weekly earnings including overtime for all employees,1081.4
2008-03,Canada,Average weekly earnings including overtime for all employees,804.96
2008-03,Newfoundland and Labrador,Average weekly earnings including overtime for all employees,754.0
2008-03,Prince Edward Island,Average weekly earnings including overtime for all employees,649.94
2008-03,Nova Scotia,Average weekly earnings including overtime for all employees,703.08
2008-03,New Brunswick,Average weekly earnings including overtime for all employees,718.69
2008-03,Quebec,Average weekly earnings including overtime for all employees,749.56
2008-03,Ontario,Average weekly earnings including overtime for all employees,833.01
2008-03,Manitoba,Average weekly earnings including overtime for all employees,740.82
2008-03,Saskatchewan,Average weekly earnings including overtime for all employees,775.44
2008-03,Alberta,Average weekly earnings including overtime for all employees,910.17
2008-03,British Columbia,Average weekly earnings including overtime for all employees,786.07
2008-03,Yukon,Average weekly earnings including overtime for all employees,881.1
2008-03,Northwest Territories,Average weekly earnings including overtime for all employees,1119.41
2008-03,Nunavut,Average weekly earnings including overtime for all employees,1086.18
2008-04,Canada,Average weekly earnings including overtime for all employees,809.01
2008-04,Newfoundland and Labrador,Average weekly earnings including overtime for all employees,757.54
2008-04,Prince Edward Island,Average weekly earnings including overtime for all employees,654.49
2008-04,Nova Scotia,Average weekly earnings including overtime for all employees,708.75
2008-04,New Brunswick,Average weekly earnings including overtime for all employees,721.32
2008-04,Quebec,Average weekly earnings including overtime for all employees,757.98
2008-04,Ontario,Average weekly earnings including overtime for all employees,834.91
2008-04,Manitoba,Average weekly earnings including overtime for all employees,748.52
2008-04,Saskatchewan,Average weekly earnings including overtime for all employees,784.31
2008-04,Alberta,Average weekly earnings including overtime for all employees,912.73
2008-04,British Columbia,Average weekly earnings including overtime for all employees,788.56
2008-04,Yukon,Average weekly earnings including overtime for all employees,878.27
2008-04,Northwest Territories,Average weekly earnings including overtime for all employees,1132.58
2008-04,Nunavut,Average weekly earnings including overtime for all employees,1059.78
2008-05,Canada,Average weekly earnings including overtime for all employees,808.46
2008-05,Newfoundland and Labrador,Average weekly earnings including overtime for all employees,759.16
2008-05,Prince Edward Island,Average weekly earnings including overtime for all employees,659.31
2008-05,Nova Scotia,Average weekly earnings including overtime for all employees,710.39
2008-05,New Brunswick,Average weekly earnings including overtime for all employees,727.75
2008-05,Quebec,Average weekly earnings including overtime for all employees,753.41
2008-05,Ontario,Average weekly earnings including overtime for all employees,837.67
2008-05,Manitoba,Average weekly earnings including overtime for all employees,749.66
2008-05,Saskatchewan,Average weekly earnings including overtime for all employees,780.5
2008-05,Alberta,Average weekly earnings including overtime for all employees,907.72
2008-05,British Columbia,Average weekly earnings including overtime for all employees,784.23
2008-05,Yukon,Average weekly earnings including overtime for all employees,866.96
2008-05,Northwest Territories,Average weekly earnings including overtime for all employees,1108.86
2008-05,Nunavut,Average weekly earnings including overtime for all employees,1058.61
2008-06,Canada,Average weekly earnings including overtime for all employees,809.39
2008-06,Newfoundland and Labrador,Average weekly earnings including overtime for all employees,765.99
2008-06,Prince Edward Island,Average weekly earnings including overtime for all employees,647.8
2008-06,Nova Scotia,Average weekly earnings including overtime for all employees,706.16
2008-06,New Brunswick,Average weekly earnings including overtime for all employees,726.5
2008-06,Quebec,Average weekly earnings including overtime for all employees,747.33
2008-06,Ontario,Average weekly earnings including overtime for all employees,839.94
2008-06,Manitoba,Average weekly earnings including overtime for all employees,744.07
2008-06,Saskatchewan,Average weekly earnings including overtime for all employees,787.23
2008-06,Alberta,Average weekly earnings including overtime for all employees,921.81
2008-06,British Columbia,Average weekly earnings including overtime for all employees,789.8
2008-06,Yukon,Average weekly earnings including overtime for all employees,867.75
2008-06,Northwest Territories,Average weekly earnings including overtime for all employees,1124.52
2008-06,Nunavut,Average weekly earnings including overtime for all employees,1047.58
2008-07,Canada,Average weekly earnings including overtime for all employees,810.87
2008-07,Newfoundland and Labrador,Average weekly earnings including overtime for all employees,759.74
2008-07,Prince Edward Island,Average weekly earnings including overtime for all employees,667.42
2008-07,Nova Scotia,Average weekly earnings including overtime for all employees,717.85
2008-07,New Brunswick,Average weekly earnings including overtime for all employees,737.24
2008-07,Quebec,Average weekly earnings including overtime for all employees,755.9
2008-07,Ontario,Average weekly earnings including overtime for all employees,837.77
2008-07,Manitoba,Average weekly earnings including overtime for all employees,744.68
2008-07,Saskatchewan,Average weekly earnings including overtime for all employees,786.45
2008-07,Alberta,Average weekly earnings including overtime for all employees,917.14
2008-07,British Columbia,Average weekly earnings including overtime for all employees,785.61
2008-07,Yukon,Average weekly earnings including overtime for all employees,869.59
2008-07,Northwest Territories,Average weekly earnings including overtime for all employees,1126.44
2008-07,Nunavut,Average weekly earnings including overtime for all employees,1064.74
2008-08,Canada,Average weekly earnings including overtime for all employees,811.51
2008-08,Newfoundland and Labrador,Average weekly earnings including overtime for all employees,777.05
2008-08,Prince Edward Island,Average weekly earnings including overtime for all employees,668.8
2008-08,Nova Scotia,Average weekly earnings including overtime for all employees,715.7
2008-08,New Brunswick,Average weekly earnings including overtime for all employees,739.28
2008-08,Quebec,Average weekly earnings including overtime for all employees,744.77
2008-08,Ontario,Average weekly earnings including overtime for all employees,840.04
2008-08,Manitoba,Average weekly earnings including overtime for all employees,748.99
2008-08,Saskatchewan,Average weekly earnings including overtime for all employees,789.86
2008-08,Alberta,Average weekly earnings including overtime for all employees,924.74
2008-08,British Columbia,Average weekly earnings including overtime for all employees,795.02
2008-08,Yukon,Average weekly earnings including overtime for all employees,869.27
2008-08,Northwest Territories,Average weekly earnings including overtime for all employees,1129.76
2008-08,Nunavut,Average weekly earnings including overtime for all employees,1075.0
2008-09,Canada,Average weekly earnings including overtime for all employees,813.96
2008-09,Newfoundland and Labrador,Average weekly earnings including overtime for all employees,774.99
2008-09,Prince Edward Island,Average weekly earnings including overtime for all employees,658.48
2008-09,Nova Scotia,Average weekly earnings including overtime for all employees,716.26
2008-09,New Brunswick,Average weekly earnings including overtime for all employees,733.04
2008-09,Quebec,Average weekly earnings including overtime for all employees,747.72
2008-09,Ontario,Average weekly earnings including overtime for all employees,840.42
2008-09,Manitoba,Average weekly earnings including overtime for all employees,746.4
2008-09,Saskatchewan,Average weekly earnings including overtime for all employees,794.11
2008-09,Alberta,Average weekly earnings including overtime for all employees,936.75
2008-09,British Columbia,Average weekly earnings including overtime for all employees,794.47
2008-09,Yukon,Average weekly earnings including overtime for all employees,885.28
2008-09,Northwest Territories,Average weekly earnings including overtime for all employees,1135.09
2008-09,Nunavut,Average weekly earnings including overtime for all employees,1068.72
2008-10,Canada,Average weekly earnings including overtime for all employees,818.06
2008-10,Newfoundland and Labrador,Average weekly earnings including overtime for all employees,774.82
2008-10,Prince Edward Island,Average weekly earnings including overtime for all employees,667.7
2008-10,Nova Scotia,Average weekly earnings including overtime for all employees,723.83
2008-10,New Brunswick,Average weekly earnings including overtime for all employees,739.7
2008-10,Quebec,Average weekly earnings including overtime for all employees,759.6
2008-10,Ontario,Average weekly earnings including overtime for all employees,846.53
2008-10,Manitoba,Average weekly earnings including overtime for all employees,747.77
2008-10,Saskatchewan,Average weekly earnings including overtime for all employees,793.83
2008-10,Alberta,Average weekly earnings including overtime for all employees,930.48
2008-10,British Columbia,Average weekly earnings including overtime for all employees,791.34
2008-10,Yukon,Average weekly earnings including overtime for all employees,871.01
2008-10,Northwest Territories,Average weekly earnings including overtime for all employees,1147.36
2008-10,Nunavut,Average weekly earnings including overtime for all employees,1070.89
2008-11,Canada,Average weekly earnings including overtime for all employees,818.17
2008-11,Newfoundland and Labrador,Average weekly earnings including overtime for all employees,790.68
2008-11,Prince Edward Island,Average weekly earnings including overtime for all employees,664.38
2008-11,Nova Scotia,Average weekly earnings including overtime for all employees,719.13
2008-11,New Brunswick,Average weekly earnings including overtime for all employees,735.97
2008-11,Quebec,Average weekly earnings including overtime for all employees,750.56
2008-11,Ontario,Average weekly earnings including overtime for all employees,846.63
2008-11,Manitoba,Average weekly earnings including overtime for all employees,752.44
2008-11,Saskatchewan,Average weekly earnings including overtime for all employees,798.8
2008-11,Alberta,Average weekly earnings including overtime for all employees,947.67
2008-11,British Columbia,Average weekly earnings including overtime for all employees,797.4
2008-11,Yukon,Average weekly earnings including overtime for all employees,888.37
2008-11,Northwest Territories,Average weekly earnings including overtime for all employees,1147.89
2008-11,Nunavut,Average weekly earnings including overtime for all employees,1072.85
2008-12,Canada,Average weekly earnings including overtime for all employees,813.1
2008-12,Newfoundland and Labrador,Average weekly earnings including overtime for all employees,782.59
2008-12,Prince Edward Island,Average weekly earnings including overtime for all employees,672.58
2008-12,Nova Scotia,Average weekly earnings including overtime for all employees,719.09
2008-12,New Brunswick,Average weekly earnings including overtime for all employees,733.28
2008-12,Quebec,Average weekly earnings including overtime for all employees,750.89
2008-12,Ontario,Average weekly earnings including overtime for all employees,835.75
2008-12,Manitoba,Average weekly earnings including overtime for all employees,756.44
2008-12,Saskatchewan,Average weekly earnings including overtime for all employees,787.81
2008-12,Alberta,Average weekly earnings including overtime for all employees,944.9
2008-12,British Columbia,Average weekly earnings including overtime for all employees,783.13
2008-12,Yukon,Average weekly earnings including overtime for all employees,877.92
2008-12,Northwest Territories,Average weekly earnings including overtime for all employees,1161.51
2008-12,Nunavut,Average weekly earnings including overtime for all employees,1058.75
2009-01,Canada,Average weekly earnings including overtime for all employees,816.0
2009-01,Newfoundland and Labrador,Average weekly earnings including overtime for all employees,777.5
2009-01,Prince Edward Island,Average weekly earnings including overtime for all employees,686.42
2009-01,Nova Scotia,Average weekly earnings including overtime for all employees,723.19
2009-01,New Brunswick,Average weekly earnings including overtime for all employees,740.84
2009-01,Quebec,Average weekly earnings including overtime for all employees,746.66
2009-01,Ontario,Average weekly earnings including overtime for all employees,840.61
2009-01,Manitoba,Average weekly earnings including overtime for all employees,762.94
2009-01,Saskatchewan,Average weekly earnings including overtime for all employees,795.21
2009-01,Alberta,Average weekly earnings including overtime for all employees,949.08
2009-01,British Columbia,Average weekly earnings including overtime for all employees,792.39
2009-01,Yukon,Average weekly earnings including overtime for all employees,877.12
2009-01,Northwest Territories,Average weekly earnings including overtime for all employees,1187.81
2009-01,Nunavut,Average weekly earnings including overtime for all employees,1043.84
2009-02,Canada,Average weekly earnings including overtime for all employees,818.03
2009-02,Newfoundland and Labrador,Average weekly earnings including overtime for all employees,780.31
2009-02,Prince Edward Island,Average weekly earnings including overtime for all employees,688.84
2009-02,Nova Scotia,Average weekly earnings including overtime for all employees,728.96
2009-02,New Brunswick,Average weekly earnings including overtime for all employees,742.13
2009-02,Quebec,Average weekly earnings including overtime for all employees,756.11
2009-02,Ontario,Average weekly earnings including overtime for all employees,843.37
2009-02,Manitoba,Average weekly earnings including overtime for all employees,761.56
2009-02,Saskatchewan,Average weekly earnings including overtime for all employees,795.78
2009-02,Alberta,Average weekly earnings including overtime for all employees,946.8
2009-02,British Columbia,Average weekly earnings including overtime for all employees,787.72
2009-02,Yukon,Average weekly earnings including overtime for all employees,911.02
2009-02,Northwest Territories,Average weekly earnings including overtime for all employees,1155.16
2009-02,Nunavut,Average weekly earnings including overtime for all employees,1060.61
2009-03,Canada,Average weekly earnings including overtime for all employees,819.94
2009-03,Newfoundland and Labrador,Average weekly earnings including overtime for all employees,795.35
2009-03,Prince Edward Island,Average weekly earnings including overtime for all employees,684.41
2009-03,Nova Scotia,Average weekly earnings including overtime for all employees,728.3
2009-03,New Brunswick,Average weekly earnings including overtime for all employees,743.82
2009-03,Quebec,Average weekly earnings including overtime for all employees,754.4
2009-03,Ontario,Average weekly earnings including overtime for all employees,846.28
2009-03,Manitoba,Average weekly earnings including overtime for all employees,765.02
2009-03,Saskatchewan,Average weekly earnings including overtime for all employees,792.42
2009-03,Alberta,Average weekly earnings including overtime for all employees,949.03
2009-03,British Columbia,Average weekly earnings including overtime for all employees,793.84
2009-03,Yukon,Average weekly earnings including overtime for all employees,910.22
2009-03,Northwest Territories,Average weekly earnings including overtime for all employees,1191.03
2009-03,Nunavut,Average weekly earnings including overtime for all employees,1054.45
2009-04,Canada,Average weekly earnings including overtime for all employees,817.49
2009-04,Newfoundland and Labrador,Average weekly earnings including overtime for all employees,792.2
2009-04,Prince Edward Island,Average weekly earnings including overtime for all employees,685.95
2009-04,Nova Scotia,Average weekly earnings including overtime for all employees,730.84
2009-04,New Brunswick,Average weekly earnings including overtime for all employees,740.06
2009-04,Quebec,Average weekly earnings including overtime for all employees,749.42
2009-04,Ontario,Average weekly earnings including overtime for all employees,846.82
2009-04,Manitoba,Average weekly earnings including overtime for all employees,759.74
2009-04,Saskatchewan,Average weekly earnings including overtime for all employees,793.98
2009-04,Alberta,Average weekly earnings including overtime for all employees,939.32
2009-04,British Columbia,Average weekly earnings including overtime for all employees,792.5
2009-04,Yukon,Average weekly earnings including overtime for all employees,904.49
2009-04,Northwest Territories,Average weekly earnings including overtime for all employees,1160.24
2009-04,Nunavut,Average weekly earnings including overtime for all employees,1068.51
2009-05,Canada,Average weekly earnings including overtime for all employees,818.0
2009-05,Newfoundland and Labrador,Average weekly earnings including overtime for all employees,804.44
2009-05,Prince Edward Island,Average weekly earnings including overtime for all employees,683.16
2009-05,Nova Scotia,Average weekly earnings including overtime for all employees,729.9
2009-05,New Brunswick,Average weekly earnings including overtime for all employees,743.24
2009-05,Quebec,Average weekly earnings including overtime for all employees,756.84
2009-05,Ontario,Average weekly earnings including overtime for all employees,843.6
2009-05,Manitoba,Average weekly earnings including overtime for all employees,756.68
2009-05,Saskatchewan,Average weekly earnings including overtime for all employees,794.29
2009-05,Alberta,Average weekly earnings including overtime for all employees,945.06
2009-05,British Columbia,Average weekly earnings including overtime for all employees,789.19
2009-05,Yukon,Average weekly earnings including overtime for all employees,904.73
2009-05,Northwest Territories,Average weekly earnings including overtime for all employees,1164.17
2009-05,Nunavut,Average weekly earnings including overtime for all employees,1078.44
2009-06,Canada,Average weekly earnings including overtime for all employees,821.11
2009-06,Newfoundland and Labrador,Average weekly earnings including overtime for all employees,798.98
2009-06,Prince Edward Island,Average weekly earnings including overtime for all employees,689.36
2009-06,Nova Scotia,Average weekly earnings including overtime for all employees,727.09
2009-06,New Brunswick,Average weekly earnings including overtime for all employees,743.38
2009-06,Quebec,Average weekly earnings including overtime for all employees,765.45
2009-06,Ontario,Average weekly earnings including overtime for all employees,843.44
2009-06,Manitoba,Average weekly earnings including overtime for all employees,760.98
2009-06,Saskatchewan,Average weekly earnings including overtime for all employees,801.44
2009-06,Alberta,Average weekly earnings including overtime for all employees,948.05
2009-06,British Columbia,Average weekly earnings including overtime for all employees,790.18
2009-06,Yukon,Average weekly earnings including overtime for all employees,900.74
2009-06,Northwest Territories,Average weekly earnings including overtime for all employees,1148.74
2009-06,Nunavut,Average weekly earnings including overtime for all employees,1074.66
2009-07,Canada,Average weekly earnings including overtime for all employees,822.12
2009-07,Newfoundland and Labrador,Average weekly earnings including overtime for all employees,804.96
2009-07,Prince Edward Island,Average weekly earnings including overtime for all employees,701.69
2009-07,Nova Scotia,Average weekly earnings including overtime for all employees,726.42
2009-07,New Brunswick,Average weekly earnings including overtime for all employees,760.6
2009-07,Quebec,Average weekly earnings including overtime for all employees,761.54
2009-07,Ontario,Average weekly earnings including overtime for all employees,844.27
2009-07,Manitoba,Average weekly earnings including overtime for all employees,768.69
2009-07,Saskatchewan,Average weekly earnings including overtime for all employees,800.61
2009-07,Alberta,Average weekly earnings including overtime for all employees,950.86
2009-07,British Columbia,Average weekly earnings including overtime for all employees,795.08
2009-07,Yukon,Average weekly earnings including overtime for all employees,906.51
2009-07,Northwest Territories,Average weekly earnings including overtime for all employees,1193.24
2009-07,Nunavut,Average weekly earnings including overtime for all employees,1036.29
2009-08,Canada,Average weekly earnings including overtime for all employees,821.7
2009-08,Newfoundland and Labrador,Average weekly earnings including overtime for all employees,795.8
2009-08,Prince Edward Island,Average weekly earnings including overtime for all employees,693.94
2009-08,Nova Scotia,Average weekly earnings including overtime for all employees,730.85
2009-08,New Brunswick,Average weekly earnings including overtime for all employees,755.36
2009-08,Quebec,Average weekly earnings including overtime for all employees,766.8
2009-08,Ontario,Average weekly earnings including overtime for all employees,847.76
2009-08,Manitoba,Average weekly earnings including overtime for all employees,765.65
2009-08,Saskatchewan,Average weekly earnings including overtime for all employees,798.76
2009-08,Alberta,Average weekly earnings including overtime for all employees,934.16
2009-08,British Columbia,Average weekly earnings including overtime for all employees,792.58
2009-08,Yukon,Average weekly earnings including overtime for all employees,914.27
2009-08,Northwest Territories,Average weekly earnings including overtime for all employees,1174.23
2009-08,Nunavut,Average weekly earnings including overtime for all employees,1038.91
2009-09,Canada,Average weekly earnings including overtime for all employees,827.52
2009-09,Newfoundland and Labrador,Average weekly earnings including overtime for all employees,801.14
2009-09,Prince Edward Island,Average weekly earnings including overtime for all employees,697.85
2009-09,Nova Scotia,Average weekly earnings including overtime for all employees,739.81
2009-09,New Brunswick,Average weekly earnings including overtime for all employees,764.18
2009-09,Quebec,Average weekly earnings including overtime for all employees,768.42
2009-09,Ontario,Average weekly earnings including overtime for all employees,854.08
2009-09,Manitoba,Average weekly earnings including overtime for all employees,774.66
2009-09,Saskatchewan,Average weekly earnings including overtime for all employees,808.92
2009-09,Alberta,Average weekly earnings including overtime for all employees,945.93
2009-09,British Columbia,Average weekly earnings including overtime for all employees,798.16
2009-09,Yukon,Average weekly earnings including overtime for all employees,919.52
2009-09,Northwest Territories,Average weekly earnings including overtime for all employees,1164.51
2009-09,Nunavut,Average weekly earnings including overtime for all employees,1052.91
2009-10,Canada,Average weekly earnings including overtime for all employees,825.52
2009-10,Newfoundland and Labrador,Average weekly earnings including overtime for all employees,812.07
2009-10,Prince Edward Island,Average weekly earnings including overtime for all employees,699.15
2009-10,Nova Scotia,Average weekly earnings including overtime for all employees,721.63
2009-10,New Brunswick,Average weekly earnings including overtime for all employees,747.75
2009-10,Quebec,Average weekly earnings including overtime for all employees,758.52
2009-10,Ontario,Average weekly earnings including overtime for all employees,853.27
2009-10,Manitoba,Average weekly earnings including overtime for all employees,776.32
2009-10,Saskatchewan,Average weekly earnings including overtime for all employees,812.66
2009-10,Alberta,Average weekly earnings including overtime for all employees,946.21
2009-10,British Columbia,Average weekly earnings including overtime for all employees,802.56
2009-10,Yukon,Average weekly earnings including overtime for all employees,921.51
2009-10,Northwest Territories,Average weekly earnings including overtime for all employees,1167.96
2009-10,Nunavut,Average weekly earnings including overtime for all employees,1040.2
2009-11,Canada,Average weekly earnings including overtime for all employees,827.78
2009-11,Newfoundland and Labrador,Average weekly earnings including overtime for all employees,823.87
2009-11,Prince Edward Island,Average weekly earnings including overtime for all employees,686.22
2009-11,Nova Scotia,Average weekly earnings including overtime for all employees,727.7
2009-11,New Brunswick,Average weekly earnings including overtime for all employees,750.47
2009-11,Quebec,Average weekly earnings including overtime for all employees,762.81
2009-11,Ontario,Average weekly earnings including overtime for all employees,856.23
2009-11,Manitoba,Average weekly earnings including overtime for all employees,771.26
2009-11,Saskatchewan,Average weekly earnings including overtime for all employees,815.66
2009-11,Alberta,Average weekly earnings including overtime for all employees,953.54
2009-11,British Columbia,Average weekly earnings including overtime for all employees,798.89
2009-11,Yukon,Average weekly earnings including overtime for all employees,915.06
2009-11,Northwest Territories,Average weekly earnings including overtime for all employees,1185.41
2009-11,Nunavut,Average weekly earnings including overtime for all employees,1052.93
2009-12,Canada,Average weekly earnings including overtime for all employees,832.76
2009-12,Newfoundland and Labrador,Average weekly earnings including overtime for all employees,821.41
2009-12,Prince Edward Island,Average weekly earnings including overtime for all employees,683.84
2009-12,Nova Scotia,Average weekly earnings including overtime for all employees,736.84
2009-12,New Brunswick,Average weekly earnings including overtime for all employees,754.56
2009-12,Quebec,Average weekly earnings including overtime for all employees,758.28
2009-12,Ontario,Average weekly earnings including overtime for all employees,863.25
2009-12,Manitoba,Average weekly earnings including overtime for all employees,768.92
2009-12,Saskatchewan,Average weekly earnings including overtime for all employees,827.73
2009-12,Alberta,Average weekly earnings including overtime for all employees,954.18
2009-12,British Columbia,Average weekly earnings including overtime for all employees,810.63
2009-12,Yukon,Average weekly earnings including overtime for all employees,915.42
2009-12,Northwest Territories,Average weekly earnings including overtime for all employees,1224.46
2009-12,Nunavut,Average weekly earnings including overtime for all employees,1067.05
2010-01,Canada,Average weekly earnings including overtime for all employees,834.47
2010-01,Newfoundland and Labrador,Average weekly earnings including overtime for all employees,818.66
2010-01,Prince Edward Island,Average weekly earnings including overtime for all employees,677.06
2010-01,Nova Scotia,Average weekly earnings including overtime for all employees,741.07
2010-01,New Brunswick,Average weekly earnings including overtime for all employees,755.02
2010-01,Quebec,Average weekly earnings including overtime for all employees,775.14
2010-01,Ontario,Average weekly earnings including overtime for all employees,863.97
2010-01,Manitoba,Average weekly earnings including overtime for all employees,762.19
2010-01,Saskatchewan,Average weekly earnings including overtime for all employees,823.84
2010-01,Alberta,Average weekly earnings including overtime for all employees,960.11
2010-01,British Columbia,Average weekly earnings including overtime for all employees,799.3
2010-01,Yukon,Average weekly earnings including overtime for all employees,915.39
2010-01,Northwest Territories,Average weekly earnings including overtime for all employees,1172.73
2010-01,Nunavut,Average weekly earnings including overtime for all employees,1047.61
2010-02,Canada,Average weekly earnings including overtime for all employees,841.1
2010-02,Newfoundland and Labrador,Average weekly earnings including overtime for all employees,832.8
2010-02,Prince Edward Island,Average weekly earnings including overtime for all employees,706.29
2010-02,Nova Scotia,Average weekly earnings including overtime for all employees,757.61
2010-02,New Brunswick,Average weekly earnings including overtime for all employees,758.68
2010-02,Quebec,Average weekly earnings including overtime for all employees,772.59
2010-02,Ontario,Average weekly earnings including overtime for all employees,872.98
2010-02,Manitoba,Average weekly earnings including overtime for all employees,775.26
2010-02,Saskatchewan,Average weekly earnings including overtime for all employees,824.0
2010-02,Alberta,Average weekly earnings including overtime for all employees,967.5
2010-02,British Columbia,Average weekly earnings including overtime for all employees,808.16
2010-02,Yukon,Average weekly earnings including overtime for all employees,912.3
2010-02,Northwest Territories,Average weekly earnings including overtime for all employees,1192.97
2010-02,Nunavut,Average weekly earnings including overtime for all employees,1066.2
2010-03,Canada,Average weekly earnings including overtime for all employees,841.99
2010-03,Newfoundland and Labrador,Average weekly earnings including overtime for all employees,830.93
2010-03,Prince Edward Island,Average weekly earnings including overtime for all employees,699.74
2010-03,Nova Scotia,Average weekly earnings including overtime for all employees,748.42
2010-03,New Brunswick,Average weekly earnings including overtime for all employees,759.8
2010-03,Quebec,Average weekly earnings including overtime for all employees,773.43
2010-03,Ontario,Average weekly earnings including overtime for all employees,870.01
2010-03,Manitoba,Average weekly earnings including overtime for all employees,770.49
2010-03,Saskatchewan,Average weekly earnings including overtime for all employees,831.44
2010-03,Alberta,Average weekly earnings including overtime for all employees,977.32
2010-03,British Columbia,Average weekly earnings including overtime for all employees,811.08
2010-03,Yukon,Average weekly earnings including overtime for all employees,931.1
2010-03,Northwest Territories,Average weekly earnings including overtime for all employees,1209.63
2010-03,Nunavut,Average weekly earnings including overtime for all employees,1044.35
2010-04,Canada,Average weekly earnings including overtime for all employees,845.56
2010-04,Newfoundland and Labrador,Average weekly earnings including overtime for all employees,830.23
2010-04,Prince Edward Island,Average weekly earnings including overtime for all employees,714.76
2010-04,Nova Scotia,Average weekly earnings including overtime for all employees,750.78
2010-04,New Brunswick,Average weekly earnings including overtime for all employees,761.14
2010-04,Quebec,Average weekly earnings including overtime for all employees,774.18
2010-04,Ontario,Average weekly earnings including overtime for all employees,871.84
2010-04,Manitoba,Average weekly earnings including overtime for all employees,775.61
2010-04,Saskatchewan,Average weekly earnings including overtime for all employees,839.74
2010-04,Alberta,Average weekly earnings including overtime for all employees,992.22
2010-04,British Columbia,Average weekly earnings including overtime for all employees,812.57
2010-04,Yukon,Average weekly earnings including overtime for all employees,935.25
2010-04,Northwest Territories,Average weekly earnings including overtime for all employees,1206.56
2010-04,Nunavut,Average weekly earnings including overtime for all employees,1041.65
2010-05,Canada,Average weekly earnings including overtime for all employees,846.99
2010-05,Newfoundland and Labrador,Average weekly earnings including overtime for all employees,829.82
2010-05,Prince Edward Island,Average weekly earnings including overtime for all employees,715.73
2010-05,Nova Scotia,Average weekly earnings including overtime for all employees,752.77
2010-05,New Brunswick,Average weekly earnings including overtime for all employees,750.37
2010-05,Quebec,Average weekly earnings including overtime for all employees,779.54
2010-05,Ontario,Average weekly earnings including overtime for all employees,873.35
2010-05,Manitoba,Average weekly earnings including overtime for all employees,779.56
2010-05,Saskatchewan,Average weekly earnings including overtime for all employees,842.13
2010-05,Alberta,Average weekly earnings including overtime for all employees,986.46
2010-05,British Columbia,Average weekly earnings including overtime for all employees,817.11
2010-05,Yukon,Average weekly earnings including overtime for all employees,935.43
2010-05,Northwest Territories,Average weekly earnings including overtime for all employees,1219.8
2010-05,Nunavut,Average weekly earnings including overtime for all employees,1013.18
2010-06,Canada,Average weekly earnings including overtime for all employees,850.13
2010-06,Newfoundland and Labrador,Average weekly earnings including overtime for all employees,837.54
2010-06,Prince Edward Island,Average weekly earnings including overtime for all employees,706.86
2010-06,Nova Scotia,Average weekly earnings including overtime for all employees,757.01
2010-06,New Brunswick,Average weekly earnings including overtime for all employees,755.43
2010-06,Quebec,Average weekly earnings including overtime for all employees,787.57
2010-06,Ontario,Average weekly earnings including overtime for all employees,875.54
2010-06,Manitoba,Average weekly earnings including overtime for all employees,778.79
2010-06,Saskatchewan,Average weekly earnings including overtime for all employees,845.11
2010-06,Alberta,Average weekly earnings including overtime for all employees,990.63
2010-06,British Columbia,Average weekly earnings including overtime for all employees,811.91
2010-06,Yukon,Average weekly earnings including overtime for all employees,966.5
2010-06,Northwest Territories,Average weekly earnings including overtime for all employees,1229.19
2010-06,Nunavut,Average weekly earnings including overtime for all employees,1062.74
2010-07,Canada,Average weekly earnings including overtime for all employees,853.39
2010-07,Newfoundland and Labrador,Average weekly earnings including overtime for all employees,829.22
2010-07,Prince Edward Island,Average weekly earnings including overtime for all employees,699.18
2010-07,Nova Scotia,Average weekly earnings including overtime for all employees,763.26
2010-07,New Brunswick,Average weekly earnings including overtime for all employees,756.37
2010-07,Quebec,Average weekly earnings including overtime for all employees,778.76
2010-07,Ontario,Average weekly earnings including overtime for all employees,883.24
2010-07,Manitoba,Average weekly earnings including overtime for all employees,784.42
2010-07,Saskatchewan,Average weekly earnings including overtime for all employees,842.98
2010-07,Alberta,Average weekly earnings including overtime for all employees,995.76
2010-07,British Columbia,Average weekly earnings including overtime for all employees,823.68
2010-07,Yukon,Average weekly earnings including overtime for all employees,929.59
2010-07,Northwest Territories,Average weekly earnings including overtime for all employees,1241.61
2010-07,Nunavut,Average weekly earnings including overtime for all employees,1071.41
2010-08,Canada,Average weekly earnings including overtime for all employees,858.39
2010-08,Newfoundland and Labrador,Average weekly earnings including overtime for all employees,842.03
2010-08,Prince Edward Island,Average weekly earnings including overtime for all employees,700.78
2010-08,Nova Scotia,Average weekly earnings including overtime for all employees,757.33
2010-08,New Brunswick,Average weekly earnings including overtime for all employees,756.03
2010-08,Quebec,Average weekly earnings including overtime for all employees,789.82
2010-08,Ontario,Average weekly earnings including overtime for all employees,888.74
2010-08,Manitoba,Average weekly earnings including overtime for all employees,783.71
2010-08,Saskatchewan,Average weekly earnings including overtime for all employees,848.99
2010-08,Alberta,Average weekly earnings including overtime for all employees,998.22
2010-08,British Columbia,Average weekly earnings including overtime for all employees,824.01
2010-08,Yukon,Average weekly earnings including overtime for all employees,930.37
2010-08,Northwest Territories,Average weekly earnings including overtime for all employees,1235.07
2010-08,Nunavut,Average weekly earnings including overtime for all employees,1023.65
2010-09,Canada,Average weekly earnings including overtime for all employees,864.85
2010-09,Newfoundland and Labrador,Average weekly earnings including overtime for all employees,846.38
2010-09,Prince Edward Island,Average weekly earnings including overtime for all employees,702.75
2010-09,Nova Scotia,Average weekly earnings including overtime for all employees,767.7
2010-09,New Brunswick,Average weekly earnings including overtime for all employees,765.28
2010-09,Quebec,Average weekly earnings including overtime for all employees,786.99
2010-09,Ontario,Average weekly earnings including overtime for all employees,902.94
2010-09,Manitoba,Average weekly earnings including overtime for all employees,790.75
2010-09,Saskatchewan,Average weekly earnings including overtime for all employees,854.99
2010-09,Alberta,Average weekly earnings including overtime for all employees,1000.37
2010-09,British Columbia,Average weekly earnings including overtime for all employees,829.09
2010-09,Yukon,Average weekly earnings including overtime for all employees,944.67
2010-09,Northwest Territories,Average weekly earnings including overtime for all employees,1226.01
2010-09,Nunavut,Average weekly earnings including overtime for all employees,1066.72
2010-10,Canada,Average weekly earnings including overtime for all employees,860.37
2010-10,Newfoundland and Labrador,Average weekly earnings including overtime for all employees,835.68
2010-10,Prince Edward Island,Average weekly earnings including overtime for all employees,717.14
2010-10,Nova Scotia,Average weekly earnings including overtime for all employees,766.53
2010-10,New Brunswick,Average weekly earnings including overtime for all employees,765.05
2010-10,Quebec,Average weekly earnings including overtime for all employees,795.67
2010-10,Ontario,Average weekly earnings including overtime for all employees,887.88
2010-10,Manitoba,Average weekly earnings including overtime for all employees,792.21
2010-10,Saskatchewan,Average weekly earnings including overtime for all employees,856.82
2010-10,Alberta,Average weekly earnings including overtime for all employees,999.48
2010-10,British Columbia,Average weekly earnings including overtime for all employees,826.06
2010-10,Yukon,Average weekly earnings including overtime for all employees,942.6
2010-10,Northwest Territories,Average weekly earnings including overtime for all employees,1234.31
2010-10,Nunavut,Average weekly earnings including overtime for all employees,1073.14
2010-11,Canada,Average weekly earnings including overtime for all employees,863.56
2010-11,Newfoundland and Labrador,Average weekly earnings including overtime for all employees,849.02
2010-11,Prince Edward Island,Average weekly earnings including overtime for all employees,716.05
2010-11,Nova Scotia,Average weekly earnings including overtime for all employees,760.07
2010-11,New Brunswick,Average weekly earnings including overtime for all employees,766.84
2010-11,Quebec,Average weekly earnings including overtime for all employees,797.92
2010-11,Ontario,Average weekly earnings including overtime for all employees,891.74
2010-11,Manitoba,Average weekly earnings including overtime for all employees,792.96
2010-11,Saskatchewan,Average weekly earnings including overtime for all employees,858.37
2010-11,Alberta,Average weekly earnings including overtime for all employees,1001.67
2010-11,British Columbia,Average weekly earnings including overtime for all employees,822.38
2010-11,Yukon,Average weekly earnings including overtime for all employees,943.61
2010-11,Northwest Territories,Average weekly earnings including overtime for all employees,1258.54
2010-11,Nunavut,Average weekly earnings including overtime for all employees,1071.16
2010-12,Canada,Average weekly earnings including overtime for all employees,866.04
2010-12,Newfoundland and Labrador,Average weekly earnings including overtime for all employees,856.22
2010-12,Prince Edward Island,Average weekly earnings including overtime for all employees,723.82
2010-12,Nova Scotia,Average weekly earnings including overtime for all employees,772.88
2010-12,New Brunswick,Average weekly earnings including overtime for all employees,774.23
2010-12,Quebec,Average weekly earnings including overtime for all employees,797.7
2010-12,Ontario,Average weekly earnings including overtime for all employees,892.78
2010-12,Manitoba,Average weekly earnings including overtime for all employees,797.62
2010-12,Saskatchewan,Average weekly earnings including overtime for all employees,861.69
2010-12,Alberta,Average weekly earnings including overtime for all employees,1002.58
2010-12,British Columbia,Average weekly earnings including overtime for all employees,831.34
2010-12,Yukon,Average weekly earnings including overtime for all employees,950.7
2010-12,Northwest Territories,Average weekly earnings including overtime for all employees,1244.75
2010-12,Nunavut,Average weekly earnings including overtime for all employees,1058.07
2011-01,Canada,Average weekly earnings including overtime for all employees,872.79
2011-01,Newfoundland and Labrador,Average weekly earnings including overtime for all employees,867.95
2011-01,Prince Edward Island,Average weekly earnings including overtime for all employees,718.4
2011-01,Nova Scotia,Average weekly earnings including overtime for all employees,759.89
2011-01,New Brunswick,Average weekly earnings including overtime for all employees,785.91
2011-01,Quebec,Average weekly earnings including overtime for all employees,802.59
2011-01,Ontario,Average weekly earnings including overtime for all employees,897.63
2011-01,Manitoba,Average weekly earnings including overtime for all employees,798.48
2011-01,Saskatchewan,Average weekly earnings including overtime for all employees,879.95
2011-01,Alberta,Average weekly earnings including overtime for all employees,1031.17
2011-01,British Columbia,Average weekly earnings including overtime for all employees,835.34
2011-01,Yukon,Average weekly earnings including overtime for all employees,966.3
2011-01,Northwest Territories,Average weekly earnings including overtime for all employees,1253.0
2011-01,Nunavut,Average weekly earnings including overtime for all employees,1063.76
2011-02,Canada,Average weekly earnings including overtime for all employees,870.39
2011-02,Newfoundland and Labrador,Average weekly earnings including overtime for all employees,878.23
2011-02,Prince Edward Island,Average weekly earnings including overtime for all employees,711.32
2011-02,Nova Scotia,Average weekly earnings including overtime for all employees,762.86
2011-02,New Brunswick,Average weekly earnings including overtime for all employees,781.95
2011-02,Quebec,Average weekly earnings including overtime for all employees,802.39
2011-02,Ontario,Average weekly earnings including overtime for all employees,894.34
2011-02,Manitoba,Average weekly earnings including overtime for all employees,800.49
2011-02,Saskatchewan,Average weekly earnings including overtime for all employees,856.95
2011-02,Alberta,Average weekly earnings including overtime for all employees,1025.66
2011-02,British Columbia,Average weekly earnings including overtime for all employees,836.03
2011-02,Yukon,Average weekly earnings including overtime for all employees,952.25
2011-02,Northwest Territories,Average weekly earnings including overtime for all employees,1255.01
2011-02,Nunavut,Average weekly earnings including overtime for all employees,1026.6
2011-03,Canada,Average weekly earnings including overtime for all employees,870.27
2011-03,Newfoundland and Labrador,Average weekly earnings including overtime for all employees,873.8
2011-03,Prince Edward Island,Average weekly earnings including overtime for all employees,719.61
2011-03,Nova Scotia,Average weekly earnings including overtime for all employees,766.18
2011-03,New Brunswick,Average weekly earnings including overtime for all employees,786.17
2011-03,Quebec,Average weekly earnings including overtime for all employees,796.18
2011-03,Ontario,Average weekly earnings including overtime for all employees,896.05
2011-03,Manitoba,Average weekly earnings including overtime for all employees,799.45
2011-03,Saskatchewan,Average weekly earnings including overtime for all employees,866.02
2011-03,Alberta,Average weekly earnings including overtime for all employees,1022.87
2011-03,British Columbia,Average weekly earnings including overtime for all employees,835.65
2011-03,Yukon,Average weekly earnings including overtime for all employees,959.0
2011-03,Northwest Territories,Average weekly earnings including overtime for all employees,1244.98
2011-03,Nunavut,Average weekly earnings including overtime for all employees,1077.63
2011-04,Canada,Average weekly earnings including overtime for all employees,869.97
2011-04,Newfoundland and Labrador,Average weekly earnings including overtime for all employees,867.75
2011-04,Prince Edward Island,Average weekly earnings including overtime for all employees,713.66
2011-04,Nova Scotia,Average weekly earnings including overtime for all employees,763.55
2011-04,New Brunswick,Average weekly earnings including overtime for all employees,788.79
2011-04,Quebec,Average weekly earnings including overtime for all employees,803.96
2011-04,Ontario,Average weekly earnings including overtime for all employees,890.44
2011-04,Manitoba,Average weekly earnings including overtime for all employees,799.78
2011-04,Saskatchewan,Average weekly earnings including overtime for all employees,870.4
2011-04,Alberta,Average weekly earnings including overtime for all employees,1026.99
2011-04,British Columbia,Average weekly earnings including overtime for all employees,835.17
2011-04,Yukon,Average weekly earnings including overtime for all employees,966.47
2011-04,Northwest Territories,Average weekly earnings including overtime for all employees,1244.32
2011-04,Nunavut,Average weekly earnings including overtime for all employees,1068.39
2011-05,Canada,Average weekly earnings including overtime for all employees,871.57
2011-05,Newfoundland and Labrador,Average weekly earnings including overtime for all employees,869.34
2011-05,Prince Edward Island,Average weekly earnings including overtime for all employees,713.15
2011-05,Nova Scotia,Average weekly earnings including overtime for all employees,758.16
2011-05,New Brunswick,Average weekly earnings including overtime for all employees,782.79
2011-05,Quebec,Average weekly earnings including overtime for all employees,797.11
2011-05,Ontario,Average weekly earnings including overtime for all employees,892.85
2011-05,Manitoba,Average weekly earnings including overtime for all employees,807.59
2011-05,Saskatchewan,Average weekly earnings including overtime for all employees,858.2
2011-05,Alberta,Average weekly earnings including overtime for all employees,1034.44
2011-05,British Columbia,Average weekly earnings including overtime for all employees,842.52
2011-05,Yukon,Average weekly earnings including overtime for all employees,971.12
2011-05,Northwest Territories,Average weekly earnings including overtime for all employees,1258.82
2011-05,Nunavut,Average weekly earnings including overtime for all employees,1090.45
2011-06,Canada,Average weekly earnings including overtime for all employees,870.23
2011-06,Newfoundland and Labrador,Average weekly earnings including overtime for all employees,863.14
2011-06,Prince Edward Island,Average weekly earnings including overtime for all employees,711.63
2011-06,Nova Scotia,Average weekly earnings including overtime for all employees,766.65
2011-06,New Brunswick,Average weekly earnings including overtime for all employees,777.58
2011-06,Quebec,Average weekly earnings including overtime for all employees,793.87
2011-06,Ontario,Average weekly earnings including overtime for all employees,889.67
2011-06,Manitoba,Average weekly earnings including overtime for all employees,805.97
2011-06,Saskatchewan,Average weekly earnings including overtime for all employees,861.21
2011-06,Alberta,Average weekly earnings including overtime for all employees,1032.63
2011-06,British Columbia,Average weekly earnings including overtime for all employees,846.51
2011-06,Yukon,Average weekly earnings including overtime for all employees,991.86
2011-06,Northwest Territories,Average weekly earnings including overtime for all employees,1303.39
2011-06,Nunavut,Average weekly earnings including overtime for all employees,1075.4
2011-07,Canada,Average weekly earnings including overtime for all employees,868.68
2011-07,Newfoundland and Labrador,Average weekly earnings including overtime for all employees,875.18
2011-07,Prince Edward Island,Average weekly earnings including overtime for all employees,711.08
2011-07,Nova Scotia,Average weekly earnings including overtime for all employees,764.04
2011-07,New Brunswick,Average weekly earnings including overtime for all employees,783.2
2011-07,Quebec,Average weekly earnings including overtime for all employees,809.64
2011-07,Ontario,Average weekly earnings including overtime for all employees,887.4
2011-07,Manitoba,Average weekly earnings including overtime for all employees,799.67
2011-07,Saskatchewan,Average weekly earnings including overtime for all employees,865.42
2011-07,Alberta,Average weekly earnings including overtime for all employees,1021.89
2011-07,British Columbia,Average weekly earnings including overtime for all employees,830.22
2011-07,Yukon,Average weekly earnings including overtime for all employees,990.08
2011-07,Northwest Territories,Average weekly earnings including overtime for all employees,1254.58
2011-07,Nunavut,Average weekly earnings including overtime for all employees,1106.81
2011-08,Canada,Average weekly earnings including overtime for all employees,872.48
2011-08,Newfoundland and Labrador,Average weekly earnings including overtime for all employees,878.56
2011-08,Prince Edward Island,Average weekly earnings including overtime for all employees,717.95
2011-08,Nova Scotia,Average weekly earnings including overtime for all employees,766.05
2011-08,New Brunswick,Average weekly earnings including overtime for all employees,786.19
2011-08,Quebec,Average weekly earnings including overtime for all employees,797.68
2011-08,Ontario,Average weekly earnings including overtime for all employees,888.94
2011-08,Manitoba,Average weekly earnings including overtime for all employees,807.31
2011-08,Saskatchewan,Average weekly earnings including overtime for all employees,884.88
2011-08,Alberta,Average weekly earnings including overtime for all employees,1040.43
2011-08,British Columbia,Average weekly earnings including overtime for all employees,843.41
2011-08,Yukon,Average weekly earnings including overtime for all employees,1004.64
2011-08,Northwest Territories,Average weekly earnings including overtime for all employees,1297.52
2011-08,Nunavut,Average weekly earnings including overtime for all employees,1110.35
2011-09,Canada,Average weekly earnings including overtime for all employees,872.81
2011-09,Newfoundland and Labrador,Average weekly earnings including overtime for all employees,886.9
2011-09,Prince Edward Island,Average weekly earnings including overtime for all employees,734.06
2011-09,Nova Scotia,Average weekly earnings including overtime for all employees,760.99
2011-09,New Brunswick,Average weekly earnings including overtime for all employees,792.16
2011-09,Quebec,Average weekly earnings including overtime for all employees,802.99
2011-09,Ontario,Average weekly earnings including overtime for all employees,889.32
2011-09,Manitoba,Average weekly earnings including overtime for all employees,802.08
2011-09,Saskatchewan,Average weekly earnings including overtime for all employees,899.27
2011-09,Alberta,Average weekly earnings including overtime for all employees,1030.33
2011-09,British Columbia,Average weekly earnings including overtime for all employees,842.98
2011-09,Yukon,Average weekly earnings including overtime for all employees,973.02
2011-09,Northwest Territories,Average weekly earnings including overtime for all employees,1291.7
2011-09,Nunavut,Average weekly earnings including overtime for all employees,1087.16
2011-10,Canada,Average weekly earnings including overtime for all employees,882.16
2011-10,Newfoundland and Labrador,Average weekly earnings including overtime for all employees,898.46
2011-10,Prince Edward Island,Average weekly earnings including overtime for all employees,724.27
2011-10,Nova Scotia,Average weekly earnings including overtime for all employees,767.59
2011-10,New Brunswick,Average weekly earnings including overtime for all employees,794.38
2011-10,Quebec,Average weekly earnings including overtime for all employees,812.28
2011-10,Ontario,Average weekly earnings including overtime for all employees,903.05
2011-10,Manitoba,Average weekly earnings including overtime for all employees,805.52
2011-10,Saskatchewan,Average weekly earnings including overtime for all employees,890.05
2011-10,Alberta,Average weekly earnings including overtime for all employees,1042.84
2011-10,British Columbia,Average weekly earnings including overtime for all employees,848.11
2011-10,Yukon,Average weekly earnings including overtime for all employees,989.12
2011-10,Northwest Territories,Average weekly earnings including overtime for all employees,1298.61
2011-10,Nunavut,Average weekly earnings including overtime for all employees,1109.82
2011-11,Canada,Average weekly earnings including overtime for all employees,880.17
2011-11,Newfoundland and Labrador,Average weekly earnings including overtime for all employees,889.7
2011-11,Prince Edward Island,Average weekly earnings including overtime for all employees,735.91
2011-11,Nova Scotia,Average weekly earnings including overtime for all employees,777.66
2011-11,New Brunswick,Average weekly earnings including overtime for all employees,797.92
2011-11,Quebec,Average weekly earnings including overtime for all employees,813.32
2011-11,Ontario,Average weekly earnings including overtime for all employees,894.31
2011-11,Manitoba,Average weekly earnings including overtime for all employees,806.88
2011-11,Saskatchewan,Average weekly earnings including overtime for all employees,892.91
2011-11,Alberta,Average weekly earnings including overtime for all employees,1042.47
2011-11,British Columbia,Average weekly earnings including overtime for all employees,849.17
2011-11,Yukon,Average weekly earnings including overtime for all employees,976.02
2011-11,Northwest Territories,Average weekly earnings including overtime for all employees,1282.77
2011-11,Nunavut,Average weekly earnings including overtime for all employees,1094.08
2011-12,Canada,Average weekly earnings including overtime for all employees,880.78
2011-12,Newfoundland and Labrador,Average weekly earnings including overtime for all employees,899.53
2011-12,Prince Edward Island,Average weekly earnings including overtime for all employees,725.61
2011-12,Nova Scotia,Average weekly earnings including overtime for all employees,773.75
2011-12,New Brunswick,Average weekly earnings including overtime for all employees,789.4
2011-12,Quebec,Average weekly earnings including overtime for all employees,812.91
2011-12,Ontario,Average weekly earnings including overtime for all employees,896.51
2011-12,Manitoba,Average weekly earnings including overtime for all employees,798.53
2011-12,Saskatchewan,Average weekly earnings including overtime for all employees,887.97
2011-12,Alberta,Average weekly earnings including overtime for all employees,1042.58
2011-12,British Columbia,Average weekly earnings including overtime for all employees,847.48
2011-12,Yukon,Average weekly earnings including overtime for all employees,984.12
2011-12,Northwest Territories,Average weekly earnings including overtime for all employees,1306.86
2011-12,Nunavut,Average weekly earnings including overtime for all employees,1113.39
2012-01,Canada,Average weekly earnings including overtime for all employees,885.06
2012-01,Newfoundland and Labrador,Average weekly earnings including overtime for all employees,910.03
2012-01,Prince Edward Island,Average weekly earnings including overtime for all employees,727.74
2012-01,Nova Scotia,Average weekly earnings including overtime for all employees,776.86
2012-01,New Brunswick,Average weekly earnings including overtime for all employees,794.76
2012-01,Quebec,Average weekly earnings including overtime for all employees,813.56
2012-01,Ontario,Average weekly earnings including overtime for all employees,897.91
2012-01,Manitoba,Average weekly earnings including overtime for all employees,817.21
2012-01,Saskatchewan,Average weekly earnings including overtime for all employees,903.86
2012-01,Alberta,Average weekly earnings including overtime for all employees,1051.81
2012-01,British Columbia,Average weekly earnings including overtime for all employees,856.97
2012-01,Yukon,Average weekly earnings including overtime for all employees,972.79
2012-01,Northwest Territories,Average weekly earnings including overtime for all employees,1307.25
2012-01,Nunavut,Average weekly earnings including overtime for all employees,1133.23
2012-02,Canada,Average weekly earnings including overtime for all employees,880.62
2012-02,Newfoundland and Labrador,Average weekly earnings including overtime for all employees,907.35
2012-02,Prince Edward Island,Average weekly earnings including overtime for all employees,729.72
2012-02,Nova Scotia,Average weekly earnings including overtime for all employees,771.44
2012-02,New Brunswick,Average weekly earnings including overtime for all employees,797.69
2012-02,Quebec,Average weekly earnings including overtime for all employees,811.28
2012-02,Ontario,Average weekly earnings including overtime for all employees,891.71
2012-02,Manitoba,Average weekly earnings including overtime for all employees,808.79
2012-02,Saskatchewan,Average weekly earnings including overtime for all employees,901.44
2012-02,Alberta,Average weekly earnings including overtime for all employees,1050.28
2012-02,British Columbia,Average weekly earnings including overtime for all employees,855.66
2012-02,Yukon,Average weekly earnings including overtime for all employees,982.11
2012-02,Northwest Territories,Average weekly earnings including overtime for all employees,1327.77
2012-02,Nunavut,Average weekly earnings including overtime for all employees,1130.38
2012-03,Canada,Average weekly earnings including overtime for all employees,886.96
2012-03,Newfoundland and Labrador,Average weekly earnings including overtime for all employees,913.29
2012-03,Prince Edward Island,Average weekly earnings including overtime for all employees,741.67
2012-03,Nova Scotia,Average weekly earnings including overtime for all employees,778.97
2012-03,New Brunswick,Average weekly earnings including overtime for all employees,805.79
2012-03,Quebec,Average weekly earnings including overtime for all employees,820.04
2012-03,Ontario,Average weekly earnings including overtime for all employees,895.63
2012-03,Manitoba,Average weekly earnings including overtime for all employees,819.27
2012-03,Saskatchewan,Average weekly earnings including overtime for all employees,909.9
2012-03,Alberta,Average weekly earnings including overtime for all employees,1052.4
2012-03,British Columbia,Average weekly earnings including overtime for all employees,860.52
2012-03,Yukon,Average weekly earnings including overtime for all employees,978.19
2012-03,Northwest Territories,Average weekly earnings including overtime for all employees,1300.84
2012-03,Nunavut,Average weekly earnings including overtime for all employees,1135.95
2012-04,Canada,Average weekly earnings including overtime for all employees,889.5
2012-04,Newfoundland and Labrador,Average weekly earnings including overtime for all employees,922.66
2012-04,Prince Edward Island,Average weekly earnings including overtime for all employees,724.8
2012-04,Nova Scotia,Average weekly earnings including overtime for all employees,777.44
2012-04,New Brunswick,Average weekly earnings including overtime for all employees,804.24
2012-04,Quebec,Average weekly earnings including overtime for all employees,816.77
2012-04,Ontario,Average weekly earnings including overtime for all employees,903.81
2012-04,Manitoba,Average weekly earnings including overtime for all employees,818.95
2012-04,Saskatchewan,Average weekly earnings including overtime for all employees,904.84
2012-04,Alberta,Average weekly earnings including overtime for all employees,1056.34
2012-04,British Columbia,Average weekly earnings including overtime for all employees,861.46
2012-04,Yukon,Average weekly earnings including overtime for all employees,988.51
2012-04,Northwest Territories,Average weekly earnings including overtime for all employees,1326.3
2012-04,Nunavut,Average weekly earnings including overtime for all employees,1157.79
2012-05,Canada,Average weekly earnings including overtime for all employees,890.13
2012-05,Newfoundland and Labrador,Average weekly earnings including overtime for all employees,914.18
2012-05,Prince Edward Island,Average weekly earnings including overtime for all employees,740.09
2012-05,Nova Scotia,Average weekly earnings including overtime for all employees,787.07
2012-05,New Brunswick,Average weekly earnings including overtime for all employees,806.93
2012-05,Quebec,Average weekly earnings including overtime for all employees,818.71
2012-05,Ontario,Average weekly earnings including overtime for all employees,902.26
2012-05,Manitoba,Average weekly earnings including overtime for all employees,821.72
2012-05,Saskatchewan,Average weekly earnings including overtime for all employees,912.75
2012-05,Alberta,Average weekly earnings including overtime for all employees,1054.15
2012-05,British Columbia,Average weekly earnings including overtime for all employees,857.28
2012-05,Yukon,Average weekly earnings including overtime for all employees,1010.34
2012-05,Northwest Territories,Average weekly earnings including overtime for all employees,1328.71
2012-05,Nunavut,Average weekly earnings including overtime for all employees,1127.96
2012-06,Canada,Average weekly earnings including overtime for all employees,893.66
2012-06,Newfoundland and Labrador,Average weekly earnings including overtime for all employees,920.89
2012-06,Prince Edward Island,Average weekly earnings including overtime for all employees,747.96
2012-06,Nova Scotia,Average weekly earnings including overtime for all employees,786.24
2012-06,New Brunswick,Average weekly earnings including overtime for all employees,811.1
2012-06,Quebec,Average weekly earnings including overtime for all employees,812.97
2012-06,Ontario,Average weekly earnings including overtime for all employees,909.23
2012-06,Manitoba,Average weekly earnings including overtime for all employees,822.07
2012-06,Saskatchewan,Average weekly earnings including overtime for all employees,911.16
2012-06,Alberta,Average weekly earnings including overtime for all employees,1060.42
2012-06,British Columbia,Average weekly earnings including overtime for all employees,867.48
2012-06,Yukon,Average weekly earnings including overtime for all employees,1021.2
2012-06,Northwest Territories,Average weekly earnings including overtime for all employees,1321.86
2012-06,Nunavut,Average weekly earnings including overtime for all employees,1123.94
2012-07,Canada,Average weekly earnings including overtime for all employees,900.56
2012-07,Newfoundland and Labrador,Average weekly earnings including overtime for all employees,937.12
2012-07,Prince Edward Island,Average weekly earnings including overtime for all employees,743.5
2012-07,Nova Scotia,Average weekly earnings including overtime for all employees,785.36
2012-07,New Brunswick,Average weekly earnings including overtime for all employees,807.91
2012-07,Quebec,Average weekly earnings including overtime for all employees,820.26
2012-07,Ontario,Average weekly earnings including overtime for all employees,912.88
2012-07,Manitoba,Average weekly earnings including overtime for all employees,829.34
2012-07,Saskatchewan,Average weekly earnings including overtime for all employees,931.51
2012-07,Alberta,Average weekly earnings including overtime for all employees,1076.64
2012-07,British Columbia,Average weekly earnings including overtime for all employees,874.57
2012-07,Yukon,Average weekly earnings including overtime for all employees,1005.82
2012-07,Northwest Territories,Average weekly earnings including overtime for all employees,1333.91
2012-07,Nunavut,Average weekly earnings including overtime for all employees,1112.62
2012-08,Canada,Average weekly earnings including overtime for all employees,903.79
2012-08,Newfoundland and Labrador,Average weekly earnings including overtime for all employees,949.91
2012-08,Prince Edward Island,Average weekly earnings including overtime for all employees,742.83
2012-08,Nova Scotia,Average weekly earnings including overtime for all employees,792.78
2012-08,New Brunswick,Average weekly earnings including overtime for all employees,815.86
2012-08,Quebec,Average weekly earnings including overtime for all employees,832.81
2012-08,Ontario,Average weekly earnings including overtime for all employees,909.64
2012-08,Manitoba,Average weekly earnings including overtime for all employees,834.4
2012-08,Saskatchewan,Average weekly earnings including overtime for all employees,938.98
2012-08,Alberta,Average weekly earnings including overtime for all employees,1091.22
2012-08,British Columbia,Average weekly earnings including overtime for all employees,871.46
2012-08,Yukon,Average weekly earnings including overtime for all employees,1036.0
2012-08,Northwest Territories,Average weekly earnings including overtime for all employees,1357.06
2012-08,Nunavut,Average weekly earnings including overtime for all employees,1150.38
2012-09,Canada,Average weekly earnings including overtime for all employees,902.73
2012-09,Newfoundland and Labrador,Average weekly earnings including overtime for all employees,939.7
2012-09,Prince Edward Island,Average weekly earnings including overtime for all employees,740.57
2012-09,Nova Scotia,Average weekly earnings including overtime for all employees,798.38
2012-09,New Brunswick,Average weekly earnings including overtime for all employees,808.07
2012-09,Quebec,Average weekly earnings including overtime for all employees,833.36
2012-09,Ontario,Average weekly earnings including overtime for all employees,911.36
2012-09,Manitoba,Average weekly earnings including overtime for all employees,837.45
2012-09,Saskatchewan,Average weekly earnings including overtime for all employees,928.42
2012-09,Alberta,Average weekly earnings including overtime for all employees,1080.58
2012-09,British Columbia,Average weekly earnings including overtime for all employees,871.85
2012-09,Yukon,Average weekly earnings including overtime for all employees,1003.68
2012-09,Northwest Territories,Average weekly earnings including overtime for all employees,1326.04
2012-09,Nunavut,Average weekly earnings including overtime for all employees,1124.26
2012-10,Canada,Average weekly earnings including overtime for all employees,903.29
2012-10,Newfoundland and Labrador,Average weekly earnings including overtime for all employees,933.66
2012-10,Prince Edward Island,Average weekly earnings including overtime for all employees,733.33
2012-10,Nova Scotia,Average weekly earnings including overtime for all employees,796.94
2012-10,New Brunswick,Average weekly earnings including overtime for all employees,811.51
2012-10,Quebec,Average weekly earnings including overtime for all employees,828.83
2012-10,Ontario,Average weekly earnings including overtime for all employees,912.17
2012-10,Manitoba,Average weekly earnings including overtime for all employees,832.44
2012-10,Saskatchewan,Average weekly earnings including overtime for all employees,928.83
2012-10,Alberta,Average weekly earnings including overtime for all employees,1084.51
2012-10,British Columbia,Average weekly earnings including overtime for all employees,871.95
2012-10,Yukon,Average weekly earnings including overtime for all employees,1001.4
2012-10,Northwest Territories,Average weekly earnings including overtime for all employees,1326.21
2012-10,Nunavut,Average weekly earnings including overtime for all employees,1143.99
2012-11,Canada,Average weekly earnings including overtime for all employees,903.7
2012-11,Newfoundland and Labrador,Average weekly earnings including overtime for all employees,928.19
2012-11,Prince Edward Island,Average weekly earnings including overtime for all employees,747.31
2012-11,Nova Scotia,Average weekly earnings including overtime for all employees,808.33
2012-11,New Brunswick,Average weekly earnings including overtime for all employees,808.11
2012-11,Quebec,Average weekly earnings including overtime for all employees,833.52
2012-11,Ontario,Average weekly earnings including overtime for all employees,911.12
2012-11,Manitoba,Average weekly earnings including overtime for all employees,829.19
2012-11,Saskatchewan,Average weekly earnings including overtime for all employees,925.81
2012-11,Alberta,Average weekly earnings including overtime for all employees,1079.77
2012-11,British Columbia,Average weekly earnings including overtime for all employees,873.21
2012-11,Yukon,Average weekly earnings including overtime for all employees,1002.93
2012-11,Northwest Territories,Average weekly earnings including overtime for all employees,1326.15
2012-11,Nunavut,Average weekly earnings including overtime for all employees,1134.14
2012-12,Canada,Average weekly earnings including overtime for all employees,903.13
2012-12,Newfoundland and Labrador,Average weekly earnings including overtime for all employees,932.83
2012-12,Prince Edward Island,Average weekly earnings including overtime for all employees,741.42
2012-12,Nova Scotia,Average weekly earnings including overtime for all employees,799.1
2012-12,New Brunswick,Average weekly earnings including overtime for all employees,805.29
2012-12,Quebec,Average weekly earnings including overtime for all employees,831.02
2012-12,Ontario,Average weekly earnings including overtime for all employees,912.25
2012-12,Manitoba,Average weekly earnings including overtime for all employees,829.73
2012-12,Saskatchewan,Average weekly earnings including overtime for all employees,928.18
2012-12,Alberta,Average weekly earnings including overtime for all employees,1081.13
2012-12,British Columbia,Average weekly earnings including overtime for all employees,871.45
2012-12,Yukon,Average weekly earnings including overtime for all employees,1027.76
2012-12,Northwest Territories,Average weekly earnings including overtime for all employees,1309.37
2012-12,Nunavut,Average weekly earnings including overtime for all employees,1078.06
2013-01,Canada,Average weekly earnings including overtime for all employees,900.81
2013-01,Newfoundland and Labrador,Average weekly earnings including overtime for all employees,939.38
2013-01,Prince Edward Island,Average weekly earnings including overtime for all employees,739.06
2013-01,Nova Scotia,Average weekly earnings including overtime for all employees,789.81
2013-01,New Brunswick,Average weekly earnings including overtime for all employees,804.4
2013-01,Quebec,Average weekly earnings including overtime for all employees,823.92
2013-01,Ontario,Average weekly earnings including overtime for all employees,911.63
2013-01,Manitoba,Average weekly earnings including overtime for all employees,828.58
2013-01,Saskatchewan,Average weekly earnings including overtime for all employees,927.47
2013-01,Alberta,Average weekly earnings including overtime for all employees,1080.24
2013-01,British Columbia,Average weekly earnings including overtime for all employees,869.8
2013-01,Yukon,Average weekly earnings including overtime for all employees,1006.82
2013-01,Northwest Territories,Average weekly earnings including overtime for all employees,1325.69
2013-01,Nunavut,Average weekly earnings including overtime for all employees,1142.05
2013-02,Canada,Average weekly earnings including overtime for all employees,904.87
2013-02,Newfoundland and Labrador,Average weekly earnings including overtime for all employees,945.87
2013-02,Prince Edward Island,Average weekly earnings including overtime for all employees,741.27
2013-02,Nova Scotia,Average weekly earnings including overtime for all employees,788.44
2013-02,New Brunswick,Average weekly earnings including overtime for all employees,797.47
2013-02,Quebec,Average weekly earnings including overtime for all employees,829.27
2013-02,Ontario,Average weekly earnings including overtime for all employees,913.44
2013-02,Manitoba,Average weekly earnings including overtime for all employees,820.84
2013-02,Saskatchewan,Average weekly earnings including overtime for all employees,947.92
2013-02,Alberta,Average weekly earnings including overtime for all employees,1094.7
2013-02,British Columbia,Average weekly earnings including overtime for all employees,873.58
2013-02,Yukon,Average weekly earnings including overtime for all employees,1021.18
2013-02,Northwest Territories,Average weekly earnings including overtime for all employees,1361.83
2013-02,Nunavut,Average weekly earnings including overtime for all employees,1183.86
2013-03,Canada,Average weekly earnings including overtime for all employees,902.77
2013-03,Newfoundland and Labrador,Average weekly earnings including overtime for all employees,938.01
2013-03,Prince Edward Island,Average weekly earnings including overtime for all employees,747.2
2013-03,Nova Scotia,Average weekly earnings including overtime for all employees,786.16
2013-03,New Brunswick,Average weekly earnings including overtime for all employees,792.08
2013-03,Quebec,Average weekly earnings including overtime for all employees,822.51
2013-03,Ontario,Average weekly earnings including overtime for all employees,915.65
2013-03,Manitoba,Average weekly earnings including overtime for all employees,826.83
2013-03,Saskatchewan,Average weekly earnings including overtime for all employees,943.76
2013-03,Alberta,Average weekly earnings including overtime for all employees,1090.18
2013-03,British Columbia,Average weekly earnings including overtime for all employees,865.73
2013-03,Yukon,Average weekly earnings including overtime for all employees,1016.9
2013-03,Northwest Territories,Average weekly earnings including overtime for all employees,1314.89
2013-03,Nunavut,Average weekly earnings including overtime for all employees,1152.82
2013-04,Canada,Average weekly earnings including overtime for all employees,904.66
2013-04,Newfoundland and Labrador,Average weekly earnings including overtime for all employees,941.27
2013-04,Prince Edward Island,Average weekly earnings including overtime for all employees,746.67
2013-04,Nova Scotia,Average weekly earnings including overtime for all employees,787.45
2013-04,New Brunswick,Average weekly earnings including overtime for all employees,796.78
2013-04,Quebec,Average weekly earnings including overtime for all employees,829.18
2013-04,Ontario,Average weekly earnings including overtime for all employees,913.63
2013-04,Manitoba,Average weekly earnings including overtime for all employees,826.02
2013-04,Saskatchewan,Average weekly earnings including overtime for all employees,934.65
2013-04,Alberta,Average weekly earnings including overtime for all employees,1093.84
2013-04,British Columbia,Average weekly earnings including overtime for all employees,871.0
2013-04,Yukon,Average weekly earnings including overtime for all employees,1011.55
2013-04,Northwest Territories,Average weekly earnings including overtime for all employees,1303.57
2013-04,Nunavut,Average weekly earnings including overtime for all employees,1158.14
2013-05,Canada,Average weekly earnings including overtime for all employees,913.08
2013-05,Newfoundland and Labrador,Average weekly earnings including overtime for all employees,937.34
2013-05,Prince Edward Island,Average weekly earnings including overtime for all employees,754.23
2013-05,Nova Scotia,Average weekly earnings including overtime for all employees,798.49
2013-05,New Brunswick,Average weekly earnings including overtime for all employees,807.71
2013-05,Quebec,Average weekly earnings including overtime for all employees,834.4
2013-05,Ontario,Average weekly earnings including overtime for all employees,921.11
2013-05,Manitoba,Average weekly earnings including overtime for all employees,822.78
2013-05,Saskatchewan,Average weekly earnings including overtime for all employees,948.27
2013-05,Alberta,Average weekly earnings including overtime for all employees,1113.43
2013-05,British Columbia,Average weekly earnings including overtime for all employees,877.91
2013-05,Yukon,Average weekly earnings including overtime for all employees,998.79
2013-05,Northwest Territories,Average weekly earnings including overtime for all employees,1335.13
2013-05,Nunavut,Average weekly earnings including overtime for all employees,1180.16
2013-06,Canada,Average weekly earnings including overtime for all employees,910.33
2013-06,Newfoundland and Labrador,Average weekly earnings including overtime for all employees,939.34
2013-06,Prince Edward Island,Average weekly earnings including overtime for all employees,746.81
2013-06,Nova Scotia,Average weekly earnings including overtime for all employees,796.88
2013-06,New Brunswick,Average weekly earnings including overtime for all employees,810.71
2013-06,Quebec,Average weekly earnings including overtime for all employees,836.19
2013-06,Ontario,Average weekly earnings including overtime for all employees,919.16
2013-06,Manitoba,Average weekly earnings including overtime for all employees,828.5
2013-06,Saskatchewan,Average weekly earnings including overtime for all employees,948.84
2013-06,Alberta,Average weekly earnings including overtime for all employees,1098.63
2013-06,British Columbia,Average weekly earnings including overtime for all employees,871.74
2013-06,Yukon,Average weekly earnings including overtime for all employees,1004.75
2013-06,Northwest Territories,Average weekly earnings including overtime for all employees,1345.56
2013-06,Nunavut,Average weekly earnings including overtime for all employees,1195.73
2013-07,Canada,Average weekly earnings including overtime for all employees,909.83
2013-07,Newfoundland and Labrador,Average weekly earnings including overtime for all employees,951.43
2013-07,Prince Edward Island,Average weekly earnings including overtime for all employees,758.96
2013-07,Nova Scotia,Average weekly earnings including overtime for all employees,802.65
2013-07,New Brunswick,Average weekly earnings including overtime for all employees,803.34
2013-07,Quebec,Average weekly earnings including overtime for all employees,830.9
2013-07,Ontario,Average weekly earnings including overtime for all employees,917.32
2013-07,Manitoba,Average weekly earnings including overtime for all employees,828.15
2013-07,Saskatchewan,Average weekly earnings including overtime for all employees,950.2
2013-07,Alberta,Average weekly earnings including overtime for all employees,1102.07
2013-07,British Columbia,Average weekly earnings including overtime for all employees,872.57
2013-07,Yukon,Average weekly earnings including overtime for all employees,1021.34
2013-07,Northwest Territories,Average weekly earnings including overtime for all employees,1360.06
2013-07,Nunavut,Average weekly earnings including overtime for all employees,1169.05
2013-08,Canada,Average weekly earnings including overtime for all employees,910.96
2013-08,Newfoundland and Labrador,Average weekly earnings including overtime for all employees,960.83
2013-08,Prince Edward Island,Average weekly earnings including overtime for all employees,759.24
2013-08,Nova Scotia,Average weekly earnings including overtime for all employees,802.17
2013-08,New Brunswick,Average weekly earnings including overtime for all employees,809.01
2013-08,Quebec,Average weekly earnings including overtime for all employees,831.75
2013-08,Ontario,Average weekly earnings including overtime for all employees,923.78
2013-08,Manitoba,Average weekly earnings including overtime for all employees,826.1
2013-08,Saskatchewan,Average weekly earnings including overtime for all employees,947.97
2013-08,Alberta,Average weekly earnings including overtime for all employees,1101.86
2013-08,British Columbia,Average weekly earnings including overtime for all employees,873.61
2013-08,Yukon,Average weekly earnings including overtime for all employees,983.5
2013-08,Northwest Territories,Average weekly earnings including overtime for all employees,1326.61
2013-08,Nunavut,Average weekly earnings including overtime for all employees,1200.32
2013-09,Canada,Average weekly earnings including overtime for all employees,912.92
2013-09,Newfoundland and Labrador,Average weekly earnings including overtime for all employees,956.23
2013-09,Prince Edward Island,Average weekly earnings including overtime for all employees,759.38
2013-09,Nova Scotia,Average weekly earnings including overtime for all employees,799.49
2013-09,New Brunswick,Average weekly earnings including overtime for all employees,793.08
2013-09,Quebec,Average weekly earnings including overtime for all employees,836.59
2013-09,Ontario,Average weekly earnings including overtime for all employees,920.12
2013-09,Manitoba,Average weekly earnings including overtime for all employees,827.61
2013-09,Saskatchewan,Average weekly earnings including overtime for all employees,944.14
2013-09,Alberta,Average weekly earnings including overtime for all employees,1111.66
2013-09,British Columbia,Average weekly earnings including overtime for all employees,875.95
2013-09,Yukon,Average weekly earnings including overtime for all employees,1026.16
2013-09,Northwest Territories,Average weekly earnings including overtime for all employees,1359.87
2013-09,Nunavut,Average weekly earnings including overtime for all employees,1185.73
2013-10,Canada,Average weekly earnings including overtime for all employees,916.81
2013-10,Newfoundland and Labrador,Average weekly earnings including overtime for all employees,963.39
2013-10,Prince Edward Island,Average weekly earnings including overtime for all employees,758.66
2013-10,Nova Scotia,Average weekly earnings including overtime for all employees,805.52
2013-10,New Brunswick,Average weekly earnings including overtime for all employees,802.83
2013-10,Quebec,Average weekly earnings including overtime for all employees,838.35
2013-10,Ontario,Average weekly earnings including overtime for all employees,925.1
2013-10,Manitoba,Average weekly earnings including overtime for all employees,829.83
2013-10,Saskatchewan,Average weekly earnings including overtime for all employees,947.2
2013-10,Alberta,Average weekly earnings including overtime for all employees,1118.22
2013-10,British Columbia,Average weekly earnings including overtime for all employees,877.29
2013-10,Yukon,Average weekly earnings including overtime for all employees,1022.48
2013-10,Northwest Territories,Average weekly earnings including overtime for all employees,1368.46
2013-10,Nunavut,Average weekly earnings including overtime for all employees,1155.14
2013-11,Canada,Average weekly earnings including overtime for all employees,922.93
2013-11,Newfoundland and Labrador,Average weekly earnings including overtime for all employees,967.86
2013-11,Prince Edward Island,Average weekly earnings including overtime for all employees,754.86
2013-11,Nova Scotia,Average weekly earnings including overtime for all employees,810.16
2013-11,New Brunswick,Average weekly earnings including overtime for all employees,821.77
2013-11,Quebec,Average weekly earnings including overtime for all employees,837.1
2013-11,Ontario,Average weekly earnings including overtime for all employees,930.2
2013-11,Manitoba,Average weekly earnings including overtime for all employees,845.75
2013-11,Saskatchewan,Average weekly earnings including overtime for all employees,953.98
2013-11,Alberta,Average weekly earnings including overtime for all employees,1127.38
2013-11,British Columbia,Average weekly earnings including overtime for all employees,889.92
2013-11,Yukon,Average weekly earnings including overtime for all employees,1029.0
2013-11,Northwest Territories,Average weekly earnings including overtime for all employees,1375.18
2013-11,Nunavut,Average weekly earnings including overtime for all employees,1210.43
2013-12,Canada,Average weekly earnings including overtime for all employees,924.39
2013-12,Newfoundland and Labrador,Average weekly earnings including overtime for all employees,970.84
2013-12,Prince Edward Island,Average weekly earnings including overtime for all employees,762.98
2013-12,Nova Scotia,Average weekly earnings including overtime for all employees,799.09
2013-12,New Brunswick,Average weekly earnings including overtime for all employees,813.2
2013-12,Quebec,Average weekly earnings including overtime for all employees,841.01
2013-12,Ontario,Average weekly earnings including overtime for all employees,926.59
2013-12,Manitoba,Average weekly earnings including overtime for all employees,856.26
2013-12,Saskatchewan,Average weekly earnings including overtime for all employees,957.28
2013-12,Alberta,Average weekly earnings including overtime for all employees,1137.19
2013-12,British Columbia,Average weekly earnings including overtime for all employees,886.34
2013-12,Yukon,Average weekly earnings including overtime for all employees,1034.73
2013-12,Northwest Territories,Average weekly earnings including overtime for all employees,1376.13
2013-12,Nunavut,Average weekly earnings including overtime for all employees,1248.4
2014-01,Canada,Average weekly earnings including overtime for all employees,923.33
2014-01,Newfoundland and Labrador,Average weekly earnings including overtime for all employees,963.35
2014-01,Prince Edward Island,Average weekly earnings including overtime for all employees,769.95
2014-01,Nova Scotia,Average weekly earnings including overtime for all employees,807.47
2014-01,New Brunswick,Average weekly earnings including overtime for all employees,809.98
2014-01,Quebec,Average weekly earnings including overtime for all employees,839.82
2014-01,Ontario,Average weekly earnings including overtime for all employees,930.85
2014-01,Manitoba,Average weekly earnings including overtime for all employees,846.5
2014-01,Saskatchewan,Average weekly earnings including overtime for all employees,941.95
2014-01,Alberta,Average weekly earnings including overtime for all employees,1129.05
2014-01,British Columbia,Average weekly earnings including overtime for all employees,888.63
2014-01,Yukon,Average weekly earnings including overtime for all employees,1033.87
2014-01,Northwest Territories,Average weekly earnings including overtime for all employees,1324.55
2014-01,Nunavut,Average weekly earnings including overtime for all employees,1190.96
2014-02,Canada,Average weekly earnings including overtime for all employees,926.26
2014-02,Newfoundland and Labrador,Average weekly earnings including overtime for all employees,971.89
2014-02,Prince Edward Island,Average weekly earnings including overtime for all employees,768.47
2014-02,Nova Scotia,Average weekly earnings including overtime for all employees,817.04
2014-02,New Brunswick,Average weekly earnings including overtime for all employees,820.92
2014-02,Quebec,Average weekly earnings including overtime for all employees,840.69
2014-02,Ontario,Average weekly earnings including overtime for all employees,932.75
2014-02,Manitoba,Average weekly earnings including overtime for all employees,856.06
2014-02,Saskatchewan,Average weekly earnings including overtime for all employees,965.3
2014-02,Alberta,Average weekly earnings including overtime for all employees,1130.72
2014-02,British Columbia,Average weekly earnings including overtime for all employees,889.62
2014-02,Yukon,Average weekly earnings including overtime for all employees,1027.12
2014-02,Northwest Territories,Average weekly earnings including overtime for all employees,1387.8
2014-02,Nunavut,Average weekly earnings including overtime for all employees,1220.75
2014-03,Canada,Average weekly earnings including overtime for all employees,926.85
2014-03,Newfoundland and Labrador,Average weekly earnings including overtime for all employees,976.64
2014-03,Prince Edward Island,Average weekly earnings including overtime for all employees,760.11
2014-03,Nova Scotia,Average weekly earnings including overtime for all employees,808.62
2014-03,New Brunswick,Average weekly earnings including overtime for all employees,810.79
2014-03,Quebec,Average weekly earnings including overtime for all employees,842.24
2014-03,Ontario,Average weekly earnings including overtime for all employees,928.43
2014-03,Manitoba,Average weekly earnings including overtime for all employees,859.82
2014-03,Saskatchewan,Average weekly earnings including overtime for all employees,961.52
2014-03,Alberta,Average weekly earnings including overtime for all employees,1138.97
2014-03,British Columbia,Average weekly earnings including overtime for all employees,896.57
2014-03,Yukon,Average weekly earnings including overtime for all employees,1035.78
2014-03,Northwest Territories,Average weekly earnings including overtime for all employees,1413.91
2014-03,Nunavut,Average weekly earnings including overtime for all employees,1232.68
2014-04,Canada,Average weekly earnings including overtime for all employees,931.42
2014-04,Newfoundland and Labrador,Average weekly earnings including overtime for all employees,985.1
2014-04,Prince Edward Island,Average weekly earnings including overtime for all employees,769.82
2014-04,Nova Scotia,Average weekly earnings including overtime for all employees,817.66
2014-04,New Brunswick,Average weekly earnings including overtime for all employees,828.38
2014-04,Quebec,Average weekly earnings including overtime for all employees,845.02
2014-04,Ontario,Average weekly earnings including overtime for all employees,932.89
2014-04,Manitoba,Average weekly earnings including overtime for all employees,865.71
2014-04,Saskatchewan,Average weekly earnings including overtime for all employees,975.37
2014-04,Alberta,Average weekly earnings including overtime for all employees,1141.53
2014-04,British Columbia,Average weekly earnings including overtime for all employees,897.58
2014-04,Yukon,Average weekly earnings including overtime for all employees,1045.47
2014-04,Northwest Territories,Average weekly earnings including overtime for all employees,1408.31
2014-04,Nunavut,Average weekly earnings including overtime for all employees,1209.25
2014-05,Canada,Average weekly earnings including overtime for all employees,935.94
2014-05,Newfoundland and Labrador,Average weekly earnings including overtime for all employees,989.9
2014-05,Prince Edward Island,Average weekly earnings including overtime for all employees,758.94
2014-05,Nova Scotia,Average weekly earnings including overtime for all employees,825.59
2014-05,New Brunswick,Average weekly earnings including overtime for all employees,833.57
2014-05,Quebec,Average weekly earnings including overtime for all employees,850.9
2014-05,Ontario,Average weekly earnings including overtime for all employees,938.41
2014-05,Manitoba,Average weekly earnings including overtime for all employees,861.43
2014-05,Saskatchewan,Average weekly earnings including overtime for all employees,971.41
2014-05,Alberta,Average weekly earnings including overtime for all employees,1149.69
2014-05,British Columbia,Average weekly earnings including overtime for all employees,896.61
2014-05,Yukon,Average weekly earnings including overtime for all employees,1033.94
2014-05,Northwest Territories,Average weekly earnings including overtime for all employees,1407.41
2014-05,Nunavut,Average weekly earnings including overtime for all employees,1231.99
2014-06,Canada,Average weekly earnings including overtime for all employees,936.69
2014-06,Newfoundland and Labrador,Average weekly earnings including overtime for all employees,996.05
2014-06,Prince Edward Island,Average weekly earnings including overtime for all employees,773.08
2014-06,Nova Scotia,Average weekly earnings including overtime for all employees,822.46
2014-06,New Brunswick,Average weekly earnings including overtime for all employees,836.25
2014-06,Quebec,Average weekly earnings including overtime for all employees,854.34
2014-06,Ontario,Average weekly earnings including overtime for all employees,938.52
2014-06,Manitoba,Average weekly earnings including overtime for all employees,865.85
2014-06,Saskatchewan,Average weekly earnings including overtime for all employees,981.04
2014-06,Alberta,Average weekly earnings including overtime for all employees,1149.19
2014-06,British Columbia,Average weekly earnings including overtime for all employees,888.99
2014-06,Yukon,Average weekly earnings including overtime for all employees,1030.31
2014-06,Northwest Territories,Average weekly earnings including overtime for all employees,1412.92
2014-06,Nunavut,Average weekly earnings including overtime for all employees,1239.5
2014-07,Canada,Average weekly earnings including overtime for all employees,942.9
2014-07,Newfoundland and Labrador,Average weekly earnings including overtime for all employees,1002.0
2014-07,Prince Edward Island,Average weekly earnings including overtime for all employees,779.97
2014-07,Nova Scotia,Average weekly earnings including overtime for all employees,824.54
2014-07,New Brunswick,Average weekly earnings including overtime for all employees,846.98
2014-07,Quebec,Average weekly earnings including overtime for all employees,858.49
2014-07,Ontario,Average weekly earnings including overtime for all employees,946.82
2014-07,Manitoba,Average weekly earnings including overtime for all employees,867.9
2014-07,Saskatchewan,Average weekly earnings including overtime for all employees,988.91
2014-07,Alberta,Average weekly earnings including overtime for all employees,1154.13
2014-07,British Columbia,Average weekly earnings including overtime for all employees,896.98
2014-07,Yukon,Average weekly earnings including overtime for all employees,1043.59
2014-07,Northwest Territories,Average weekly earnings including overtime for all employees,1402.82
2014-07,Nunavut,Average weekly earnings including overtime for all employees,1263.06
2014-08,Canada,Average weekly earnings including overtime for all employees,939.59
2014-08,Newfoundland and Labrador,Average weekly earnings including overtime for all employees,999.44
2014-08,Prince Edward Island,Average weekly earnings including overtime for all employees,783.54
2014-08,Nova Scotia,Average weekly earnings including overtime for all employees,821.34
2014-08,New Brunswick,Average weekly earnings including overtime for all employees,834.28
2014-08,Quebec,Average weekly earnings including overtime for all employees,855.23
2014-08,Ontario,Average weekly earnings including overtime for all employees,942.82
2014-08,Manitoba,Average weekly earnings including overtime for all employees,873.39
2014-08,Saskatchewan,Average weekly earnings including overtime for all employees,981.89
2014-08,Alberta,Average weekly earnings including overtime for all employees,1156.74
2014-08,British Columbia,Average weekly earnings including overtime for all employees,903.83
2014-08,Yukon,Average weekly earnings including overtime for all employees,1033.77
2014-08,Northwest Territories,Average weekly earnings including overtime for all employees,1438.58
2014-08,Nunavut,Average weekly earnings including overtime for all employees,1268.91
2014-09,Canada,Average weekly earnings including overtime for all employees,940.3
2014-09,Newfoundland and Labrador,Average weekly earnings including overtime for all employees,1003.05
2014-09,Prince Edward Island,Average weekly earnings including overtime for all employees,771.48
2014-09,Nova Scotia,Average weekly earnings including overtime for all employees,815.84
2014-09,New Brunswick,Average weekly earnings including overtime for all employees,839.98
2014-09,Quebec,Average weekly earnings including overtime for all employees,847.18
2014-09,Ontario,Average weekly earnings including overtime for all employees,943.89
2014-09,Manitoba,Average weekly earnings including overtime for all employees,874.17
2014-09,Saskatchewan,Average weekly earnings including overtime for all employees,978.28
2014-09,Alberta,Average weekly earnings including overtime for all employees,1154.26
2014-09,British Columbia,Average weekly earnings including overtime for all employees,900.14
2014-09,Yukon,Average weekly earnings including overtime for all employees,1052.96
2014-09,Northwest Territories,Average weekly earnings including overtime for all employees,1413.95
2014-09,Nunavut,Average weekly earnings including overtime for all employees,1275.45
2014-10,Canada,Average weekly earnings including overtime for all employees,942.13
2014-10,Newfoundland and Labrador,Average weekly earnings including overtime for all employees,1002.02
2014-10,Prince Edward Island,Average weekly earnings including overtime for all employees,782.57
2014-10,Nova Scotia,Average weekly earnings including overtime for all employees,828.22
2014-10,New Brunswick,Average weekly earnings including overtime for all employees,835.18
2014-10,Quebec,Average weekly earnings including overtime for all employees,852.07
2014-10,Ontario,Average weekly earnings including overtime for all employees,942.57
2014-10,Manitoba,Average weekly earnings including overtime for all employees,876.24
2014-10,Saskatchewan,Average weekly earnings including overtime for all employees,982.81
2014-10,Alberta,Average weekly earnings including overtime for all employees,1163.26
2014-10,British Columbia,Average weekly earnings including overtime for all employees,906.18
2014-10,Yukon,Average weekly earnings including overtime for all employees,1064.07
2014-10,Northwest Territories,Average weekly earnings including overtime for all employees,1424.53
2014-10,Nunavut,Average weekly earnings including overtime for all employees,1261.04
2014-11,Canada,Average weekly earnings including overtime for all employees,938.74
2014-11,Newfoundland and Labrador,Average weekly earnings including overtime for all employees,1007.92
2014-11,Prince Edward Island,Average weekly earnings including overtime for all employees,781.78
2014-11,Nova Scotia,Average weekly earnings including overtime for all employees,818.75
2014-11,New Brunswick,Average weekly earnings including overtime for all employees,833.88
2014-11,Quebec,Average weekly earnings including overtime for all employees,851.35
2014-11,Ontario,Average weekly earnings including overtime for all employees,940.02
2014-11,Manitoba,Average weekly earnings including overtime for all employees,870.47
2014-11,Saskatchewan,Average weekly earnings including overtime for all employees,988.99
2014-11,Alberta,Average weekly earnings including overtime for all employees,1154.59
2014-11,British Columbia,Average weekly earnings including overtime for all employees,903.85
2014-11,Yukon,Average weekly earnings including overtime for all employees,1069.7
2014-11,Northwest Territories,Average weekly earnings including overtime for all employees,1389.91
2014-11,Nunavut,Average weekly earnings including overtime for all employees,1257.97
2014-12,Canada,Average weekly earnings including overtime for all employees,940.0
2014-12,Newfoundland and Labrador,Average weekly earnings including overtime for all employees,1010.36
2014-12,Prince Edward Island,Average weekly earnings including overtime for all employees,786.65
2014-12,Nova Scotia,Average weekly earnings including overtime for all employees,827.14
2014-12,New Brunswick,Average weekly earnings including overtime for all employees,848.66
2014-12,Quebec,Average weekly earnings including overtime for all employees,857.45
2014-12,Ontario,Average weekly earnings including overtime for all employees,941.18
2014-12,Manitoba,Average weekly earnings including overtime for all employees,870.71
2014-12,Saskatchewan,Average weekly earnings including overtime for all employees,981.14
2014-12,Alberta,Average weekly earnings including overtime for all employees,1149.57
2014-12,British Columbia,Average weekly earnings including overtime for all employees,888.68
2014-12,Yukon,Average weekly earnings including overtime for all employees,1042.55
2014-12,Northwest Territories,Average weekly earnings including overtime for all employees,1405.19
2014-12,Nunavut,Average weekly earnings including overtime for all employees,1244.94
2015-01,Canada,Average weekly earnings including overtime for all employees,948.5
2015-01,Newfoundland and Labrador,Average weekly earnings including overtime for all employees,1014.47
2015-01,Prince Edward Island,Average weekly earnings including overtime for all employees,792.25
2015-01,Nova Scotia,Average weekly earnings including overtime for all employees,836.28
2015-01,New Brunswick,Average weekly earnings including overtime for all employees,844.55
2015-01,Quebec,Average weekly earnings including overtime for all employees,854.24
2015-01,Ontario,Average weekly earnings including overtime for all employees,950.44
2015-01,Manitoba,Average weekly earnings including overtime for all employees,878.25
2015-01,Saskatchewan,Average weekly earnings including overtime for all employees,978.27
2015-01,Alberta,Average weekly earnings including overtime for all employees,1170.76
2015-01,British Columbia,Average weekly earnings including overtime for all employees,913.03
2015-01,Yukon,Average weekly earnings including overtime for all employees,1058.53
2015-01,Northwest Territories,Average weekly earnings including overtime for all employees,1435.28
2015-01,Nunavut,Average weekly earnings including overtime for all employees,1274.43
2015-02,Canada,Average weekly earnings including overtime for all employees,949.46
2015-02,Newfoundland and Labrador,Average weekly earnings including overtime for all employees,1011.43
2015-02,Prince Edward Island,Average weekly earnings including overtime for all employees,789.81
2015-02,Nova Scotia,Average weekly earnings including overtime for all employees,825.99
2015-02,New Brunswick,Average weekly earnings including overtime for all employees,852.77
2015-02,Quebec,Average weekly earnings including overtime for all employees,860.75
2015-02,Ontario,Average weekly earnings including overtime for all employees,956.94
2015-02,Manitoba,Average weekly earnings including overtime for all employees,874.47
2015-02,Saskatchewan,Average weekly earnings including overtime for all employees,981.55
2015-02,Alberta,Average weekly earnings including overtime for all employees,1157.66
2015-02,British Columbia,Average weekly earnings including overtime for all employees,910.31
2015-02,Yukon,Average weekly earnings including overtime for all employees,1057.91
2015-02,Northwest Territories,Average weekly earnings including overtime for all employees,1398.57
2015-02,Nunavut,Average weekly earnings including overtime for all employees,1231.33
2015-03,Canada,Average weekly earnings including overtime for all employees,951.71
2015-03,Newfoundland and Labrador,Average weekly earnings including overtime for all employees,1016.58
2015-03,Prince Edward Island,Average weekly earnings including overtime for all employees,784.86
2015-03,Nova Scotia,Average weekly earnings including overtime for all employees,821.28
2015-03,New Brunswick,Average weekly earnings including overtime for all employees,845.64
2015-03,Quebec,Average weekly earnings including overtime for all employees,866.37
2015-03,Ontario,Average weekly earnings including overtime for all employees,963.32
2015-03,Manitoba,Average weekly earnings including overtime for all employees,868.09
2015-03,Saskatchewan,Average weekly earnings including overtime for all employees,977.35
2015-03,Alberta,Average weekly earnings including overtime for all employees,1151.42
2015-03,British Columbia,Average weekly earnings including overtime for all employees,907.79
2015-03,Yukon,Average weekly earnings including overtime for all employees,1047.26
2015-03,Northwest Territories,Average weekly earnings including overtime for all employees,1421.12
2015-03,Nunavut,Average weekly earnings including overtime for all employees,1239.03
2015-04,Canada,Average weekly earnings including overtime for all employees,954.11
2015-04,Newfoundland and Labrador,Average weekly earnings including overtime for all employees,1016.62
2015-04,Prince Edward Island,Average weekly earnings including overtime for all employees,805.28
2015-04,Nova Scotia,Average weekly earnings including overtime for all employees,836.09
2015-04,New Brunswick,Average weekly earnings including overtime for all employees,853.15
2015-04,Quebec,Average weekly earnings including overtime for all employees,878.01
2015-04,Ontario,Average weekly earnings including overtime for all employees,964.4
2015-04,Manitoba,Average weekly earnings including overtime for all employees,870.59
2015-04,Saskatchewan,Average weekly earnings including overtime for all employees,978.12
2015-04,Alberta,Average weekly earnings including overtime for all employees,1149.05
2015-04,British Columbia,Average weekly earnings including overtime for all employees,903.31
2015-04,Yukon,Average weekly earnings including overtime for all employees,1056.5
2015-04,Northwest Territories,Average weekly earnings including overtime for all employees,1434.87
2015-04,Nunavut,Average weekly earnings including overtime for all employees,1240.7
2015-05,Canada,Average weekly earnings including overtime for all employees,948.27
2015-05,Newfoundland and Labrador,Average weekly earnings including overtime for all employees,1030.48
2015-05,Prince Edward Island,Average weekly earnings including overtime for all employees,806.85
2015-05,Nova Scotia,Average weekly earnings including overtime for all employees,830.69
2015-05,New Brunswick,Average weekly earnings including overtime for all employees,846.23
2015-05,Quebec,Average weekly earnings including overtime for all employees,861.57
2015-05,Ontario,Average weekly earnings including overtime for all employees,955.98
2015-05,Manitoba,Average weekly earnings including overtime for all employees,881.23
2015-05,Saskatchewan,Average weekly earnings including overtime for all employees,981.32
2015-05,Alberta,Average weekly earnings including overtime for all employees,1151.4
2015-05,British Columbia,Average weekly earnings including overtime for all employees,905.95
2015-05,Yukon,Average weekly earnings including overtime for all employees,1070.91
2015-05,Northwest Territories,Average weekly earnings including overtime for all employees,1439.79
2015-05,Nunavut,Average weekly earnings including overtime for all employees,1253.36
2015-06,Canada,Average weekly earnings including overtime for all employees,953.22
2015-06,Newfoundland and Labrador,Average weekly earnings including overtime for all employees,1019.47
2015-06,Prince Edward Island,Average weekly earnings including overtime for all employees,808.48
2015-06,Nova Scotia,Average weekly earnings including overtime for all employees,839.5
2015-06,New Brunswick,Average weekly earnings including overtime for all employees,856.91
2015-06,Quebec,Average weekly earnings including overtime for all employees,873.46
2015-06,Ontario,Average weekly earnings including overtime for all employees,960.54
2015-06,Manitoba,Average weekly earnings including overtime for all employees,883.06
2015-06,Saskatchewan,Average weekly earnings including overtime for all employees,973.48
2015-06,Alberta,Average weekly earnings including overtime for all employees,1144.68
2015-06,British Columbia,Average weekly earnings including overtime for all employees,906.29
2015-06,Yukon,Average weekly earnings including overtime for all employees,1050.91
2015-06,Northwest Territories,Average weekly earnings including overtime for all employees,1418.01
2015-06,Nunavut,Average weekly earnings including overtime for all employees,1248.54
2015-07,Canada,Average weekly earnings including overtime for all employees,957.59
2015-07,Newfoundland and Labrador,Average weekly earnings including overtime for all employees,1021.29
2015-07,Prince Edward Island,Average weekly earnings including overtime for all employees,799.95
2015-07,Nova Scotia,Average weekly earnings including overtime for all employees,836.54
2015-07,New Brunswick,Average weekly earnings including overtime for all employees,864.76
2015-07,Quebec,Average weekly earnings including overtime for all employees,874.24
2015-07,Ontario,Average weekly earnings including overtime for all employees,973.86
2015-07,Manitoba,Average weekly earnings including overtime for all employees,890.05
2015-07,Saskatchewan,Average weekly earnings including overtime for all employees,976.19
2015-07,Alberta,Average weekly earnings including overtime for all employees,1132.47
2015-07,British Columbia,Average weekly earnings including overtime for all employees,918.6
2015-07,Yukon,Average weekly earnings including overtime for all employees,1039.57
2015-07,Northwest Territories,Average weekly earnings including overtime for all employees,1437.38
2015-07,Nunavut,Average weekly earnings including overtime for all employees,1270.46
2015-08,Canada,Average weekly earnings including overtime for all employees,944.6
2015-08,Newfoundland and Labrador,Average weekly earnings including overtime for all employees,1006.08
2015-08,Prince Edward Island,Average weekly earnings including overtime for all employees,791.49
2015-08,Nova Scotia,Average weekly earnings including overtime for all employees,830.21
2015-08,New Brunswick,Average weekly earnings including overtime for all employees,852.18
2015-08,Quebec,Average weekly earnings including overtime for all employees,863.64
2015-08,Ontario,Average weekly earnings including overtime for all employees,959.32
2015-08,Manitoba,Average weekly earnings including overtime for all employees,881.93
2015-08,Saskatchewan,Average weekly earnings including overtime for all employees,975.89
2015-08,Alberta,Average weekly earnings including overtime for all employees,1124.38
2015-08,British Columbia,Average weekly earnings including overtime for all employees,908.24
2015-08,Yukon,Average weekly earnings including overtime for all employees,1028.59
2015-08,Northwest Territories,Average weekly earnings including overtime for all employees,1401.44
2015-08,Nunavut,Average weekly earnings including overtime for all employees,1241.58
2015-09,Canada,Average weekly earnings including overtime for all employees,954.06
2015-09,Newfoundland and Labrador,Average weekly earnings including overtime for all employees,1014.71
2015-09,Prince Edward Island,Average weekly earnings including overtime for all employees,804.06
2015-09,Nova Scotia,Average weekly earnings including overtime for all employees,837.26
2015-09,New Brunswick,Average weekly earnings including overtime for all employees,857.29
2015-09,Quebec,Average weekly earnings including overtime for all employees,874.56
2015-09,Ontario,Average weekly earnings including overtime for all employees,966.24
2015-09,Manitoba,Average weekly earnings including overtime for all employees,883.99
2015-09,Saskatchewan,Average weekly earnings including overtime for all employees,982.33
2015-09,Alberta,Average weekly earnings including overtime for all employees,1136.4
2015-09,British Columbia,Average weekly earnings including overtime for all employees,912.06
2015-09,Yukon,Average weekly earnings including overtime for all employees,1061.78
2015-09,Northwest Territories,Average weekly earnings including overtime for all employees,1420.19
2015-09,Nunavut,Average weekly earnings including overtime for all employees,1284.69
2015-10,Canada,Average weekly earnings including overtime for all employees,955.52
2015-10,Newfoundland and Labrador,Average weekly earnings including overtime for all employees,1018.84
2015-10,Prince Edward Island,Average weekly earnings including overtime for all employees,814.68
2015-10,Nova Scotia,Average weekly earnings including overtime for all employees,843.68
2015-10,New Brunswick,Average weekly earnings including overtime for all employees,861.31
2015-10,Quebec,Average weekly earnings including overtime for all employees,875.15
2015-10,Ontario,Average weekly earnings including overtime for all employees,968.51
2015-10,Manitoba,Average weekly earnings including overtime for all employees,894.09
2015-10,Saskatchewan,Average weekly earnings including overtime for all employees,986.91
2015-10,Alberta,Average weekly earnings including overtime for all employees,1132.76
2015-10,British Columbia,Average weekly earnings including overtime for all employees,914.14
2015-10,Yukon,Average weekly earnings including overtime for all employees,1049.29
2015-10,Northwest Territories,Average weekly earnings including overtime for all employees,1430.23
2015-10,Nunavut,Average weekly earnings including overtime for all employees,1292.66
2015-11,Canada,Average weekly earnings including overtime for all employees,951.46
2015-11,Newfoundland and Labrador,Average weekly earnings including overtime for all employees,1023.42
2015-11,Prince Edward Island,Average weekly earnings including overtime for all employees,802.66
2015-11,Nova Scotia,Average weekly earnings including overtime for all employees,834.77
2015-11,New Brunswick,Average weekly earnings including overtime for all employees,855.23
2015-11,Quebec,Average weekly earnings including overtime for all employees,868.2
2015-11,Ontario,Average weekly earnings including overtime for all employees,967.22
2015-11,Manitoba,Average weekly earnings including overtime for all employees,884.28
2015-11,Saskatchewan,Average weekly earnings including overtime for all employees,979.55
2015-11,Alberta,Average weekly earnings including overtime for all employees,1130.17
2015-11,British Columbia,Average weekly earnings including overtime for all employees,909.46
2015-11,Yukon,Average weekly earnings including overtime for all employees,1065.67
2015-11,Northwest Territories,Average weekly earnings including overtime for all employees,1438.47
2015-11,Nunavut,Average weekly earnings including overtime for all employees,1280.33
2015-12,Canada,Average weekly earnings including overtime for all employees,954.88
2015-12,Newfoundland and Labrador,Average weekly earnings including overtime for all employees,1035.03
2015-12,Prince Edward Island,Average weekly earnings including overtime for all employees,801.87
2015-12,Nova Scotia,Average weekly earnings including overtime for all employees,843.61
2015-12,New Brunswick,Average weekly earnings including overtime for all employees,863.72
2015-12,Quebec,Average weekly earnings including overtime for all employees,857.98
2015-12,Ontario,Average weekly earnings including overtime for all employees,970.48
2015-12,Manitoba,Average weekly earnings including overtime for all employees,895.35
2015-12,Saskatchewan,Average weekly earnings including overtime for all employees,991.08
2015-12,Alberta,Average weekly earnings including overtime for all employees,1139.95
2015-12,British Columbia,Average weekly earnings including overtime for all employees,916.96
2015-12,Yukon,Average weekly earnings including overtime for all employees,1057.43
2015-12,Northwest Territories,Average weekly earnings including overtime for all employees,1437.46
2015-12,Nunavut,Average weekly earnings including overtime for all employees,1265.59
2016-01,Canada,Average weekly earnings including overtime for all employees,949.76
2016-01,Newfoundland and Labrador,Average weekly earnings including overtime for all employees,1015.59
2016-01,Prince Edward Island,Average weekly earnings including overtime for all employees,803.29
2016-01,Nova Scotia,Average weekly earnings including overtime for all employees,839.78
2016-01,New Brunswick,Average weekly earnings including overtime for all employees,860.17
2016-01,Quebec,Average weekly earnings including overtime for all employees,879.23
2016-01,Ontario,Average weekly earnings including overtime for all employees,963.61
2016-01,Manitoba,Average weekly earnings including overtime for all employees,882.19
2016-01,Saskatchewan,Average weekly earnings including overtime for all employees,981.59
2016-01,Alberta,Average weekly earnings including overtime for all employees,1114.63
2016-01,British Columbia,Average weekly earnings including overtime for all employees,908.06
2016-01,Yukon,Average weekly earnings including overtime for all employees,1067.62
2016-01,Northwest Territories,Average weekly earnings including overtime for all employees,1418.65
2016-01,Nunavut,Average weekly earnings including overtime for all employees,1268.71
2016-02,Canada,Average weekly earnings including overtime for all employees,953.9
2016-02,Newfoundland and Labrador,Average weekly earnings including overtime for all employees,1003.57
2016-02,Prince Edward Island,Average weekly earnings including overtime for all employees,811.85
2016-02,Nova Scotia,Average weekly earnings including overtime for all employees,855.19
2016-02,New Brunswick,Average weekly earnings including overtime for all employees,867.47
2016-02,Quebec,Average weekly earnings including overtime for all employees,877.8
2016-02,Ontario,Average weekly earnings including overtime for all employees,965.3
2016-02,Manitoba,Average weekly earnings including overtime for all employees,889.59
2016-02,Saskatchewan,Average weekly earnings including overtime for all employees,989.48
2016-02,Alberta,Average weekly earnings including overtime for all employees,1121.38
2016-02,British Columbia,Average weekly earnings including overtime for all employees,916.25
2016-02,Yukon,Average weekly earnings including overtime for all employees,1052.8
2016-02,Northwest Territories,Average weekly earnings including overtime for all employees,1446.39
2016-02,Nunavut,Average weekly earnings including overtime for all employees,1269.29
2016-03,Canada,Average weekly earnings including overtime for all employees,955.46
2016-03,Newfoundland and Labrador,Average weekly earnings including overtime for all employees,1006.15
2016-03,Prince Edward Island,Average weekly earnings including overtime for all employees,814.06
2016-03,Nova Scotia,Average weekly earnings including overtime for all employees,866.44
2016-03,New Brunswick,Average weekly earnings including overtime for all employees,878.23
2016-03,Quebec,Average weekly earnings including overtime for all employees,875.37
2016-03,Ontario,Average weekly earnings including overtime for all employees,970.15
2016-03,Manitoba,Average weekly earnings including overtime for all employees,888.54
2016-03,Saskatchewan,Average weekly earnings including overtime for all employees,979.62
2016-03,Alberta,Average weekly earnings including overtime for all employees,1122.26
2016-03,British Columbia,Average weekly earnings including overtime for all employees,915.0
2016-03,Yukon,Average weekly earnings including overtime for all employees,1075.95
2016-03,Northwest Territories,Average weekly earnings including overtime for all employees,1437.72
2016-03,Nunavut,Average weekly earnings including overtime for all employees,1278.75
2016-04,Canada,Average weekly earnings including overtime for all employees,953.17
2016-04,Newfoundland and Labrador,Average weekly earnings including overtime for all employees,1001.83
2016-04,Prince Edward Island,Average weekly earnings including overtime for all employees,808.62
2016-04,Nova Scotia,Average weekly earnings including overtime for all employees,854.3
2016-04,New Brunswick,Average weekly earnings including overtime for all employees,872.49
2016-04,Quebec,Average weekly earnings including overtime for all employees,871.53
2016-04,Ontario,Average weekly earnings including overtime for all employees,970.43
2016-04,Manitoba,Average weekly earnings including overtime for all employees,889.23
2016-04,Saskatchewan,Average weekly earnings including overtime for all employees,981.79
2016-04,Alberta,Average weekly earnings including overtime for all employees,1117.08
2016-04,British Columbia,Average weekly earnings including overtime for all employees,922.98
2016-04,Yukon,Average weekly earnings including overtime for all employees,1029.27
2016-04,Northwest Territories,Average weekly earnings including overtime for all employees,1465.26
2016-04,Nunavut,Average weekly earnings including overtime for all employees,1277.51
2016-05,Canada,Average weekly earnings including overtime for all employees,954.67
2016-05,Newfoundland and Labrador,Average weekly earnings including overtime for all employees,1014.48
2016-05,Prince Edward Island,Average weekly earnings including overtime for all employees,815.72
2016-05,Nova Scotia,Average weekly earnings including overtime for all employees,834.46
2016-05,New Brunswick,Average weekly earnings including overtime for all employees,875.75
2016-05,Quebec,Average weekly earnings including overtime for all employees,876.04
2016-05,Ontario,Average weekly earnings including overtime for all employees,974.36
2016-05,Manitoba,Average weekly earnings including overtime for all employees,889.44
2016-05,Saskatchewan,Average weekly earnings including overtime for all employees,986.39
2016-05,Alberta,Average weekly earnings including overtime for all employees,1101.6
2016-05,British Columbia,Average weekly earnings including overtime for all employees,918.68
2016-05,Yukon,Average weekly earnings including overtime for all employees,1044.87
2016-05,Northwest Territories,Average weekly earnings including overtime for all employees,1380.83
2016-05,Nunavut,Average weekly earnings including overtime for all employees,1276.94
2016-06,Canada,Average weekly earnings including overtime for all employees,956.87
2016-06,Newfoundland and Labrador,Average weekly earnings including overtime for all employees,1018.11
2016-06,Prince Edward Island,Average weekly earnings including overtime for all employees,823.97
2016-06,Nova Scotia,Average weekly earnings including overtime for all employees,839.64
2016-06,New Brunswick,Average weekly earnings including overtime for all employees,882.99
2016-06,Quebec,Average weekly earnings including overtime for all employees,866.43
2016-06,Ontario,Average weekly earnings including overtime for all employees,979.29
2016-06,Manitoba,Average weekly earnings including overtime for all employees,893.31
2016-06,Saskatchewan,Average weekly earnings including overtime for all employees,990.03
2016-06,Alberta,Average weekly earnings including overtime for all employees,1111.28
2016-06,British Columbia,Average weekly earnings including overtime for all employees,926.09
2016-06,Yukon,Average weekly earnings including overtime for all employees,1050.81
2016-06,Northwest Territories,Average weekly earnings including overtime for all employees,1392.64
2016-06,Nunavut,Average weekly earnings including overtime for all employees,1288.71
2016-07,Canada,Average weekly earnings including overtime for all employees,957.51
2016-07,Newfoundland and Labrador,Average weekly earnings including overtime for all employees,1021.59
2016-07,Prince Edward Island,Average weekly earnings including overtime for all employees,821.54
2016-07,Nova Scotia,Average weekly earnings including overtime for all employees,845.35
2016-07,New Brunswick,Average weekly earnings including overtime for all employees,874.69
2016-07,Quebec,Average weekly earnings including overtime for all employees,878.02
2016-07,Ontario,Average weekly earnings including overtime for all employees,977.22
2016-07,Manitoba,Average weekly earnings including overtime for all employees,890.76
2016-07,Saskatchewan,Average weekly earnings including overtime for all employees,987.74
2016-07,Alberta,Average weekly earnings including overtime for all employees,1122.3
2016-07,British Columbia,Average weekly earnings including overtime for all employees,918.74
2016-07,Yukon,Average weekly earnings including overtime for all employees,1058.68
2016-07,Northwest Territories,Average weekly earnings including overtime for all employees,1385.89
2016-07,Nunavut,Average weekly earnings including overtime for all employees,1266.99
2016-08,Canada,Average weekly earnings including overtime for all employees,958.3
2016-08,Newfoundland and Labrador,Average weekly earnings including overtime for all employees,1013.25
2016-08,Prince Edward Island,Average weekly earnings including overtime for all employees,821.76
2016-08,Nova Scotia,Average weekly earnings including overtime for all employees,846.89
2016-08,New Brunswick,Average weekly earnings including overtime for all employees,870.15
2016-08,Quebec,Average weekly earnings including overtime for all employees,878.54
2016-08,Ontario,Average weekly earnings including overtime for all employees,979.11
2016-08,Manitoba,Average weekly earnings including overtime for all employees,892.07
2016-08,Saskatchewan,Average weekly earnings including overtime for all employees,988.45
2016-08,Alberta,Average weekly earnings including overtime for all employees,1119.62
2016-08,British Columbia,Average weekly earnings including overtime for all employees,922.43
2016-08,Yukon,Average weekly earnings including overtime for all employees,1070.89
2016-08,Northwest Territories,Average weekly earnings including overtime for all employees,1362.46
2016-08,Nunavut,Average weekly earnings including overtime for all employees,1266.99
2016-09,Canada,Average weekly earnings including overtime for all employees,955.66
2016-09,Newfoundland and Labrador,Average weekly earnings including overtime for all employees,1012.47
2016-09,Prince Edward Island,Average weekly earnings including overtime for all employees,833.02
2016-09,Nova Scotia,Average weekly earnings including overtime for all employees,851.75
2016-09,New Brunswick,Average weekly earnings including overtime for all employees,872.27
2016-09,Quebec,Average weekly earnings including overtime for all employees,883.77
2016-09,Ontario,Average weekly earnings including overtime for all employees,969.75
2016-09,Manitoba,Average weekly earnings including overtime for all employees,890.16
2016-09,Saskatchewan,Average weekly earnings including overtime for all employees,988.56
2016-09,Alberta,Average weekly earnings including overtime for all employees,1112.65
2016-09,British Columbia,Average weekly earnings including overtime for all employees,919.67
2016-09,Yukon,Average weekly earnings including overtime for all employees,1036.77
2016-09,Northwest Territories,Average weekly earnings including overtime for all employees,1402.47
2016-09,Nunavut,Average weekly earnings including overtime for all employees,1255.01
2016-10,Canada,Average weekly earnings including overtime for all employees,955.17
2016-10,Newfoundland and Labrador,Average weekly earnings including overtime for all employees,1023.14
2016-10,Prince Edward Island,Average weekly earnings including overtime for all employees,817.71
2016-10,Nova Scotia,Average weekly earnings including overtime for all employees,843.01
2016-10,New Brunswick,Average weekly earnings including overtime for all employees,881.31
2016-10,Quebec,Average weekly earnings including overtime for all employees,882.5
2016-10,Ontario,Average weekly earnings including overtime for all employees,973.93
2016-10,Manitoba,Average weekly earnings including overtime for all employees,891.7
2016-10,Saskatchewan,Average weekly earnings including overtime for all employees,990.61
2016-10,Alberta,Average weekly earnings including overtime for all employees,1104.83
2016-10,British Columbia,Average weekly earnings including overtime for all employees,917.6
2016-10,Yukon,Average weekly earnings including overtime for all employees,1058.18
2016-10,Northwest Territories,Average weekly earnings including overtime for all employees,1391.96
2016-10,Nunavut,Average weekly earnings including overtime for all employees,1276.42
2016-11,Canada,Average weekly earnings including overtime for all employees,960.0
2016-11,Newfoundland and Labrador,Average weekly earnings including overtime for all employees,1030.24
2016-11,Prince Edward Island,Average weekly earnings including overtime for all employees,816.6
2016-11,Nova Scotia,Average weekly earnings including overtime for all employees,841.88
2016-11,New Brunswick,Average weekly earnings including overtime for all employees,872.56
2016-11,Quebec,Average weekly earnings including overtime for all employees,883.7
2016-11,Ontario,Average weekly earnings including overtime for all employees,977.18
2016-11,Manitoba,Average weekly earnings including overtime for all employees,902.72
2016-11,Saskatchewan,Average weekly earnings including overtime for all employees,985.61
2016-11,Alberta,Average weekly earnings including overtime for all employees,1115.53
2016-11,British Columbia,Average weekly earnings including overtime for all employees,927.8
2016-11,Yukon,Average weekly earnings including overtime for all employees,1072.21
2016-11,Northwest Territories,Average weekly earnings including overtime for all employees,1388.38
2016-11,Nunavut,Average weekly earnings including overtime for all employees,1322.91
2016-12,Canada,Average weekly earnings including overtime for all employees,968.34
2016-12,Newfoundland and Labrador,Average weekly earnings including overtime for all employees,1025.18
2016-12,Prince Edward Island,Average weekly earnings including overtime for all employees,824.74
2016-12,Nova Scotia,Average weekly earnings including overtime for all employees,854.34
2016-12,New Brunswick,Average weekly earnings including overtime for all employees,882.53
2016-12,Quebec,Average weekly earnings including overtime for all employees,885.55
2016-12,Ontario,Average weekly earnings including overtime for all employees,988.03
2016-12,Manitoba,Average weekly earnings including overtime for all employees,901.31
2016-12,Saskatchewan,Average weekly earnings including overtime for all employees,1006.16
2016-12,Alberta,Average weekly earnings including overtime for all employees,1129.51
2016-12,British Columbia,Average weekly earnings including overtime for all employees,930.76
2016-12,Yukon,Average weekly earnings including overtime for all employees,1070.49
2016-12,Northwest Territories,Average weekly earnings including overtime for all employees,1415.86
2016-12,Nunavut,Average weekly earnings including overtime for all employees,1329.96
2017-01,Canada,Average weekly earnings including overtime for all employees,967.0
2017-01,Newfoundland and Labrador,Average weekly earnings including overtime for all employees,1030.57
2017-01,Prince Edward Island,Average weekly earnings including overtime for all employees,822.47
2017-01,Nova Scotia,Average weekly earnings including overtime for all employees,853.31
2017-01,New Brunswick,Average weekly earnings including overtime for all employees,882.5
2017-01,Quebec,Average weekly earnings including overtime for all employees,888.2
2017-01,Ontario,Average weekly earnings including overtime for all employees,987.2
2017-01,Manitoba,Average weekly earnings including overtime for all employees,906.24
2017-01,Saskatchewan,Average weekly earnings including overtime for all employees,1011.08
2017-01,Alberta,Average weekly earnings including overtime for all employees,1109.42
2017-01,British Columbia,Average weekly earnings including overtime for all employees,934.27
2017-01,Yukon,Average weekly earnings including overtime for all employees,1092.79
2017-01,Northwest Territories,Average weekly earnings including overtime for all employees,1414.89
2017-01,Nunavut,Average weekly earnings including overtime for all employees,1333.21
2017-02,Canada,Average weekly earnings including overtime for all employees,964.5
2017-02,Newfoundland and Labrador,Average weekly earnings including overtime for all employees,1041.24
2017-02,Prince Edward Island,Average weekly earnings including overtime for all employees,814.5
2017-02,Nova Scotia,Average weekly earnings including overtime for all employees,847.77
2017-02,New Brunswick,Average weekly earnings including overtime for all employees,872.5
2017-02,Quebec,Average weekly earnings including overtime for all employees,886.4
2017-02,Ontario,Average weekly earnings including overtime for all employees,984.98
2017-02,Manitoba,Average weekly earnings including overtime for all employees,908.66
2017-02,Saskatchewan,Average weekly earnings including overtime for all employees,997.54
2017-02,Alberta,Average weekly earnings including overtime for all employees,1107.52
2017-02,British Columbia,Average weekly earnings including overtime for all employees,933.78
2017-02,Yukon,Average weekly earnings including overtime for all employees,1106.28
2017-02,Northwest Territories,Average weekly earnings including overtime for all employees,1391.79
2017-02,Nunavut,Average weekly earnings including overtime for all employees,1301.85
2017-03,Canada,Average weekly earnings including overtime for all employees,967.02
2017-03,Newfoundland and Labrador,Average weekly earnings including overtime for all employees,1036.53
2017-03,Prince Edward Island,Average weekly earnings including overtime for all employees,821.0
2017-03,Nova Scotia,Average weekly earnings including overtime for all employees,862.65
2017-03,New Brunswick,Average weekly earnings including overtime for all employees,879.63
2017-03,Quebec,Average weekly earnings including overtime for all employees,893.24
2017-03,Ontario,Average weekly earnings including overtime for all employees,984.58
2017-03,Manitoba,Average weekly earnings including overtime for all employees,909.0
2017-03,Saskatchewan,Average weekly earnings including overtime for all employees,1014.93
2017-03,Alberta,Average weekly earnings including overtime for all employees,1113.87
2017-03,British Columbia,Average weekly earnings including overtime for all employees,934.05
2017-03,Yukon,Average weekly earnings including overtime for all employees,1093.08
2017-03,Northwest Territories,Average weekly earnings including overtime for all employees,1406.45
2017-03,Nunavut,Average weekly earnings including overtime for all employees,1326.03
2017-04,Canada,Average weekly earnings including overtime for all employees,971.07
2017-04,Newfoundland and Labrador,Average weekly earnings including overtime for all employees,1033.71
2017-04,Prince Edward Island,Average weekly earnings including overtime for all employees,818.37
2017-04,Nova Scotia,Average weekly earnings including overtime for all employees,865.56
2017-04,New Brunswick,Average weekly earnings including overtime for all employees,877.68
2017-04,Quebec,Average weekly earnings including overtime for all employees,896.04
2017-04,Ontario,Average weekly earnings including overtime for all employees,988.65
2017-04,Manitoba,Average weekly earnings including overtime for all employees,925.34
2017-04,Saskatchewan,Average weekly earnings including overtime for all employees,1008.47
2017-04,Alberta,Average weekly earnings including overtime for all employees,1124.48
2017-04,British Columbia,Average weekly earnings including overtime for all employees,940.11
2017-04,Yukon,Average weekly earnings including overtime for all employees,1094.16
2017-04,Northwest Territories,Average weekly earnings including overtime for all employees,1404.68
2017-04,Nunavut,Average weekly earnings including overtime for all employees,1339.59
2017-05,Canada,Average weekly earnings including overtime for all employees,970.15
2017-05,Newfoundland and Labrador,Average weekly earnings including overtime for all employees,1029.25
2017-05,Prince Edward Island,Average weekly earnings including overtime for all employees,818.72
2017-05,Nova Scotia,Average weekly earnings including overtime for all employees,847.81
2017-05,New Brunswick,Average weekly earnings including overtime for all employees,883.17
2017-05,Quebec,Average weekly earnings including overtime for all employees,896.04
2017-05,Ontario,Average weekly earnings including overtime for all employees,987.31
2017-05,Manitoba,Average weekly earnings including overtime for all employees,910.63
2017-05,Saskatchewan,Average weekly earnings including overtime for all employees,994.49
2017-05,Alberta,Average weekly earnings including overtime for all employees,1110.18
2017-05,British Columbia,Average weekly earnings including overtime for all employees,941.56
2017-05,Yukon,Average weekly earnings including overtime for all employees,1108.86
2017-05,Northwest Territories,Average weekly earnings including overtime for all employees,1350.66
2017-05,Nunavut,Average weekly earnings including overtime for all employees,1301.27
2017-06,Canada,Average weekly earnings including overtime for all employees,971.94
2017-06,Newfoundland and Labrador,Average weekly earnings including overtime for all employees,1027.08
2017-06,Prince Edward Island,Average weekly earnings including overtime for all employees,819.16
2017-06,Nova Scotia,Average weekly earnings including overtime for all employees,864.17
2017-06,New Brunswick,Average weekly earnings including overtime for all employees,876.38
2017-06,Quebec,Average weekly earnings including overtime for all employees,891.74
2017-06,Ontario,Average weekly earnings including overtime for all employees,986.79
2017-06,Manitoba,Average weekly earnings including overtime for all employees,897.48
2017-06,Saskatchewan,Average weekly earnings including overtime for all employees,1002.6
2017-06,Alberta,Average weekly earnings including overtime for all employees,1130.9
2017-06,British Columbia,Average weekly earnings including overtime for all employees,945.03
2017-06,Yukon,Average weekly earnings including overtime for all employees,1091.88
2017-06,Northwest Territories,Average weekly earnings including overtime for all employees,1407.76
2017-06,Nunavut,Average weekly earnings including overtime for all employees,1331.41
2017-07,Canada,Average weekly earnings including overtime for all employees,970.07
2017-07,Newfoundland and Labrador,Average weekly earnings including overtime for all employees,1017.02
2017-07,Prince Edward Island,Average weekly earnings including overtime for all employees,816.35
2017-07,Nova Scotia,Average weekly earnings including overtime for all employees,860.39
2017-07,New Brunswick,Average weekly earnings including overtime for all employees,870.92
2017-07,Quebec,Average weekly earnings including overtime for all employees,900.05
2017-07,Ontario,Average weekly earnings including overtime for all employees,984.55
2017-07,Manitoba,Average weekly earnings including overtime for all employees,908.47
2017-07,Saskatchewan,Average weekly earnings including overtime for all employees,1003.19
2017-07,Alberta,Average weekly earnings including overtime for all employees,1123.66
2017-07,British Columbia,Average weekly earnings including overtime for all employees,939.61
2017-07,Yukon,Average weekly earnings including overtime for all employees,1096.91
2017-07,Northwest Territories,Average weekly earnings including overtime for all employees,1399.0
2017-07,Nunavut,Average weekly earnings including overtime for all employees,1341.46
2017-08,Canada,Average weekly earnings including overtime for all employees,976.45
2017-08,Newfoundland and Labrador,Average weekly earnings including overtime for all employees,1028.16
2017-08,Prince Edward Island,Average weekly earnings including overtime for all employees,816.11
2017-08,Nova Scotia,Average weekly earnings including overtime for all employees,869.75
2017-08,New Brunswick,Average weekly earnings including overtime for all employees,892.28
2017-08,Quebec,Average weekly earnings including overtime for all employees,910.67
2017-08,Ontario,Average weekly earnings including overtime for all employees,990.84
2017-08,Manitoba,Average weekly earnings including overtime for all employees,918.49
2017-08,Saskatchewan,Average weekly earnings including overtime for all employees,1012.74
2017-08,Alberta,Average weekly earnings including overtime for all employees,1128.44
2017-08,British Columbia,Average weekly earnings including overtime for all employees,939.97
2017-08,Yukon,Average weekly earnings including overtime for all employees,1106.79
2017-08,Northwest Territories,Average weekly earnings including overtime for all employees,1408.8
2017-08,Nunavut,Average weekly earnings including overtime for all employees,1351.24
2017-09,Canada,Average weekly earnings including overtime for all employees,985.54
2017-09,Newfoundland and Labrador,Average weekly earnings including overtime for all employees,1040.64
2017-09,Prince Edward Island,Average weekly earnings including overtime for all employees,817.53
2017-09,Nova Scotia,Average weekly earnings including overtime for all employees,871.18
2017-09,New Brunswick,Average weekly earnings including overtime for all employees,899.54
2017-09,Quebec,Average weekly earnings including overtime for all employees,913.53
2017-09,Ontario,Average weekly earnings including overtime for all employees,1000.87
2017-09,Manitoba,Average weekly earnings including overtime for all employees,922.65
2017-09,Saskatchewan,Average weekly earnings including overtime for all employees,1011.41
2017-09,Alberta,Average weekly earnings including overtime for all employees,1144.45
2017-09,British Columbia,Average weekly earnings including overtime for all employees,952.08
2017-09,Yukon,Average weekly earnings including overtime for all employees,1100.72
2017-09,Northwest Territories,Average weekly earnings including overtime for all employees,1447.42
2017-09,Nunavut,Average weekly earnings including overtime for all employees,1364.82
2017-10,Canada,Average weekly earnings including overtime for all employees,983.54
2017-10,Newfoundland and Labrador,Average weekly earnings including overtime for all employees,1034.63
2017-10,Prince Edward Island,Average weekly earnings including overtime for all employees,813.39
2017-10,Nova Scotia,Average weekly earnings including overtime for all employees,857.32
2017-10,New Brunswick,Average weekly earnings including overtime for all employees,897.24
2017-10,Quebec,Average weekly earnings including overtime for all employees,911.48
2017-10,Ontario,Average weekly earnings including overtime for all employees,999.65
2017-10,Manitoba,Average weekly earnings including overtime for all employees,916.44
2017-10,Saskatchewan,Average weekly earnings including overtime for all employees,1002.69
2017-10,Alberta,Average weekly earnings including overtime for all employees,1142.85
2017-10,British Columbia,Average weekly earnings including overtime for all employees,951.65
2017-10,Yukon,Average weekly earnings including overtime for all employees,1098.52
2017-10,Northwest Territories,Average weekly earnings including overtime for all employees,1382.71
2017-10,Nunavut,Average weekly earnings including overtime for all employees,1335.03
2017-11,Canada,Average weekly earnings including overtime for all employees,990.93
2017-11,Newfoundland and Labrador,Average weekly earnings including overtime for all employees,1049.21
2017-11,Prince Edward Island,Average weekly earnings including overtime for all employees,833.77
2017-11,Nova Scotia,Average weekly earnings including overtime for all employees,869.98
2017-11,New Brunswick,Average weekly earnings including overtime for all employees,906.16
2017-11,Quebec,Average weekly earnings including overtime for all employees,923.29
2017-11,Ontario,Average weekly earnings including overtime for all employees,1007.09
2017-11,Manitoba,Average weekly earnings including overtime for all employees,921.65
2017-11,Saskatchewan,Average weekly earnings including overtime for all employees,1014.64
2017-11,Alberta,Average weekly earnings including overtime for all employees,1145.99
2017-11,British Columbia,Average weekly earnings including overtime for all employees,953.0
2017-11,Yukon,Average weekly earnings including overtime for all employees,1080.32
2017-11,Northwest Territories,Average weekly earnings including overtime for all employees,1394.83
2017-11,Nunavut,Average weekly earnings including overtime for all employees,1356.8
2017-12,Canada,Average weekly earnings including overtime for all employees,991.96
2017-12,Newfoundland and Labrador,Average weekly earnings including overtime for all employees,1035.79
2017-12,Prince Edward Island,Average weekly earnings including overtime for all employees,848.22
2017-12,Nova Scotia,Average weekly earnings including overtime for all employees,862.35
2017-12,New Brunswick,Average weekly earnings including overtime for all employees,897.13
2017-12,Quebec,Average weekly earnings including overtime for all employees,920.24
2017-12,Ontario,Average weekly earnings including overtime for all employees,1009.04
2017-12,Manitoba,Average weekly earnings including overtime for all employees,928.34
2017-12,Saskatchewan,Average weekly earnings including overtime for all employees,1040.05
2017-12,Alberta,Average weekly earnings including overtime for all employees,1149.2
2017-12,British Columbia,Average weekly earnings including overtime for all employees,959.09
2017-12,Yukon,Average weekly earnings including overtime for all employees,1095.09
2017-12,Northwest Territories,Average weekly earnings including overtime for all employees,1419.29
2017-12,Nunavut,Average weekly earnings including overtime for all employees,1357.75
2018-01,Canada,Average weekly earnings including overtime for all employees,991.47
2018-01,Newfoundland and Labrador,Average weekly earnings including overtime for all employees,1033.7
2018-01,Prince Edward Island,Average weekly earnings including overtime for all employees,834.36
2018-01,Nova Scotia,Average weekly earnings including overtime for all employees,852.58
2018-01,New Brunswick,Average weekly earnings including overtime for all employees,901.68
2018-01,Quebec,Average weekly earnings including overtime for all employees,917.95
2018-01,Ontario,Average weekly earnings including overtime for all employees,1012.14
2018-01,Manitoba,Average weekly earnings including overtime for all employees,925.93
2018-01,Saskatchewan,Average weekly earnings including overtime for all employees,1018.3
2018-01,Alberta,Average weekly earnings including overtime for all employees,1138.06
2018-01,British Columbia,Average weekly earnings including overtime for all employees,957.84
2018-01,Yukon,Average weekly earnings including overtime for all employees,1092.72
2018-01,Northwest Territories,Average weekly earnings including overtime for all employees,1405.05
2018-01,Nunavut,Average weekly earnings including overtime for all employees,1330.11
2018-02,Canada,Average weekly earnings including overtime for all employees,998.68
2018-02,Newfoundland and Labrador,Average weekly earnings including overtime for all employees,1038.67
2018-02,Prince Edward Island,Average weekly earnings including overtime for all employees,847.38
2018-02,Nova Scotia,Average weekly earnings including overtime for all employees,867.43
2018-02,New Brunswick,Average weekly earnings including overtime for all employees,910.63
2018-02,Quebec,Average weekly earnings including overtime for all employees,926.87
2018-02,Ontario,Average weekly earnings including overtime for all employees,1018.29
2018-02,Manitoba,Average weekly earnings including overtime for all employees,930.66
2018-02,Saskatchewan,Average weekly earnings including overtime for all employees,1018.16
2018-02,Alberta,Average weekly earnings including overtime for all employees,1154.34
2018-02,British Columbia,Average weekly earnings including overtime for all employees,962.37
2018-02,Yukon,Average weekly earnings including overtime for all employees,1076.51
2018-02,Northwest Territories,Average weekly earnings including overtime for all employees,1422.74
2018-02,Nunavut,Average weekly earnings including overtime for all employees,1386.39
2018-03,Canada,Average weekly earnings including overtime for all employees,997.53
2018-03,Newfoundland and Labrador,Average weekly earnings including overtime for all employees,1026.93
2018-03,Prince Edward Island,Average weekly earnings including overtime for all employees,842.79
2018-03,Nova Scotia,Average weekly earnings including overtime for all employees,871.47
2018-03,New Brunswick,Average weekly earnings including overtime for all employees,903.47
2018-03,Quebec,Average weekly earnings including overtime for all employees,930.8
2018-03,Ontario,Average weekly earnings including overtime for all employees,1014.76
2018-03,Manitoba,Average weekly earnings including overtime for all employees,934.17
2018-03,Saskatchewan,Average weekly earnings including overtime for all employees,1010.86
2018-03,Alberta,Average weekly earnings including overtime for all employees,1152.99
2018-03,British Columbia,Average weekly earnings including overtime for all employees,963.85
2018-03,Yukon,Average weekly earnings including overtime for all employees,1084.63
2018-03,Northwest Territories,Average weekly earnings including overtime for all employees,1403.24
2018-03,Nunavut,Average weekly earnings including overtime for all employees,1357.41
2018-04,Canada,Average weekly earnings including overtime for all employees,993.11
2018-04,Newfoundland and Labrador,Average weekly earnings including overtime for all employees,1029.3
2018-04,Prince Edward Island,Average weekly earnings including overtime for all employees,840.48
2018-04,Nova Scotia,Average weekly earnings including overtime for all employees,858.17
2018-04,New Brunswick,Average weekly earnings including overtime for all employees,901.66
2018-04,Quebec,Average weekly earnings including overtime for all employees,925.84
2018-04,Ontario,Average weekly earnings including overtime for all employees,1013.31
2018-04,Manitoba,Average weekly earnings including overtime for all employees,941.34
2018-04,Saskatchewan,Average weekly earnings including overtime for all employees,1004.3
2018-04,Alberta,Average weekly earnings including overtime for all employees,1153.63
2018-04,British Columbia,Average weekly earnings including overtime for all employees,954.52
2018-04,Yukon,Average weekly earnings including overtime for all employees,1120.13
2018-04,Northwest Territories,Average weekly earnings including overtime for all employees,1388.21
2018-04,Nunavut,Average weekly earnings including overtime for all employees,1373.82
2018-05,Canada,Average weekly earnings including overtime for all employees,994.78
2018-05,Newfoundland and Labrador,Average weekly earnings including overtime for all employees,1044.97
2018-05,Prince Edward Island,Average weekly earnings including overtime for all employees,826.94
2018-05,Nova Scotia,Average weekly earnings including overtime for all employees,864.7
2018-05,New Brunswick,Average weekly earnings including overtime for all employees,908.95
2018-05,Quebec,Average weekly earnings including overtime for all employees,925.67
2018-05,Ontario,Average weekly earnings including overtime for all employees,1013.49
2018-05,Manitoba,Average weekly earnings including overtime for all employees,939.72
2018-05,Saskatchewan,Average weekly earnings including overtime for all employees,1008.5
2018-05,Alberta,Average weekly earnings including overtime for all employees,1138.62
2018-05,British Columbia,Average weekly earnings including overtime for all employees,957.62
2018-05,Yukon,Average weekly earnings including overtime for all employees,1106.9
2018-05,Northwest Territories,Average weekly earnings including overtime for all employees,1407.46
2018-05,Nunavut,Average weekly earnings including overtime for all employees,1369.61
2018-06,Canada,Average weekly earnings including overtime for all employees,1001.65
2018-06,Newfoundland and Labrador,Average weekly earnings including overtime for all employees,1047.27
2018-06,Prince Edward Island,Average weekly earnings including overtime for all employees,819.46
2018-06,Nova Scotia,Average weekly earnings including overtime for all employees,864.86
2018-06,New Brunswick,Average weekly earnings including overtime for all employees,899.89
2018-06,Quebec,Average weekly earnings including overtime for all employees,934.5
2018-06,Ontario,Average weekly earnings including overtime for all employees,1019.42
2018-06,Manitoba,Average weekly earnings including overtime for all employees,945.16
2018-06,Saskatchewan,Average weekly earnings including overtime for all employees,1022.92
2018-06,Alberta,Average weekly earnings including overtime for all employees,1147.32
2018-06,British Columbia,Average weekly earnings including overtime for all employees,967.51
2018-06,Yukon,Average weekly earnings including overtime for all employees,1124.37
2018-06,Northwest Territories,Average weekly earnings including overtime for all employees,1426.12
2018-06,Nunavut,Average weekly earnings including overtime for all employees,1368.52
2018-07,Canada,Average weekly earnings including overtime for all employees,999.89
2018-07,Newfoundland and Labrador,Average weekly earnings including overtime for all employees,1025.34
2018-07,Prince Edward Island,Average weekly earnings including overtime for all employees,826.28
2018-07,Nova Scotia,Average weekly earnings including overtime for all employees,874.53
2018-07,New Brunswick,Average weekly earnings including overtime for all employees,911.91
2018-07,Quebec,Average weekly earnings including overtime for all employees,928.0
2018-07,Ontario,Average weekly earnings including overtime for all employees,1016.84
2018-07,Manitoba,Average weekly earnings including overtime for all employees,943.64
2018-07,Saskatchewan,Average weekly earnings including overtime for all employees,1011.04
2018-07,Alberta,Average weekly earnings including overtime for all employees,1149.43
2018-07,British Columbia,Average weekly earnings including overtime for all employees,975.17
2018-07,Yukon,Average weekly earnings including overtime for all employees,1124.14
2018-07,Northwest Territories,Average weekly earnings including overtime for all employees,1397.33
2018-07,Nunavut,Average weekly earnings including overtime for all employees,1392.83
2018-08,Canada,Average weekly earnings including overtime for all employees,1005.43
2018-08,Newfoundland and Labrador,Average weekly earnings including overtime for all employees,1022.72
2018-08,Prince Edward Island,Average weekly earnings including overtime for all employees,851.03
2018-08,Nova Scotia,Average weekly earnings including overtime for all employees,878.64
2018-08,New Brunswick,Average weekly earnings including overtime for all employees,923.79
2018-08,Quebec,Average weekly earnings including overtime for all employees,936.26
2018-08,Ontario,Average weekly earnings including overtime for all employees,1022.73
2018-08,Manitoba,Average weekly earnings including overtime for all employees,950.24
2018-08,Saskatchewan,Average weekly earnings including overtime for all employees,1007.74
2018-08,Alberta,Average weekly earnings including overtime for all employees,1158.89
2018-08,British Columbia,Average weekly earnings including overtime for all employees,981.69
2018-08,Yukon,Average weekly earnings including overtime for all employees,1128.76
2018-08,Northwest Territories,Average weekly earnings including overtime for all employees,1443.83
2018-08,Nunavut,Average weekly earnings including overtime for all employees,1400.64
2018-09,Canada,Average weekly earnings including overtime for all employees,1000.53
2018-09,Newfoundland and Labrador,Average weekly earnings including overtime for all employees,1038.19
2018-09,Prince Edward Island,Average weekly earnings including overtime for all employees,844.18
2018-09,Nova Scotia,Average weekly earnings including overtime for all employees,872.82
2018-09,New Brunswick,Average weekly earnings including overtime for all employees,914.13
2018-09,Quebec,Average weekly earnings including overtime for all employees,929.27
2018-09,Ontario,Average weekly earnings including overtime for all employees,1024.19
2018-09,Manitoba,Average weekly earnings including overtime for all employees,939.96
2018-09,Saskatchewan,Average weekly earnings including overtime for all employees,1012.42
2018-09,Alberta,Average weekly earnings including overtime for all employees,1136.97
2018-09,British Columbia,Average weekly earnings including overtime for all employees,977.13
2018-09,Yukon,Average weekly earnings including overtime for all employees,1133.77
2018-09,Northwest Territories,Average weekly earnings including overtime for all employees,1448.58
2018-09,Nunavut,Average weekly earnings including overtime for all employees,1409.41
2018-10,Canada,Average weekly earnings including overtime for all employees,1007.51
2018-10,Newfoundland and Labrador,Average weekly earnings including overtime for all employees,1038.98
2018-10,Prince Edward Island,Average weekly earnings including overtime for all employees,858.97
2018-10,Nova Scotia,Average weekly earnings including overtime for all employees,875.09
2018-10,New Brunswick,Average weekly earnings including overtime for all employees,916.34
2018-10,Quebec,Average weekly earnings including overtime for all employees,936.51
2018-10,Ontario,Average weekly earnings including overtime for all employees,1029.93
2018-10,Manitoba,Average weekly earnings including overtime for all employees,946.18
2018-10,Saskatchewan,Average weekly earnings including overtime for all employees,1025.43
2018-10,Alberta,Average weekly earnings including overtime for all employees,1141.84
2018-10,British Columbia,Average weekly earnings including overtime for all employees,980.93
2018-10,Yukon,Average weekly earnings including overtime for all employees,1142.64
2018-10,Northwest Territories,Average weekly earnings including overtime for all employees,1440.63
2018-10,Nunavut,Average weekly earnings including overtime for all employees,1434.77
2018-11,Canada,Average weekly earnings including overtime for all employees,1011.43
2018-11,Newfoundland and Labrador,Average weekly earnings including overtime for all employees,1039.35
2018-11,Prince Edward Island,Average weekly earnings including overtime for all employees,853.72
2018-11,Nova Scotia,Average weekly earnings including overtime for all employees,886.78
2018-11,New Brunswick,Average weekly earnings including overtime for all employees,928.67
2018-11,Quebec,Average weekly earnings including overtime for all employees,936.23
2018-11,Ontario,Average weekly earnings including overtime for all employees,1033.76
2018-11,Manitoba,Average weekly earnings including overtime for all employees,949.7
2018-11,Saskatchewan,Average weekly earnings including overtime for all employees,1025.39
2018-11,Alberta,Average weekly earnings including overtime for all employees,1152.69
2018-11,British Columbia,Average weekly earnings including overtime for all employees,981.53
2018-11,Yukon,Average weekly earnings including overtime for all employees,1148.42
2018-11,Northwest Territories,Average weekly earnings including overtime for all employees,1461.17
2018-11,Nunavut,Average weekly earnings including overtime for all employees,1384.81
2018-12,Canada,Average weekly earnings including overtime for all employees,1009.66
2018-12,Newfoundland and Labrador,Average weekly earnings including overtime for all employees,1056.08
2018-12,Prince Edward Island,Average weekly earnings including overtime for all employees,852.59
2018-12,Nova Scotia,Average weekly earnings including overtime for all employees,890.82
2018-12,New Brunswick,Average weekly earnings including overtime for all employees,920.79
2018-12,Quebec,Average weekly earnings including overtime for all employees,943.97
2018-12,Ontario,Average weekly earnings including overtime for all employees,1032.16
2018-12,Manitoba,Average weekly earnings including overtime for all employees,945.13
2018-12,Saskatchewan,Average weekly earnings including overtime for all employees,1012.49
2018-12,Alberta,Average weekly earnings including overtime for all employees,1146.48
2018-12,British Columbia,Average weekly earnings including overtime for all employees,976.97
2018-12,Yukon,Average weekly earnings including overtime for all employees,1151.3
2018-12,Northwest Territories,Average weekly earnings including overtime for all employees,1427.18
2018-12,Nunavut,Average weekly earnings including overtime for all employees,1292.39
2019-01,Canada,Average weekly earnings including overtime for all employees,1009.29
2019-01,Newfoundland and Labrador,Average weekly earnings including overtime for all employees,1041.14
2019-01,Prince Edward Island,Average weekly earnings including overtime for all employees,852.41
2019-01,Nova Scotia,Average weekly earnings including overtime for all employees,893.56
2019-01,New Brunswick,Average weekly earnings including overtime for all employees,924.98
2019-01,Quebec,Average weekly earnings including overtime for all employees,947.46
2019-01,Ontario,Average weekly earnings including overtime for all employees,1027.9
2019-01,Manitoba,Average weekly earnings including overtime for all employees,957.24
2019-01,Saskatchewan,Average weekly earnings including overtime for all employees,1028.25
2019-01,Alberta,Average weekly earnings including overtime for all employees,1141.62
2019-01,British Columbia,Average weekly earnings including overtime for all employees,972.65
2019-01,Yukon,Average weekly earnings including overtime for all employees,1138.0
2019-01,Northwest Territories,Average weekly earnings including overtime for all employees,1419.14
2019-01,Nunavut,Average weekly earnings including overtime for all employees,1375.76
2019-02,Canada,Average weekly earnings including overtime for all employees,1009.37
2019-02,Newfoundland and Labrador,Average weekly earnings including overtime for all employees,1037.13
2019-02,Prince Edward Island,Average weekly earnings including overtime for all employees,849.64
2019-02,Nova Scotia,Average weekly earnings including overtime for all employees,886.55
2019-02,New Brunswick,Average weekly earnings including overtime for all employees,919.22
2019-02,Quebec,Average weekly earnings including overtime for all employees,947.49
2019-02,Ontario,Average weekly earnings including overtime for all employees,1029.59
2019-02,Manitoba,Average weekly earnings including overtime for all employees,955.72
2019-02,Saskatchewan,Average weekly earnings including overtime for all employees,1025.46
2019-02,Alberta,Average weekly earnings including overtime for all employees,1140.88
2019-02,British Columbia,Average weekly earnings including overtime for all employees,975.37
2019-02,Yukon,Average weekly earnings including overtime for all employees,1167.9
2019-02,Northwest Territories,Average weekly earnings including overtime for all employees,1423.52
2019-02,Nunavut,Average weekly earnings including overtime for all employees,1402.3
2019-03,Canada,Average weekly earnings including overtime for all employees,1014.84
2019-03,Newfoundland and Labrador,Average weekly earnings including overtime for all employees,1059.04
2019-03,Prince Edward Island,Average weekly earnings including overtime for all employees,851.71
2019-03,Nova Scotia,Average weekly earnings including overtime for all employees,896.92
2019-03,New Brunswick,Average weekly earnings including overtime for all employees,929.96
2019-03,Quebec,Average weekly earnings including overtime for all employees,945.97
2019-03,Ontario,Average weekly earnings including overtime for all employees,1036.26
2019-03,Manitoba,Average weekly earnings including overtime for all employees,963.08
2019-03,Saskatchewan,Average weekly earnings including overtime for all employees,1031.21
2019-03,Alberta,Average weekly earnings including overtime for all employees,1160.22
2019-03,British Columbia,Average weekly earnings including overtime for all employees,987.35
2019-03,Yukon,Average weekly earnings including overtime for all employees,1167.92
2019-03,Northwest Territories,Average weekly earnings including overtime for all employees,1415.45
2019-03,Nunavut,Average weekly earnings including overtime for all employees,1411.2
2019-04,Canada,Average weekly earnings including overtime for all employees,1016.98
2019-04,Newfoundland and Labrador,Average weekly earnings including overtime for all employees,1066.16
2019-04,Prince Edward Island,Average weekly earnings including overtime for all employees,855.01
2019-04,Nova Scotia,Average weekly earnings including overtime for all employees,893.53
2019-04,New Brunswick,Average weekly earnings including overtime for all employees,931.81
2019-04,Quebec,Average weekly earnings including overtime for all employees,951.6
2019-04,Ontario,Average weekly earnings including overtime for all employees,1039.39
2019-04,Manitoba,Average weekly earnings including overtime for all employees,950.39
2019-04,Saskatchewan,Average weekly earnings including overtime for all employees,1041.84
2019-04,Alberta,Average weekly earnings including overtime for all employees,1142.25
2019-04,British Columbia,Average weekly earnings including overtime for all employees,990.42
2019-04,Yukon,Average weekly earnings including overtime for all employees,1166.86
2019-04,Northwest Territories,Average weekly earnings including overtime for all employees,1480.63
2019-04,Nunavut,Average weekly earnings including overtime for all employees,1496.4
2019-05,Canada,Average weekly earnings including overtime for all employees,1030.54
2019-05,Newfoundland and Labrador,Average weekly earnings including overtime for all employees,1051.13
2019-05,Prince Edward Island,Average weekly earnings including overtime for all employees,857.82
2019-05,Nova Scotia,Average weekly earnings including overtime for all employees,899.79
2019-05,New Brunswick,Average weekly earnings including overtime for all employees,949.75
2019-05,Quebec,Average weekly earnings including overtime for all employees,957.11
2019-05,Ontario,Average weekly earnings including overtime for all employees,1052.33
2019-05,Manitoba,Average weekly earnings including overtime for all employees,954.82
2019-05,Saskatchewan,Average weekly earnings including overtime for all employees,1061.81
2019-05,Alberta,Average weekly earnings including overtime for all employees,1177.47
2019-05,British Columbia,Average weekly earnings including overtime for all employees,1001.36
2019-05,Yukon,Average weekly earnings including overtime for all employees,1152.05
2019-05,Northwest Territories,Average weekly earnings including overtime for all employees,1511.95
2019-05,Nunavut,Average weekly earnings including overtime for all employees,1454.57
2019-06,Canada,Average weekly earnings including overtime for all employees,1022.02
2019-06,Newfoundland and Labrador,Average weekly earnings including overtime for all employees,1064.48
2019-06,Prince Edward Island,Average weekly earnings including overtime for all employees,856.37
2019-06,Nova Scotia,Average weekly earnings including overtime for all employees,896.97
2019-06,New Brunswick,Average weekly earnings including overtime for all employees,932.04
2019-06,Quebec,Average weekly earnings including overtime for all employees,964.42
2019-06,Ontario,Average weekly earnings including overtime for all employees,1036.47
2019-06,Manitoba,Average weekly earnings including overtime for all employees,950.82
2019-06,Saskatchewan,Average weekly earnings including overtime for all employees,1035.56
2019-06,Alberta,Average weekly earnings including overtime for all employees,1164.09
2019-06,British Columbia,Average weekly earnings including overtime for all employees,991.74
2019-06,Yukon,Average weekly earnings including overtime for all employees,1170.95
2019-06,Northwest Territories,Average weekly earnings including overtime for all employees,1443.78
2019-06,Nunavut,Average weekly earnings including overtime for all employees,1419.56
2019-07,Canada,Average weekly earnings including overtime for all employees,1027.69
2019-07,Newfoundland and Labrador,Average weekly earnings including overtime for all employees,1057.84
2019-07,Prince Edward Island,Average weekly earnings including overtime for all employees,877.41
2019-07,Nova Scotia,Average weekly earnings including overtime for all employees,900.39
2019-07,New Brunswick,Average weekly earnings including overtime for all employees,937.29
2019-07,Quebec,Average weekly earnings including overtime for all employees,962.81
2019-07,Ontario,Average weekly earnings including overtime for all employees,1049.96
2019-07,Manitoba,Average weekly earnings including overtime for all employees,956.39
2019-07,Saskatchewan,Average weekly earnings including overtime for all employees,1035.59
2019-07,Alberta,Average weekly earnings including overtime for all employees,1158.79
2019-07,British Columbia,Average weekly earnings including overtime for all employees,994.69
2019-07,Yukon,Average weekly earnings including overtime for all employees,1177.01
2019-07,Northwest Territories,Average weekly earnings including overtime for all employees,1462.88
2019-07,Nunavut,Average weekly earnings including overtime for all employees,1423.64
2019-08,Canada,Average weekly earnings including overtime for all employees,1031.71
2019-08,Newfoundland and Labrador,Average weekly earnings including overtime for all employees,1068.51
2019-08,Prince Edward Island,Average weekly earnings including overtime for all employees,873.5
2019-08,Nova Scotia,Average weekly earnings including overtime for all employees,908.49
2019-08,New Brunswick,Average weekly earnings including overtime for all employees,943.14
2019-08,Quebec,Average weekly earnings including overtime for all employees,967.83
2019-08,Ontario,Average weekly earnings including overtime for all employees,1055.74
2019-08,Manitoba,Average weekly earnings including overtime for all employees,958.59
2019-08,Saskatchewan,Average weekly earnings including overtime for all employees,1026.16
2019-08,Alberta,Average weekly earnings including overtime for all employees,1164.07
2019-08,British Columbia,Average weekly earnings including overtime for all employees,1003.67
2019-08,Yukon,Average weekly earnings including overtime for all employees,1162.6
2019-08,Northwest Territories,Average weekly earnings including overtime for all employees,1442.34
2019-08,Nunavut,Average weekly earnings including overtime for all employees,1438.9
2019-09,Canada,Average weekly earnings including overtime for all employees,1038.63
2019-09,Newfoundland and Labrador,Average weekly earnings including overtime for all employees,1055.14
2019-09,Prince Edward Island,Average weekly earnings including overtime for all employees,879.06
2019-09,Nova Scotia,Average weekly earnings including overtime for all employees,910.01
2019-09,New Brunswick,Average weekly earnings including overtime for all employees,946.01
2019-09,Quebec,Average weekly earnings including overtime for all employees,975.33
2019-09,Ontario,Average weekly earnings including overtime for all employees,1062.22
2019-09,Manitoba,Average weekly earnings including overtime for all employees,974.3
2019-09,Saskatchewan,Average weekly earnings including overtime for all employees,1042.83
2019-09,Alberta,Average weekly earnings including overtime for all employees,1173.79
2019-09,British Columbia,Average weekly earnings including overtime for all employees,1009.66
2019-09,Yukon,Average weekly earnings including overtime for all employees,1179.36
2019-09,Northwest Territories,Average weekly earnings including overtime for all employees,1431.86
2019-09,Nunavut,Average weekly earnings including overtime for all employees,1443.7
2019-10,Canada,Average weekly earnings including overtime for all employees,1046.38
2019-10,Newfoundland and Labrador,Average weekly earnings including overtime for all employees,1073.47
2019-10,Prince Edward Island,Average weekly earnings including overtime for all employees,888.27
2019-10,Nova Scotia,Average weekly earnings including overtime for all employees,919.89
2019-10,New Brunswick,Average weekly earnings including overtime for all employees,961.93
2019-10,Quebec,Average weekly earnings including overtime for all employees,977.78
2019-10,Ontario,Average weekly earnings including overtime for all employees,1065.77
2019-10,Manitoba,Average weekly earnings including overtime for all employees,966.64
2019-10,Saskatchewan,Average weekly earnings including overtime for all employees,1055.0
2019-10,Alberta,Average weekly earnings including overtime for all employees,1195.99
2019-10,British Columbia,Average weekly earnings including overtime for all employees,1019.21
2019-10,Yukon,Average weekly earnings including overtime for all employees,1171.42
2019-10,Northwest Territories,Average weekly earnings including overtime for all employees,1478.78
2019-10,Nunavut,Average weekly earnings including overtime for all employees,1474.02
2019-11,Canada,Average weekly earnings including overtime for all employees,1042.76
2019-11,Newfoundland and Labrador,Average weekly earnings including overtime for all employees,1060.95
2019-11,Prince Edward Island,Average weekly earnings including overtime for all employees,884.26
2019-11,Nova Scotia,Average weekly earnings including overtime for all employees,926.36
2019-11,New Brunswick,Average weekly earnings including overtime for all employees,959.4
2019-11,Quebec,Average weekly earnings including overtime for all employees,982.48
2019-11,Ontario,Average weekly earnings including overtime for all employees,1062.35
2019-11,Manitoba,Average weekly earnings including overtime for all employees,964.96
2019-11,Saskatchewan,Average weekly earnings including overtime for all employees,1061.65
2019-11,Alberta,Average weekly earnings including overtime for all employees,1173.4
2019-11,British Columbia,Average weekly earnings including overtime for all employees,1014.12
2019-11,Yukon,Average weekly earnings including overtime for all employees,1175.78
2019-11,Northwest Territories,Average weekly earnings including overtime for all employees,1503.0
2019-11,Nunavut,Average weekly earnings including overtime for all employees,1434.89
2019-12,Canada,Average weekly earnings including overtime for all employees,1046.2
2019-12,Newfoundland and Labrador,Average weekly earnings including overtime for all employees,1071.23
2019-12,Prince Edward Island,Average weekly earnings including overtime for all employees,877.72
2019-12,Nova Scotia,Average weekly earnings including overtime for all employees,921.96
2019-12,New Brunswick,Average weekly earnings including overtime for all employees,960.47
2019-12,Quebec,Average weekly earnings including overtime for all employees,988.9
2019-12,Ontario,Average weekly earnings including overtime for all employees,1065.97
2019-12,Manitoba,Average weekly earnings including overtime for all employees,955.16
2019-12,Saskatchewan,Average weekly earnings including overtime for all employees,1053.39
2019-12,Alberta,Average weekly earnings including overtime for all employees,1177.62
2019-12,British Columbia,Average weekly earnings including overtime for all employees,1016.66
2019-12,Yukon,Average weekly earnings including overtime for all employees,1191.77
2019-12,Northwest Territories,Average weekly earnings including overtime for all employees,1469.93
2019-12,Nunavut,Average weekly earnings including overtime for all employees,1500.18
2020-01,Canada,Average weekly earnings including overtime for all employees,1046.42
2020-01,Newfoundland and Labrador,Average weekly earnings including overtime for all employees,1068.87
2020-01,Prince Edward Island,Average weekly earnings including overtime for all employees,877.78
2020-01,Nova Scotia,Average weekly earnings including overtime for all employees,932.9
2020-01,New Brunswick,Average weekly earnings including overtime for all employees,959.83
2020-01,Quebec,Average weekly earnings including overtime for all employees,993.55
2020-01,Ontario,Average weekly earnings including overtime for all employees,1062.24
2020-01,Manitoba,Average weekly earnings including overtime for all employees,950.01
2020-01,Saskatchewan,Average weekly earnings including overtime for all employees,1045.19
2020-01,Alberta,Average weekly earnings including overtime for all employees,1180.23
2020-01,British Columbia,Average weekly earnings including overtime for all employees,1025.68
2020-01,Yukon,Average weekly earnings including overtime for all employees,1193.73
2020-01,Northwest Territories,Average weekly earnings including overtime for all employees,1464.01
2020-01,Nunavut,Average weekly earnings including overtime for all employees,1536.25
2020-02,Canada,Average weekly earnings including overtime for all employees,1045.5
2020-02,Newfoundland and Labrador,Average weekly earnings including overtime for all employees,1056.71
2020-02,Prince Edward Island,Average weekly earnings including overtime for all employees,892.76
2020-02,Nova Scotia,Average weekly earnings including overtime for all employees,928.0
2020-02,New Brunswick,Average weekly earnings including overtime for all employees,959.83
2020-02,Quebec,Average weekly earnings including overtime for all employees,985.88
2020-02,Ontario,Average weekly earnings including overtime for all employees,1063.45
2020-02,Manitoba,Average weekly earnings including overtime for all employees,956.48
2020-02,Saskatchewan,Average weekly earnings including overtime for all employees,1060.65
2020-02,Alberta,Average weekly earnings including overtime for all employees,1178.95
2020-02,British Columbia,Average weekly earnings including overtime for all employees,1025.7
2020-02,Yukon,Average weekly earnings including overtime for all employees,1208.84
2020-02,Northwest Territories,Average weekly earnings including overtime for all employees,1483.34
2020-02,Nunavut,Average weekly earnings including overtime for all employees,1447.37
2020-03,Canada,Average weekly earnings including overtime for all employees,1047.06
2020-03,Newfoundland and Labrador,Average weekly earnings including overtime for all employees,1088.34
2020-03,Prince Edward Island,Average weekly earnings including overtime for all employees,896.97
2020-03,Nova Scotia,Average weekly earnings including overtime for all employees,934.81
2020-03,New Brunswick,Average weekly earnings including overtime for all employees,968.61
2020-03,Quebec,Average weekly earnings including overtime for all employees,995.02
2020-03,Ontario,Average weekly earnings including overtime for all employees,1062.28
2020-03,Manitoba,Average weekly earnings including overtime for all employees,942.29
2020-03,Saskatchewan,Average weekly earnings including overtime for all employees,1065.03
2020-03,Alberta,Average weekly earnings including overtime for all employees,1170.88
2020-03,British Columbia,Average weekly earnings including overtime for all employees,1032.14
2020-03,Yukon,Average weekly earnings including overtime for all employees,1223.7
2020-03,Northwest Territories,Average weekly earnings including overtime for all employees,1489.03
2020-03,Nunavut,Average weekly earnings including overtime for all employees,1465.45
2020-04,Canada,Average weekly earnings including overtime for all employees,1112.45
2020-04,Newfoundland and Labrador,Average weekly earnings including overtime for all employees,1125.51
2020-04,Prince Edward Island,Average weekly earnings including overtime for all employees,970.65
2020-04,Nova Scotia,Average weekly earnings including overtime for all employees,996.08
2020-04,New Brunswick,Average weekly earnings including overtime for all employees,1035.34
2020-04,Quebec,Average weekly earnings including overtime for all employees,1049.3
2020-04,Ontario,Average weekly earnings including overtime for all employees,1129.11
2020-04,Manitoba,Average weekly earnings including overtime for all employees,1035.16
2020-04,Saskatchewan,Average weekly earnings including overtime for all employees,1128.16
2020-04,Alberta,Average weekly earnings including overtime for all employees,1239.09
2020-04,British Columbia,Average weekly earnings including overtime for all employees,1104.57
2020-04,Yukon,Average weekly earnings including overtime for all employees,1270.73
2020-04,Northwest Territories,Average weekly earnings including overtime for all employees,1599.87
2020-04,Nunavut,Average weekly earnings including overtime for all employees,1503.63
2020-05,Canada,Average weekly earnings including overtime for all employees,1134.87
2020-05,Newfoundland and Labrador,Average weekly earnings including overtime for all employees,1140.77
2020-05,Prince Edward Island,Average weekly earnings including overtime for all employees,989.92
2020-05,Nova Scotia,Average weekly earnings including overtime for all employees,1009.38
2020-05,New Brunswick,Average weekly earnings including overtime for all employees,1015.39
2020-05,Quebec,Average weekly earnings including overtime for all employees,1074.44
2020-05,Ontario,Average weekly earnings including overtime for all employees,1166.79
2020-05,Manitoba,Average weekly earnings including overtime for all employees,1035.49
2020-05,Saskatchewan,Average weekly earnings including overtime for all employees,1142.79
2020-05,Alberta,Average weekly earnings including overtime for all employees,1245.14
2020-05,British Columbia,Average weekly earnings including overtime for all employees,1124.32
2020-05,Yukon,Average weekly earnings including overtime for all employees,1280.12
2020-05,Northwest Territories,Average weekly earnings including overtime for all employees,1567.61
2020-05,Nunavut,Average weekly earnings including overtime for all employees,1463.87
2020-06,Canada,Average weekly earnings including overtime for all employees,1116.38
2020-06,Newfoundland and Labrador,Average weekly earnings including overtime for all employees,1117.29
2020-06,Prince Edward Island,Average weekly earnings including overtime for all employees,980.88
2020-06,Nova Scotia,Average weekly earnings including overtime for all employees,980.58
2020-06,New Brunswick,Average weekly earnings including overtime for all employees,1012.8
2020-06,Quebec,Average weekly earnings including overtime for all employees,1062.12
2020-06,Ontario,Average weekly earnings including overtime for all employees,1148.17
2020-06,Manitoba,Average weekly earnings including overtime for all employees,1003.09
2020-06,Saskatchewan,Average weekly earnings including overtime for all employees,1105.01
2020-06,Alberta,Average weekly earnings including overtime for all employees,1208.9
2020-06,British Columbia,Average weekly earnings including overtime for all employees,1094.51
2020-06,Yukon,Average weekly earnings including overtime for all employees,1275.68
2020-06,Northwest Territories,Average weekly earnings including overtime for all employees,1524.04
2020-06,Nunavut,Average weekly earnings including overtime for all employees,1496.12
2020-07,Canada,Average weekly earnings including overtime for all employees,1111.9
2020-07,Newfoundland and Labrador,Average weekly earnings including overtime for all employees,1115.78
2020-07,Prince Edward Island,Average weekly earnings including overtime for all employees,957.52
2020-07,Nova Scotia,Average weekly earnings including overtime for all employees,952.27
2020-07,New Brunswick,Average weekly earnings including overtime for all employees,1004.3
2020-07,Quebec,Average weekly earnings including overtime for all employees,1049.98
2020-07,Ontario,Average weekly earnings including overtime for all employees,1150.92
2020-07,Manitoba,Average weekly earnings including overtime for all employees,1004.2
2020-07,Saskatchewan,Average weekly earnings including overtime for all employees,1080.68
2020-07,Alberta,Average weekly earnings including overtime for all employees,1209.28
2020-07,British Columbia,Average weekly earnings including overtime for all employees,1093.03
2020-07,Yukon,Average weekly earnings including overtime for all employees,1246.56
2020-07,Northwest Territories,Average weekly earnings including overtime for all employees,1527.34
2020-07,Nunavut,Average weekly earnings including overtime for all employees,1471.54
2020-08,Canada,Average weekly earnings including overtime for all employees,1108.21
2020-08,Newfoundland and Labrador,Average weekly earnings including overtime for all employees,1102.79
2020-08,Prince Edward Island,Average weekly earnings including overtime for all employees,959.04
2020-08,Nova Scotia,Average weekly earnings including overtime for all employees,969.81
2020-08,New Brunswick,Average weekly earnings including overtime for all employees,998.52
2020-08,Quebec,Average weekly earnings including overtime for all employees,1051.84
2020-08,Ontario,Average weekly earnings including overtime for all employees,1146.34
2020-08,Manitoba,Average weekly earnings including overtime for all employees,994.95
2020-08,Saskatchewan,Average weekly earnings including overtime for all employees,1103.59
2020-08,Alberta,Average weekly earnings including overtime for all employees,1208.23
2020-08,British Columbia,Average weekly earnings including overtime for all employees,1087.86
2020-08,Yukon,Average weekly earnings including overtime for all employees,1285.07
2020-08,Northwest Territories,Average weekly earnings including overtime for all employees,1532.18
2020-08,Nunavut,Average weekly earnings including overtime for all employees,1445.68
2020-09,Canada,Average weekly earnings including overtime for all employees,1107.12
2020-09,Newfoundland and Labrador,Average weekly earnings including overtime for all employees,1094.62
2020-09,Prince Edward Island,Average weekly earnings including overtime for all employees,953.25
2020-09,Nova Scotia,Average weekly earnings including overtime for all employees,956.78
2020-09,New Brunswick,Average weekly earnings including overtime for all employees,999.46
2020-09,Quebec,Average weekly earnings including overtime for all employees,1048.84
2020-09,Ontario,Average weekly earnings including overtime for all employees,1146.75
2020-09,Manitoba,Average weekly earnings including overtime for all employees,994.21
2020-09,Saskatchewan,Average weekly earnings including overtime for all employees,1098.7
2020-09,Alberta,Average weekly earnings including overtime for all employees,1198.53
2020-09,British Columbia,Average weekly earnings including overtime for all employees,1093.29
2020-09,Yukon,Average weekly earnings including overtime for all employees,1276.92
2020-09,Northwest Territories,Average weekly earnings including overtime for all employees,1478.07
2020-09,Nunavut,Average weekly earnings including overtime for all employees,1446.78
2020-10,Canada,Average weekly earnings including overtime for all employees,1107.5
2020-10,Newfoundland and Labrador,Average weekly earnings including overtime for all employees,1093.9
2020-10,Prince Edward Island,Average weekly earnings including overtime for all employees,967.41
2020-10,Nova Scotia,Average weekly earnings including overtime for all employees,1004.82
2020-10,New Brunswick,Average weekly earnings including overtime for all employees,1002.73
2020-10,Quebec,Average weekly earnings including overtime for all employees,1056.18
2020-10,Ontario,Average weekly earnings including overtime for all employees,1141.36
2020-10,Manitoba,Average weekly earnings including overtime for all employees,992.53
2020-10,Saskatchewan,Average weekly earnings including overtime for all employees,1095.11
2020-10,Alberta,Average weekly earnings including overtime for all employees,1187.94
2020-10,British Columbia,Average weekly earnings including overtime for all employees,1097.4
2020-10,Yukon,Average weekly earnings including overtime for all employees,1284.51
2020-10,Northwest Territories,Average weekly earnings including overtime for all employees,1490.58
2020-10,Nunavut,Average weekly earnings including overtime for all employees,1433.62
2020-11,Canada,Average weekly earnings including overtime for all employees,1112.71
2020-11,Newfoundland and Labrador,Average weekly earnings including overtime for all employees,1077.97
2020-11,Prince Edward Island,Average weekly earnings including overtime for all employees,940.69
2020-11,Nova Scotia,Average weekly earnings including overtime for all employees,954.42
2020-11,New Brunswick,Average weekly earnings including overtime for all employees,992.84
2020-11,Quebec,Average weekly earnings including overtime for all employees,1058.6
2020-11,Ontario,Average weekly earnings including overtime for all employees,1149.77
2020-11,Manitoba,Average weekly earnings including overtime for all employees,1007.85
2020-11,Saskatchewan,Average weekly earnings including overtime for all employees,1084.36
2020-11,Alberta,Average weekly earnings including overtime for all employees,1199.16
2020-11,British Columbia,Average weekly earnings including overtime for all employees,1101.24
2020-11,Yukon,Average weekly earnings including overtime for all employees,1277.7
2020-11,Northwest Territories,Average weekly earnings including overtime for all employees,1500.45
2020-11,Nunavut,Average weekly earnings including overtime for all employees,1455.4
2020-12,Canada,Average weekly earnings including overtime for all employees,1119.5
2020-12,Newfoundland and Labrador,Average weekly earnings including overtime for all employees,1084.06
2020-12,Prince Edward Island,Average weekly earnings including overtime for all employees,940.32
2020-12,Nova Scotia,Average weekly earnings including overtime for all employees,972.06
2020-12,New Brunswick,Average weekly earnings including overtime for all employees,1006.63
2020-12,Quebec,Average weekly earnings including overtime for all employees,1058.25
2020-12,Ontario,Average weekly earnings including overtime for all employees,1152.68
2020-12,Manitoba,Average weekly earnings including overtime for all employees,1017.44
2020-12,Saskatchewan,Average weekly earnings including overtime for all employees,1106.01
2020-12,Alberta,Average weekly earnings including overtime for all employees,1207.58
2020-12,British Columbia,Average weekly earnings including overtime for all employees,1111.52
2020-12,Yukon,Average weekly earnings including overtime for all employees,1276.46
2020-12,Northwest Territories,Average weekly earnings including overtime for all employees,1491.68
2020-12,Nunavut,Average weekly earnings including overtime for all employees,1537.27
2021-01,Canada,Average weekly earnings including overtime for all employees,1129.25
2021-01,Newfoundland and Labrador,Average weekly earnings including overtime for all employees,1083.45
2021-01,Prince Edward Island,Average weekly earnings including overtime for all employees,944.82
2021-01,Nova Scotia,Average weekly earnings including overtime for all employees,993.18
2021-01,New Brunswick,Average weekly earnings including overtime for all employees,1003.93
2021-01,Quebec,Average weekly earnings including overtime for all employees,1074.17
2021-01,Ontario,Average weekly earnings including overtime for all employees,1171.18
2021-01,Manitoba,Average weekly earnings including overtime for all employees,1022.97
2021-01,Saskatchewan,Average weekly earnings including overtime for all employees,1092.3
2021-01,Alberta,Average weekly earnings including overtime for all employees,1232.62
2021-01,British Columbia,Average weekly earnings including overtime for all employees,1111.04
2021-01,Yukon,Average weekly earnings including overtime for all employees,1270.83
2021-01,Northwest Territories,Average weekly earnings including overtime for all employees,1497.41
2021-01,Nunavut,Average weekly earnings including overtime for all employees,1463.16
2021-02,Canada,Average weekly earnings including overtime for all employees,1134.55
2021-02,Newfoundland and Labrador,Average weekly earnings including overtime for all employees,1076.85
2021-02,Prince Edward Island,Average weekly earnings including overtime for all employees,927.14
2021-02,Nova Scotia,Average weekly earnings including overtime for all employees,965.69
2021-02,New Brunswick,Average weekly earnings including overtime for all employees,1002.93
2021-02,Quebec,Average weekly earnings including overtime for all employees,1068.49
2021-02,Ontario,Average weekly earnings including overtime for all employees,1181.23
2021-02,Manitoba,Average weekly earnings including overtime for all employees,1023.0
2021-02,Saskatchewan,Average weekly earnings including overtime for all employees,1090.91
2021-02,Alberta,Average weekly earnings including overtime for all employees,1238.8
2021-02,British Columbia,Average weekly earnings including overtime for all employees,1116.26
2021-02,Yukon,Average weekly earnings including overtime for all employees,1273.68
2021-02,Northwest Territories,Average weekly earnings including overtime for all employees,1469.74
2021-02,Nunavut,Average weekly earnings including overtime for all employees,1507.37
2021-03,Canada,Average weekly earnings including overtime for all employees,1119.47
2021-03,Newfoundland and Labrador,Average weekly earnings including overtime for all employees,1104.74
2021-03,Prince Edward Island,Average weekly earnings including overtime for all employees,916.7
2021-03,Nova Scotia,Average weekly earnings including overtime for all employees,952.07
2021-03,New Brunswick,Average weekly earnings including overtime for all employees,998.51
2021-03,Quebec,Average weekly earnings including overtime for all employees,1062.91
2021-03,Ontario,Average weekly earnings including overtime for all employees,1161.14
2021-03,Manitoba,Average weekly earnings including overtime for all employees,1005.56
2021-03,Saskatchewan,Average weekly earnings including overtime for all employees,1100.06
2021-03,Alberta,Average weekly earnings including overtime for all employees,1205.76
2021-03,British Columbia,Average weekly earnings including overtime for all employees,1106.06
2021-03,Yukon,Average weekly earnings including overtime for all employees,1290.48
2021-03,Northwest Territories,Average weekly earnings including overtime for all employees,1504.74
2021-03,Nunavut,Average weekly earnings including overtime for all employees,1468.67
2021-04,Canada,Average weekly earnings including overtime for all employees,1123.45
2021-04,Newfoundland and Labrador,Average weekly earnings including overtime for all employees,1089.04
2021-04,Prince Edward Island,Average weekly earnings including overtime for all employees,940.91
2021-04,Nova Scotia,Average weekly earnings including overtime for all employees,953.43
2021-04,New Brunswick,Average weekly earnings including overtime for all employees,1010.21
2021-04,Quebec,Average weekly earnings including overtime for all employees,1067.01
2021-04,Ontario,Average weekly earnings including overtime for all employees,1161.15
2021-04,Manitoba,Average weekly earnings including overtime for all employees,1024.42
2021-04,Saskatchewan,Average weekly earnings including overtime for all employees,1108.03
2021-04,Alberta,Average weekly earnings including overtime for all employees,1221.43
2021-04,British Columbia,Average weekly earnings including overtime for all employees,1110.87
2021-04,Yukon,Average weekly earnings including overtime for all employees,1268.49
2021-04,Northwest Territories,Average weekly earnings including overtime for all employees,1479.47
2021-04,Nunavut,Average weekly earnings including overtime for all employees,1452.84
2021-05,Canada,Average weekly earnings including overtime for all employees,1130.3
2021-05,Newfoundland and Labrador,Average weekly earnings including overtime for all employees,1081.59
2021-05,Prince Edward Island,Average weekly earnings including overtime for all employees,952.09
2021-05,Nova Scotia,Average weekly earnings including overtime for all employees,987.65
2021-05,New Brunswick,Average weekly earnings including overtime for all employees,1003.8
2021-05,Quebec,Average weekly earnings including overtime for all employees,1070.66
2021-05,Ontario,Average weekly earnings including overtime for all employees,1173.89
2021-05,Manitoba,Average weekly earnings including overtime for all employees,1029.34
2021-05,Saskatchewan,Average weekly earnings including overtime for all employees,1105.32
2021-05,Alberta,Average weekly earnings including overtime for all employees,1223.18
2021-05,British Columbia,Average weekly earnings including overtime for all employees,1118.5
2021-05,Yukon,Average weekly earnings including overtime for all employees,1282.09
2021-05,Northwest Territories,Average weekly earnings including overtime for all employees,1515.72
2021-05,Nunavut,Average weekly earnings including overtime for all employees,1480.36
2021-06,Canada,Average weekly earnings including overtime for all employees,1122.22
2021-06,Newfoundland and Labrador,Average weekly earnings including overtime for all employees,1088.49
2021-06,Prince Edward Island,Average weekly earnings including overtime for all employees,963.6
2021-06,Nova Scotia,Average weekly earnings including overtime for all employees,989.22
2021-06,New Brunswick,Average weekly earnings including overtime for all employees,1014.32
2021-06,Quebec,Average weekly earnings including overtime for all employees,1065.48
2021-06,Ontario,Average weekly earnings including overtime for all employees,1152.77
2021-06,Manitoba,Average weekly earnings including overtime for all employees,1024.75
2021-06,Saskatchewan,Average weekly earnings including overtime for all employees,1098.66
2021-06,Alberta,Average weekly earnings including overtime for all employees,1215.18
2021-06,British Columbia,Average weekly earnings including overtime for all employees,1115.24
2021-06,Yukon,Average weekly earnings including overtime for all employees,1278.95
2021-06,Northwest Territories,Average weekly earnings including overtime for all employees,1502.37
2021-06,Nunavut,Average weekly earnings including overtime for all employees,1484.44
2021-07,Canada,Average weekly earnings including overtime for all employees,1127.99
2021-07,Newfoundland and Labrador,Average weekly earnings including overtime for all employees,1102.51
2021-07,Prince Edward Island,Average weekly earnings including overtime for all employees,958.07
2021-07,Nova Scotia,Average weekly earnings including overtime for all employees,985.41
2021-07,New Brunswick,Average weekly earnings including overtime for all employees,1006.45
2021-07,Quebec,Average weekly earnings including overtime for all employees,1054.74
2021-07,Ontario,Average weekly earnings including overtime for all employees,1159.1
2021-07,Manitoba,Average weekly earnings including overtime for all employees,1021.43
2021-07,Saskatchewan,Average weekly earnings including overtime for all employees,1108.19
2021-07,Alberta,Average weekly earnings including overtime for all employees,1232.66
2021-07,British Columbia,Average weekly earnings including overtime for all employees,1139.62
2021-07,Yukon,Average weekly earnings including overtime for all employees,1301.31
2021-07,Northwest Territories,Average weekly earnings including overtime for all employees,1569.75
2021-07,Nunavut,Average weekly earnings including overtime for all employees,1519.99
2021-08,Canada,Average weekly earnings including overtime for all employees,1131.39
2021-08,Newfoundland and Labrador,Average weekly earnings including overtime for all employees,1118.89
2021-08,Prince Edward Island,Average weekly earnings including overtime for all employees,937.72
2021-08,Nova Scotia,Average weekly earnings including overtime for all employees,980.7
2021-08,New Brunswick,Average weekly earnings including overtime for all employees,1004.35
2021-08,Quebec,Average weekly earnings including overtime for all employees,1069.75
2021-08,Ontario,Average weekly earnings including overtime for all employees,1165.44
2021-08,Manitoba,Average weekly earnings including overtime for all employees,1019.15
2021-08,Saskatchewan,Average weekly earnings including overtime for all employees,1117.7
2021-08,Alberta,Average weekly earnings including overtime for all employees,1219.21
2021-08,British Columbia,Average weekly earnings including overtime for all employees,1143.1
2021-08,Yukon,Average weekly earnings including overtime for all employees,1345.82
2021-08,Northwest Territories,Average weekly earnings including overtime for all employees,1514.94
2021-08,Nunavut,Average weekly earnings including overtime for all employees,1505.93
2021-09,Canada,Average weekly earnings including overtime for all employees,1134.34
2021-09,Newfoundland and Labrador,Average weekly earnings including overtime for all employees,1123.5
2021-09,Prince Edward Island,Average weekly earnings including overtime for all employees,958.94
2021-09,Nova Scotia,Average weekly earnings including overtime for all employees,984.74
2021-09,New Brunswick,Average weekly earnings including overtime for all employees,1016.7
2021-09,Quebec,Average weekly earnings including overtime for all employees,1078.82
2021-09,Ontario,Average weekly earnings including overtime for all employees,1162.21
2021-09,Manitoba,Average weekly earnings including overtime for all employees,1028.4
2021-09,Saskatchewan,Average weekly earnings including overtime for all employees,1113.72
2021-09,Alberta,Average weekly earnings including overtime for all employees,1229.0
2021-09,British Columbia,Average weekly earnings including overtime for all employees,1140.03
2021-09,Yukon,Average weekly earnings including overtime for all employees,1322.81
2021-09,Northwest Territories,Average weekly earnings including overtime for all employees,1554.47
2021-09,Nunavut,Average weekly earnings including overtime for all employees,1474.92
2021-10,Canada,Average weekly earnings including overtime for all employees,1133.31
2021-10,Newfoundland and Labrador,Average weekly earnings including overtime for all employees,1102.47
2021-10,Prince Edward Island,Average weekly earnings including overtime for all employees,943.54
2021-10,Nova Scotia,Average weekly earnings including overtime for all employees,988.7
2021-10,New Brunswick,Average weekly earnings including overtime for all employees,1005.14
2021-10,Quebec,Average weekly earnings including overtime for all employees,1073.62
2021-10,Ontario,Average weekly earnings including overtime for all employees,1169.2
2021-10,Manitoba,Average weekly earnings including overtime for all employees,1028.69
2021-10,Saskatchewan,Average weekly earnings including overtime for all employees,1121.47
2021-10,Alberta,Average weekly earnings including overtime for all employees,1223.18
2021-10,British Columbia,Average weekly earnings including overtime for all employees,1141.52
2021-10,Yukon,Average weekly earnings including overtime for all employees,1326.11
2021-10,Northwest Territories,Average weekly earnings including overtime for all employees,1591.44
2021-10,Nunavut,Average weekly earnings including overtime for all employees,1489.34
2021-11,Canada,Average weekly earnings including overtime for all employees,1132.67
2021-11,Newfoundland and Labrador,Average weekly earnings including overtime for all employees,1106.37
2021-11,Prince Edward Island,Average weekly earnings including overtime for all employees,941.31
2021-11,Nova Scotia,Average weekly earnings including overtime for all employees,982.54
2021-11,New Brunswick,Average weekly earnings including overtime for all employees,1013.72
2021-11,Quebec,Average weekly earnings including overtime for all employees,1082.56
2021-11,Ontario,Average weekly earnings including overtime for all employees,1158.22
2021-11,Manitoba,Average weekly earnings including overtime for all employees,1024.84
2021-11,Saskatchewan,Average weekly earnings including overtime for all employees,1110.03
2021-11,Alberta,Average weekly earnings including overtime for all employees,1227.5
2021-11,British Columbia,Average weekly earnings including overtime for all employees,1130.56
2021-11,Yukon,Average weekly earnings including overtime for all employees,1319.83
2021-11,Northwest Territories,Average weekly earnings including overtime for all employees,1540.85
2021-11,Nunavut,Average weekly earnings including overtime for all employees,1530.32
2021-12,Canada,Average weekly earnings including overtime for all employees,1141.53
2021-12,Newfoundland and Labrador,Average weekly earnings including overtime for all employees,1104.43
2021-12,Prince Edward Island,Average weekly earnings including overtime for all employees,958.11
2021-12,Nova Scotia,Average weekly earnings including overtime for all employees,1001.86
2021-12,New Brunswick,Average weekly earnings including overtime for all employees,1028.28
2021-12,Quebec,Average weekly earnings including overtime for all employees,1087.62
2021-12,Ontario,Average weekly earnings including overtime for all employees,1164.45
2021-12,Manitoba,Average weekly earnings including overtime for all employees,1034.25
2021-12,Saskatchewan,Average weekly earnings including overtime for all employees,1127.2
2021-12,Alberta,Average weekly earnings including overtime for all employees,1243.75
2021-12,British Columbia,Average weekly earnings including overtime for all employees,1137.83
2021-12,Yukon,Average weekly earnings including overtime for all employees,1329.5
2021-12,Northwest Territories,Average weekly earnings including overtime for all employees,1574.02
2021-12,Nunavut,Average weekly earnings including overtime for all employees,1514.85
2022-01,Canada,Average weekly earnings including overtime for all employees,1151.01
2022-01,Newfoundland and Labrador,Average weekly earnings including overtime for all employees,1112.6
2022-01,Prince Edward Island,Average weekly earnings including overtime for all employees,960.29
2022-01,Nova Scotia,Average weekly earnings including overtime for all employees,1006.46
2022-01,New Brunswick,Average weekly earnings including overtime for all employees,1029.17
2022-01,Quebec,Average weekly earnings including overtime for all employees,1097.88
2022-01,Ontario,Average weekly earnings including overtime for all employees,1182.05
2022-01,Manitoba,Average weekly earnings including overtime for all employees,1035.63
2022-01,Saskatchewan,Average weekly earnings including overtime for all employees,1134.93
2022-01,Alberta,Average weekly earnings including overtime for all employees,1247.39
2022-01,British Columbia,Average weekly earnings including overtime for all employees,1155.19
2022-01,Yukon,Average weekly earnings including overtime for all employees,1329.24
2022-01,Northwest Territories,Average weekly earnings including overtime for all employees,1603.59
2022-01,Nunavut,Average weekly earnings including overtime for all employees,1581.42
2022-02,Canada,Average weekly earnings including overtime for all employees,1159.84
2022-02,Newfoundland and Labrador,Average weekly earnings including overtime for all employees,1139.63
2022-02,Prince Edward Island,Average weekly earnings including overtime for all employees,957.74
2022-02,Nova Scotia,Average weekly earnings including overtime for all employees,1010.58
2022-02,New Brunswick,Average weekly earnings including overtime for all employees,1041.3
2022-02,Quebec,Average weekly earnings including overtime for all employees,1110.92
2022-02,Ontario,Average weekly earnings including overtime for all employees,1189.33
2022-02,Manitoba,Average weekly earnings including overtime for all employees,1044.33
2022-02,Saskatchewan,Average weekly earnings including overtime for all employees,1137.03
2022-02,Alberta,Average weekly earnings including overtime for all employees,1249.2
2022-02,British Columbia,Average weekly earnings including overtime for all employees,1156.5
2022-02,Yukon,Average weekly earnings including overtime for all employees,1328.37
2022-02,Northwest Territories,Average weekly earnings including overtime for all employees,1549.12
2022-02,Nunavut,Average weekly earnings including overtime for all employees,1532.0
2022-03,Canada,Average weekly earnings including overtime for all employees,1168.29
2022-03,Newfoundland and Labrador,Average weekly earnings including overtime for all employees,1142.22
2022-03,Prince Edward Island,Average weekly earnings including overtime for all employees,969.59
2022-03,Nova Scotia,Average weekly earnings including overtime for all employees,1009.28
2022-03,New Brunswick,Average weekly earnings including overtime for all employees,1068.71
2022-03,Quebec,Average weekly earnings including overtime for all employees,1117.7
2022-03,Ontario,Average weekly earnings including overtime for all employees,1201.33
2022-03,Manitoba,Average weekly earnings including overtime for all employees,1039.82
2022-03,Saskatchewan,Average weekly earnings including overtime for all employees,1131.32
2022-03,Alberta,Average weekly earnings including overtime for all employees,1259.24
2022-03,British Columbia,Average weekly earnings including overtime for all employees,1161.98
2022-03,Yukon,Average weekly earnings including overtime for all employees,1325.72
2022-03,Northwest Territories,Average weekly earnings including overtime for all employees,1567.19
2022-03,Nunavut,Average weekly earnings including overtime for all employees,1502.51
2022-04,Canada,Average weekly earnings including overtime for all employees,1160.49
2022-04,Newfoundland and Labrador,Average weekly earnings including overtime for all employees,1140.64
2022-04,Prince Edward Island,Average weekly earnings including overtime for all employees,964.75
2022-04,Nova Scotia,Average weekly earnings including overtime for all employees,1023.35
2022-04,New Brunswick,Average weekly earnings including overtime for all employees,1075.78
2022-04,Quebec,Average weekly earnings including overtime for all employees,1115.92
2022-04,Ontario,Average weekly earnings including overtime for all employees,1191.26
2022-04,Manitoba,Average weekly earnings including overtime for all employees,1040.41
2022-04,Saskatchewan,Average weekly earnings including overtime for all employees,1133.73
2022-04,Alberta,Average weekly earnings including overtime for all employees,1242.33
2022-04,British Columbia,Average weekly earnings including overtime for all employees,1163.6
2022-04,Yukon,Average weekly earnings including overtime for all employees,1331.66
2022-04,Northwest Territories,Average weekly earnings including overtime for all employees,1523.72
2022-04,Nunavut,Average weekly earnings including overtime for all employees,1496.3
2022-05,Canada,Average weekly earnings including overtime for all employees,1159.93
2022-05,Newfoundland and Labrador,Average weekly earnings including overtime for all employees,1152.57
2022-05,Prince Edward Island,Average weekly earnings including overtime for all employees,964.38
2022-05,Nova Scotia,Average weekly earnings including overtime for all employees,1007.59
2022-05,New Brunswick,Average weekly earnings including overtime for all employees,1073.08
2022-05,Quebec,Average weekly earnings including overtime for all employees,1109.88
2022-05,Ontario,Average weekly earnings including overtime for all employees,1190.67
2022-05,Manitoba,Average weekly earnings including overtime for all employees,1044.73
2022-05,Saskatchewan,Average weekly earnings including overtime for all employees,1138.82
2022-05,Alberta,Average weekly earnings including overtime for all employees,1247.08
2022-05,British Columbia,Average weekly earnings including overtime for all employees,1160.05
2022-05,Yukon,Average weekly earnings including overtime for all employees,1324.48
2022-05,Northwest Territories,Average weekly earnings including overtime for all employees,1557.35
2022-05,Nunavut,Average weekly earnings including overtime for all employees,1529.73
2022-06,Canada,Average weekly earnings including overtime for all employees,1162.39
2022-06,Newfoundland and Labrador,Average weekly earnings including overtime for all employees,1146.5
2022-06,Prince Edward Island,Average weekly earnings including overtime for all employees,969.25
2022-06,Nova Scotia,Average weekly earnings including overtime for all employees,1026.7
2022-06,New Brunswick,Average weekly earnings including overtime for all employees,1075.7
2022-06,Quebec,Average weekly earnings including overtime for all employees,1109.11
2022-06,Ontario,Average weekly earnings including overtime for all employees,1182.89
2022-06,Manitoba,Average weekly earnings including overtime for all employees,1058.16
2022-06,Saskatchewan,Average weekly earnings including overtime for all employees,1138.15
2022-06,Alberta,Average weekly earnings including overtime for all employees,1255.1
2022-06,British Columbia,Average weekly earnings including overtime for all employees,1169.08
2022-06,Yukon,Average weekly earnings including overtime for all employees,1346.37
2022-06,Northwest Territories,Average weekly earnings including overtime for all employees,1527.36
2022-06,Nunavut,Average weekly earnings including overtime for all employees,1535.56
2022-07,Canada,Average weekly earnings including overtime for all employees,1161.84
2022-07,Newfoundland and Labrador,Average weekly earnings including overtime for all employees,1145.22
2022-07,Prince Edward Island,Average weekly earnings including overtime for all employees,975.77
2022-07,Nova Scotia,Average weekly earnings including overtime for all employees,1028.82
2022-07,New Brunswick,Average weekly earnings including overtime for all employees,1070.84
2022-07,Quebec,Average weekly earnings including overtime for all employees,1119.16
2022-07,Ontario,Average weekly earnings including overtime for all employees,1189.66
2022-07,Manitoba,Average weekly earnings including overtime for all employees,1056.28
2022-07,Saskatchewan,Average weekly earnings including overtime for all employees,1137.24
2022-07,Alberta,Average weekly earnings including overtime for all employees,1241.48
2022-07,British Columbia,Average weekly earnings including overtime for all employees,1157.97
2022-07,Yukon,Average weekly earnings including overtime for all employees,1341.66
2022-07,Northwest Territories,Average weekly earnings including overtime for all employees,1539.2
2022-07,Nunavut,Average weekly earnings including overtime for all employees,1526.35
2022-08,Canada,Average weekly earnings including overtime for all employees,1165.97
2022-08,Newfoundland and Labrador,Average weekly earnings including overtime for all employees,1145.7
2022-08,Prince Edward Island,Average weekly earnings including overtime for all employees,981.23
2022-08,Nova Scotia,Average weekly earnings including overtime for all employees,1023.68
2022-08,New Brunswick,Average weekly earnings including overtime for all employees,1060.73
2022-08,Quebec,Average weekly earnings including overtime for all employees,1114.78
2022-08,Ontario,Average weekly earnings including overtime for all employees,1192.16
2022-08,Manitoba,Average weekly earnings including overtime for all employees,1065.56
2022-08,Saskatchewan,Average weekly earnings including overtime for all employees,1140.5
2022-08,Alberta,Average weekly earnings including overtime for all employees,1256.52
2022-08,British Columbia,Average weekly earnings including overtime for all employees,1170.11
2022-08,Yukon,Average weekly earnings including overtime for all employees,1349.1
2022-08,Northwest Territories,Average weekly earnings including overtime for all employees,1541.54
2022-08,Nunavut,Average weekly earnings including overtime for all employees,1556.31
2022-09,Canada,Average weekly earnings including overtime for all employees,1169.01
2022-09,Newfoundland and Labrador,Average weekly earnings including overtime for all employees,1155.84
2022-09,Prince Edward Island,Average weekly earnings including overtime for all employees,983.44
2022-09,Nova Scotia,Average weekly earnings including overtime for all employees,999.86
2022-09,New Brunswick,Average weekly earnings including overtime for all employees,1064.99
2022-09,Quebec,Average weekly earnings including overtime for all employees,1113.19
2022-09,Ontario,Average weekly earnings including overtime for all employees,1198.79
2022-09,Manitoba,Average weekly earnings including overtime for all employees,1063.71
2022-09,Saskatchewan,Average weekly earnings including overtime for all employees,1153.62
2022-09,Alberta,Average weekly earnings including overtime for all employees,1263.0
2022-09,British Columbia,Average weekly earnings including overtime for all employees,1168.79
2022-09,Yukon,Average weekly earnings including overtime for all employees,1327.16
2022-09,Northwest Territories,Average weekly earnings including overtime for all employees,1550.03
2022-09,Nunavut,Average weekly earnings including overtime for all employees,1590.88
2022-10,Canada,Average weekly earnings including overtime for all employees,1172.4
2022-10,Newfoundland and Labrador,Average weekly earnings including overtime for all employees,1168.66
2022-10,Prince Edward Island,Average weekly earnings including overtime for all employees,987.82
2022-10,Nova Scotia,Average weekly earnings including overtime for all employees,1033.4
2022-10,New Brunswick,Average weekly earnings including overtime for all employees,1075.75
2022-10,Quebec,Average weekly earnings including overtime for all employees,1122.4
2022-10,Ontario,Average weekly earnings including overtime for all employees,1198.84
2022-10,Manitoba,Average weekly earnings including overtime for all employees,1073.53
2022-10,Saskatchewan,Average weekly earnings including overtime for all employees,1147.54
2022-10,Alberta,Average weekly earnings including overtime for all employees,1264.73
2022-10,British Columbia,Average weekly earnings including overtime for all employees,1174.59
2022-10,Yukon,Average weekly earnings including overtime for all employees,1340.69
2022-10,Northwest Territories,Average weekly earnings including overtime for all employees,1553.17
2022-10,Nunavut,Average weekly earnings including overtime for all employees,1601.7
2022-11,Canada,Average weekly earnings including overtime for all employees,1176.99
2022-11,Newfoundland and Labrador,Average weekly earnings including overtime for all employees,1182.48
2022-11,Prince Edward Island,Average weekly earnings including overtime for all employees,998.32
2022-11,Nova Scotia,Average weekly earnings including overtime for all employees,1030.21
2022-11,New Brunswick,Average weekly earnings including overtime for all employees,1077.85
2022-11,Quebec,Average weekly earnings including overtime for all employees,1120.95
2022-11,Ontario,Average weekly earnings including overtime for all employees,1201.48
2022-11,Manitoba,Average weekly earnings including overtime for all employees,1076.49
2022-11,Saskatchewan,Average weekly earnings including overtime for all employees,1154.07
2022-11,Alberta,Average weekly earnings including overtime for all employees,1277.52
2022-11,British Columbia,Average weekly earnings including overtime for all employees,1177.92
2022-11,Yukon,Average weekly earnings including overtime for all employees,1354.32
2022-11,Northwest Territories,Average weekly earnings including overtime for all employees,1593.04
2022-11,Nunavut,Average weekly earnings including overtime for all employees,1591.63
2022-12,Canada,Average weekly earnings including overtime for all employees,1173.83
2022-12,Newfoundland and Labrador,Average weekly earnings including overtime for all employees,1174.59
2022-12,Prince Edward Island,Average weekly earnings including overtime for all employees,989.76
2022-12,Nova Scotia,Average weekly earnings including overtime for all employees,1036.04
2022-12,New Brunswick,Average weekly earnings including overtime for all employees,1074.85
2022-12,Quebec,Average weekly earnings including overtime for all employees,1126.99
2022-12,Ontario,Average weekly earnings including overtime for all employees,1193.19
2022-12,Manitoba,Average weekly earnings including overtime for all employees,1085.0
2022-12,Saskatchewan,Average weekly earnings including overtime for all employees,1145.0
2022-12,Alberta,Average weekly earnings including overtime for all employees,1271.95
2022-12,British Columbia,Average weekly earnings including overtime for all employees,1160.44
2022-12,Yukon,Average weekly earnings including overtime for all employees,1352.65
2022-12,Northwest Territories,Average weekly earnings including overtime for all employees,1665.63
2022-12,Nunavut,Average weekly earnings including overtime for all employees,1603.53
2023-01,Canada,Average weekly earnings including overtime for all employees,1182.47
2023-01,Newfoundland and Labrador,Average weekly earnings including overtime for all employees,1183.16
2023-01,Prince Edward Island,Average weekly earnings including overtime for all employees,1001.11
2023-01,Nova Scotia,Average weekly earnings including overtime for all employees,1032.83
2023-01,New Brunswick,Average weekly earnings including overtime for all employees,1077.23
2023-01,Quebec,Average weekly earnings including overtime for all employees,1137.7
2023-01,Ontario,Average weekly earnings including overtime for all employees,1211.24
2023-01,Manitoba,Average weekly earnings including overtime for all employees,1088.48
2023-01,Saskatchewan,Average weekly earnings including overtime for all employees,1149.94
2023-01,Alberta,Average weekly earnings including overtime for all employees,1264.71
2023-01,British Columbia,Average weekly earnings including overtime for all employees,1180.0
2023-01,Yukon,Average weekly earnings including overtime for all employees,1336.39
2023-01,Northwest Territories,Average weekly earnings including overtime for all employees,1561.77
2023-01,Nunavut,Average weekly earnings including overtime for all employees,1634.03
2023-02,Canada,Average weekly earnings including overtime for all employees,1180.47
2023-02,Newfoundland and Labrador,Average weekly earnings including overtime for all employees,1153.48
2023-02,Prince Edward Island,Average weekly earnings including overtime for all employees,1016.33
2023-02,Nova Scotia,Average weekly earnings including overtime for all employees,1046.68
2023-02,New Brunswick,Average weekly earnings including overtime for all employees,1087.62
2023-02,Quebec,Average weekly earnings including overtime for all employees,1127.31
2023-02,Ontario,Average weekly earnings including overtime for all employees,1211.1
2023-02,Manitoba,Average weekly earnings including overtime for all employees,1081.94
2023-02,Saskatchewan,Average weekly earnings including overtime for all employees,1151.02
2023-02,Alberta,Average weekly earnings including overtime for all employees,1259.67
2023-02,British Columbia,Average weekly earnings including overtime for all employees,1176.37
2023-02,Yukon,Average weekly earnings including overtime for all employees,1348.41
2023-02,Northwest Territories,Average weekly earnings including overtime for all employees,1613.17
2023-02,Nunavut,Average weekly earnings including overtime for all employees,1612.54
2023-03,Canada,Average weekly earnings including overtime for all employees,1189.47
2023-03,Newfoundland and Labrador,Average weekly earnings including overtime for all employees,1172.87
2023-03,Prince Edward Island,Average weekly earnings including overtime for all employees,1014.14
2023-03,Nova Scotia,Average weekly earnings including overtime for all employees,1047.35
2023-03,New Brunswick,Average weekly earnings including overtime for all employees,1094.5
2023-03,Quebec,Average weekly earnings including overtime for all employees,1130.74
2023-03,Ontario,Average weekly earnings including overtime for all employees,1218.19
2023-03,Manitoba,Average weekly earnings including overtime for all employees,1096.16
2023-03,Saskatchewan,Average weekly earnings including overtime for all employees,1180.04
2023-03,Alberta,Average weekly earnings including overtime for all employees,1274.41
2023-03,British Columbia,Average weekly earnings including overtime for all employees,1191.57
2023-03,Yukon,Average weekly earnings including overtime for all employees,1349.05
2023-03,Northwest Territories,Average weekly earnings including overtime for all employees,1592.63
2023-03,Nunavut,Average weekly earnings including overtime for all employees,1669.85
2023-04,Canada,Average weekly earnings including overtime for all employees,1197.61
2023-04,Newfoundland and Labrador,Average weekly earnings including overtime for all employees,1182.05
2023-04,Prince Edward Island,Average weekly earnings including overtime for all employees,1003.73
2023-04,Nova Scotia,Average weekly earnings including overtime for all employees,1063.46
2023-04,New Brunswick,Average weekly earnings including overtime for all employees,1101.28
2023-04,Quebec,Average weekly earnings including overtime for all employees,1142.08
2023-04,Ontario,Average weekly earnings including overtime for all employees,1230.05
2023-04,Manitoba,Average weekly earnings including overtime for all employees,1098.94
2023-04,Saskatchewan,Average weekly earnings including overtime for all employees,1163.77
2023-04,Alberta,Average weekly earnings including overtime for all employees,1284.84
2023-04,British Columbia,Average weekly earnings including overtime for all employees,1202.18
2023-04,Yukon,Average weekly earnings including overtime for all employees,1370.68
2023-04,Northwest Territories,Average weekly earnings including overtime for all employees,1605.95
2023-04,Nunavut,Average weekly earnings including overtime for all employees,1657.67
2023-05,Canada,Average weekly earnings including overtime for all employees,1203.01
2023-05,Newfoundland and Labrador,Average weekly earnings including overtime for all employees,1194.21
2023-05,Prince Edward Island,Average weekly earnings including overtime for all employees,999.37
2023-05,Nova Scotia,Average weekly earnings including overtime for all employees,1062.03
2023-05,New Brunswick,Average weekly earnings including overtime for all employees,1106.13
2023-05,Quebec,Average weekly earnings including overtime for all employees,1153.17
2023-05,Ontario,Average weekly earnings including overtime for all employees,1232.1
2023-05,Manitoba,Average weekly earnings including overtime for all employees,1098.78
2023-05,Saskatchewan,Average weekly earnings including overtime for all employees,1161.17
2023-05,Alberta,Average weekly earnings including overtime for all employees,1283.3
2023-05,British Columbia,Average weekly earnings including overtime for all employees,1209.99
2023-05,Yukon,Average weekly earnings including overtime for all employees,1363.85
2023-05,Northwest Territories,Average weekly earnings including overtime for all employees,1564.45
2023-05,Nunavut,Average weekly earnings including overtime for all employees,1645.05
2023-06,Canada,Average weekly earnings including overtime for all employees,1206.25
2023-06,Newfoundland and Labrador,Average weekly earnings including overtime for all employees,1208.56
2023-06,Prince Edward Island,Average weekly earnings including overtime for all employees,1002.96
2023-06,Nova Scotia,Average weekly earnings including overtime for all employees,1074.5
2023-06,New Brunswick,Average weekly earnings including overtime for all employees,1095.2
2023-06,Quebec,Average weekly earnings including overtime for all employees,1162.51
2023-06,Ontario,Average weekly earnings including overtime for all employees,1233.03
2023-06,Manitoba,Average weekly earnings including overtime for all employees,1094.59
2023-06,Saskatchewan,Average weekly earnings including overtime for all employees,1163.39
2023-06,Alberta,Average weekly earnings including overtime for all employees,1277.21
2023-06,British Columbia,Average weekly earnings including overtime for all employees,1208.11
2023-06,Yukon,Average weekly earnings including overtime for all employees,1365.77
2023-06,Northwest Territories,Average weekly earnings including overtime for all employees,1594.64
2023-06,Nunavut,Average weekly earnings including overtime for all employees,1645.28
2023-07,Canada,Average weekly earnings including overtime for all employees,1211.39
2023-07,Newfoundland and Labrador,Average weekly earnings including overtime for all employees,1202.87
2023-07,Prince Edward Island,Average weekly earnings including overtime for all employees,1021.52
2023-07,Nova Scotia,Average weekly earnings including overtime for all employees,1071.53
2023-07,New Brunswick,Average weekly earnings including overtime for all employees,1103.8
2023-07,Quebec,Average weekly earnings including overtime for all employees,1162.48
2023-07,Ontario,Average weekly earnings including overtime for all employees,1238.69
2023-07,Manitoba,Average weekly earnings including overtime for all employees,1099.96
2023-07,Saskatchewan,Average weekly earnings including overtime for all employees,1175.23
2023-07,Alberta,Average weekly earnings including overtime for all employees,1288.78
2023-07,British Columbia,Average weekly earnings including overtime for all employees,1223.1
2023-07,Yukon,Average weekly earnings including overtime for all employees,1391.81
2023-07,Northwest Territories,Average weekly earnings including overtime for all employees,1584.56
2023-07,Nunavut,Average weekly earnings including overtime for all employees,1596.37
2023-08,Canada,Average weekly earnings including overtime for all employees,1211.81
2023-08,Newfoundland and Labrador,Average weekly earnings including overtime for all employees,1205.49
2023-08,Prince Edward Island,Average weekly earnings including overtime for all employees,1035.89
2023-08,Nova Scotia,Average weekly earnings including overtime for all employees,1071.78
2023-08,New Brunswick,Average weekly earnings including overtime for all employees,1117.62
2023-08,Quebec,Average weekly earnings including overtime for all employees,1160.94
2023-08,Ontario,Average weekly earnings including overtime for all employees,1239.85
2023-08,Manitoba,Average weekly earnings including overtime for all employees,1103.86
2023-08,Saskatchewan,Average weekly earnings including overtime for all employees,1165.12
2023-08,Alberta,Average weekly earnings including overtime for all employees,1283.95
2023-08,British Columbia,Average weekly earnings including overtime for all employees,1223.24
2023-08,Yukon,Average weekly earnings including overtime for all employees,1399.78
2023-08,Northwest Territories,Average weekly earnings including overtime for all employees,1610.41
2023-08,Nunavut,Average weekly earnings including overtime for all employees,1605.81
2023-09,Canada,Average weekly earnings including overtime for all employees,1214.71
2023-09,Newfoundland and Labrador,Average weekly earnings including overtime for all employees,1217.29
2023-09,Prince Edward Island,Average weekly earnings including overtime for all employees,1028.18
2023-09,Nova Scotia,Average weekly earnings including overtime for all employees,1083.29
2023-09,New Brunswick,Average weekly earnings including overtime for all employees,1126.55
2023-09,Quebec,Average weekly earnings including overtime for all employees,1167.42
2023-09,Ontario,Average weekly earnings including overtime for all employees,1238.68
2023-09,Manitoba,Average weekly earnings including overtime for all employees,1114.36
2023-09,Saskatchewan,Average weekly earnings including overtime for all employees,1184.35
2023-09,Alberta,Average weekly earnings including overtime for all employees,1285.84
2023-09,British Columbia,Average weekly earnings including overtime for all employees,1233.49
2023-09,Yukon,Average weekly earnings including overtime for all employees,1400.62
2023-09,Northwest Territories,Average weekly earnings including overtime for all employees,1608.44
2023-09,Nunavut,Average weekly earnings including overtime for all employees,1621.99
2023-10,Canada,Average weekly earnings including overtime for all employees,1218.02
2023-10,Newfoundland and Labrador,Average weekly earnings including overtime for all employees,1223.39
2023-10,Prince Edward Island,Average weekly earnings including overtime for all employees,1034.83
2023-10,Nova Scotia,Average weekly earnings including overtime for all employees,1086.94
2023-10,New Brunswick,Average weekly earnings including overtime for all employees,1113.73
2023-10,Quebec,Average weekly earnings including overtime for all employees,1171.86
2023-10,Ontario,Average weekly earnings including overtime for all employees,1241.77
2023-10,Manitoba,Average weekly earnings including overtime for all employees,1118.91
2023-10,Saskatchewan,Average weekly earnings including overtime for all employees,1168.17
2023-10,Alberta,Average weekly earnings including overtime for all employees,1294.82
2023-10,British Columbia,Average weekly earnings including overtime for all employees,1232.88
2023-10,Yukon,Average weekly earnings including overtime for all employees,1397.6
2023-10,Northwest Territories,Average weekly earnings including overtime for all employees,1593.9
2023-10,Nunavut,Average weekly earnings including overtime for all employees,1623.2
2023-11,Canada,Average weekly earnings including overtime for all employees,1222.57
2023-11,Newfoundland and Labrador,Average weekly earnings including overtime for all employees,1211.47
2023-11,Prince Edward Island,Average weekly earnings including overtime for all employees,1033.14
2023-11,Nova Scotia,Average weekly earnings including overtime for all employees,1092.7
2023-11,New Brunswick,Average weekly earnings including overtime for all employees,1119.76
2023-11,Quebec,Average weekly earnings including overtime for all employees,1184.4
2023-11,Ontario,Average weekly earnings including overtime for all employees,1237.82
2023-11,Manitoba,Average weekly earnings including overtime for all employees,1140.52
2023-11,Saskatchewan,Average weekly earnings including overtime for all employees,1172.77
2023-11,Alberta,Average weekly earnings including overtime for all employees,1300.66
2023-11,British Columbia,Average weekly earnings including overtime for all employees,1234.27
2023-11,Yukon,Average weekly earnings including overtime for all employees,1404.98
2023-11,Northwest Territories,Average weekly earnings including overtime for all employees,1574.67
2023-11,Nunavut,Average weekly earnings including overtime for all employees,1627.87
2023-12,Canada,Average weekly earnings including overtime for all employees,1219.55
2023-12,Newfoundland and Labrador,Average weekly earnings including overtime for all employees,1221.1
2023-12,Prince Edward Island,Average weekly earnings including overtime for all employees,1018.4
2023-12,Nova Scotia,Average weekly earnings including overtime for all employees,1086.89
2023-12,New Brunswick,Average weekly earnings including overtime for all employees,1113.13
2023-12,Quebec,Average weekly earnings including overtime for all employees,1164.25
2023-12,Ontario,Average weekly earnings including overtime for all employees,1243.23
2023-12,Manitoba,Average weekly earnings including overtime for all employees,1123.31
2023-12,Saskatchewan,Average weekly earnings including overtime for all employees,1176.03
2023-12,Alberta,Average weekly earnings including overtime for all employees,1294.98
2023-12,British Columbia,Average weekly earnings including overtime for all employees,1240.81
2023-12,Yukon,Average weekly earnings including overtime for all employees,1414.45
2023-12,Northwest Territories,Average weekly earnings including overtime for all employees,1621.73
2023-12,Nunavut,Average weekly earnings including overtime for all employees,1636.07
2024-01,Canada,Average weekly earnings including overtime for all employees,1225.25
2024-01,Newfoundland and Labrador,Average weekly earnings including overtime for all employees,1218.78
2024-01,Prince Edward Island,Average weekly earnings including overtime for all employees,1052.93
2024-01,Nova Scotia,Average weekly earnings including overtime for all employees,1094.47
2024-01,New Brunswick,Average weekly earnings including overtime for all employees,1124.2
2024-01,Quebec,Average weekly earnings including overtime for all employees,1177.5
2024-01,Ontario,Average weekly earnings including overtime for all employees,1250.62
2024-01,Manitoba,Average weekly earnings including overtime for all employees,1119.52
2024-01,Saskatchewan,Average weekly earnings including overtime for all employees,1179.83
2024-01,Alberta,Average weekly earnings including overtime for all employees,1296.19
2024-01,British Columbia,Average weekly earnings including overtime for all employees,1245.07
2024-01,Yukon,Average weekly earnings including overtime for all employees,1428.25
2024-01,Northwest Territories,Average weekly earnings including overtime for all employees,1590.94
2024-01,Nunavut,Average weekly earnings including overtime for all employees,1617.25
2024-02,Canada,Average weekly earnings including overtime for all employees,1231.12
2024-02,Newfoundland and Labrador,Average weekly earnings including overtime for all employees,1226.35
2024-02,Prince Edward Island,Average weekly earnings including overtime for all employees,1073.31
2024-02,Nova Scotia,Average weekly earnings including overtime for all employees,1097.04
2024-02,New Brunswick,Average weekly earnings including overtime for all employees,1133.92
2024-02,Quebec,Average weekly earnings including overtime for all employees,1178.1
2024-02,Ontario,Average weekly earnings including overtime for all employees,1254.71
2024-02,Manitoba,Average weekly earnings including overtime for all employees,1132.19
2024-02,Saskatchewan,Average weekly earnings including overtime for all employees,1185.85
2024-02,Alberta,Average weekly earnings including overtime for all employees,1296.32
2024-02,British Columbia,Average weekly earnings including overtime for all employees,1252.44
2024-02,Yukon,Average weekly earnings including overtime for all employees,1433.65
2024-02,Northwest Territories,Average weekly earnings including overtime for all employees,1663.06
2024-02,Nunavut,Average weekly earnings including overtime for all employees,1655.92
2024-03,Canada,Average weekly earnings including overtime for all employees,1239.28
2024-03,Newfoundland and Labrador,Average weekly earnings including overtime for all employees,1223.11
2024-03,Prince Edward Island,Average weekly earnings including overtime for all employees,1060.96
2024-03,Nova Scotia,Average weekly earnings including overtime for all employees,1106.55
2024-03,New Brunswick,Average weekly earnings including overtime for all employees,1133.93
2024-03,Quebec,Average weekly earnings including overtime for all employees,1188.26
2024-03,Ontario,Average weekly earnings including overtime for all employees,1271.72
2024-03,Manitoba,Average weekly earnings including overtime for all employees,1132.43
2024-03,Saskatchewan,Average weekly earnings including overtime for all employees,1198.41
2024-03,Alberta,Average weekly earnings including overtime for all employees,1301.66
2024-03,British Columbia,Average weekly earnings including overtime for all employees,1254.84
2024-03,Yukon,Average weekly earnings including overtime for all employees,1418.44
2024-03,Northwest Territories,Average weekly earnings including overtime for all employees,1668.2
2024-03,Nunavut,Average weekly earnings including overtime for all employees,1665.75
2024-04,Canada,Average weekly earnings including overtime for all employees,1242.86
2024-04,Newfoundland and Labrador,Average weekly earnings including overtime for all employees,1231.64
2024-04,Prince Edward Island,Average weekly earnings including overtime for all employees,1063.75
2024-04,Nova Scotia,Average weekly earnings including overtime for all employees,1108.03
2024-04,New Brunswick,Average weekly earnings including overtime for all employees,1121.85
2024-04,Quebec,Average weekly earnings including overtime for all employees,1188.38
2024-04,Ontario,Average weekly earnings including overtime for all employees,1275.22
2024-04,Manitoba,Average weekly earnings including overtime for all employees,1138.77
2024-04,Saskatchewan,Average weekly earnings including overtime for all employees,1202.5
2024-04,Alberta,Average weekly earnings including overtime for all employees,1317.33
2024-04,British Columbia,Average weekly earnings including overtime for all employees,1253.93
2024-04,Yukon,Average weekly earnings including overtime for all employees,1443.83
2024-04,Northwest Territories,Average weekly earnings including overtime for all employees,1669.77
2024-04,Nunavut,Average weekly earnings including overtime for all employees,1682.34
2024-05,Canada,Average weekly earnings including overtime for all employees,1254.01
2024-05,Newfoundland and Labrador,Average weekly earnings including overtime for all employees,1239.24
2024-05,Prince Edward Island,Average weekly earnings including overtime for all employees,1065.92
2024-05,Nova Scotia,Average weekly earnings including overtime for all employees,1132.23
2024-05,New Brunswick,Average weekly earnings including overtime for all employees,1124.44
2024-05,Quebec,Average weekly earnings including overtime for all employees,1197.45
2024-05,Ontario,Average weekly earnings including overtime for all employees,1284.65
2024-05,Manitoba,Average weekly earnings including overtime for all employees,1150.2
2024-05,Saskatchewan,Average weekly earnings including overtime for all employees,1216.08
2024-05,Alberta,Average weekly earnings including overtime for all employees,1332.7
2024-05,British Columbia,Average weekly earnings including overtime for all employees,1268.3
2024-05,Yukon,Average weekly earnings including overtime for all employees,1449.3
2024-05,Northwest Territories,Average weekly earnings including overtime for all employees,1699.19
2024-05,Nunavut,Average weekly earnings including overtime for all employees,1703.72
2024-06,Canada,Average weekly earnings including overtime for all employees,1255.72
2024-06,Newfoundland and Labrador,Average weekly earnings including overtime for all employees,1238.17
2024-06,Prince Edward Island,Average weekly earnings including overtime for all employees,1054.71
2024-06,Nova Scotia,Average weekly earnings including overtime for all employees,1119.21
2024-06,New Brunswick,Average weekly earnings including overtime for all employees,1133.95
2024-06,Quebec,Average weekly earnings including overtime for all employees,1196.44
2024-06,Ontario,Average weekly earnings including overtime for all employees,1290.57
2024-06,Manitoba,Average weekly earnings including overtime for all employees,1143.97
2024-06,Saskatchewan,Average weekly earnings including overtime for all employees,1219.83
2024-06,Alberta,Average weekly earnings including overtime for all employees,1330.95
2024-06,British Columbia,Average weekly earnings including overtime for all employees,1271.74
2024-06,Yukon,Average weekly earnings including overtime for all employees,1446.45
2024-06,Northwest Territories,Average weekly earnings including overtime for all employees,1733.91
2024-06,Nunavut,Average weekly earnings including overtime for all employees,1655.86
2024-07,Canada,Average weekly earnings including overtime for all employees,1264.48
2024-07,Newfoundland and Labrador,Average weekly earnings including overtime for all employees,1243.48
2024-07,Prince Edward Island,Average weekly earnings including overtime for all employees,1063.35
2024-07,Nova Scotia,Average weekly earnings including overtime for all employees,1124.06
2024-07,New Brunswick,Average weekly earnings including overtime for all employees,1145.2
2024-07,Quebec,Average weekly earnings including overtime for all employees,1211.85
2024-07,Ontario,Average weekly earnings including overtime for all employees,1295.28
2024-07,Manitoba,Average weekly earnings including overtime for all employees,1154.07
2024-07,Saskatchewan,Average weekly earnings including overtime for all employees,1217.1
2024-07,Alberta,Average weekly earnings including overtime for all employees,1332.02
2024-07,British Columbia,Average weekly earnings including overtime for all employees,1280.92
2024-07,Yukon,Average weekly earnings including overtime for all employees,1451.68
2024-07,Northwest Territories,Average weekly earnings including overtime for all employees,1717.17
2024-07,Nunavut,Average weekly earnings including overtime for all employees,1718.8
2024-08,Canada,Average weekly earnings including overtime for all employees,1273.0
2024-08,Newfoundland and Labrador,Average weekly earnings including overtime for all employees,1253.94
2024-08,Prince Edward Island,Average weekly earnings including overtime for all employees,1083.53
2024-08,Nova Scotia,Average weekly earnings including overtime for all employees,1136.13
2024-08,New Brunswick,Average weekly earnings including overtime for all employees,1159.95
2024-08,Quebec,Average weekly earnings including overtime for all employees,1219.47
2024-08,Ontario,Average weekly earnings including overtime for all employees,1303.22
2024-08,Manitoba,Average weekly earnings including overtime for all employees,1158.29
2024-08,Saskatchewan,Average weekly earnings including overtime for all employees,1234.13
2024-08,Alberta,Average weekly earnings including overtime for all employees,1352.04
2024-08,British Columbia,Average weekly earnings including overtime for all employees,1284.97
2024-08,Yukon,Average weekly earnings including overtime for all employees,1444.98
2024-08,Northwest Territories,Average weekly earnings including overtime for all employees,1692.93
2024-08,Nunavut,Average weekly earnings including overtime for all employees,1732.57
2024-09,Canada,Average weekly earnings including overtime for all employees,1275.17
2024-09,Newfoundland and Labrador,Average weekly earnings including overtime for all employees,1251.04
2024-09,Prince Edward Island,Average weekly earnings including overtime for all employees,1094.77
2024-09,Nova Scotia,Average weekly earnings including overtime for all employees,1122.63
2024-09,New Brunswick,Average weekly earnings including overtime for all employees,1153.64
2024-09,Quebec,Average weekly earnings including overtime for all employees,1223.94
2024-09,Ontario,Average weekly earnings including overtime for all employees,1309.69
2024-09,Manitoba,Average weekly earnings including overtime for all employees,1149.17
2024-09,Saskatchewan,Average weekly earnings including overtime for all employees,1228.46
2024-09,Alberta,Average weekly earnings including overtime for all employees,1345.41
2024-09,British Columbia,Average weekly earnings including overtime for all employees,1285.71
2024-09,Yukon,Average weekly earnings including overtime for all employees,1449.16
2024-09,Northwest Territories,Average weekly earnings including overtime for all employees,1696.36
2024-09,Nunavut,Average weekly earnings including overtime for all employees,1755.59
2024-10,Canada,Average weekly earnings including overtime for all employees,1283.79
2024-10,Newfoundland and Labrador,Average weekly earnings including overtime for all employees,1244.65
2024-10,Prince Edward Island,Average weekly earnings including overtime for all employees,1097.63
2024-10,Nova Scotia,Average weekly earnings including overtime for all employees,1139.03
2024-10,New Brunswick,Average weekly earnings including overtime for all employees,1173.33
2024-10,Quebec,Average weekly earnings including overtime for all employees,1237.0
2024-10,Ontario,Average weekly earnings including overtime for all employees,1315.99
2024-10,Manitoba,Average weekly earnings including overtime for all employees,1157.54
2024-10,Saskatchewan,Average weekly earnings including overtime for all employees,1237.27
2024-10,Alberta,Average weekly earnings including overtime for all employees,1348.48
2024-10,British Columbia,Average weekly earnings including overtime for all employees,1289.28
2024-10,Yukon,Average weekly earnings including overtime for all employees,1467.03
2024-10,Northwest Territories,Average weekly earnings including overtime for all employees,1732.12
2024-10,Nunavut,Average weekly earnings including overtime for all employees,1764.51
2024-11,Canada,Average weekly earnings including overtime for all employees,1283.9
2024-11,Newfoundland and Labrador,Average weekly earnings including overtime for all employees,1273.29
2024-11,Prince Edward Island,Average weekly earnings including overtime for all employees,1094.99
2024-11,Nova Scotia,Average weekly earnings including overtime for all employees,1144.0
2024-11,New Brunswick,Average weekly earnings including overtime for all employees,1167.04
2024-11,Quebec,Average weekly earnings including overtime for all employees,1233.64
2024-11,Ontario,Average weekly earnings including overtime for all employees,1324.79
2024-11,Manitoba,Average weekly earnings including overtime for all employees,1148.21
2024-11,Saskatchewan,Average weekly earnings including overtime for all employees,1231.9
2024-11,Alberta,Average weekly earnings including overtime for all employees,1338.33
2024-11,British Columbia,Average weekly earnings including overtime for all employees,1290.96
2024-11,Yukon,Average weekly earnings including overtime for all employees,1478.4
2024-11,Northwest Territories,Average weekly earnings including overtime for all employees,1989.02
2024-11,Nunavut,Average weekly earnings including overtime for all employees,1755.62
2024-12,Canada,Average weekly earnings including overtime for all employees,1291.58
2024-12,Newfoundland and Labrador,Average weekly earnings including overtime for all employees,1273.38
2024-12,Prince Edward Island,Average weekly earnings including overtime for all employees,1091.9
2024-12,Nova Scotia,Average weekly earnings including overtime for all employees,1140.76
2024-12,New Brunswick,Average weekly earnings including overtime for all employees,1182.72
2024-12,Quebec,Average weekly earnings including overtime for all employees,1237.79
2024-12,Ontario,Average weekly earnings including overtime for all employees,1331.88
2024-12,Manitoba,Average weekly earnings including overtime for all employees,1146.63
2024-12,Saskatchewan,Average weekly earnings including overtime for all employees,1245.47
2024-12,Alberta,Average weekly earnings including overtime for all employees,1341.88
2024-12,British Columbia,Average weekly earnings including overtime for all employees,1292.51
2024-12,Yukon,Average weekly earnings including overtime for all employees,1460.35
2024-12,Northwest Territories,Average weekly earnings including overtime for all employees,1826.07
2024-12,Nunavut,Average weekly earnings including overtime for all employees,1694.26
2025-01,Canada,Average weekly earnings including overtime for all employees,1294.3
2025-01,Newfoundland and Labrador,Average weekly earnings including overtime for all employees,1275.14
2025-01,Prince Edward Island,Average weekly earnings including overtime for all employees,1100.21
2025-01,Nova Scotia,Average weekly earnings including overtime for all employees,1148.5
2025-01,New Brunswick,Average weekly earnings including overtime for all employees,1178.06
2025-01,Quebec,Average weekly earnings including overtime for all employees,1236.66
2025-01,Ontario,Average weekly earnings including overtime for all employees,1334.75
2025-01,Manitoba,Average weekly earnings including overtime for all employees,1158.39
2025-01,Saskatchewan,Average weekly earnings including overtime for all employees,1262.61
2025-01,Alberta,Average weekly earnings including overtime for all employees,1364.36
2025-01,British Columbia,Average weekly earnings including overtime for all employees,1298.71
2025-01,Yukon,Average weekly earnings including overtime for all employees,1493.16
2025-01,Northwest Territories,Average weekly earnings including overtime for all employees,1774.67
2025-01,Nunavut,Average weekly earnings including overtime for all employees,1724.69
2025-02,Canada,Average weekly earnings including overtime for all employees,1294.74
2025-02,Newfoundland and Labrador,Average weekly earnings including overtime for all employees,1266.43
2025-02,Prince Edward Island,Average weekly earnings including overtime for all employees,1088.16
2025-02,Nova Scotia,Average weekly earnings including overtime for all employees,1144.72
2025-02,New Brunswick,Average weekly earnings including overtime for all employees,1164.79
2025-02,Quebec,Average weekly earnings including overtime for all employees,1245.07
2025-02,Ontario,Average weekly earnings including overtime for all employees,1334.91
2025-02,Manitoba,Average weekly earnings including overtime for all employees,1151.06
2025-02,Saskatchewan,Average weekly earnings including overtime for all employees,1261.06
2025-02,Alberta,Average weekly earnings including overtime for all employees,1351.57
2025-02,British Columbia,Average weekly earnings including overtime for all employees,1299.76
2025-02,Yukon,Average weekly earnings including overtime for all employees,1471.23
2025-02,Northwest Territories,Average weekly earnings including overtime for all employees,1721.95
2025-02,Nunavut,Average weekly earnings including overtime for all employees,1732.82
2025-03,Canada,Average weekly earnings including overtime for all employees,1288.12
2025-03,Newfoundland and Labrador,Average weekly earnings including overtime for all employees,1274.73
2025-03,Prince Edward Island,Average weekly earnings including overtime for all employees,1093.79
2025-03,Nova Scotia,Average weekly earnings including overtime for all employees,1144.01
2025-03,New Brunswick,Average weekly earnings including overtime for all employees,1153.91
2025-03,Quebec,Average weekly earnings including overtime for all employees,1244.97
2025-03,Ontario,Average weekly earnings including overtime for all employees,1321.96
2025-03,Manitoba,Average weekly earnings including overtime for all employees,1153.1
2025-03,Saskatchewan,Average weekly earnings including overtime for all employees,1250.12
2025-03,Alberta,Average weekly earnings including overtime for all employees,1345.7
2025-03,British Columbia,Average weekly earnings including overtime for all employees,1302.42
2025-03,Yukon,Average weekly earnings including overtime for all employees,1486.83
2025-03,Northwest Territories,Average weekly earnings including overtime for all employees,1685.23
2025-03,Nunavut,Average weekly earnings including overtime for all employees,1739.39
2025-04,Canada,Average weekly earnings including overtime for all employees,1295.9
2025-04,Newfoundland and Labrador,Average weekly earnings including overtime for all employees,1274.06
2025-04,Prince Edward Island,Average weekly earnings including overtime for all employees,1128.15
2025-04,Nova Scotia,Average weekly earnings including overtime for all employees,1153.26
2025-04,New Brunswick,Average weekly earnings including overtime for all employees,1177.34
2025-04,Quebec,Average weekly earnings including overtime for all employees,1249.78
2025-04,Ontario,Average weekly earnings including overtime for all employees,1327.88
2025-04,Manitoba,Average weekly earnings including overtime for all employees,1163.19
2025-04,Saskatchewan,Average weekly earnings including overtime for all employees,1258.8
2025-04,Alberta,Average weekly earnings including overtime for all employees,1361.01
2025-04,British Columbia,Average weekly earnings including overtime for all employees,1308.5
2025-04,Yukon,Average weekly earnings including overtime for all employees,1481.82
2025-04,Northwest Territories,Average weekly earnings including overtime for all employees,1732.71
2025-04,Nunavut,Average weekly earnings including overtime for all employees,1746.96
2025-05,Canada,Average weekly earnings including overtime for all employees,1293.19
2025-05,Newfoundland and Labrador,Average weekly earnings including overtime for all employees,1283.06
2025-05,Prince Edward Island,Average weekly earnings including overtime for all employees,1138.65
2025-05,Nova Scotia,Average weekly earnings including overtime for all employees,1156.63
2025-05,New Brunswick,Average weekly earnings including overtime for all employees,1184.09
2025-05,Quebec,Average weekly earnings including overtime for all employees,1249.3
2025-05,Ontario,Average weekly earnings including overtime for all employees,1327.18
2025-05,Manitoba,Average weekly earnings including overtime for all employees,1162.19
2025-05,Saskatchewan,Average weekly earnings including overtime for all employees,1254.07
2025-05,Alberta,Average weekly earnings including overtime for all employees,1359.66
2025-05,British Columbia,Average weekly earnings including overtime for all employees,1294.59
2025-05,Yukon,Average weekly earnings including overtime for all employees,1502.58
2025-05,Northwest Territories,Average weekly earnings including overtime for all employees,1741.52
2025-05,Nunavut,Average weekly earnings including overtime for all employees,1747.62
2025-06,Canada,Average weekly earnings including overtime for all employees,1299.68
2025-06,Newfoundland and Labrador,Average weekly earnings including overtime for all employees,1276.08
2025-06,Prince Edward Island,Average weekly earnings including overtime for all employees,1157.25
2025-06,Nova Scotia,Average weekly earnings including overtime for all employees,1151.56
2025-06,New Brunswick,Average weekly earnings including overtime for all employees,1194.11
2025-06,Quebec,Average weekly earnings including overtime for all employees,1257.47
2025-06,Ontario,Average weekly earnings including overtime for all employees,1332.34
2025-06,Manitoba,Average weekly earnings including overtime for all employees,1172.41
2025-06,Saskatchewan,Average weekly earnings including overtime for all employees,1262.61
2025-06,Alberta,Average weekly earnings including overtime for all employees,1361.32
2025-06,British Columbia,Average weekly earnings including overtime for all employees,1302.31
2025-06,Yukon,Average weekly earnings including overtime for all employees,1498.09
2025-06,Northwest Territories,Average weekly earnings including overtime for all employees,1726.73
2025-06,Nunavut,Average weekly earnings including overtime for all employees,1774.94
2025-07,Canada,Average weekly earnings including overtime for all employees,1305.63
2025-07,Newfoundland and Labrador,Average weekly earnings including overtime for all employees,1296.3
2025-07,Prince Edward Island,Average weekly earnings including overtime for all employees,1160.01
2025-07,Nova Scotia,Average weekly earnings including overtime for all employees,1163.51
2025-07,New Brunswick,Average weekly earnings including overtime for all employees,1197.97
2025-07,Quebec,Average weekly earnings including overtime for all employees,1255.68
2025-07,Ontario,Average weekly earnings including overtime for all employees,1342.65
2025-07,Manitoba,Average weekly earnings including overtime for all employees,1180.54
2025-07,Saskatchewan,Average weekly earnings including overtime for all employees,1268.89
2025-07,Alberta,Average weekly earnings including overtime for all employees,1365.68
2025-07,British Columbia,Average weekly earnings including overtime for all employees,1299.03
2025-07,Yukon,Average weekly earnings including overtime for all employees,1488.51
2025-07,Northwest Territories,Average weekly earnings including overtime for all employees,1738.24
2025-07,Nunavut,Average weekly earnings including overtime for all employees,1803.53
2025-08,Canada,Average weekly earnings including overtime for all employees,1306.43
2025-08,Newfoundland and Labrador,Average weekly earnings including overtime for all employees,1291.21
2025-08,Prince Edward Island,Average weekly earnings including overtime for all employees,1147.28
2025-08,Nova Scotia,Average weekly earnings including overtime for all employees,1178.59
2025-08,New Brunswick,Average weekly earnings including overtime for all employees,1195.61
2025-08,Quebec,Average weekly earnings including overtime for all employees,1272.09
2025-08,Ontario,Average weekly earnings including overtime for all employees,1343.45
2025-08,Manitoba,Average weekly earnings including overtime for all employees,1183.63
2025-08,Saskatchewan,Average weekly earnings including overtime for all employees,1271.36
2025-08,Alberta,Average weekly earnings including overtime for all employees,1356.69
2025-08,British Columbia,Average weekly earnings including overtime for all employees,1302.02
2025-08,Yukon,Average weekly earnings including overtime for all employees,1497.38
2025-08,Northwest Territories,Average weekly earnings including overtime for all employees,1760.19
2025-08,Nunavut,Average weekly earnings including overtime for all employees,1821.03
2025-09,Canada,Average weekly earnings including overtime for all employees,1314.65
2025-09,Newfoundland and Labrador,Average weekly earnings including overtime for all employees,1289.03
2025-09,Prince Edward Island,Average weekly earnings including overtime for all employees,1140.77
2025-09,Nova Scotia,Average weekly earnings including overtime for all employees,1186.64
2025-09,New Brunswick,Average weekly earnings including overtime for all employees,1199.17
2025-09,Quebec,Average weekly earnings including overtime for all employees,1271.2
2025-09,Ontario,Average weekly earnings including overtime for all employees,1350.22
2025-09,Manitoba,Average weekly earnings including overtime for all employees,1189.33
2025-09,Saskatchewan,Average weekly earnings including overtime for all employees,1273.61
2025-09,Alberta,Average weekly earnings including overtime for all employees,1366.74
2025-09,British Columbia,Average weekly earnings including overtime for all employees,1309.68
2025-09,Yukon,Average weekly earnings including overtime for all employees,1517.83
2025-09,Northwest Territories,Average weekly earnings including overtime for all employees,1747.68
2025-09,Nunavut,Average weekly earnings including overtime for all employees,1773.29
2025-10,Canada,Average weekly earnings including overtime for all employees,1309.49
2025-10,Newfoundland and Labrador,Average weekly earnings including overtime for all employees,1284.36
2025-10,Prince Edward Island,Average weekly earnings including overtime for all employees,1141.77
2025-10,Nova Scotia,Average weekly earnings including overtime for all employees,1186.18
2025-10,New Brunswick,Average weekly earnings including overtime for all employees,1195.02
2025-10,Quebec,Average weekly earnings including overtime for all employees,1257.67
2025-10,Ontario,Average weekly earnings including overtime for all employees,1353.13
2025-10,Manitoba,Average weekly earnings including overtime for all employees,1180.66
2025-10,Saskatchewan,Average weekly earnings including overtime for all employees,1279.07
2025-10,Alberta,Average weekly earnings including overtime for all employees,1349.45
2025-10,British Columbia,Average weekly earnings including overtime for all employees,1310.7
2025-10,Yukon,Average weekly earnings including overtime for all employees,1506.14
2025-10,Northwest Territories,Average weekly earnings including overtime for all employees,1745.52
2025-10,Nunavut,Average weekly earnings including overtime for all employees,1776.45
2025-11,Canada,Average weekly earnings including overtime for all employees,1315.19
2025-11,Newfoundland and Labrador,Average weekly earnings including overtime for all employees,1283.59
2025-11,Prince Edward Island,Average weekly earnings including overtime for all employees,1144.21
2025-11,Nova Scotia,Average weekly earnings including overtime for all employees,1188.15
2025-11,New Brunswick,Average weekly earnings including overtime for all employees,1207.62
2025-11,Quebec,Average weekly earnings including overtime for all employees,1264.43
2025-11,Ontario,Average weekly earnings including overtime for all employees,1356.91
2025-11,Manitoba,Average weekly earnings including overtime for all employees,1194.04
2025-11,Saskatchewan,Average weekly earnings including overtime for all employees,1279.8
2025-11,Alberta,Average weekly earnings including overtime for all employees,1360.9
2025-11,British Columbia,Average weekly earnings including overtime for all employees,1320.73
2025-11,Yukon,Average weekly earnings including overtime for all employees,1498.04
2025-11,Northwest Territories,Average weekly earnings including overtime for all employees,1733.73
2025-11,Nunavut,Average weekly earnings including overtime for all employees,1810.84
2025-12,Canada,Average weekly earnings including overtime for all employees,1316.48
2025-12,Newfoundland and Labrador,Average weekly earnings including overtime for all employees,1292.09
2025-12,Prince Edward Island,Average weekly earnings including overtime for all employees,1174.91
2025-12,Nova Scotia,Average weekly earnings including overtime for all employees,1178.58
2025-12,New Brunswick,Average weekly earnings including overtime for all employees,1216.3
2025-12,Quebec,Average weekly earnings including overtime for all employees,1274.86
2025-12,Ontario,Average weekly earnings including overtime for all employees,1350.61
2025-12,Manitoba,Average weekly earnings including overtime for all employees,1190.14
2025-12,Saskatchewan,Average weekly earnings including overtime for all employees,1281.58
2025-12,Alberta,Average weekly earnings including overtime for all employees,1349.61
2025-12,British Columbia,Average weekly earnings including overtime for all employees,1315.46
2025-12,Yukon,Average weekly earnings including overtime for all employees,1505.14
2025-12,Northwest Territories,Average weekly earnings including overtime for all employees,1742.42
2025-12,Nunavut,Average weekly earnings including overtime for all employees,1930.43
2026-01,Canada,Average weekly earnings including overtime for all employees,1319.29
2026-01,Newfoundland and Labrador,Average weekly earnings including overtime for all employees,1311.05
2026-01,Prince Edward Island,Average weekly earnings including overtime for all employees,1160.03
2026-01,Nova Scotia,Average weekly earnings including overtime for all employees,1201.82
2026-01,New Brunswick,Average weekly earnings including overtime for all employees,1225.44
2026-01,Quebec,Average weekly earnings including overtime for all employees,1266.57
2026-01,Ontario,Average weekly earnings including overtime for all employees,1354.0
2026-01,Manitoba,Average weekly earnings including overtime for all employees,1198.07
2026-01,Saskatchewan,Average weekly earnings including overtime for all employees,1302.43
2026-01,Alberta,Average weekly earnings including overtime for all employees,1371.49
2026-01,British Columbia,Average weekly earnings including overtime for all employees,1331.01
2026-01,Yukon,Average weekly earnings including overtime for all employees,1493.36
2026-01,Northwest Territories,Average weekly earnings including overtime for all employees,1788.22
2026-01,Nunavut,Average weekly earnings including overtime for all employees,1892.86
2026-02,Canada,Average weekly earnings including overtime for all employees,1331.61
2026-02,Newfoundland and Labrador,Average weekly earnings including overtime for all employees,1304.26
2026-02,Prince Edward Island,Average weekly earnings including overtime for all employees,1179.65
2026-02,Nova Scotia,Average weekly earnings including overtime for all employees,1202.24
2026-02,New Brunswick,Average weekly earnings including overtime for all employees,1222.92
2026-02,Quebec,Average weekly earnings including overtime for all employees,1277.35
2026-02,Ontario,Average weekly earnings including overtime for all employees,1371.86
2026-02,Manitoba,Average weekly earnings including overtime for all employees,1209.43
2026-02,Saskatchewan,Average weekly earnings including overtime for all employees,1284.69
2026-02,Alberta,Average weekly earnings including overtime for all employees,1370.26
2026-02,British Columbia,Average weekly earnings including overtime for all employees,1349.12
2026-02,Yukon,Average weekly earnings including overtime for all employees,1511.09
2026-02,Northwest Territories,Average weekly earnings including overtime for all employees,1723.33
2026-02,Nunavut,Average weekly earnings including overtime for all employees,1876.1
2026-03,Canada,Average weekly earnings including overtime for all employees,1332.83
2026-03,Newfoundland and Labrador,Average weekly earnings including overtime for all employees,1289.43
2026-03,Prince Edward Island,Average weekly earnings including overtime for all employees,1173.5
2026-03,Nova Scotia,Average weekly earnings including overtime for all employees,1212.63
2026-03,New Brunswick,Average weekly earnings including overtime for all employees,1226.82
2026-03,Quebec,Average weekly earnings including overtime for all employees,1283.66
2026-03,Ontario,Average weekly earnings including overtime for all employees,1367.87
2026-03,Manitoba,Average weekly earnings including overtime for all employees,1218.98
2026-03,Saskatchewan,Average weekly earnings including overtime for all employees,1289.43
2026-03,Alberta,Average weekly earnings including overtime for all employees,1370.21
2026-03,British Columbia,Average weekly earnings including overtime for all employees,1349.57
2026-03,Yukon,Average weekly earnings including overtime for all employees,1523.27
2026-03,Northwest Territories,Average weekly earnings including overtime for all employees,1738.2
2026-03,Nunavut,Average weekly earnings including overtime for all employees,1871.24
2026-04,Canada,Average weekly earnings including overtime for all employees,1343.52
2026-04,Newfoundland and Labrador,Average weekly earnings including overtime for all employees,1287.83
2026-04,Prince Edward Island,Average weekly earnings including overtime for all employees,1161.57
2026-04,Nova Scotia,Average weekly earnings including overtime for all employees,1221.54
2026-04,New Brunswick,Average weekly earnings including overtime for all employees,1258.15
2026-04,Quebec,Average weekly earnings including overtime for all employees,1291.8
2026-04,Ontario,Average weekly earnings including overtime for all employees,1379.06
2026-04,Manitoba,Average weekly earnings including overtime for all employees,1226.13
2026-04,Saskatchewan,Average weekly earnings including overtime for all employees,1299.1
2026-04,Alberta,Average weekly earnings including overtime for all employees,1393.07
2026-04,British Columbia,Average weekly earnings including overtime for all employees,1355.98
2026-04,Yukon,Average weekly earnings including overtime for all employees,1522.47
2026-04,Northwest Territories,Average weekly earnings including overtime for all employees,1757.8
2026-04,Nunavut,Average weekly earnings including overtime for all employees,1863.57
2026-05,Canada,Average weekly earnings including overtime for all employees,1336.3
2026-05,Newfoundland and Labrador,Average weekly earnings including overtime for all employees,1268.48
2026-05,Prince Edward Island,Average weekly earnings including overtime for all employees,1193.05
2026-05,Nova Scotia,Average weekly earnings including overtime for all employees,1219.63
2026-05,New Brunswick,Average weekly earnings including overtime for all employees,1227.86
2026-05,Quebec,Average weekly earnings including overtime for all employees,1288.41
2026-05,Ontario,Average weekly earnings including overtime for all employees,1377.04
2026-05,Manitoba,Average weekly earnings including overtime for all employees,1214.8
2026-05,Saskatchewan,Average weekly earnings including overtime for all employees,1299.34
2026-05,Alberta,Average weekly earnings including overtime for all employees,1381.34
2026-05,British Columbia,Average weekly earnings including overtime for all employees,1351.33
2026-05,Yukon,Average weekly earnings including overtime for all employees,1507.44
2026-05,Northwest Territories,Average weekly earnings including overtime for all employees,1764.89
2026-05,Nunavut,Average weekly earnings including overtime for all employees,1861.19
2026-06,Canada,Average weekly earnings including overtime for all employees,1343.86
2026-06,Newfoundland and Labrador,Average weekly earnings including overtime for all employees,1302.07
2026-06,Prince Edward Island,Average weekly earnings including overtime for all employees,1193.19
2026-06,Nova Scotia,Average weekly earnings including overtime for all employees,1229.95
2026-06,New Brunswick,Average weekly earnings including overtime for all employees,1246.25
2026-06,Quebec,Average weekly earnings including overtime for all employees,1291.91
2026-06,Ontario,Average weekly earnings including overtime for all employees,1383.94
2026-06,Manitoba,Average weekly earnings including overtime for all employees,1210.66
2026-06,Saskatchewan,Average weekly earnings including overtime for all employees,1306.71
2026-06,Alberta,Average weekly earnings including overtime for all employees,1387.44
2026-06,British Columbia,Average weekly earnings including overtime for all employees,1351.02
2026-06,Yukon,Average weekly earnings including overtime for all employees,1502.89
2026-06,Northwest Territories,Average weekly earnings including overtime for all employees,1705.04
2026-06,Nunavut,Average weekly earnings including overtime for all employees,1883.29
